<?xml version='1.0' encoding='UTF-8' standalone='no'?>
<sbml xmlns="http://www.sbml.org/sbml/level2/version3" level="2" version="3">
  <model id="Linke2017___Synchronization_of_Cyclins__expression_by_the_Fkh2_transcription_factor_in_the_budding_yeast_cell_cycle" metaid="COPASI0" name="Linke2017 - Synchronization of Cyclins' expression by the Fkh2 transcription factor in the budding yeast cell cycle">
    <notes>
      <body xmlns="http://www.w3.org/1999/xhtml">
     <p>Modeling of the expression of cyclin B2 and B3 in the budding yeast cell cycle</p>
  </body>
    </notes>
    <annotation>
      <COPASI xmlns="http://www.copasi.org/static/sbml">
        <rdf:RDF xmlns:CopasiMT="http://www.copasi.org/RDF/MiriamTerms#" xmlns:bqbiol="http://biomodels.net/biology-qualifiers/" xmlns:dcterms="http://purl.org/dc/terms/" xmlns:rdf="http://www.w3.org/1999/02/22-rdf-syntax-ns#" xmlns:vCard="http://www.w3.org/2001/vcard-rdf/3.0#">
          <rdf:Description rdf:about="#COPASI0">
            <bqbiol:hasProperty>
              <rdf:Bag>
                <rdf:li rdf:resource="http://identifiers.org/mamo/MAMO_0000046"/>
              </rdf:Bag>
            </bqbiol:hasProperty>
            <bqbiol:hasTaxon>
              <rdf:Bag>
                <rdf:li rdf:resource="http://identifiers.org/ncit/C14271"/>
              </rdf:Bag>
            </bqbiol:hasTaxon>
            <dcterms:bibliographicCitation>
              <rdf:Description>
                <CopasiMT:isDescribedBy rdf:resource="urn:miriam:pubmed:28649434"/>
              </rdf:Description>
            </dcterms:bibliographicCitation>
            <dcterms:created>
              <rdf:Description>
                <dcterms:W3CDTF>2018-05-11T09:22:04Z</dcterms:W3CDTF>
              </rdf:Description>
            </dcterms:created>
            <dcterms:creator>
              <rdf:Bag>
                <rdf:li>
                  <rdf:Description>
                    <vCard:EMAIL>matt.maire@free.fr</vCard:EMAIL>
                    <vCard:N>
                      <rdf:Description>
                        <vCard:Family>MAIRE</vCard:Family>
                        <vCard:Given>Matthieu</vCard:Given>
                      </rdf:Description>
                    </vCard:N>
                    <vCard:ORG>
                      <rdf:Description>
                        <vCard:Orgname>EMBL-EBI</vCard:Orgname>
                      </rdf:Description>
                    </vCard:ORG>
                  </rdf:Description>
                </rdf:li>
              </rdf:Bag>
            </dcterms:creator>
            <dcterms:modified>
              <rdf:Description>
                <dcterms:W3CDTF>2018-05-11T09:22:04Z</dcterms:W3CDTF>
              </rdf:Description>
            </dcterms:modified>
            <CopasiMT:hasPart>
              <rdf:Bag>
                <rdf:li rdf:resource="http://identifiers.org/go/GO:0051726"/>
              </rdf:Bag>
            </CopasiMT:hasPart>
          </rdf:Description>
        </rdf:RDF>
      </COPASI>
      <rdf:RDF xmlns:rdf="http://www.w3.org/1999/02/22-rdf-syntax-ns#" xmlns:dc="http://purl.org/dc/elements/1.1/" xmlns:dcterms="http://purl.org/dc/terms/" xmlns:vCard="http://www.w3.org/2001/vcard-rdf/3.0#" xmlns:bqbiol="http://biomodels.net/biology-qualifiers/" xmlns:bqmodel="http://biomodels.net/model-qualifiers/">
        <rdf:Description rdf:about="#COPASI0">
          <dc:creator rdf:parseType="Resource">
	<rdf:Bag>
	<rdf:li rdf:parseType="Resource">
	<vCard:N rdf:parseType="Resource">
	<vCard:Family>MAIRE</vCard:Family>
	<vCard:Given>Matthieu</vCard:Given>
	</vCard:N>
	<vCard:EMAIL>matt.maire@free.fr</vCard:EMAIL>
	<vCard:ORG rdf:parseType="Resource">
	<vCard:Orgname>EMBL-EBI</vCard:Orgname>
	</vCard:ORG>
	</rdf:li>
	</rdf:Bag>
	</dc:creator>
	<dcterms:created rdf:parseType="Resource">
	<dcterms:W3CDTF>2018-05-11T09:22:04Z</dcterms:W3CDTF>
	</dcterms:created>
	<dcterms:modified rdf:parseType="Resource">
	<dcterms:W3CDTF>2018-05-11T09:22:04Z</dcterms:W3CDTF>
	</dcterms:modified>
	<bqmodel:is>
	<rdf:Bag>
	<rdf:li rdf:resource="http://identifiers.org/biomodels.db/MODEL1809050002"/>
	<rdf:li rdf:resource="http://identifiers.org/biomodels.db/BIOMD0000000934"/>
	</rdf:Bag>
	</bqmodel:is>
	<bqbiol:hasPart>
	<rdf:Bag>
	<rdf:li rdf:resource="http://identifiers.org/go/GO:0051726"/>
	</rdf:Bag>
	</bqbiol:hasPart>
	<bqbiol:hasTaxon>
	<rdf:Bag>
	<rdf:li rdf:resource="http://identifiers.org/ncit/C14271"/>
	</rdf:Bag>
	</bqbiol:hasTaxon>
	<bqbiol:isDescribedBy>
	<rdf:Bag>
	<rdf:li rdf:resource="http://identifiers.org/pubmed/28649434"/>
	</rdf:Bag>
	</bqbiol:isDescribedBy>
	<bqbiol:hasProperty>
	<rdf:Bag>
	<rdf:li rdf:resource="http://identifiers.org/mamo/MAMO_0000046"/>
	</rdf:Bag>
	</bqbiol:hasProperty>
	<bqmodel:isDescribedBy>
	<rdf:Bag>
	<rdf:li rdf:resource="https://identifiers.org/pubmed:28649434"/>
	</rdf:Bag>
	</bqmodel:isDescribedBy>
	</rdf:Description>
      </rdf:RDF>
    </annotation>
      <listOfFunctionDefinitions>
      <functionDefinition id="Constant_flux__irreversible_0" name="Constant flux (irreversible)">
        <math xmlns="http://www.w3.org/1998/Math/MathML">        
          <lambda>
            <bvar>
              <ci> v </ci>
            </bvar>
            <ci> v </ci>
          </lambda>
        </math>
            </functionDefinition>
      <functionDefinition id="Function_for_Sic1_degradation_1" name="Function for Sic1 degradation_1">
        <math xmlns="http://www.w3.org/1998/Math/MathML">        
          <lambda>
            <bvar>
              <ci> Cdk1_Clb1or2 </ci>
            </bvar>
            <bvar>
              <ci> Cdk1_Clb3or4 </ci>
            </bvar>
            <bvar>
              <ci> Cdk1_Clb5or6 </ci>
            </bvar>
            <bvar>
              <ci> Cdk1_Clb5or6_Sic1 </ci>
            </bvar>
            <bvar>
              <ci> k5 </ci>
            </bvar>
            <apply>
              <times/>
              <ci> k5 </ci>
              <ci> Cdk1_Clb5or6_Sic1 </ci>
              <apply>
                <plus/>
                <cn> 1 </cn>
                <ci> Cdk1_Clb5or6 </ci>
                <ci> Cdk1_Clb3or4 </ci>
                <ci> Cdk1_Clb1or2 </ci>
              </apply>
            </apply>
          </lambda>
        </math>
            </functionDefinition>
      <functionDefinition id="Function_for_Cdk1_Clb3_4_production_1" name="Function for Cdk1-Clb3,4 production_1">
        <math xmlns="http://www.w3.org/1998/Math/MathML">        
          <lambda>
            <bvar>
              <ci> Cdk1_Clb5or6 </ci>
            </bvar>
            <bvar>
              <ci> k7 </ci>
            </bvar>
            <bvar>
              <ci> kA </ci>
            </bvar>
            <apply>
              <times/>
              <ci> k7 </ci>
              <apply>
                <plus/>
                <cn> 1 </cn>
                <apply>
                  <times/>
                  <ci> kA </ci>
                  <ci> Cdk1_Clb5or6 </ci>
                </apply>
              </apply>
            </apply>
          </lambda>
        </math>
            </functionDefinition>
      <functionDefinition id="Function_for_Cd1_Clb12_production_1" name="Function for Cd1_Clb12 production_1">
        <math xmlns="http://www.w3.org/1998/Math/MathML">        
          <lambda>
            <bvar>
              <ci> Cdk1_Clb1or2 </ci>
            </bvar>
            <bvar>
              <ci> Cdk1_Clb3or4 </ci>
            </bvar>
            <bvar>
              <ci> Cdk1_Clb5or6 </ci>
            </bvar>
            <bvar>
              <ci> k9 </ci>
            </bvar>
            <bvar>
              <ci> kB </ci>
            </bvar>
            <bvar>
              <ci> kC </ci>
            </bvar>
            <bvar>
              <ci> kD </ci>
            </bvar>
            <apply>
              <times/>
              <ci> k9 </ci>
              <apply>
                <plus/>
                <cn> 1 </cn>
                <apply>
                  <times/>
                  <ci> kD </ci>
                  <ci> Cdk1_Clb1or2 </ci>
                </apply>
                <apply>
                  <times/>
                  <ci> kB </ci>
                  <ci> Cdk1_Clb3or4 </ci>
                </apply>
                <apply>
                  <times/>
                  <ci> kC </ci>
                  <ci> Cdk1_Clb5or6 </ci>
                </apply>
              </apply>
            </apply>
          </lambda>
        </math>
            </functionDefinition>
      <functionDefinition id="Function_for_Sic1_degradation_2" name="Function for Sic1 degradation_2">
        <math xmlns="http://www.w3.org/1998/Math/MathML">        
          <lambda>
            <bvar>
              <ci> Cdk1_Clb1or2 </ci>
            </bvar>
            <bvar>
              <ci> Cdk1_Clb1or2_Sic1 </ci>
            </bvar>
            <bvar>
              <ci> Cdk1_Clb3or4 </ci>
            </bvar>
            <bvar>
              <ci> Cdk1_Clb5or6 </ci>
            </bvar>
            <bvar>
              <ci> k14 </ci>
            </bvar>
            <apply>
              <times/>
              <ci> k14 </ci>
              <ci> Cdk1_Clb1or2_Sic1 </ci>
              <apply>
                <plus/>
                <cn> 1 </cn>
                <ci> Cdk1_Clb5or6 </ci>
                <ci> Cdk1_Clb3or4 </ci>
                <ci> Cdk1_Clb1or2 </ci>
              </apply>
            </apply>
          </lambda>
        </math>
            </functionDefinition>
      <functionDefinition id="Function_for_Sic1_degradation_3" name="Function for Sic1 degradation_3">
        <math xmlns="http://www.w3.org/1998/Math/MathML">        
          <lambda>
            <bvar>
              <ci> Cdk1_Clb1or2 </ci>
            </bvar>
            <bvar>
              <ci> Cdk1_Clb3or4 </ci>
            </bvar>
            <bvar>
              <ci> Cdk1_Clb3or4_Sic1 </ci>
            </bvar>
            <bvar>
              <ci> Cdk1_Clb5or6 </ci>
            </bvar>
            <bvar>
              <ci> k18 </ci>
            </bvar>
            <apply>
              <times/>
              <ci> k18 </ci>
              <ci> Cdk1_Clb3or4_Sic1 </ci>
              <apply>
                <plus/>
                <cn> 1 </cn>
                <ci> Cdk1_Clb5or6 </ci>
                <ci> Cdk1_Clb3or4 </ci>
                <ci> Cdk1_Clb1or2 </ci>
              </apply>
            </apply>
          </lambda>
        </math>
            </functionDefinition>
    </listOfFunctionDefinitions>
    <listOfUnitDefinitions>
      <unitDefinition id="volume" name="volume">
        <listOfUnits>
          <unit exponent="1" kind="litre" multiplier="1" scale="-3"/>
        </listOfUnits>
      </unitDefinition>
      <unitDefinition id="time" name="time">
        <listOfUnits>
          <unit exponent="1" kind="second" multiplier="60" scale="0"/>
        </listOfUnits>
      </unitDefinition>
      <unitDefinition id="substance" name="substance">
        <listOfUnits>
          <unit exponent="1" kind="mole" multiplier="1" scale="-3"/>
        </listOfUnits>
      </unitDefinition>
    </listOfUnitDefinitions>
    <listOfCompartments>
      <compartment constant="true" id="cell" metaid="COPASI1" name="cell" size="1" spatialDimensions="3">
        <annotation>
          <COPASI xmlns="http://www.copasi.org/static/sbml">
            <rdf:RDF xmlns:CopasiMT="http://www.copasi.org/RDF/MiriamTerms#" xmlns:dcterms="http://purl.org/dc/terms/" xmlns:rdf="http://www.w3.org/1999/02/22-rdf-syntax-ns#">
              <rdf:Description rdf:about="#COPASI1">
                <dcterms:created>
                  <rdf:Description>
                    <dcterms:W3CDTF>2018-09-05T16:24:00Z</dcterms:W3CDTF>
                  </rdf:Description>
                </dcterms:created>
                <CopasiMT:is>
                  <rdf:Bag>
                    <rdf:li rdf:resource="http://identifiers.org/go/GO:0005623"/>
                  </rdf:Bag>
                </CopasiMT:is>
              </rdf:Description>
            </rdf:RDF>
          </COPASI>
          <rdf:RDF xmlns:rdf="http://www.w3.org/1999/02/22-rdf-syntax-ns#" xmlns:dc="http://purl.org/dc/elements/1.1/" xmlns:dcterms="http://purl.org/dc/terms/" xmlns:vCard="http://www.w3.org/2001/vcard-rdf/3.0#" xmlns:bqbiol="http://biomodels.net/biology-qualifiers/" xmlns:bqmodel="http://biomodels.net/model-qualifiers/">
            <rdf:Description rdf:about="#COPASI1">
	<bqbiol:is>
	<rdf:Bag>
	<rdf:li rdf:resource="http://identifiers.org/go/GO:0005623"/>
	</rdf:Bag>
	</bqbiol:is>
	</rdf:Description>
	
	
	
	
          </rdf:RDF>
        </annotation>
            </compartment>
    </listOfCompartments>
    <listOfSpecies>
      <species boundaryCondition="false" compartment="cell" constant="false" id="Sic1" initialConcentration="5" metaid="COPASI2" name="Sic1">
        <annotation>
          <COPASI xmlns="http://www.copasi.org/static/sbml">
            <rdf:RDF xmlns:CopasiMT="http://www.copasi.org/RDF/MiriamTerms#" xmlns:rdf="http://www.w3.org/1999/02/22-rdf-syntax-ns#">
              <rdf:Description rdf:about="#COPASI2">
                <CopasiMT:isVersionOf>
                  <rdf:Bag>
                    <rdf:li rdf:resource="http://identifiers.org/uniprot/P38634"/>
                  </rdf:Bag>
                </CopasiMT:isVersionOf>
              </rdf:Description>
            </rdf:RDF>
          </COPASI>
          <rdf:RDF xmlns:rdf="http://www.w3.org/1999/02/22-rdf-syntax-ns#" xmlns:dc="http://purl.org/dc/elements/1.1/" xmlns:dcterms="http://purl.org/dc/terms/" xmlns:vCard="http://www.w3.org/2001/vcard-rdf/3.0#" xmlns:bqbiol="http://biomodels.net/biology-qualifiers/" xmlns:bqmodel="http://biomodels.net/model-qualifiers/">
            <rdf:Description rdf:about="#COPASI2">
	<bqbiol:isVersionOf>
	<rdf:Bag>
	<rdf:li rdf:resource="http://identifiers.org/uniprot/P38634"/>
	</rdf:Bag>
	</bqbiol:isVersionOf>
	</rdf:Description>
	
	
	
	
          </rdf:RDF>
        </annotation>
            </species>
      <species boundaryCondition="false" compartment="cell" constant="false" id="Cdk1_Clb5or6" initialConcentration="0" metaid="COPASI3" name="Cdk1_Clb5or6">
        <annotation>
          <COPASI xmlns="http://www.copasi.org/static/sbml">
            <rdf:RDF xmlns:CopasiMT="http://www.copasi.org/RDF/MiriamTerms#" xmlns:bqbiol="http://biomodels.net/biology-qualifiers/" xmlns:rdf="http://www.w3.org/1999/02/22-rdf-syntax-ns#">
              <rdf:Description rdf:about="#COPASI3">
                <bqbiol:hasProperty>
                  <rdf:Bag>
                    <rdf:li rdf:resource="http://identifiers.org/go/GO:0032991"/>
                  </rdf:Bag>
                </bqbiol:hasProperty>
                <CopasiMT:hasPart>
                  <rdf:Bag>
                    <rdf:li rdf:resource="http://identifiers.org/uniprot/P00546"/>
                  </rdf:Bag>
                </CopasiMT:hasPart>
                <CopasiMT:hasPart>
                  <rdf:Bag>
                    <rdf:li rdf:resource="http://identifiers.org/uniprot/P30283"/>
                  </rdf:Bag>
                </CopasiMT:hasPart>
              </rdf:Description>
            </rdf:RDF>
          </COPASI>
          <rdf:RDF xmlns:rdf="http://www.w3.org/1999/02/22-rdf-syntax-ns#" xmlns:dc="http://purl.org/dc/elements/1.1/" xmlns:dcterms="http://purl.org/dc/terms/" xmlns:vCard="http://www.w3.org/2001/vcard-rdf/3.0#" xmlns:bqbiol="http://biomodels.net/biology-qualifiers/" xmlns:bqmodel="http://biomodels.net/model-qualifiers/">
            <rdf:Description rdf:about="#COPASI3">
              <bqbiol:hasPart>
	<rdf:Bag>
	<rdf:li rdf:resource="http://identifiers.org/uniprot/P00546"/>
	</rdf:Bag>
	</bqbiol:hasPart>
	<bqbiol:hasPart>
	<rdf:Bag>
	<rdf:li rdf:resource="http://identifiers.org/uniprot/P30283"/>
	</rdf:Bag>
	</bqbiol:hasPart>
	
	<bqbiol:hasProperty>
	<rdf:Bag>
	<rdf:li rdf:resource="http://identifiers.org/go/GO:0032991"/>
	</rdf:Bag>
	</bqbiol:hasProperty>
	</rdf:Description>
	
	
	
	
          </rdf:RDF>
        </annotation>
            </species>
      <species boundaryCondition="false" compartment="cell" constant="false" id="Cdk1_Clb5or6_Sic1" initialConcentration="0" metaid="COPASI4" name="Cdk1_Clb5or6_Sic1">
        <annotation>
          <COPASI xmlns="http://www.copasi.org/static/sbml">
            <rdf:RDF xmlns:CopasiMT="http://www.copasi.org/RDF/MiriamTerms#" xmlns:bqbiol="http://biomodels.net/biology-qualifiers/" xmlns:rdf="http://www.w3.org/1999/02/22-rdf-syntax-ns#">
              <rdf:Description rdf:about="#COPASI4">
                <bqbiol:hasProperty>
                  <rdf:Bag>
                    <rdf:li rdf:resource="http://identifiers.org/go/GO:0032991"/>
                  </rdf:Bag>
                </bqbiol:hasProperty>
                <CopasiMT:hasPart>
                  <rdf:Bag>
                    <rdf:li rdf:resource="http://identifiers.org/uniprot/P38634"/>
                  </rdf:Bag>
                </CopasiMT:hasPart>
                <CopasiMT:hasPart>
                  <rdf:Bag>
                    <rdf:li rdf:resource="http://identifiers.org/uniprot/P30283"/>
                  </rdf:Bag>
                </CopasiMT:hasPart>
                <CopasiMT:hasPart>
                  <rdf:Bag>
                    <rdf:li rdf:resource="http://identifiers.org/uniprot/P00546"/>
                  </rdf:Bag>
                </CopasiMT:hasPart>
              </rdf:Description>
            </rdf:RDF>
          </COPASI>
          <rdf:RDF xmlns:rdf="http://www.w3.org/1999/02/22-rdf-syntax-ns#" xmlns:dc="http://purl.org/dc/elements/1.1/" xmlns:dcterms="http://purl.org/dc/terms/" xmlns:vCard="http://www.w3.org/2001/vcard-rdf/3.0#" xmlns:bqbiol="http://biomodels.net/biology-qualifiers/" xmlns:bqmodel="http://biomodels.net/model-qualifiers/">
            <rdf:Description rdf:about="#COPASI4">
              <bqbiol:hasPart>
	<rdf:Bag>
	<rdf:li rdf:resource="http://identifiers.org/uniprot/P38634"/>
	</rdf:Bag>
	</bqbiol:hasPart>
	<bqbiol:hasPart>
	<rdf:Bag>
	<rdf:li rdf:resource="http://identifiers.org/uniprot/P00546"/>
	</rdf:Bag>
	</bqbiol:hasPart>
	<bqbiol:hasPart>
	<rdf:Bag>
	<rdf:li rdf:resource="http://identifiers.org/uniprot/P30283"/>
	</rdf:Bag>
	</bqbiol:hasPart>
	
	<bqbiol:hasProperty>
	<rdf:Bag>
	<rdf:li rdf:resource="http://identifiers.org/go/GO:0032991"/>
	</rdf:Bag>
	</bqbiol:hasProperty>
	</rdf:Description>
	
	
	
	
          </rdf:RDF>
        </annotation>
            </species>
      <species boundaryCondition="false" compartment="cell" constant="false" id="Clb5or6_degraded" initialConcentration="0" metaid="COPASI5" name="Clb5or6_degraded">
        <annotation>
          <COPASI xmlns="http://www.copasi.org/static/sbml">
            <rdf:RDF xmlns:CopasiMT="http://www.copasi.org/RDF/MiriamTerms#" xmlns:bqbiol="http://biomodels.net/biology-qualifiers/" xmlns:rdf="http://www.w3.org/1999/02/22-rdf-syntax-ns#">
              <rdf:Description rdf:about="#COPASI5">
                <bqbiol:hasProperty>
                  <rdf:Bag>
                    <rdf:li rdf:resource="http://identifiers.org/ncit/C25650"/>
                  </rdf:Bag>
                </bqbiol:hasProperty>
                <CopasiMT:isVersionOf>
                  <rdf:Bag>
                    <rdf:li rdf:resource="http://identifiers.org/uniprot/P30283"/>
                  </rdf:Bag>
                </CopasiMT:isVersionOf>
              </rdf:Description>
            </rdf:RDF>
          </COPASI>
          <rdf:RDF xmlns:rdf="http://www.w3.org/1999/02/22-rdf-syntax-ns#" xmlns:dc="http://purl.org/dc/elements/1.1/" xmlns:dcterms="http://purl.org/dc/terms/" xmlns:vCard="http://www.w3.org/2001/vcard-rdf/3.0#" xmlns:bqbiol="http://biomodels.net/biology-qualifiers/" xmlns:bqmodel="http://biomodels.net/model-qualifiers/">
            <rdf:Description rdf:about="#COPASI5">
              <bqbiol:isVersionOf>
	<rdf:Bag>
	<rdf:li rdf:resource="http://identifiers.org/uniprot/P30283"/>
	</rdf:Bag>
	</bqbiol:isVersionOf>
	
	<bqbiol:hasProperty>
	<rdf:Bag>
	<rdf:li rdf:resource="http://identifiers.org/ncit/C25650"/>
	</rdf:Bag>
	</bqbiol:hasProperty>
	</rdf:Description>
	
	
	
	
          </rdf:RDF>
        </annotation>
            </species>
      <species boundaryCondition="false" compartment="cell" constant="false" id="Cdk1_Clb3or4" initialConcentration="0" metaid="COPASI6" name="Cdk1_Clb3or4">
        <annotation>
          <COPASI xmlns="http://www.copasi.org/static/sbml">
            <rdf:RDF xmlns:CopasiMT="http://www.copasi.org/RDF/MiriamTerms#" xmlns:bqbiol="http://biomodels.net/biology-qualifiers/" xmlns:rdf="http://www.w3.org/1999/02/22-rdf-syntax-ns#">
              <rdf:Description rdf:about="#COPASI6">
                <bqbiol:hasProperty>
                  <rdf:Bag>
                    <rdf:li rdf:resource="http://identifiers.org/go/GO:0032991"/>
                  </rdf:Bag>
                </bqbiol:hasProperty>
                <CopasiMT:hasPart>
                  <rdf:Bag>
                    <rdf:li rdf:resource="http://identifiers.org/uniprot/P24870"/>
                  </rdf:Bag>
                </CopasiMT:hasPart>
                <CopasiMT:hasPart>
                  <rdf:Bag>
                    <rdf:li rdf:resource="http://identifiers.org/uniprot/P00546"/>
                  </rdf:Bag>
                </CopasiMT:hasPart>
              </rdf:Description>
            </rdf:RDF>
          </COPASI>
          <rdf:RDF xmlns:rdf="http://www.w3.org/1999/02/22-rdf-syntax-ns#" xmlns:dc="http://purl.org/dc/elements/1.1/" xmlns:dcterms="http://purl.org/dc/terms/" xmlns:vCard="http://www.w3.org/2001/vcard-rdf/3.0#" xmlns:bqbiol="http://biomodels.net/biology-qualifiers/" xmlns:bqmodel="http://biomodels.net/model-qualifiers/">
            <rdf:Description rdf:about="#COPASI6">
              <bqbiol:hasPart>
	<rdf:Bag>
	<rdf:li rdf:resource="http://identifiers.org/uniprot/P24870"/>
	</rdf:Bag>
	</bqbiol:hasPart>
	<bqbiol:hasPart>
	<rdf:Bag>
	<rdf:li rdf:resource="http://identifiers.org/uniprot/P00546"/>
	</rdf:Bag>
	</bqbiol:hasPart>
	
	<bqbiol:hasProperty>
	<rdf:Bag>
	<rdf:li rdf:resource="http://identifiers.org/go/GO:0032991"/>
	</rdf:Bag>
	</bqbiol:hasProperty>
	</rdf:Description>
	
	
	
	
          </rdf:RDF>
        </annotation>
            </species>
      <species boundaryCondition="false" compartment="cell" constant="false" id="Cdk1_Clb3or4_Sic1" initialConcentration="0" metaid="COPASI7" name="Cdk1_Clb3or4_Sic1">
        <annotation>
          <COPASI xmlns="http://www.copasi.org/static/sbml">
            <rdf:RDF xmlns:CopasiMT="http://www.copasi.org/RDF/MiriamTerms#" xmlns:bqbiol="http://biomodels.net/biology-qualifiers/" xmlns:rdf="http://www.w3.org/1999/02/22-rdf-syntax-ns#">
              <rdf:Description rdf:about="#COPASI7">
                <bqbiol:hasProperty>
                  <rdf:Bag>
                    <rdf:li rdf:resource="http://identifiers.org/go/GO:0032991"/>
                  </rdf:Bag>
                </bqbiol:hasProperty>
                <CopasiMT:hasPart>
                  <rdf:Bag>
                    <rdf:li rdf:resource="http://identifiers.org/uniprot/P38634"/>
                  </rdf:Bag>
                </CopasiMT:hasPart>
                <CopasiMT:hasPart>
                  <rdf:Bag>
                    <rdf:li rdf:resource="http://identifiers.org/uniprot/P24870"/>
                  </rdf:Bag>
                </CopasiMT:hasPart>
                <CopasiMT:hasPart>
                  <rdf:Bag>
                    <rdf:li rdf:resource="http://identifiers.org/uniprot/P00546"/>
                  </rdf:Bag>
                </CopasiMT:hasPart>
              </rdf:Description>
            </rdf:RDF>
          </COPASI>
          <rdf:RDF xmlns:rdf="http://www.w3.org/1999/02/22-rdf-syntax-ns#" xmlns:dc="http://purl.org/dc/elements/1.1/" xmlns:dcterms="http://purl.org/dc/terms/" xmlns:vCard="http://www.w3.org/2001/vcard-rdf/3.0#" xmlns:bqbiol="http://biomodels.net/biology-qualifiers/" xmlns:bqmodel="http://biomodels.net/model-qualifiers/">
            <rdf:Description rdf:about="#COPASI7">
              <bqbiol:hasPart>
	<rdf:Bag>
	<rdf:li rdf:resource="http://identifiers.org/uniprot/P24870"/>
	</rdf:Bag>
	</bqbiol:hasPart>
	<bqbiol:hasPart>
	<rdf:Bag>
	<rdf:li rdf:resource="http://identifiers.org/uniprot/P00546"/>
	</rdf:Bag>
	</bqbiol:hasPart>
	<bqbiol:hasPart>
	<rdf:Bag>
	<rdf:li rdf:resource="http://identifiers.org/uniprot/P38634"/>
	</rdf:Bag>
	</bqbiol:hasPart>
	
	<bqbiol:hasProperty>
	<rdf:Bag>
	<rdf:li rdf:resource="http://identifiers.org/go/GO:0032991"/>
	</rdf:Bag>
	</bqbiol:hasProperty>
	</rdf:Description>
	
	
	
	
          </rdf:RDF>
        </annotation>
            </species>
      <species boundaryCondition="false" compartment="cell" constant="false" id="Clb3or4_degraded" initialConcentration="0" metaid="COPASI8" name="Clb3or4_degraded">
        <annotation>
          <COPASI xmlns="http://www.copasi.org/static/sbml">
            <rdf:RDF xmlns:CopasiMT="http://www.copasi.org/RDF/MiriamTerms#" xmlns:bqbiol="http://biomodels.net/biology-qualifiers/" xmlns:rdf="http://www.w3.org/1999/02/22-rdf-syntax-ns#">
              <rdf:Description rdf:about="#COPASI8">
                <bqbiol:hasProperty>
                  <rdf:Bag>
                    <rdf:li rdf:resource="http://identifiers.org/ncit/C25650"/>
                  </rdf:Bag>
                </bqbiol:hasProperty>
                <CopasiMT:isVersionOf>
                  <rdf:Bag>
                    <rdf:li rdf:resource="http://identifiers.org/uniprot/P24870"/>
                  </rdf:Bag>
                </CopasiMT:isVersionOf>
              </rdf:Description>
            </rdf:RDF>
          </COPASI>
          <rdf:RDF xmlns:rdf="http://www.w3.org/1999/02/22-rdf-syntax-ns#" xmlns:dc="http://purl.org/dc/elements/1.1/" xmlns:dcterms="http://purl.org/dc/terms/" xmlns:vCard="http://www.w3.org/2001/vcard-rdf/3.0#" xmlns:bqbiol="http://biomodels.net/biology-qualifiers/" xmlns:bqmodel="http://biomodels.net/model-qualifiers/">
            <rdf:Description rdf:about="#COPASI8">
              <bqbiol:isVersionOf>
	<rdf:Bag>
	<rdf:li rdf:resource="http://identifiers.org/uniprot/P24870"/>
	</rdf:Bag>
	</bqbiol:isVersionOf>
	
	<bqbiol:hasProperty>
	<rdf:Bag>
	<rdf:li rdf:resource="http://identifiers.org/ncit/C25650"/>
	</rdf:Bag>
	</bqbiol:hasProperty>
	</rdf:Description>
	
	
	
	
          </rdf:RDF>
        </annotation>
            </species>
      <species boundaryCondition="false" compartment="cell" constant="false" id="Cdk1_Clb1or2" initialConcentration="0" metaid="COPASI9" name="Cdk1_Clb1or2">
        <annotation>
          <COPASI xmlns="http://www.copasi.org/static/sbml">
            <rdf:RDF xmlns:CopasiMT="http://www.copasi.org/RDF/MiriamTerms#" xmlns:bqbiol="http://biomodels.net/biology-qualifiers/" xmlns:rdf="http://www.w3.org/1999/02/22-rdf-syntax-ns#">
              <rdf:Description rdf:about="#COPASI9">
                <bqbiol:hasProperty>
                  <rdf:Bag>
                    <rdf:li rdf:resource="http://identifiers.org/go/GO:0032991"/>
                  </rdf:Bag>
                </bqbiol:hasProperty>
                <CopasiMT:hasPart>
                  <rdf:Bag>
                    <rdf:li rdf:resource="http://identifiers.org/uniprot/P24869"/>
                  </rdf:Bag>
                </CopasiMT:hasPart>
                <CopasiMT:hasPart>
                  <rdf:Bag>
                    <rdf:li rdf:resource="http://identifiers.org/uniprot/P00546"/>
                  </rdf:Bag>
                </CopasiMT:hasPart>
              </rdf:Description>
            </rdf:RDF>
          </COPASI>
          <rdf:RDF xmlns:rdf="http://www.w3.org/1999/02/22-rdf-syntax-ns#" xmlns:dc="http://purl.org/dc/elements/1.1/" xmlns:dcterms="http://purl.org/dc/terms/" xmlns:vCard="http://www.w3.org/2001/vcard-rdf/3.0#" xmlns:bqbiol="http://biomodels.net/biology-qualifiers/" xmlns:bqmodel="http://biomodels.net/model-qualifiers/">
            <rdf:Description rdf:about="#COPASI9">
              <bqbiol:hasPart>
	<rdf:Bag>
	<rdf:li rdf:resource="http://identifiers.org/uniprot/P24869"/>
	</rdf:Bag>
	</bqbiol:hasPart>
	<bqbiol:hasPart>
	<rdf:Bag>
	<rdf:li rdf:resource="http://identifiers.org/uniprot/P00546"/>
	</rdf:Bag>
	</bqbiol:hasPart>
	
	<bqbiol:hasProperty>
	<rdf:Bag>
	<rdf:li rdf:resource="http://identifiers.org/go/GO:0032991"/>
	</rdf:Bag>
	</bqbiol:hasProperty>
	</rdf:Description>
	
	
	
	
          </rdf:RDF>
        </annotation>
            </species>
      <species boundaryCondition="false" compartment="cell" constant="false" id="Cdk1_Clb1or2_Sic1" initialConcentration="0" metaid="COPASI10" name="Cdk1_Clb1or2_Sic1">
        <annotation>
          <COPASI xmlns="http://www.copasi.org/static/sbml">
            <rdf:RDF xmlns:CopasiMT="http://www.copasi.org/RDF/MiriamTerms#" xmlns:bqbiol="http://biomodels.net/biology-qualifiers/" xmlns:rdf="http://www.w3.org/1999/02/22-rdf-syntax-ns#">
              <rdf:Description rdf:about="#COPASI10">
                <bqbiol:hasProperty>
                  <rdf:Bag>
                    <rdf:li rdf:resource="http://identifiers.org/go/GO:0032991"/>
                  </rdf:Bag>
                </bqbiol:hasProperty>
                <CopasiMT:hasPart>
                  <rdf:Bag>
                    <rdf:li rdf:resource="http://identifiers.org/uniprot/P38634"/>
                  </rdf:Bag>
                </CopasiMT:hasPart>
                <CopasiMT:hasPart>
                  <rdf:Bag>
                    <rdf:li rdf:resource="http://identifiers.org/uniprot/P00546"/>
                  </rdf:Bag>
                </CopasiMT:hasPart>
                <CopasiMT:hasPart>
                  <rdf:Bag>
                    <rdf:li rdf:resource="http://identifiers.org/uniprot/P24869"/>
                  </rdf:Bag>
                </CopasiMT:hasPart>
              </rdf:Description>
            </rdf:RDF>
          </COPASI>
          <rdf:RDF xmlns:rdf="http://www.w3.org/1999/02/22-rdf-syntax-ns#" xmlns:dc="http://purl.org/dc/elements/1.1/" xmlns:dcterms="http://purl.org/dc/terms/" xmlns:vCard="http://www.w3.org/2001/vcard-rdf/3.0#" xmlns:bqbiol="http://biomodels.net/biology-qualifiers/" xmlns:bqmodel="http://biomodels.net/model-qualifiers/">
            <rdf:Description rdf:about="#COPASI10">
              <bqbiol:hasPart>
	<rdf:Bag>
	<rdf:li rdf:resource="http://identifiers.org/uniprot/P00546"/>
	</rdf:Bag>
	</bqbiol:hasPart>
	<bqbiol:hasPart>
	<rdf:Bag>
	<rdf:li rdf:resource="http://identifiers.org/uniprot/P38634"/>
	</rdf:Bag>
	</bqbiol:hasPart>
	<bqbiol:hasPart>
	<rdf:Bag>
	<rdf:li rdf:resource="http://identifiers.org/uniprot/P24869"/>
	</rdf:Bag>
	</bqbiol:hasPart>
	
	<bqbiol:hasProperty>
	<rdf:Bag>
	<rdf:li rdf:resource="http://identifiers.org/go/GO:0032991"/>
	</rdf:Bag>
	</bqbiol:hasProperty>
	</rdf:Description>
	
	
	
	
          </rdf:RDF>
        </annotation>
            </species>
      <species boundaryCondition="false" compartment="cell" constant="false" id="Clb1or2_degraded" initialConcentration="0" metaid="COPASI11" name="Clb1or2_degraded">
        <annotation>
          <COPASI xmlns="http://www.copasi.org/static/sbml">
            <rdf:RDF xmlns:CopasiMT="http://www.copasi.org/RDF/MiriamTerms#" xmlns:bqbiol="http://biomodels.net/biology-qualifiers/" xmlns:rdf="http://www.w3.org/1999/02/22-rdf-syntax-ns#">
              <rdf:Description rdf:about="#COPASI11">
                <bqbiol:hasProperty>
                  <rdf:Bag>
                    <rdf:li rdf:resource="http://identifiers.org/ncit/C25650"/>
                  </rdf:Bag>
                </bqbiol:hasProperty>
                <CopasiMT:isVersionOf>
                  <rdf:Bag>
                    <rdf:li rdf:resource="http://identifiers.org/uniprot/P24869"/>
                  </rdf:Bag>
                </CopasiMT:isVersionOf>
              </rdf:Description>
            </rdf:RDF>
          </COPASI>
          <rdf:RDF xmlns:rdf="http://www.w3.org/1999/02/22-rdf-syntax-ns#" xmlns:dc="http://purl.org/dc/elements/1.1/" xmlns:dcterms="http://purl.org/dc/terms/" xmlns:vCard="http://www.w3.org/2001/vcard-rdf/3.0#" xmlns:bqbiol="http://biomodels.net/biology-qualifiers/" xmlns:bqmodel="http://biomodels.net/model-qualifiers/">
            <rdf:Description rdf:about="#COPASI11">
              <bqbiol:isVersionOf>
	<rdf:Bag>
	<rdf:li rdf:resource="http://identifiers.org/uniprot/P24869"/>
	</rdf:Bag>
	</bqbiol:isVersionOf>
	
	<bqbiol:hasProperty>
	<rdf:Bag>
	<rdf:li rdf:resource="http://identifiers.org/ncit/C25650"/>
	</rdf:Bag>
	</bqbiol:hasProperty>
	</rdf:Description>
	
	
	
	
          </rdf:RDF>
        </annotation>
            </species>
      <species boundaryCondition="false" compartment="cell" constant="false" id="Sic1_degraded_re14" initialConcentration="0" metaid="COPASI12" name="Sic1_degraded_re14">
        <annotation>
          <COPASI xmlns="http://www.copasi.org/static/sbml">
            <rdf:RDF xmlns:CopasiMT="http://www.copasi.org/RDF/MiriamTerms#" xmlns:bqbiol="http://biomodels.net/biology-qualifiers/" xmlns:rdf="http://www.w3.org/1999/02/22-rdf-syntax-ns#">
              <rdf:Description rdf:about="#COPASI12">
                <bqbiol:hasProperty>
                  <rdf:Bag>
                    <rdf:li rdf:resource="http://identifiers.org/ncit/C25650"/>
                  </rdf:Bag>
                </bqbiol:hasProperty>
                <CopasiMT:isVersionOf>
                  <rdf:Bag>
                    <rdf:li rdf:resource="http://identifiers.org/uniprot/P38634"/>
                  </rdf:Bag>
                </CopasiMT:isVersionOf>
              </rdf:Description>
            </rdf:RDF>
          </COPASI>
          <rdf:RDF xmlns:rdf="http://www.w3.org/1999/02/22-rdf-syntax-ns#" xmlns:dc="http://purl.org/dc/elements/1.1/" xmlns:dcterms="http://purl.org/dc/terms/" xmlns:vCard="http://www.w3.org/2001/vcard-rdf/3.0#" xmlns:bqbiol="http://biomodels.net/biology-qualifiers/" xmlns:bqmodel="http://biomodels.net/model-qualifiers/">
            <rdf:Description rdf:about="#COPASI12">
              <bqbiol:isVersionOf>
	<rdf:Bag>
	<rdf:li rdf:resource="http://identifiers.org/uniprot/P38634"/>
	</rdf:Bag>
	</bqbiol:isVersionOf>
	
	<bqbiol:hasProperty>
	<rdf:Bag>
	<rdf:li rdf:resource="http://identifiers.org/ncit/C25650"/>
	</rdf:Bag>
	</bqbiol:hasProperty>
	</rdf:Description>
	
	
	
	
          </rdf:RDF>
        </annotation>
            </species>
      <species boundaryCondition="false" compartment="cell" constant="false" id="Sic1_degraded_re18" initialConcentration="0" metaid="COPASI13" name="Sic1_degraded_re18">
        <annotation>
          <COPASI xmlns="http://www.copasi.org/static/sbml">
            <rdf:RDF xmlns:CopasiMT="http://www.copasi.org/RDF/MiriamTerms#" xmlns:bqbiol="http://biomodels.net/biology-qualifiers/" xmlns:rdf="http://www.w3.org/1999/02/22-rdf-syntax-ns#">
              <rdf:Description rdf:about="#COPASI13">
                <bqbiol:hasProperty>
                  <rdf:Bag>
                    <rdf:li rdf:resource="http://identifiers.org/ncit/C25650"/>
                  </rdf:Bag>
                </bqbiol:hasProperty>
                <CopasiMT:isVersionOf>
                  <rdf:Bag>
                    <rdf:li rdf:resource="http://identifiers.org/uniprot/P38634"/>
                  </rdf:Bag>
                </CopasiMT:isVersionOf>
              </rdf:Description>
            </rdf:RDF>
          </COPASI>
          <rdf:RDF xmlns:rdf="http://www.w3.org/1999/02/22-rdf-syntax-ns#" xmlns:dc="http://purl.org/dc/elements/1.1/" xmlns:dcterms="http://purl.org/dc/terms/" xmlns:vCard="http://www.w3.org/2001/vcard-rdf/3.0#" xmlns:bqbiol="http://biomodels.net/biology-qualifiers/" xmlns:bqmodel="http://biomodels.net/model-qualifiers/">
            <rdf:Description rdf:about="#COPASI13">
              <bqbiol:isVersionOf>
	<rdf:Bag>
	<rdf:li rdf:resource="http://identifiers.org/uniprot/P38634"/>
	</rdf:Bag>
	</bqbiol:isVersionOf>
	
	<bqbiol:hasProperty>
	<rdf:Bag>
	<rdf:li rdf:resource="http://identifiers.org/ncit/C25650"/>
	</rdf:Bag>
	</bqbiol:hasProperty>
	</rdf:Description>
	
	
	
	
          </rdf:RDF>
        </annotation>
            </species>
      <species boundaryCondition="false" compartment="cell" constant="false" id="Sic1_degraded_re5" initialConcentration="0" metaid="COPASI14" name="Sic1_degraded_re5">
        <annotation>
          <COPASI xmlns="http://www.copasi.org/static/sbml">
            <rdf:RDF xmlns:CopasiMT="http://www.copasi.org/RDF/MiriamTerms#" xmlns:bqbiol="http://biomodels.net/biology-qualifiers/" xmlns:rdf="http://www.w3.org/1999/02/22-rdf-syntax-ns#">
              <rdf:Description rdf:about="#COPASI14">
                <bqbiol:hasProperty>
                  <rdf:Bag>
                    <rdf:li rdf:resource="http://identifiers.org/ncit/C25650"/>
                  </rdf:Bag>
                </bqbiol:hasProperty>
                <CopasiMT:isVersionOf>
                  <rdf:Bag>
                    <rdf:li rdf:resource="http://identifiers.org/uniprot/P38634"/>
                  </rdf:Bag>
                </CopasiMT:isVersionOf>
              </rdf:Description>
            </rdf:RDF>
          </COPASI>
          <rdf:RDF xmlns:rdf="http://www.w3.org/1999/02/22-rdf-syntax-ns#" xmlns:dc="http://purl.org/dc/elements/1.1/" xmlns:dcterms="http://purl.org/dc/terms/" xmlns:vCard="http://www.w3.org/2001/vcard-rdf/3.0#" xmlns:bqbiol="http://biomodels.net/biology-qualifiers/" xmlns:bqmodel="http://biomodels.net/model-qualifiers/">
            <rdf:Description rdf:about="#COPASI14">
              <bqbiol:isVersionOf>
	<rdf:Bag>
	<rdf:li rdf:resource="http://identifiers.org/uniprot/P38634"/>
	</rdf:Bag>
	</bqbiol:isVersionOf>
	
	<bqbiol:hasProperty>
	<rdf:Bag>
	<rdf:li rdf:resource="http://identifiers.org/ncit/C25650"/>
	</rdf:Bag>
	</bqbiol:hasProperty>
	</rdf:Description>
	
	
	
	
          </rdf:RDF>
        </annotation>
            </species>
      <species boundaryCondition="true" compartment="cell" constant="false" id="Clb34_total" initialConcentration="0" metaid="COPASI15" name="Clb34_total">
        <annotation>
          <COPASI xmlns="http://www.copasi.org/static/sbml">
            <rdf:RDF xmlns:CopasiMT="http://www.copasi.org/RDF/MiriamTerms#" xmlns:rdf="http://www.w3.org/1999/02/22-rdf-syntax-ns#">
              <rdf:Description rdf:about="#COPASI15">
                <CopasiMT:isVersionOf>
                  <rdf:Bag>
                    <rdf:li rdf:resource="http://identifiers.org/uniprot/P24870"/>
                  </rdf:Bag>
                </CopasiMT:isVersionOf>
              </rdf:Description>
            </rdf:RDF>
          </COPASI>
          <rdf:RDF xmlns:rdf="http://www.w3.org/1999/02/22-rdf-syntax-ns#" xmlns:dc="http://purl.org/dc/elements/1.1/" xmlns:dcterms="http://purl.org/dc/terms/" xmlns:vCard="http://www.w3.org/2001/vcard-rdf/3.0#" xmlns:bqbiol="http://biomodels.net/biology-qualifiers/" xmlns:bqmodel="http://biomodels.net/model-qualifiers/">
            <rdf:Description rdf:about="#COPASI15">
	<bqbiol:isVersionOf>
	<rdf:Bag>
	<rdf:li rdf:resource="http://identifiers.org/uniprot/P24870"/>
	</rdf:Bag>
	</bqbiol:isVersionOf>
	</rdf:Description>
	
	
	
	
          </rdf:RDF>
        </annotation>
            </species>
      <species boundaryCondition="true" compartment="cell" constant="false" id="Clb12_total" initialConcentration="0" metaid="COPASI16" name="Clb12_total">
        <annotation>
          <COPASI xmlns="http://www.copasi.org/static/sbml">
            <rdf:RDF xmlns:CopasiMT="http://www.copasi.org/RDF/MiriamTerms#" xmlns:rdf="http://www.w3.org/1999/02/22-rdf-syntax-ns#">
              <rdf:Description rdf:about="#COPASI16">
                <CopasiMT:isVersionOf>
                  <rdf:Bag>
                    <rdf:li rdf:resource="http://identifiers.org/uniprot/P24869"/>
                  </rdf:Bag>
                </CopasiMT:isVersionOf>
              </rdf:Description>
            </rdf:RDF>
          </COPASI>
          <rdf:RDF xmlns:rdf="http://www.w3.org/1999/02/22-rdf-syntax-ns#" xmlns:dc="http://purl.org/dc/elements/1.1/" xmlns:dcterms="http://purl.org/dc/terms/" xmlns:vCard="http://www.w3.org/2001/vcard-rdf/3.0#" xmlns:bqbiol="http://biomodels.net/biology-qualifiers/" xmlns:bqmodel="http://biomodels.net/model-qualifiers/">
            <rdf:Description rdf:about="#COPASI16">
	<bqbiol:isVersionOf>
	<rdf:Bag>
	<rdf:li rdf:resource="http://identifiers.org/uniprot/P24869"/>
	</rdf:Bag>
	</bqbiol:isVersionOf>
	</rdf:Description>
	
	
	
	
          </rdf:RDF>
        </annotation>
            </species>
      <species boundaryCondition="true" compartment="cell" constant="false" id="Clb56_total" initialConcentration="0" metaid="COPASI17" name="Clb56_total">
        <annotation>
          <COPASI xmlns="http://www.copasi.org/static/sbml">
            <rdf:RDF xmlns:CopasiMT="http://www.copasi.org/RDF/MiriamTerms#" xmlns:rdf="http://www.w3.org/1999/02/22-rdf-syntax-ns#">
              <rdf:Description rdf:about="#COPASI17">
                <CopasiMT:isVersionOf>
                  <rdf:Bag>
                    <rdf:li rdf:resource="http://identifiers.org/uniprot/P30283"/>
                  </rdf:Bag>
                </CopasiMT:isVersionOf>
              </rdf:Description>
            </rdf:RDF>
          </COPASI>
          <rdf:RDF xmlns:rdf="http://www.w3.org/1999/02/22-rdf-syntax-ns#" xmlns:dc="http://purl.org/dc/elements/1.1/" xmlns:dcterms="http://purl.org/dc/terms/" xmlns:vCard="http://www.w3.org/2001/vcard-rdf/3.0#" xmlns:bqbiol="http://biomodels.net/biology-qualifiers/" xmlns:bqmodel="http://biomodels.net/model-qualifiers/">
            <rdf:Description rdf:about="#COPASI17">
	<bqbiol:isVersionOf>
	<rdf:Bag>
	<rdf:li rdf:resource="http://identifiers.org/uniprot/P30283"/>
	</rdf:Bag>
	</bqbiol:isVersionOf>
	</rdf:Description>
	
	
	
	
          </rdf:RDF>
        </annotation>
            </species>
    </listOfSpecies>
    <listOfParameters>
      <parameter constant="true" id="k1" name="k1" value="0.1"/>
      <parameter constant="true" id="k2" name="k2" value="5"/>
      <parameter constant="true" id="k3" name="k3" value="0.5"/>
      <parameter constant="true" id="k4" name="k4" value="0.01"/>
      <parameter constant="true" id="k5" metaid="COPASI18" name="k5" value="0.05">
        <annotation>
          <COPASI xmlns="http://www.copasi.org/static/sbml">
            <rdf:RDF xmlns:dcterms="http://purl.org/dc/terms/" xmlns:rdf="http://www.w3.org/1999/02/22-rdf-syntax-ns#">
              <rdf:Description rdf:about="#COPASI18">
                <dcterms:created>
                  <rdf:Description>
                    <dcterms:W3CDTF>2018-05-11T14:19:42Z</dcterms:W3CDTF>
                  </rdf:Description>
                </dcterms:created>
              </rdf:Description>
            </rdf:RDF>
          </COPASI>
        </annotation>
            </parameter>
      <parameter constant="true" id="k6" name="k6" value="0.7"/>
      <parameter constant="true" id="k7" name="k7" value="0.01"/>
      <parameter constant="true" id="k8" name="k8" value="0.7"/>
      <parameter constant="true" id="k9" name="k9" value="0.001"/>
      <parameter constant="true" id="k10" name="k10" value="0.7"/>
      <parameter constant="true" id="k11" name="k11" value="5"/>
      <parameter constant="true" id="k12" name="k12" value="0.5"/>
      <parameter constant="true" id="k13" name="k13" value="0.01"/>
      <parameter constant="true" id="k14" name="k14" value="0.05"/>
      <parameter constant="true" id="k15" name="k15" value="5"/>
      <parameter constant="true" id="k16" name="k16" value="0.5"/>
      <parameter constant="true" id="k17" name="k17" value="0.01"/>
      <parameter constant="true" id="k18" name="k18" value="0.05"/>
      <parameter constant="true" id="k26" name="k26" value="0.001"/>
      <parameter constant="true" id="kA" metaid="COPASI19" name="kA" value="100">
        <annotation>
          <COPASI xmlns="http://www.copasi.org/static/sbml">
            <rdf:RDF xmlns:dcterms="http://purl.org/dc/terms/" xmlns:rdf="http://www.w3.org/1999/02/22-rdf-syntax-ns#">
              <rdf:Description rdf:about="#COPASI19">
                <dcterms:created>
                  <rdf:Description>
                    <dcterms:W3CDTF>2018-05-17T14:18:25Z</dcterms:W3CDTF>
                  </rdf:Description>
                </dcterms:created>
              </rdf:Description>
            </rdf:RDF>
          </COPASI>
        </annotation>
            </parameter>
      <parameter constant="true" id="kB" name="kB" value="1000"/>
      <parameter constant="true" id="kC" name="kC" value="100"/>
      <parameter constant="true" id="kD" name="kD" value="100"/>
    </listOfParameters>
    <listOfRules>
      <assignmentRule variable="Clb34_total">
        <math xmlns="http://www.w3.org/1998/Math/MathML">        
          <apply>
            <plus/>
            <ci> Cdk1_Clb3or4 </ci>
            <ci> Cdk1_Clb3or4_Sic1 </ci>
          </apply>
        </math>
            </assignmentRule>
      <assignmentRule variable="Clb12_total">
        <math xmlns="http://www.w3.org/1998/Math/MathML">        
          <apply>
            <plus/>
            <ci> Cdk1_Clb1or2 </ci>
            <ci> Cdk1_Clb1or2_Sic1 </ci>
          </apply>
        </math>
            </assignmentRule>
      <assignmentRule variable="Clb56_total">
        <math xmlns="http://www.w3.org/1998/Math/MathML">        
          <apply>
            <plus/>
            <ci> Cdk1_Clb5or6 </ci>
            <ci> Cdk1_Clb5or6_Sic1 </ci>
          </apply>
        </math>
            </assignmentRule>
    </listOfRules>
    <listOfReactions>
      <reaction id="Cdk1_Clb5_6_production" metaid="COPASI20" name="Cdk1-Clb5,6 production" reversible="false">
        <annotation>
          <COPASI xmlns="http://www.copasi.org/static/sbml">
            <rdf:RDF xmlns:CopasiMT="http://www.copasi.org/RDF/MiriamTerms#" xmlns:rdf="http://www.w3.org/1999/02/22-rdf-syntax-ns#">
              <rdf:Description rdf:about="#COPASI20">
                <CopasiMT:isVersionOf>
                  <rdf:Bag>
                    <rdf:li rdf:resource="http://identifiers.org/ncit/C61408"/>
                  </rdf:Bag>
                </CopasiMT:isVersionOf>
              </rdf:Description>
            </rdf:RDF>
          </COPASI>
          <rdf:RDF xmlns:rdf="http://www.w3.org/1999/02/22-rdf-syntax-ns#" xmlns:dc="http://purl.org/dc/elements/1.1/" xmlns:dcterms="http://purl.org/dc/terms/" xmlns:vCard="http://www.w3.org/2001/vcard-rdf/3.0#" xmlns:bqbiol="http://biomodels.net/biology-qualifiers/" xmlns:bqmodel="http://biomodels.net/model-qualifiers/">
            <rdf:Description rdf:about="#COPASI20">
	<bqbiol:isVersionOf>
	<rdf:Bag>
	<rdf:li rdf:resource="http://identifiers.org/ncit/C61408"/>
	</rdf:Bag>
	</bqbiol:isVersionOf>
	</rdf:Description>
	
	
	
	
          </rdf:RDF>
        </annotation>
              <listOfProducts>
          <speciesReference species="Cdk1_Clb5or6" stoichiometry="1"/>
        </listOfProducts>
        <kineticLaw>
          <math xmlns="http://www.w3.org/1998/Math/MathML">          
            <apply>
              <times/>
              <ci> cell </ci>
              <apply>
                <ci> Constant_flux__irreversible_0 </ci>
                <ci> k1 </ci>
              </apply>
            </apply>
          </math>
                </kineticLaw>
      </reaction>
      <reaction id="Sic1_binding_to_Cdk1_Clb5_6" metaid="COPASI21" name="Sic1 binding to Cdk1-Clb5,6" reversible="false">
        <annotation>
          <COPASI xmlns="http://www.copasi.org/static/sbml">
            <rdf:RDF xmlns:CopasiMT="http://www.copasi.org/RDF/MiriamTerms#" xmlns:rdf="http://www.w3.org/1999/02/22-rdf-syntax-ns#">
              <rdf:Description rdf:about="#COPASI21">
                <CopasiMT:isVersionOf>
                  <rdf:Bag>
                    <rdf:li rdf:resource="http://identifiers.org/go/GO:0044877"/>
                  </rdf:Bag>
                </CopasiMT:isVersionOf>
              </rdf:Description>
            </rdf:RDF>
          </COPASI>
          <rdf:RDF xmlns:rdf="http://www.w3.org/1999/02/22-rdf-syntax-ns#" xmlns:dc="http://purl.org/dc/elements/1.1/" xmlns:dcterms="http://purl.org/dc/terms/" xmlns:vCard="http://www.w3.org/2001/vcard-rdf/3.0#" xmlns:bqbiol="http://biomodels.net/biology-qualifiers/" xmlns:bqmodel="http://biomodels.net/model-qualifiers/">
            <rdf:Description rdf:about="#COPASI21">
	<bqbiol:isVersionOf>
	<rdf:Bag>
	<rdf:li rdf:resource="http://identifiers.org/go/GO:0044877"/>
	</rdf:Bag>
	</bqbiol:isVersionOf>
	</rdf:Description>
	
	
	
	
          </rdf:RDF>
        </annotation>
              <listOfReactants>
          <speciesReference species="Sic1" stoichiometry="1"/>
          <speciesReference species="Cdk1_Clb5or6" stoichiometry="1"/>
        </listOfReactants>
        <listOfProducts>
          <speciesReference species="Cdk1_Clb5or6_Sic1" stoichiometry="1"/>
        </listOfProducts>
        <kineticLaw>
          <math xmlns="http://www.w3.org/1998/Math/MathML">          
            <apply>
              <times/>
              <ci> cell </ci>
              <ci> k2 </ci>
              <ci> Sic1 </ci>
              <ci> Cdk1_Clb5or6 </ci>
            </apply>
          </math>
                </kineticLaw>
      </reaction>
      <reaction id="Cdk1_Clb5_6_Sic1_dissociation" metaid="COPASI22" name="Cdk1-Clb5,6-Sic1 dissociation" reversible="false">
        <annotation>
          <COPASI xmlns="http://www.copasi.org/static/sbml">
            <rdf:RDF xmlns:CopasiMT="http://www.copasi.org/RDF/MiriamTerms#" xmlns:rdf="http://www.w3.org/1999/02/22-rdf-syntax-ns#">
              <rdf:Description rdf:about="#COPASI22">
                <CopasiMT:isVersionOf>
                  <rdf:Bag>
                    <rdf:li rdf:resource="http://identifiers.org/sbo/SBO:0000180"/>
                  </rdf:Bag>
                </CopasiMT:isVersionOf>
              </rdf:Description>
            </rdf:RDF>
          </COPASI>
          <rdf:RDF xmlns:rdf="http://www.w3.org/1999/02/22-rdf-syntax-ns#" xmlns:dc="http://purl.org/dc/elements/1.1/" xmlns:dcterms="http://purl.org/dc/terms/" xmlns:vCard="http://www.w3.org/2001/vcard-rdf/3.0#" xmlns:bqbiol="http://biomodels.net/biology-qualifiers/" xmlns:bqmodel="http://biomodels.net/model-qualifiers/">
            <rdf:Description rdf:about="#COPASI22">
	<bqbiol:isVersionOf>
	<rdf:Bag>
	<rdf:li rdf:resource="http://identifiers.org/sbo/SBO:0000180"/>
	</rdf:Bag>
	</bqbiol:isVersionOf>
	</rdf:Description>
	
	
	
	
          </rdf:RDF>
        </annotation>
              <listOfReactants>
          <speciesReference species="Cdk1_Clb5or6_Sic1" stoichiometry="1"/>
        </listOfReactants>
        <listOfProducts>
          <speciesReference species="Sic1" stoichiometry="1"/>
          <speciesReference species="Cdk1_Clb5or6" stoichiometry="1"/>
        </listOfProducts>
        <kineticLaw>
          <math xmlns="http://www.w3.org/1998/Math/MathML">          
            <apply>
              <times/>
              <ci> cell </ci>
              <ci> k3 </ci>
              <ci> Cdk1_Clb5or6_Sic1 </ci>
            </apply>
          </math>
                </kineticLaw>
      </reaction>
      <reaction id="Clb5_6_degradation__ternary" metaid="COPASI23" name="Clb5,6 degradation (ternary)" reversible="false">
        <annotation>
          <COPASI xmlns="http://www.copasi.org/static/sbml">
            <rdf:RDF xmlns:CopasiMT="http://www.copasi.org/RDF/MiriamTerms#" xmlns:rdf="http://www.w3.org/1999/02/22-rdf-syntax-ns#">
              <rdf:Description rdf:about="#COPASI23">
                <CopasiMT:isVersionOf>
                  <rdf:Bag>
                    <rdf:li rdf:resource="http://identifiers.org/ncit/C18104"/>
                  </rdf:Bag>
                </CopasiMT:isVersionOf>
              </rdf:Description>
            </rdf:RDF>
          </COPASI>
          <rdf:RDF xmlns:rdf="http://www.w3.org/1999/02/22-rdf-syntax-ns#" xmlns:dc="http://purl.org/dc/elements/1.1/" xmlns:dcterms="http://purl.org/dc/terms/" xmlns:vCard="http://www.w3.org/2001/vcard-rdf/3.0#" xmlns:bqbiol="http://biomodels.net/biology-qualifiers/" xmlns:bqmodel="http://biomodels.net/model-qualifiers/">
            <rdf:Description rdf:about="#COPASI23">
	<bqbiol:isVersionOf>
	<rdf:Bag>
	<rdf:li rdf:resource="http://identifiers.org/ncit/C18104"/>
	</rdf:Bag>
	</bqbiol:isVersionOf>
	</rdf:Description>
	
	
	
	
          </rdf:RDF>
        </annotation>
              <listOfReactants>
          <speciesReference species="Cdk1_Clb5or6_Sic1" stoichiometry="1"/>
        </listOfReactants>
        <listOfProducts>
          <speciesReference species="Clb5or6_degraded" stoichiometry="1"/>
        </listOfProducts>
        <kineticLaw>
          <math xmlns="http://www.w3.org/1998/Math/MathML">          
            <apply>
              <times/>
              <ci> cell </ci>
              <ci> k4 </ci>
              <ci> Cdk1_Clb5or6_Sic1 </ci>
            </apply>
          </math>
                </kineticLaw>
      </reaction>
      <reaction id="Sic1_degradation__Clb_regulated" metaid="COPASI24" name="Sic1 degradation (Clb-regulated)" reversible="false">
        <annotation>
          <COPASI xmlns="http://www.copasi.org/static/sbml">
            <rdf:RDF xmlns:CopasiMT="http://www.copasi.org/RDF/MiriamTerms#" xmlns:rdf="http://www.w3.org/1999/02/22-rdf-syntax-ns#">
              <rdf:Description rdf:about="#COPASI24">
                <CopasiMT:isVersionOf>
                  <rdf:Bag>
                    <rdf:li rdf:resource="http://identifiers.org/sbo/SBO:0000179"/>
                  </rdf:Bag>
                </CopasiMT:isVersionOf>
              </rdf:Description>
            </rdf:RDF>
          </COPASI>
          <rdf:RDF xmlns:rdf="http://www.w3.org/1999/02/22-rdf-syntax-ns#" xmlns:dc="http://purl.org/dc/elements/1.1/" xmlns:dcterms="http://purl.org/dc/terms/" xmlns:vCard="http://www.w3.org/2001/vcard-rdf/3.0#" xmlns:bqbiol="http://biomodels.net/biology-qualifiers/" xmlns:bqmodel="http://biomodels.net/model-qualifiers/">
            <rdf:Description rdf:about="#COPASI24">
	<bqbiol:isVersionOf>
	<rdf:Bag>
	<rdf:li rdf:resource="http://identifiers.org/sbo/SBO:0000179"/>
	</rdf:Bag>
	</bqbiol:isVersionOf>
	</rdf:Description>
	
	
	
	
          </rdf:RDF>
        </annotation>
              <listOfReactants>
          <speciesReference species="Cdk1_Clb5or6_Sic1" stoichiometry="1"/>
        </listOfReactants>
        <listOfProducts>
          <speciesReference species="Cdk1_Clb5or6" stoichiometry="1"/>
          <speciesReference species="Sic1_degraded_re5" stoichiometry="1"/>
        </listOfProducts>
        <listOfModifiers>
          <modifierSpeciesReference species="Cdk1_Clb5or6"/>
          <modifierSpeciesReference species="Cdk1_Clb3or4"/>
          <modifierSpeciesReference species="Cdk1_Clb1or2"/>
        </listOfModifiers>
        <kineticLaw>
          <math xmlns="http://www.w3.org/1998/Math/MathML">          
            <apply>
              <times/>
              <ci> cell </ci>
              <apply>
                <ci> Function_for_Sic1_degradation_1 </ci>
                <ci> Cdk1_Clb1or2 </ci>
                <ci> Cdk1_Clb3or4 </ci>
                <ci> Cdk1_Clb5or6 </ci>
                <ci> Cdk1_Clb5or6_Sic1 </ci>
                <ci> k5 </ci>
              </apply>
            </apply>
          </math>
                </kineticLaw>
      </reaction>
      <reaction id="Clb5_6_degradation__binary" metaid="COPASI25" name="Clb5,6 degradation (binary)" reversible="false">
        <annotation>
          <COPASI xmlns="http://www.copasi.org/static/sbml">
            <rdf:RDF xmlns:CopasiMT="http://www.copasi.org/RDF/MiriamTerms#" xmlns:rdf="http://www.w3.org/1999/02/22-rdf-syntax-ns#">
              <rdf:Description rdf:about="#COPASI25">
                <CopasiMT:isVersionOf>
                  <rdf:Bag>
                    <rdf:li rdf:resource="http://identifiers.org/ncit/C18104"/>
                  </rdf:Bag>
                </CopasiMT:isVersionOf>
              </rdf:Description>
            </rdf:RDF>
          </COPASI>
          <rdf:RDF xmlns:rdf="http://www.w3.org/1999/02/22-rdf-syntax-ns#" xmlns:dc="http://purl.org/dc/elements/1.1/" xmlns:dcterms="http://purl.org/dc/terms/" xmlns:vCard="http://www.w3.org/2001/vcard-rdf/3.0#" xmlns:bqbiol="http://biomodels.net/biology-qualifiers/" xmlns:bqmodel="http://biomodels.net/model-qualifiers/">
            <rdf:Description rdf:about="#COPASI25">
	<bqbiol:isVersionOf>
	<rdf:Bag>
	<rdf:li rdf:resource="http://identifiers.org/ncit/C18104"/>
	</rdf:Bag>
	</bqbiol:isVersionOf>
	</rdf:Description>
	
	
	
	
          </rdf:RDF>
        </annotation>
              <listOfReactants>
          <speciesReference species="Cdk1_Clb5or6" stoichiometry="1"/>
        </listOfReactants>
        <listOfProducts>
          <speciesReference species="Clb5or6_degraded" stoichiometry="1"/>
        </listOfProducts>
        <kineticLaw>
          <math xmlns="http://www.w3.org/1998/Math/MathML">          
            <apply>
              <times/>
              <ci> cell </ci>
              <ci> k6 </ci>
              <ci> Cdk1_Clb5or6 </ci>
            </apply>
          </math>
                </kineticLaw>
      </reaction>
      <reaction id="Cdk1_Clb3_4_production" metaid="COPASI26" name="Cdk1-Clb3,4 production" reversible="false">
        <annotation>
          <COPASI xmlns="http://www.copasi.org/static/sbml">
            <rdf:RDF xmlns:CopasiMT="http://www.copasi.org/RDF/MiriamTerms#" xmlns:rdf="http://www.w3.org/1999/02/22-rdf-syntax-ns#">
              <rdf:Description rdf:about="#COPASI26">
                <CopasiMT:isVersionOf>
                  <rdf:Bag>
                    <rdf:li rdf:resource="http://identifiers.org/ncit/C61408"/>
                  </rdf:Bag>
                </CopasiMT:isVersionOf>
              </rdf:Description>
            </rdf:RDF>
          </COPASI>
          <rdf:RDF xmlns:rdf="http://www.w3.org/1999/02/22-rdf-syntax-ns#" xmlns:dc="http://purl.org/dc/elements/1.1/" xmlns:dcterms="http://purl.org/dc/terms/" xmlns:vCard="http://www.w3.org/2001/vcard-rdf/3.0#" xmlns:bqbiol="http://biomodels.net/biology-qualifiers/" xmlns:bqmodel="http://biomodels.net/model-qualifiers/">
            <rdf:Description rdf:about="#COPASI26">
	<bqbiol:isVersionOf>
	<rdf:Bag>
	<rdf:li rdf:resource="http://identifiers.org/ncit/C61408"/>
	</rdf:Bag>
	</bqbiol:isVersionOf>
	</rdf:Description>
	
	
	
	
          </rdf:RDF>
        </annotation>
              <listOfProducts>
          <speciesReference species="Cdk1_Clb3or4" stoichiometry="1"/>
        </listOfProducts>
        <listOfModifiers>
          <modifierSpeciesReference species="Cdk1_Clb5or6"/>
        </listOfModifiers>
        <kineticLaw>
          <math xmlns="http://www.w3.org/1998/Math/MathML">          
            <apply>
              <times/>
              <ci> cell </ci>
              <apply>
                <ci> Function_for_Cdk1_Clb3_4_production_1 </ci>
                <ci> Cdk1_Clb5or6 </ci>
                <ci> k7 </ci>
                <ci> kA </ci>
              </apply>
            </apply>
          </math>
                </kineticLaw>
      </reaction>
      <reaction id="Clb3_4_degradation__binary" metaid="COPASI27" name="Clb3,4 degradation (binary)" reversible="false">
        <annotation>
          <COPASI xmlns="http://www.copasi.org/static/sbml">
            <rdf:RDF xmlns:CopasiMT="http://www.copasi.org/RDF/MiriamTerms#" xmlns:rdf="http://www.w3.org/1999/02/22-rdf-syntax-ns#">
              <rdf:Description rdf:about="#COPASI27">
                <CopasiMT:isVersionOf>
                  <rdf:Bag>
                    <rdf:li rdf:resource="http://identifiers.org/ncit/C18104"/>
                  </rdf:Bag>
                </CopasiMT:isVersionOf>
              </rdf:Description>
            </rdf:RDF>
          </COPASI>
          <rdf:RDF xmlns:rdf="http://www.w3.org/1999/02/22-rdf-syntax-ns#" xmlns:dc="http://purl.org/dc/elements/1.1/" xmlns:dcterms="http://purl.org/dc/terms/" xmlns:vCard="http://www.w3.org/2001/vcard-rdf/3.0#" xmlns:bqbiol="http://biomodels.net/biology-qualifiers/" xmlns:bqmodel="http://biomodels.net/model-qualifiers/">
            <rdf:Description rdf:about="#COPASI27">
	<bqbiol:isVersionOf>
	<rdf:Bag>
	<rdf:li rdf:resource="http://identifiers.org/ncit/C18104"/>
	</rdf:Bag>
	</bqbiol:isVersionOf>
	</rdf:Description>
	
	
	
	
          </rdf:RDF>
        </annotation>
              <listOfReactants>
          <speciesReference species="Cdk1_Clb3or4" stoichiometry="1"/>
        </listOfReactants>
        <listOfProducts>
          <speciesReference species="Clb3or4_degraded" stoichiometry="1"/>
        </listOfProducts>
        <kineticLaw>
          <math xmlns="http://www.w3.org/1998/Math/MathML">          
            <apply>
              <times/>
              <ci> cell </ci>
              <ci> k8 </ci>
              <ci> Cdk1_Clb3or4 </ci>
            </apply>
          </math>
                </kineticLaw>
      </reaction>
      <reaction id="Cdk1_Clb1_2_production" metaid="COPASI28" name="Cdk1-Clb1,2 production" reversible="false">
        <annotation>
          <COPASI xmlns="http://www.copasi.org/static/sbml">
            <rdf:RDF xmlns:CopasiMT="http://www.copasi.org/RDF/MiriamTerms#" xmlns:rdf="http://www.w3.org/1999/02/22-rdf-syntax-ns#">
              <rdf:Description rdf:about="#COPASI28">
                <CopasiMT:isVersionOf>
                  <rdf:Bag>
                    <rdf:li rdf:resource="http://identifiers.org/ncit/C61408"/>
                  </rdf:Bag>
                </CopasiMT:isVersionOf>
              </rdf:Description>
            </rdf:RDF>
          </COPASI>
          <rdf:RDF xmlns:rdf="http://www.w3.org/1999/02/22-rdf-syntax-ns#" xmlns:dc="http://purl.org/dc/elements/1.1/" xmlns:dcterms="http://purl.org/dc/terms/" xmlns:vCard="http://www.w3.org/2001/vcard-rdf/3.0#" xmlns:bqbiol="http://biomodels.net/biology-qualifiers/" xmlns:bqmodel="http://biomodels.net/model-qualifiers/">
            <rdf:Description rdf:about="#COPASI28">
	<bqbiol:isVersionOf>
	<rdf:Bag>
	<rdf:li rdf:resource="http://identifiers.org/ncit/C61408"/>
	</rdf:Bag>
	</bqbiol:isVersionOf>
	</rdf:Description>
	
	
	
	
          </rdf:RDF>
        </annotation>
              <listOfProducts>
          <speciesReference species="Cdk1_Clb1or2" stoichiometry="1"/>
        </listOfProducts>
        <listOfModifiers>
          <modifierSpeciesReference species="Cdk1_Clb1or2"/>
          <modifierSpeciesReference species="Cdk1_Clb3or4"/>
          <modifierSpeciesReference species="Cdk1_Clb5or6"/>
        </listOfModifiers>
        <kineticLaw>
          <math xmlns="http://www.w3.org/1998/Math/MathML">          
            <apply>
              <times/>
              <ci> cell </ci>
              <apply>
                <ci> Function_for_Cd1_Clb12_production_1 </ci>
                <ci> Cdk1_Clb1or2 </ci>
                <ci> Cdk1_Clb3or4 </ci>
                <ci> Cdk1_Clb5or6 </ci>
                <ci> k9 </ci>
                <ci> kB </ci>
                <ci> kC </ci>
                <ci> kD </ci>
              </apply>
            </apply>
          </math>
                </kineticLaw>
      </reaction>
      <reaction id="Clb1_2_degradation__binary" metaid="COPASI29" name="Clb1,2 degradation (binary)" reversible="false">
        <annotation>
          <COPASI xmlns="http://www.copasi.org/static/sbml">
            <rdf:RDF xmlns:CopasiMT="http://www.copasi.org/RDF/MiriamTerms#" xmlns:rdf="http://www.w3.org/1999/02/22-rdf-syntax-ns#">
              <rdf:Description rdf:about="#COPASI29">
                <CopasiMT:isVersionOf>
                  <rdf:Bag>
                    <rdf:li rdf:resource="http://identifiers.org/ncit/C18104"/>
                  </rdf:Bag>
                </CopasiMT:isVersionOf>
              </rdf:Description>
            </rdf:RDF>
          </COPASI>
          <rdf:RDF xmlns:rdf="http://www.w3.org/1999/02/22-rdf-syntax-ns#" xmlns:dc="http://purl.org/dc/elements/1.1/" xmlns:dcterms="http://purl.org/dc/terms/" xmlns:vCard="http://www.w3.org/2001/vcard-rdf/3.0#" xmlns:bqbiol="http://biomodels.net/biology-qualifiers/" xmlns:bqmodel="http://biomodels.net/model-qualifiers/">
            <rdf:Description rdf:about="#COPASI29">
	<bqbiol:isVersionOf>
	<rdf:Bag>
	<rdf:li rdf:resource="http://identifiers.org/ncit/C18104"/>
	</rdf:Bag>
	</bqbiol:isVersionOf>
	</rdf:Description>
	
	
	
	
          </rdf:RDF>
        </annotation>
              <listOfReactants>
          <speciesReference species="Cdk1_Clb1or2" stoichiometry="1"/>
        </listOfReactants>
        <listOfProducts>
          <speciesReference species="Clb1or2_degraded" stoichiometry="1"/>
        </listOfProducts>
        <kineticLaw>
          <math xmlns="http://www.w3.org/1998/Math/MathML">          
            <apply>
              <times/>
              <ci> cell </ci>
              <ci> k10 </ci>
              <ci> Cdk1_Clb1or2 </ci>
            </apply>
          </math>
                </kineticLaw>
      </reaction>
      <reaction id="Sic1_binding_to_Cdk1_Clb1_2" metaid="COPASI30" name="Sic1 binding to Cdk1-Clb1,2" reversible="false">
        <annotation>
          <COPASI xmlns="http://www.copasi.org/static/sbml">
            <rdf:RDF xmlns:CopasiMT="http://www.copasi.org/RDF/MiriamTerms#" xmlns:rdf="http://www.w3.org/1999/02/22-rdf-syntax-ns#">
              <rdf:Description rdf:about="#COPASI30">
                <CopasiMT:isVersionOf>
                  <rdf:Bag>
                    <rdf:li rdf:resource="http://identifiers.org/go/GO:0044877"/>
                  </rdf:Bag>
                </CopasiMT:isVersionOf>
              </rdf:Description>
            </rdf:RDF>
          </COPASI>
          <rdf:RDF xmlns:rdf="http://www.w3.org/1999/02/22-rdf-syntax-ns#" xmlns:dc="http://purl.org/dc/elements/1.1/" xmlns:dcterms="http://purl.org/dc/terms/" xmlns:vCard="http://www.w3.org/2001/vcard-rdf/3.0#" xmlns:bqbiol="http://biomodels.net/biology-qualifiers/" xmlns:bqmodel="http://biomodels.net/model-qualifiers/">
            <rdf:Description rdf:about="#COPASI30">
	<bqbiol:isVersionOf>
	<rdf:Bag>
	<rdf:li rdf:resource="http://identifiers.org/go/GO:0044877"/>
	</rdf:Bag>
	</bqbiol:isVersionOf>
	</rdf:Description>
	
	
	
	
          </rdf:RDF>
        </annotation>
              <listOfReactants>
          <speciesReference species="Sic1" stoichiometry="1"/>
          <speciesReference species="Cdk1_Clb1or2" stoichiometry="1"/>
        </listOfReactants>
        <listOfProducts>
          <speciesReference species="Cdk1_Clb1or2_Sic1" stoichiometry="1"/>
        </listOfProducts>
        <kineticLaw>
          <math xmlns="http://www.w3.org/1998/Math/MathML">          
            <apply>
              <times/>
              <ci> cell </ci>
              <ci> k11 </ci>
              <ci> Sic1 </ci>
              <ci> Cdk1_Clb1or2 </ci>
            </apply>
          </math>
                </kineticLaw>
      </reaction>
      <reaction id="Cdk1_Clb1_2_Sic1_dissociation" metaid="COPASI31" name="Cdk1-Clb1,2-Sic1 dissociation" reversible="false">
        <annotation>
          <COPASI xmlns="http://www.copasi.org/static/sbml">
            <rdf:RDF xmlns:CopasiMT="http://www.copasi.org/RDF/MiriamTerms#" xmlns:rdf="http://www.w3.org/1999/02/22-rdf-syntax-ns#">
              <rdf:Description rdf:about="#COPASI31">
                <CopasiMT:isVersionOf>
                  <rdf:Bag>
                    <rdf:li rdf:resource="http://identifiers.org/sbo/SBO:0000180"/>
                  </rdf:Bag>
                </CopasiMT:isVersionOf>
              </rdf:Description>
            </rdf:RDF>
          </COPASI>
          <rdf:RDF xmlns:rdf="http://www.w3.org/1999/02/22-rdf-syntax-ns#" xmlns:dc="http://purl.org/dc/elements/1.1/" xmlns:dcterms="http://purl.org/dc/terms/" xmlns:vCard="http://www.w3.org/2001/vcard-rdf/3.0#" xmlns:bqbiol="http://biomodels.net/biology-qualifiers/" xmlns:bqmodel="http://biomodels.net/model-qualifiers/">
            <rdf:Description rdf:about="#COPASI31">
	<bqbiol:isVersionOf>
	<rdf:Bag>
	<rdf:li rdf:resource="http://identifiers.org/sbo/SBO:0000180"/>
	</rdf:Bag>
	</bqbiol:isVersionOf>
	</rdf:Description>
	
	
	
	
          </rdf:RDF>
        </annotation>
              <listOfReactants>
          <speciesReference species="Cdk1_Clb1or2_Sic1" stoichiometry="1"/>
        </listOfReactants>
        <listOfProducts>
          <speciesReference species="Sic1" stoichiometry="1"/>
          <speciesReference species="Cdk1_Clb1or2" stoichiometry="1"/>
        </listOfProducts>
        <kineticLaw>
          <math xmlns="http://www.w3.org/1998/Math/MathML">          
            <apply>
              <times/>
              <ci> cell </ci>
              <ci> k12 </ci>
              <ci> Cdk1_Clb1or2_Sic1 </ci>
            </apply>
          </math>
                </kineticLaw>
      </reaction>
      <reaction id="Clb1_2_degradation__ternary" metaid="COPASI32" name="Clb1,2 degradation (ternary)" reversible="false">
        <annotation>
          <COPASI xmlns="http://www.copasi.org/static/sbml">
            <rdf:RDF xmlns:CopasiMT="http://www.copasi.org/RDF/MiriamTerms#" xmlns:rdf="http://www.w3.org/1999/02/22-rdf-syntax-ns#">
              <rdf:Description rdf:about="#COPASI32">
                <CopasiMT:isVersionOf>
                  <rdf:Bag>
                    <rdf:li rdf:resource="http://identifiers.org/ncit/C18104"/>
                  </rdf:Bag>
                </CopasiMT:isVersionOf>
              </rdf:Description>
            </rdf:RDF>
          </COPASI>
          <rdf:RDF xmlns:rdf="http://www.w3.org/1999/02/22-rdf-syntax-ns#" xmlns:dc="http://purl.org/dc/elements/1.1/" xmlns:dcterms="http://purl.org/dc/terms/" xmlns:vCard="http://www.w3.org/2001/vcard-rdf/3.0#" xmlns:bqbiol="http://biomodels.net/biology-qualifiers/" xmlns:bqmodel="http://biomodels.net/model-qualifiers/">
            <rdf:Description rdf:about="#COPASI32">
	<bqbiol:isVersionOf>
	<rdf:Bag>
	<rdf:li rdf:resource="http://identifiers.org/ncit/C18104"/>
	</rdf:Bag>
	</bqbiol:isVersionOf>
	</rdf:Description>
	
	
	
	
          </rdf:RDF>
        </annotation>
              <listOfReactants>
          <speciesReference species="Cdk1_Clb1or2_Sic1" stoichiometry="1"/>
        </listOfReactants>
        <listOfProducts>
          <speciesReference species="Clb1or2_degraded" stoichiometry="1"/>
        </listOfProducts>
        <kineticLaw>
          <math xmlns="http://www.w3.org/1998/Math/MathML">          
            <apply>
              <times/>
              <ci> cell </ci>
              <ci> k13 </ci>
              <ci> Cdk1_Clb1or2_Sic1 </ci>
            </apply>
          </math>
                </kineticLaw>
      </reaction>
      <reaction id="Sic1_degradation__Clb_regulated__1" metaid="COPASI33" name="Sic1 degradation (Clb-regulated)_1" reversible="false">
        <annotation>
          <COPASI xmlns="http://www.copasi.org/static/sbml">
            <rdf:RDF xmlns:CopasiMT="http://www.copasi.org/RDF/MiriamTerms#" xmlns:rdf="http://www.w3.org/1999/02/22-rdf-syntax-ns#">
              <rdf:Description rdf:about="#COPASI33">
                <CopasiMT:isVersionOf>
                  <rdf:Bag>
                    <rdf:li rdf:resource="http://identifiers.org/sbo/SBO:0000179"/>
                  </rdf:Bag>
                </CopasiMT:isVersionOf>
              </rdf:Description>
            </rdf:RDF>
          </COPASI>
          <rdf:RDF xmlns:rdf="http://www.w3.org/1999/02/22-rdf-syntax-ns#" xmlns:dc="http://purl.org/dc/elements/1.1/" xmlns:dcterms="http://purl.org/dc/terms/" xmlns:vCard="http://www.w3.org/2001/vcard-rdf/3.0#" xmlns:bqbiol="http://biomodels.net/biology-qualifiers/" xmlns:bqmodel="http://biomodels.net/model-qualifiers/">
            <rdf:Description rdf:about="#COPASI33">
	<bqbiol:isVersionOf>
	<rdf:Bag>
	<rdf:li rdf:resource="http://identifiers.org/sbo/SBO:0000179"/>
	</rdf:Bag>
	</bqbiol:isVersionOf>
	</rdf:Description>
	
	
	
	
          </rdf:RDF>
        </annotation>
              <listOfReactants>
          <speciesReference species="Cdk1_Clb1or2_Sic1" stoichiometry="1"/>
        </listOfReactants>
        <listOfProducts>
          <speciesReference species="Sic1_degraded_re14" stoichiometry="1"/>
        </listOfProducts>
        <listOfModifiers>
          <modifierSpeciesReference species="Cdk1_Clb5or6"/>
          <modifierSpeciesReference species="Cdk1_Clb3or4"/>
          <modifierSpeciesReference species="Cdk1_Clb1or2"/>
        </listOfModifiers>
        <kineticLaw>
          <math xmlns="http://www.w3.org/1998/Math/MathML">          
            <apply>
              <times/>
              <ci> cell </ci>
              <apply>
                <ci> Function_for_Sic1_degradation_2 </ci>
                <ci> Cdk1_Clb1or2 </ci>
                <ci> Cdk1_Clb1or2_Sic1 </ci>
                <ci> Cdk1_Clb3or4 </ci>
                <ci> Cdk1_Clb5or6 </ci>
                <ci> k14 </ci>
              </apply>
            </apply>
          </math>
                </kineticLaw>
      </reaction>
      <reaction id="Sic1_binding_to_Cdk1_Clb3_4" metaid="COPASI34" name="Sic1 binding to Cdk1-Clb3,4" reversible="false">
        <annotation>
          <COPASI xmlns="http://www.copasi.org/static/sbml">
            <rdf:RDF xmlns:CopasiMT="http://www.copasi.org/RDF/MiriamTerms#" xmlns:rdf="http://www.w3.org/1999/02/22-rdf-syntax-ns#">
              <rdf:Description rdf:about="#COPASI34">
                <CopasiMT:isVersionOf>
                  <rdf:Bag>
                    <rdf:li rdf:resource="http://identifiers.org/go/GO:0044877"/>
                  </rdf:Bag>
                </CopasiMT:isVersionOf>
              </rdf:Description>
            </rdf:RDF>
          </COPASI>
          <rdf:RDF xmlns:rdf="http://www.w3.org/1999/02/22-rdf-syntax-ns#" xmlns:dc="http://purl.org/dc/elements/1.1/" xmlns:dcterms="http://purl.org/dc/terms/" xmlns:vCard="http://www.w3.org/2001/vcard-rdf/3.0#" xmlns:bqbiol="http://biomodels.net/biology-qualifiers/" xmlns:bqmodel="http://biomodels.net/model-qualifiers/">
            <rdf:Description rdf:about="#COPASI34">
	<bqbiol:isVersionOf>
	<rdf:Bag>
	<rdf:li rdf:resource="http://identifiers.org/go/GO:0044877"/>
	</rdf:Bag>
	</bqbiol:isVersionOf>
	</rdf:Description>
	
	
	
	
          </rdf:RDF>
        </annotation>
              <listOfReactants>
          <speciesReference species="Sic1" stoichiometry="1"/>
          <speciesReference species="Cdk1_Clb3or4" stoichiometry="1"/>
        </listOfReactants>
        <listOfProducts>
          <speciesReference species="Cdk1_Clb3or4_Sic1" stoichiometry="1"/>
        </listOfProducts>
        <kineticLaw>
          <math xmlns="http://www.w3.org/1998/Math/MathML">          
            <apply>
              <times/>
              <ci> cell </ci>
              <ci> k15 </ci>
              <ci> Sic1 </ci>
              <ci> Cdk1_Clb3or4 </ci>
            </apply>
          </math>
                </kineticLaw>
      </reaction>
      <reaction id="Cdk1_Clb3_4_Sic1_dissociation" metaid="COPASI35" name="Cdk1-Clb3,4-Sic1 dissociation" reversible="false">
        <annotation>
          <COPASI xmlns="http://www.copasi.org/static/sbml">
            <rdf:RDF xmlns:CopasiMT="http://www.copasi.org/RDF/MiriamTerms#" xmlns:rdf="http://www.w3.org/1999/02/22-rdf-syntax-ns#">
              <rdf:Description rdf:about="#COPASI35">
                <CopasiMT:isVersionOf>
                  <rdf:Bag>
                    <rdf:li rdf:resource="http://identifiers.org/sbo/SBO:0000180"/>
                  </rdf:Bag>
                </CopasiMT:isVersionOf>
              </rdf:Description>
            </rdf:RDF>
          </COPASI>
          <rdf:RDF xmlns:rdf="http://www.w3.org/1999/02/22-rdf-syntax-ns#" xmlns:dc="http://purl.org/dc/elements/1.1/" xmlns:dcterms="http://purl.org/dc/terms/" xmlns:vCard="http://www.w3.org/2001/vcard-rdf/3.0#" xmlns:bqbiol="http://biomodels.net/biology-qualifiers/" xmlns:bqmodel="http://biomodels.net/model-qualifiers/">
            <rdf:Description rdf:about="#COPASI35">
	<bqbiol:isVersionOf>
	<rdf:Bag>
	<rdf:li rdf:resource="http://identifiers.org/sbo/SBO:0000180"/>
	</rdf:Bag>
	</bqbiol:isVersionOf>
	</rdf:Description>
	
	
	
	
          </rdf:RDF>
        </annotation>
              <listOfReactants>
          <speciesReference species="Cdk1_Clb3or4_Sic1" stoichiometry="1"/>
        </listOfReactants>
        <listOfProducts>
          <speciesReference species="Sic1" stoichiometry="1"/>
          <speciesReference species="Cdk1_Clb3or4" stoichiometry="1"/>
        </listOfProducts>
        <kineticLaw>
          <math xmlns="http://www.w3.org/1998/Math/MathML">          
            <apply>
              <times/>
              <ci> cell </ci>
              <ci> k16 </ci>
              <ci> Cdk1_Clb3or4_Sic1 </ci>
            </apply>
          </math>
                </kineticLaw>
      </reaction>
      <reaction id="Clb3_4_degradation__ternary" metaid="COPASI36" name="Clb3,4 degradation (ternary)" reversible="false">
        <annotation>
          <COPASI xmlns="http://www.copasi.org/static/sbml">
            <rdf:RDF xmlns:CopasiMT="http://www.copasi.org/RDF/MiriamTerms#" xmlns:rdf="http://www.w3.org/1999/02/22-rdf-syntax-ns#">
              <rdf:Description rdf:about="#COPASI36">
                <CopasiMT:isVersionOf>
                  <rdf:Bag>
                    <rdf:li rdf:resource="http://identifiers.org/ncit/C18104"/>
                  </rdf:Bag>
                </CopasiMT:isVersionOf>
              </rdf:Description>
            </rdf:RDF>
          </COPASI>
          <rdf:RDF xmlns:rdf="http://www.w3.org/1999/02/22-rdf-syntax-ns#" xmlns:dc="http://purl.org/dc/elements/1.1/" xmlns:dcterms="http://purl.org/dc/terms/" xmlns:vCard="http://www.w3.org/2001/vcard-rdf/3.0#" xmlns:bqbiol="http://biomodels.net/biology-qualifiers/" xmlns:bqmodel="http://biomodels.net/model-qualifiers/">
            <rdf:Description rdf:about="#COPASI36">
	<bqbiol:isVersionOf>
	<rdf:Bag>
	<rdf:li rdf:resource="http://identifiers.org/ncit/C18104"/>
	</rdf:Bag>
	</bqbiol:isVersionOf>
	</rdf:Description>
	
	
	
	
          </rdf:RDF>
        </annotation>
              <listOfReactants>
          <speciesReference species="Cdk1_Clb3or4_Sic1" stoichiometry="1"/>
        </listOfReactants>
        <listOfProducts>
          <speciesReference species="Clb3or4_degraded" stoichiometry="1"/>
        </listOfProducts>
        <kineticLaw>
          <math xmlns="http://www.w3.org/1998/Math/MathML">          
            <apply>
              <times/>
              <ci> cell </ci>
              <ci> k17 </ci>
              <ci> Cdk1_Clb3or4_Sic1 </ci>
            </apply>
          </math>
                </kineticLaw>
      </reaction>
      <reaction id="Sic1_degradation__Clb_regulated__2" metaid="COPASI37" name="Sic1 degradation (Clb-regulated)_2" reversible="false">
        <annotation>
          <COPASI xmlns="http://www.copasi.org/static/sbml">
            <rdf:RDF xmlns:CopasiMT="http://www.copasi.org/RDF/MiriamTerms#" xmlns:rdf="http://www.w3.org/1999/02/22-rdf-syntax-ns#">
              <rdf:Description rdf:about="#COPASI37">
                <CopasiMT:isVersionOf>
                  <rdf:Bag>
                    <rdf:li rdf:resource="http://identifiers.org/sbo/SBO:0000179"/>
                  </rdf:Bag>
                </CopasiMT:isVersionOf>
              </rdf:Description>
            </rdf:RDF>
          </COPASI>
          <rdf:RDF xmlns:rdf="http://www.w3.org/1999/02/22-rdf-syntax-ns#" xmlns:dc="http://purl.org/dc/elements/1.1/" xmlns:dcterms="http://purl.org/dc/terms/" xmlns:vCard="http://www.w3.org/2001/vcard-rdf/3.0#" xmlns:bqbiol="http://biomodels.net/biology-qualifiers/" xmlns:bqmodel="http://biomodels.net/model-qualifiers/">
            <rdf:Description rdf:about="#COPASI37">
	<bqbiol:isVersionOf>
	<rdf:Bag>
	<rdf:li rdf:resource="http://identifiers.org/sbo/SBO:0000179"/>
	</rdf:Bag>
	</bqbiol:isVersionOf>
	</rdf:Description>
	
	
	
	
          </rdf:RDF>
        </annotation>
              <listOfReactants>
          <speciesReference species="Cdk1_Clb3or4_Sic1" stoichiometry="1"/>
        </listOfReactants>
        <listOfProducts>
          <speciesReference species="Sic1_degraded_re18" stoichiometry="1"/>
        </listOfProducts>
        <listOfModifiers>
          <modifierSpeciesReference species="Cdk1_Clb5or6"/>
          <modifierSpeciesReference species="Cdk1_Clb3or4"/>
          <modifierSpeciesReference species="Cdk1_Clb1or2"/>
        </listOfModifiers>
        <kineticLaw>
          <math xmlns="http://www.w3.org/1998/Math/MathML">          
            <apply>
              <times/>
              <ci> cell </ci>
              <apply>
                <ci> Function_for_Sic1_degradation_3 </ci>
                <ci> Cdk1_Clb1or2 </ci>
                <ci> Cdk1_Clb3or4 </ci>
                <ci> Cdk1_Clb3or4_Sic1 </ci>
                <ci> Cdk1_Clb5or6 </ci>
                <ci> k18 </ci>
              </apply>
            </apply>
          </math>
                </kineticLaw>
      </reaction>
      <reaction id="Sic1_degradation__basal" metaid="COPASI38" name="Sic1 degradation (basal)" reversible="false">
        <annotation>
          <COPASI xmlns="http://www.copasi.org/static/sbml">
            <rdf:RDF xmlns:CopasiMT="http://www.copasi.org/RDF/MiriamTerms#" xmlns:rdf="http://www.w3.org/1999/02/22-rdf-syntax-ns#">
              <rdf:Description rdf:about="#COPASI38">
                <CopasiMT:isVersionOf>
                  <rdf:Bag>
                    <rdf:li rdf:resource="http://identifiers.org/sbo/SBO:0000179"/>
                  </rdf:Bag>
                </CopasiMT:isVersionOf>
              </rdf:Description>
            </rdf:RDF>
          </COPASI>
          <rdf:RDF xmlns:rdf="http://www.w3.org/1999/02/22-rdf-syntax-ns#" xmlns:dc="http://purl.org/dc/elements/1.1/" xmlns:dcterms="http://purl.org/dc/terms/" xmlns:vCard="http://www.w3.org/2001/vcard-rdf/3.0#" xmlns:bqbiol="http://biomodels.net/biology-qualifiers/" xmlns:bqmodel="http://biomodels.net/model-qualifiers/">
            <rdf:Description rdf:about="#COPASI38">
	<bqbiol:isVersionOf>
	<rdf:Bag>
	<rdf:li rdf:resource="http://identifiers.org/sbo/SBO:0000179"/>
	</rdf:Bag>
	</bqbiol:isVersionOf>
	</rdf:Description>
	
	
	
	
          </rdf:RDF>
        </annotation>
              <listOfReactants>
          <speciesReference species="Sic1" stoichiometry="1"/>
        </listOfReactants>
        <kineticLaw>
          <math xmlns="http://www.w3.org/1998/Math/MathML">          
            <apply>
              <times/>
              <ci> cell </ci>
              <ci> k26 </ci>
              <ci> Sic1 </ci>
            </apply>
          </math>
                </kineticLaw>
      </reaction>
    </listOfReactions>
  </model>
</sbml>