{
    "name": "Phan2017 - innate immune in oncolytic virotherapy",
    "description": "The paper describes a model on the key components for tumor–immune dynamics in multiple myeloma. Created by COPASI 4.25 (Build 207) This model is described in the article: The Role of the Innate Immune System in Oncolytic Virotherapy Tuan Anh Phan and Jianjun Paul TianComputational and Mathematical Methods in Medicine (2017) 6587258Abstract: The complexity of the immune responses is a major challenge in current virotherapy. This study incorporates the innate immune response into our basic model for virotherapy and investigates how the innate immunity affects the outcome of virotherapy. The viral therapeutic dynamics is largely determined by the viral burst size, relative innate immune killing rate, and relative innate immunity decay rate. The innate immunity may complicate virotherapy in the way of creating more equilibria when the viral burst size is not too big, while the dynamics is similar to the system without innate immunity when the viral burst size is big.To cite BioModels Database, please use: BioModels Database: An enhanced, curated and annotated resource for published quantitative kinetic models . To the extent possible under law, all copyright and related or neighbouring rights to this encoded model have been dedicated to the public domain worldwide. Please refer to CC0 Public Domain Dedication for more information.",
    "format": {
        "name": "SBML",
        "identifier": "SBML",
        "version": "L3V1"
    },
    "publication": {
        "type": "PubMed ID",
        "accession": "29379572",
        "journal": "Computational and mathematical methods in medicine",
        "title": "The Role of the Innate Immune System in Oncolytic Virotherapy.",
        "affiliation": "Department of Mathematical Sciences, New Mexico State University, Las Cruces, NM 88001, USA.",
        "synopsis": "The complexity of the immune responses is a major challenge in current virotherapy. This study incorporates the innate immune response into our basic model for virotherapy and investigates how the innate immunity affects the outcome of virotherapy. The viral therapeutic dynamics is largely determined by the viral burst size, relative innate immune killing rate, and relative innate immunity decay rate. The innate immunity may complicate virotherapy in the way of creating more equilibria when the viral burst size is not too big, while the dynamics is similar to the system without innate immunity when the viral burst size is big.",
        "year": 2017,
        "month": "0",
        "volume": "2017",
        "pages": "6587258",
        "link": "http://identifiers.org/pubmed/29379572",
        "authors": [
            {
                "name": "Tuan Anh Phan",
                "institution": "Department of Mathematical Sciences, New Mexico State University, Las Cruces, NM 88001, USA.",
                "orcid": "0000-0002-4158-5493"
            },
            {
                "name": "Jianjun Paul Tian",
                "institution": "Department of Mathematical Sciences, New Mexico State University, Las Cruces, NM 88001, USA.",
                "orcid": "0000-0003-2292-213X"
            }
        ]
    },
    "files": {
        "main": [
            {
                "name": "Phan2017.xml",
                "description": "SBML L3V1 representation of oncolytic virotherapy model",
                "fileSize": "65016",
                "mimeType": "application/xml",
                "md5sum": "5185b8228dd95dc7b0b178128f96312a",
                "sha1sum": "ae521eda1e8a8b9c937647a9e39f2ba5bbc4191e",
                "sha256sum": "758b5ba482a04d0a3000ad7b566b392b992f39fd759fe04af11c4e15c5e0b6fb"
            }
        ],
        "additional": [
            {
                "name": "Fig.2.png",
                "description": "Fig.2 immune cell count generated in the main model",
                "fileSize": "23110",
                "mimeType": "image/png",
                "md5sum": "20f638428e07e4b5a470d5aab62dca6f",
                "sha1sum": "d56ddf60b69fad1ce9098e4c8b7c745d836c8c7f",
                "sha256sum": "e6bb1ee7eaf71fd7981df4ff8f4662bb23268d941d1f156cf704013c4d2174a2"
            },
            {
                "name": "Phan2017-biopax2.owl",
                "description": "Auto-generated BioPAX (Level 2) file.",
                "fileSize": "15393",
                "mimeType": "application/rdf+xml",
                "md5sum": "5668362aceb2d027d9411b1fe9798e69",
                "sha1sum": "492f18f6fb1a642f158fe0ed36977bce86233b69",
                "sha256sum": "8fe12a9b81641617d3746fc38540fc6dcb4ca773fea8ee0f6384c65ae708bc29"
            },
            {
                "name": "Phan2017-biopax3.owl",
                "description": "Auto-generated BioPAX (Level 3) file.",
                "fileSize": "21743",
                "mimeType": "application/rdf+xml",
                "md5sum": "0de816efc16fb121dc2814a0da4fb0d6",
                "sha1sum": "97da73554978b6a0cb658836f3002f9616a8ee2f",
                "sha256sum": "ad33475ff7ee37782571422d9e14dcc33794c04bbc640dcca091fbe07064c548"
            },
            {
                "name": "Phan2017-matlab.m",
                "description": "Auto-generated Matlab file.",
                "fileSize": "5946",
                "mimeType": "text/x-matlab",
                "md5sum": "8d4bf5d4ba0c35a66c3cc0e576afe338",
                "sha1sum": "c0b7f57d5d222fcafc3dc9cdf6dd88b5bdd955a1",
                "sha256sum": "f0b6694f367bc83fe782db9040614a34fbb43f9c3435320e340f05e8e8101a73"
            },
            {
                "name": "Phan2017-octave.m",
                "description": "Auto-generated Octave file.",
                "fileSize": "5946",
                "mimeType": "text/x-matlab",
                "md5sum": "065025f97288de29cb00eea13a5dd6dd",
                "sha1sum": "8110e803d17483f0c6b3c69f05acb0766b9e05c3",
                "sha256sum": "4aa1a7f477e6b799b141a673e37ec8d18ec1252e42b73244db7f962c8eb10853"
            },
            {
                "name": "Phan2017.cps",
                "description": "CPS file of the model in COPASI",
                "fileSize": "77909",
                "mimeType": "application/xml",
                "md5sum": "60daa52559bf92932d70650b02402fee",
                "sha1sum": "b04ae540c90660eb292cb7b0060a452012e6f58a",
                "sha256sum": "07feeec80c8c4841e9bf2a4506f9f9152ca6ecab1f847e33cb25c4d795e04f90"
            },
            {
                "name": "Phan2017.ode",
                "description": "Auto-generated ODE file for XPP.",
                "fileSize": "3734",
                "mimeType": "text/plain",
                "md5sum": "0dd2e1fdc9278d62be133b0e709804bf",
                "sha1sum": "465f6d0dfe38f9b52817bf7fb816544f0b831c9f",
                "sha256sum": "d8392a25dcdad8cc6e069ca46edffaf60b940cc5beeb6cd30e40a10e6b321d0e"
            },
            {
                "name": "Phan2017.sedml",
                "description": "CRBM-processed SED-ML file, based on original COPASI save file export.",
                "fileSize": "16267",
                "mimeType": "application/xml",
                "md5sum": "7a55f7c40d37920c1d6a4e12d4c406da",
                "sha1sum": "a5bd2f1edef30e3d234e577ca62315e5308172d4",
                "sha256sum": "77582dfe75162d32e6247d3fb97ce2303d3e4a991c568622d3d15a6c6a3fe995"
            },
            {
                "name": "curation_image.png",
                "description": "Reproduced figure(s) from original curation.",
                "fileSize": "18347",
                "mimeType": "image/png",
                "md5sum": "c022ead9cfe0a0c91332156fc8b87824",
                "sha1sum": "c98711df0ff4b8bd571c9fc02b101c3d14c946ae",
                "sha256sum": "51c92ec5e95b6c71a0460692afada86dbe83c807e7478b77cd9d8b47181924ef"
            },
            {
                "name": "curation_notes.txt",
                "description": "Notes from original curation (describes curation_image).",
                "fileSize": "170",
                "mimeType": "text/plain",
                "md5sum": "dc6f0ba1ec16227736b18b6841816d44",
                "sha1sum": "af6acc507711babfdaa3b38253503559745c08a4",
                "sha256sum": "8c5792e49eebbd1525633adf98c96346b1a5117704fd6a0f149ca2ee57edc9c3"
            },
            {
                "name": "manifest.xml",
                "description": "Auto-generated manifest file for OMEX archives.",
                "fileSize": "1495",
                "mimeType": "application/xml",
                "md5sum": "cf9c48699037d586e9ffc44b0b21f294",
                "sha1sum": "19c0b82ca9848567cc77d8d7e49f6646e7bc046a",
                "sha256sum": "0251c0b418753b4448c45f92b7af42ab11c7829a0418fa2f220422797981289e"
            },
            {
                "name": "metadata.rdf",
                "description": "Auto-generated annotation metadata file.",
                "fileSize": "3125",
                "mimeType": "application/rdf+xml",
                "md5sum": "6d9d08176e1a329c78537bcb8ffd4c79",
                "sha1sum": "e314ce5291f3b7ba307fe3b3b168e2b3e2727aac",
                "sha256sum": "bb88949d8d96ff45cb0273abed389809ccf64c22369a744104ecd927eae413e1"
            }
        ]
    },
    "history": {
        "revisions": [
            {
                "version": 3,
                "submitted": 1562834549,
                "submitter": "Jinghao Men",
                "comment": "Automatically added model identifier BIOMD0000000748"
            },
            {
                "version": 4,
                "submitted": 1724285106,
                "submitter": "Lucian Smith",
                "comment": "CRBM-sponsored manual and automated updates."
            }
        ]
    },
    "firstPublished": 1725281840,
    "submissionId": "MODEL1907110001",
    "publicationId": "BIOMD0000000748",
    "modellingApproach": {
        "accession": "MAMO_0000046",
        "name": "ordinary differential equation model",
        "resource": "http://identifiers.org/mamo/MAMO_0000046"
    },
    "curationStatus": "CURATED",
    "modelTags": [
        "Immuno-oncology"
    ],
    "contributors": {
        "Curator": [
            {
                "name": "Lucian Smith",
                "email": "lpsmith@uw.edu",
                "affiliation": "University of Washington",
                "orcid": "0000-0001-7002-6386",
                "external": false
            }
        ],
        "Modeller": [
            {
                "name": "Jinghao Men",
                "email": "jm2187@cam.ac.uk",
                "affiliation": "University of Cambridge",
                "orcid": "0000-0003-4781-8144",
                "external": false
            }
        ]
    },
    "vcsIdentifier": "aah",
    "modelLevelAnnotations": [
        {
            "qualifier": "bqbiol:hasTaxon",
            "accession": "9606",
            "name": "Homo sapiens",
            "resource": "Taxonomy",
            "uri": "http://identifiers.org/taxonomy/9606"
        },
        {
            "qualifier": "bqbiol:hasProperty",
            "accession": "MAMO_0000046",
            "name": "Ordinary differential equation model",
            "resource": "Mathematical Modelling Ontology",
            "uri": "http://identifiers.org/mamo/MAMO_0000046"
        },
        {
            "qualifier": "bqmodel:isDescribedBy",
            "accession": "29379572",
            "resource": "PubMed",
            "uri": "http://identifiers.org/pubmed/29379572"
        },
        {
            "qualifier": "bqmodel:is",
            "accession": "BIOMD0000000748",
            "resource": "BioModels Database",
            "uri": "http://identifiers.org/biomodels.db/BIOMD0000000748"
        },
        {
            "qualifier": "bqmodel:is",
            "accession": "MODEL1907110001",
            "resource": "BioModels Database",
            "uri": "http://identifiers.org/biomodels.db/MODEL1907110001"
        },
        {
            "qualifier": "bqbiol:isVersionOf",
            "accession": "C62713",
            "name": "Oncolytic Virus Therapy",
            "resource": "NCIt",
            "uri": "http://identifiers.org/ncit/C62713"
        }
    ]
}