<?xml version='1.0' encoding='UTF-8' standalone='no'?>
<sbml xmlns="http://www.sbml.org/sbml/level3/version1/core" level="3" metaid="_9708a15f-55e9-4265-962a-b7601a1ca6a9" qual:required="true" version="1" xmlns:qual="http://www.sbml.org/sbml/level3/version1/qual/version1">
  <model id="MODEL1411170000" metaid="_5fa229f1-f7a6-4ffc-8760-a2b5678451c2" name="Martinez-Sanchez2015 - T CD4+ lymphocyte transcriptional regulatory network">
    <annotation>
	<rdf:RDF xmlns:rdf="http://www.w3.org/1999/02/22-rdf-syntax-ns#" xmlns:dc="http://purl.org/dc/elements/1.1/" xmlns:vCard="http://www.w3.org/2001/vcard-rdf/3.0#" xmlns:dcterms="http://purl.org/dc/terms/" xmlns:bqmodel="http://biomodels.net/model-qualifiers/" xmlns:bqbiol="http://biomodels.net/biology-qualifiers/">
        <rdf:Description rdf:about="#_5fa229f1-f7a6-4ffc-8760-a2b5678451c2">
	<dc:creator>
	<rdf:Bag>
	<rdf:li rdf:parseType="Resource">
	<vCard:N rdf:parseType="Resource">
	<vCard:Family>Hume</vCard:Family>
	<vCard:Given>Alastair</vCard:Given>
	</vCard:N>
	<vCard:EMAIL>a.hume@ed.ac.uk</vCard:EMAIL>
	<vCard:ORG rdf:parseType="Resource">
	<vCard:Orgname>The University of Edinburgh</vCard:Orgname>
	</vCard:ORG>
	</rdf:li>
	<rdf:li rdf:parseType="Resource">
	<vCard:N rdf:parseType="Resource">
	<vCard:Family>Martinez-Sanchez</vCard:Family>
	<vCard:Given>Mariana</vCard:Given>
	</vCard:N>
	<vCard:EMAIL>mar.esther23@gmail.com</vCard:EMAIL>
	<vCard:ORG rdf:parseType="Resource">
	<vCard:Orgname>Universidad Nacional Autónoma de México</vCard:Orgname>
	</vCard:ORG>
	</rdf:li>
	</rdf:Bag>
	</dc:creator>
	<dcterms:created rdf:parseType="Resource">
	<dcterms:W3CDTF>2016-02-11T11:31:17Z</dcterms:W3CDTF>
	</dcterms:created>
	<dcterms:modified rdf:parseType="Resource">
	<dcterms:W3CDTF>2016-04-19T21:27:31Z</dcterms:W3CDTF>
	</dcterms:modified>
	<bqmodel:is>
	<rdf:Bag>
	<rdf:li rdf:resource="http://identifiers.org/biomodels.db/MODEL1411170000"/>
	</rdf:Bag>
	</bqmodel:is>
	<bqmodel:is>
	<rdf:Bag>
	<rdf:li rdf:resource="http://identifiers.org/biomodels.db/BIOMD0000000592"/>
	</rdf:Bag>
	</bqmodel:is>
	<bqmodel:isDescribedBy>
	<rdf:Bag>
	<rdf:li rdf:resource="http://identifiers.org/pubmed/26090929"/>
	</rdf:Bag>
	</bqmodel:isDescribedBy>
	<bqbiol:isVersionOf>
	<rdf:Bag>
	<rdf:li rdf:resource="http://identifiers.org/go/GO:0030154"/>
	</rdf:Bag>
	</bqbiol:isVersionOf>
	<bqbiol:hasTaxon>
	<rdf:Bag>
	<rdf:li rdf:resource="http://identifiers.org/taxonomy/7742"/>
	</rdf:Bag>
	</bqbiol:hasTaxon>
	<bqbiol:hasProperty>
	<rdf:Bag>
	<rdf:li rdf:resource="http://identifiers.org/mamo/MAMO_0000030"/>
	</rdf:Bag>
	</bqbiol:hasProperty>
	</rdf:Description>
	
	
	</rdf:RDF>
	</annotation>
      <qual:listOfQualitativeSpecies xmlns:qual="http://www.sbml.org/sbml/level3/version1/qual/version1">
      <qual:qualitativeSpecies metaid="af982d29-31a1-4d18-aabf-f732ebb85eb4" qual:compartment="default" qual:constant="false" qual:id="TBET" qual:maxLevel="1" qual:name="TBET"/>
      <qual:qualitativeSpecies metaid="d989429c-8222-45ee-b8b1-5b2e99295156" qual:compartment="default" qual:constant="false" qual:id="GATA3" qual:maxLevel="1" qual:name="GATA3"/>
      <qual:qualitativeSpecies metaid="_361ab5f5-572c-417e-a899-b18cd583b489" qual:compartment="default" qual:constant="false" qual:id="FOXP3" qual:maxLevel="1" qual:name="FOXP3"/>
      <qual:qualitativeSpecies metaid="_3f5d04bd-cad4-42e8-9c65-aa54e767a3e0" qual:compartment="default" qual:constant="false" qual:id="RORGT" qual:maxLevel="1" qual:name="RORGT"/>
      <qual:qualitativeSpecies metaid="_64a435d8-fb4a-4d78-bf54-d1661a30aaed" qual:compartment="default" qual:constant="false" qual:id="BCL6" qual:maxLevel="1" qual:name="BCL6"/>
      <qual:qualitativeSpecies metaid="c60d2be2-da9d-4caa-a492-53312f548575" qual:compartment="default" qual:constant="false" qual:id="TH1e" qual:maxLevel="1" qual:name="TH1e"/>
      <qual:qualitativeSpecies metaid="ec12e6fc-132c-439a-afc9-79a70dece4cb" qual:compartment="default" qual:constant="false" qual:id="TH2e" qual:maxLevel="1" qual:name="TH2e"/>
      <qual:qualitativeSpecies metaid="_1207865a-a00c-4610-81cb-dc525eb9eb0f" qual:compartment="default" qual:constant="false" qual:id="TREGe" qual:maxLevel="1" qual:name="TREGe"/>
      <qual:qualitativeSpecies metaid="b26ac499-a0ae-4dec-b003-52aaa379459e" qual:compartment="default" qual:constant="false" qual:id="TH17e" qual:maxLevel="1" qual:name="TH17e"/>
      <qual:qualitativeSpecies metaid="_0d388102-83de-4c6a-98e0-c7955b3602cb" qual:compartment="default" qual:constant="false" qual:id="TFHe" qual:maxLevel="1" qual:name="TFHe"/>
    </qual:listOfQualitativeSpecies>
    <qual:listOfTransitions xmlns:qual="http://www.sbml.org/sbml/level3/version1/qual/version1">
      <qual:transition metaid="_1a17576a-da7c-4b7e-a301-c9d7cbd3a3c8" qual:id="tr_TBET" qual:name="Interactions targeting TBET">
        <qual:listOfInputs>
          <qual:input metaid="d2af9385-50a7-4230-a6d6-bf69b9beca3a" qual:qualitativeSpecies="TBET" qual:transitionEffect="none"/>
          <qual:input metaid="_763f1d5e-7613-45f1-9c00-c3d9b20bfd91" qual:qualitativeSpecies="GATA3" qual:transitionEffect="none"/>
          <qual:input metaid="ceced475-4815-46b3-b82b-55ac9f7c29a4" qual:qualitativeSpecies="BCL6" qual:transitionEffect="none"/>
          <qual:input metaid="_37f1e696-9e60-4e06-a9fb-8346de365aa8" qual:qualitativeSpecies="TH1e" qual:transitionEffect="none"/>
        </qual:listOfInputs>
        <qual:listOfOutputs>
          <qual:output metaid="_7f3232cb-ad52-4c05-88d1-80c1613ad8c0" qual:qualitativeSpecies="TBET" qual:transitionEffect="assignmentLevel"/>
        </qual:listOfOutputs>
        <qual:listOfFunctionTerms>
          <qual:functionTerm metaid="_620bd171-fb5d-4f1b-8ad4-b372006b48f6" qual:resultLevel="1">
            <math xmlns="http://www.w3.org/1998/Math/MathML">            
              <apply>
                <and/>
                <apply>
                  <or/>
                  <apply>
                    <eq/>
                    <ci> TH1e </ci>
                    <cn type="integer"> 1 </cn>
                  </apply>
                  <apply>
                    <eq/>
                    <ci> TBET </ci>
                    <cn type="integer"> 1 </cn>
                  </apply>
                </apply>
                <apply>
                  <not/>
                  <apply>
                    <or/>
                    <apply>
                      <eq/>
                      <ci> GATA3 </ci>
                      <cn type="integer"> 1 </cn>
                    </apply>
                    <apply>
                      <eq/>
                      <ci> BCL6 </ci>
                      <cn type="integer"> 1 </cn>
                    </apply>
                  </apply>
                </apply>
              </apply>
            </math>
                    </qual:functionTerm>
          <qual:defaultTerm metaid="ac85a303-a266-446f-a4b9-e7e9e545c9b8" qual:resultLevel="0">
          </qual:defaultTerm>
        </qual:listOfFunctionTerms>
      </qual:transition>
      <qual:transition metaid="b5166e2a-9c99-4678-aecd-31a05f7439cb" qual:id="tr_GATA3" qual:name="Interactions targeting GATA3">
        <qual:listOfInputs>
          <qual:input metaid="_9a43e266-a7a0-4190-b250-efc8abe99895" qual:qualitativeSpecies="TBET" qual:transitionEffect="none"/>
          <qual:input metaid="_9c380748-d7bf-48b7-990b-819446f7be8d" qual:qualitativeSpecies="GATA3" qual:transitionEffect="none"/>
          <qual:input metaid="_3c33d95c-86db-4e6c-bd94-8756be3b0b2e" qual:qualitativeSpecies="BCL6" qual:transitionEffect="none"/>
          <qual:input metaid="_26e9f0b8-e728-4967-88b1-61d6b5f4a998" qual:qualitativeSpecies="TH2e" qual:transitionEffect="none"/>
        </qual:listOfInputs>
        <qual:listOfOutputs>
          <qual:output metaid="_91476b58-4b4f-4c01-ad79-2cb77a52d668" qual:qualitativeSpecies="GATA3" qual:transitionEffect="assignmentLevel"/>
        </qual:listOfOutputs>
        <qual:listOfFunctionTerms>
          <qual:functionTerm metaid="cf4a133c-b353-4b04-b69d-6e8b118fbed4" qual:resultLevel="1">
            <math xmlns="http://www.w3.org/1998/Math/MathML">            
              <apply>
                <and/>
                <apply>
                  <or/>
                  <apply>
                    <eq/>
                    <ci> TH2e </ci>
                    <cn type="integer"> 1 </cn>
                  </apply>
                  <apply>
                    <eq/>
                    <ci> GATA3 </ci>
                    <cn type="integer"> 1 </cn>
                  </apply>
                </apply>
                <apply>
                  <not/>
                  <apply>
                    <or/>
                    <apply>
                      <eq/>
                      <ci> TBET </ci>
                      <cn type="integer"> 1 </cn>
                    </apply>
                    <apply>
                      <eq/>
                      <ci> BCL6 </ci>
                      <cn type="integer"> 1 </cn>
                    </apply>
                  </apply>
                </apply>
              </apply>
            </math>
                    </qual:functionTerm>
          <qual:defaultTerm metaid="_547f23da-bb16-471f-be87-b512e8cb3729" qual:resultLevel="0">
          </qual:defaultTerm>
        </qual:listOfFunctionTerms>
      </qual:transition>
      <qual:transition metaid="_738ae9bd-cc34-4f19-83bd-459eff480504" qual:id="tr_FOXP3" qual:name="Interactions targeting FOXP3">
        <qual:listOfInputs>
          <qual:input metaid="dacfa925-610a-4969-a9bd-970b4a1e4947" qual:qualitativeSpecies="FOXP3" qual:transitionEffect="none"/>
          <qual:input metaid="ece7965a-dcd5-4891-84ab-f8be4c8f384a" qual:qualitativeSpecies="RORGT" qual:transitionEffect="none"/>
          <qual:input metaid="_9e26ee62-eb9c-4440-a1cf-4da7f10700ec" qual:qualitativeSpecies="TREGe" qual:transitionEffect="none"/>
        </qual:listOfInputs>
        <qual:listOfOutputs>
          <qual:output metaid="_22bf40d9-9844-4491-b3e3-61fc46fbf88b" qual:qualitativeSpecies="FOXP3" qual:transitionEffect="assignmentLevel"/>
        </qual:listOfOutputs>
        <qual:listOfFunctionTerms>
          <qual:functionTerm metaid="_4debeee4-b223-460c-8364-c9e1a4c65c09" qual:resultLevel="1">
            <math xmlns="http://www.w3.org/1998/Math/MathML">            
              <apply>
                <and/>
                <apply>
                  <or/>
                  <apply>
                    <eq/>
                    <ci> TREGe </ci>
                    <cn type="integer"> 1 </cn>
                  </apply>
                  <apply>
                    <eq/>
                    <ci> FOXP3 </ci>
                    <cn type="integer"> 1 </cn>
                  </apply>
                </apply>
                <apply>
                  <eq/>
                  <ci> RORGT </ci>
                  <cn type="integer"> 0 </cn>
                </apply>
              </apply>
            </math>
                    </qual:functionTerm>
          <qual:defaultTerm metaid="c6dc53da-618e-4bc6-b3cb-58e35dcf717e" qual:resultLevel="0">
          </qual:defaultTerm>
        </qual:listOfFunctionTerms>
      </qual:transition>
      <qual:transition metaid="_4072c585-6198-4ffe-b9f5-d83154b6d374" qual:id="tr_RORGT" qual:name="Interactions targeting RORGT">
        <qual:listOfInputs>
          <qual:input metaid="_63357f80-c611-4861-8ba1-63fb60ac609c" qual:qualitativeSpecies="TBET" qual:transitionEffect="none"/>
          <qual:input metaid="a41d2116-bdfd-4530-acac-fc430e55c598" qual:qualitativeSpecies="GATA3" qual:transitionEffect="none"/>
          <qual:input metaid="cef281f4-db9d-455d-8e39-80f88e881546" qual:qualitativeSpecies="FOXP3" qual:transitionEffect="none"/>
          <qual:input metaid="_49f6a2ce-9bee-4c83-a954-06189a0b8d8d" qual:qualitativeSpecies="BCL6" qual:transitionEffect="none"/>
          <qual:input metaid="_00cb45a1-95ec-446c-bee8-acf3d33cee06" qual:qualitativeSpecies="TH17e" qual:transitionEffect="none"/>
        </qual:listOfInputs>
        <qual:listOfOutputs>
          <qual:output metaid="b43e1b87-3b2a-425f-b0f0-f4c7ae65f90b" qual:qualitativeSpecies="RORGT" qual:transitionEffect="assignmentLevel"/>
        </qual:listOfOutputs>
        <qual:listOfFunctionTerms>
          <qual:functionTerm metaid="_6328a5d8-e4dd-4b32-a699-98312bb5dfac" qual:resultLevel="1">
            <math xmlns="http://www.w3.org/1998/Math/MathML">            
              <apply>
                <and/>
                <apply>
                  <eq/>
                  <ci> TH17e </ci>
                  <cn type="integer"> 1 </cn>
                </apply>
                <apply>
                  <not/>
                  <apply>
                    <or/>
                    <apply>
                      <eq/>
                      <ci> TBET </ci>
                      <cn type="integer"> 1 </cn>
                    </apply>
                    <apply>
                      <eq/>
                      <ci> GATA3 </ci>
                      <cn type="integer"> 1 </cn>
                    </apply>
                    <apply>
                      <eq/>
                      <ci> FOXP3 </ci>
                      <cn type="integer"> 1 </cn>
                    </apply>
                    <apply>
                      <eq/>
                      <ci> BCL6 </ci>
                      <cn type="integer"> 1 </cn>
                    </apply>
                  </apply>
                </apply>
              </apply>
            </math>
                    </qual:functionTerm>
          <qual:defaultTerm metaid="_4f8a553a-22ad-4ad4-ab22-6ce51fe4d24c" qual:resultLevel="0">
          </qual:defaultTerm>
        </qual:listOfFunctionTerms>
      </qual:transition>
      <qual:transition metaid="d711122c-c068-4e3a-a994-f38967ffcd50" qual:id="tr_BCL6" qual:name="Interactions targeting BCL6">
        <qual:listOfInputs>
          <qual:input metaid="bea2b9b8-0348-4f25-b3dd-6794a6600f4e" qual:qualitativeSpecies="TBET" qual:transitionEffect="none"/>
          <qual:input metaid="f5ffa749-e6d2-4a00-963a-f174c3c0260d" qual:qualitativeSpecies="TFHe" qual:transitionEffect="none"/>
        </qual:listOfInputs>
        <qual:listOfOutputs>
          <qual:output metaid="e53950e2-7e56-4d5a-8f49-dc655a8cac38" qual:qualitativeSpecies="BCL6" qual:transitionEffect="assignmentLevel"/>
        </qual:listOfOutputs>
        <qual:listOfFunctionTerms>
          <qual:functionTerm metaid="dc914b58-7029-4f4d-bc7a-f1952ca02f76" qual:resultLevel="1">
            <math xmlns="http://www.w3.org/1998/Math/MathML">            
              <apply>
                <and/>
                <apply>
                  <eq/>
                  <ci> TFHe </ci>
                  <cn type="integer"> 1 </cn>
                </apply>
                <apply>
                  <eq/>
                  <ci> TBET </ci>
                  <cn type="integer"> 0 </cn>
                </apply>
              </apply>
            </math>
                    </qual:functionTerm>
          <qual:defaultTerm metaid="_12ecb25a-0240-44ae-8bd6-4407dd6429ed" qual:resultLevel="0">
          </qual:defaultTerm>
        </qual:listOfFunctionTerms>
      </qual:transition>
      <qual:transition metaid="_57ba4276-02f7-43cc-94d4-bde7e58a72e0" qual:id="tr_TH1e" qual:name="Interactions targeting TH1e">
        <qual:listOfInputs>
          <qual:input metaid="b4594477-ce96-49c3-8aeb-b6c780bd42af" qual:qualitativeSpecies="TH1e" qual:transitionEffect="none"/>
        </qual:listOfInputs>
        <qual:listOfOutputs>
          <qual:output metaid="ba136543-47c1-41e4-b72d-ba65bfaea6dd" qual:qualitativeSpecies="TH1e" qual:transitionEffect="assignmentLevel"/>
        </qual:listOfOutputs>
        <qual:listOfFunctionTerms>
          <qual:functionTerm metaid="_94229ec1-84cd-479c-9ef7-fd950b60278c" qual:resultLevel="1">
            <math xmlns="http://www.w3.org/1998/Math/MathML">            
              <apply>
                <eq/>
                <ci> TH1e </ci>
                <cn type="integer"> 1 </cn>
              </apply>
            </math>
                    </qual:functionTerm>
          <qual:defaultTerm metaid="bdf92efe-4add-490d-b307-58597f3e3cc3" qual:resultLevel="0">
          </qual:defaultTerm>
        </qual:listOfFunctionTerms>
      </qual:transition>
      <qual:transition metaid="_64198992-683f-4078-860e-379d0ca6eb3f" qual:id="tr_TH2e" qual:name="Interactions targeting TH2e">
        <qual:listOfInputs>
          <qual:input metaid="e9209723-e943-432c-a8ce-a890fa1d76e4" qual:qualitativeSpecies="TH2e" qual:transitionEffect="none"/>
        </qual:listOfInputs>
        <qual:listOfOutputs>
          <qual:output metaid="bc29dd28-b5c2-43cd-9803-6adfa56aac44" qual:qualitativeSpecies="TH2e" qual:transitionEffect="assignmentLevel"/>
        </qual:listOfOutputs>
        <qual:listOfFunctionTerms>
          <qual:functionTerm metaid="_818c149e-0b54-4122-9315-c34ceb73d198" qual:resultLevel="1">
            <math xmlns="http://www.w3.org/1998/Math/MathML">            
              <apply>
                <eq/>
                <ci> TH2e </ci>
                <cn type="integer"> 1 </cn>
              </apply>
            </math>
                    </qual:functionTerm>
          <qual:defaultTerm metaid="_09485338-a5b4-4707-9673-7873bca9700e" qual:resultLevel="0">
          </qual:defaultTerm>
        </qual:listOfFunctionTerms>
      </qual:transition>
      <qual:transition metaid="e118caad-f4a4-4b8d-8bea-db032259db1e" qual:id="tr_TREGe" qual:name="Interactions targeting TREGe">
        <qual:listOfInputs>
          <qual:input metaid="_9a349f5f-b895-4577-9067-20a332d5410a" qual:qualitativeSpecies="TREGe" qual:transitionEffect="none"/>
        </qual:listOfInputs>
        <qual:listOfOutputs>
          <qual:output metaid="_5f28543c-a0cf-4800-82b4-3483a2661d98" qual:qualitativeSpecies="TREGe" qual:transitionEffect="assignmentLevel"/>
        </qual:listOfOutputs>
        <qual:listOfFunctionTerms>
          <qual:functionTerm metaid="_6b32643f-7c7b-4643-96ad-70ac24485f6b" qual:resultLevel="1">
            <math xmlns="http://www.w3.org/1998/Math/MathML">            
              <apply>
                <eq/>
                <ci> TREGe </ci>
                <cn type="integer"> 1 </cn>
              </apply>
            </math>
                    </qual:functionTerm>
          <qual:defaultTerm metaid="c91e1923-982a-4a17-9353-0a6ad08bc43a" qual:resultLevel="0">
          </qual:defaultTerm>
        </qual:listOfFunctionTerms>
      </qual:transition>
      <qual:transition metaid="_6282aa8b-ac6a-4538-9873-153d0d94760a" qual:id="tr_TH17e" qual:name="Interactions targeting TH17e">
        <qual:listOfInputs>
          <qual:input metaid="aca4a41f-57da-42ca-9be3-99eae3d4f046" qual:qualitativeSpecies="TH17e" qual:transitionEffect="none"/>
        </qual:listOfInputs>
        <qual:listOfOutputs>
          <qual:output metaid="_12aa863d-0ca8-43bf-aa17-99902abeb352" qual:qualitativeSpecies="TH17e" qual:transitionEffect="assignmentLevel"/>
        </qual:listOfOutputs>
        <qual:listOfFunctionTerms>
          <qual:functionTerm metaid="_1c13cb1d-4828-48b9-a9b1-1c2be5994b1d" qual:resultLevel="1">
            <math xmlns="http://www.w3.org/1998/Math/MathML">            
              <apply>
                <eq/>
                <ci> TH17e </ci>
                <cn type="integer"> 1 </cn>
              </apply>
            </math>
                    </qual:functionTerm>
          <qual:defaultTerm metaid="_22d7528a-c5ac-4508-85cd-e0359ab79d73" qual:resultLevel="0">
          </qual:defaultTerm>
        </qual:listOfFunctionTerms>
      </qual:transition>
      <qual:transition metaid="_79727f89-4388-42c7-ad7a-30c860673ea8" qual:id="tr_TFHe" qual:name="Interactions targeting TFHe">
        <qual:listOfInputs>
          <qual:input metaid="bec6f4bc-d027-436d-987a-936e3306effa" qual:qualitativeSpecies="TFHe" qual:transitionEffect="none"/>
        </qual:listOfInputs>
        <qual:listOfOutputs>
          <qual:output metaid="_2203af81-5fb0-4a31-b72f-85c283b9ca31" qual:qualitativeSpecies="TFHe" qual:transitionEffect="assignmentLevel"/>
        </qual:listOfOutputs>
        <qual:listOfFunctionTerms>
          <qual:functionTerm metaid="_9cbfa840-62e1-4f3d-b217-eaec992b9e48" qual:resultLevel="1">
            <math xmlns="http://www.w3.org/1998/Math/MathML">            
              <apply>
                <eq/>
                <ci> TFHe </ci>
                <cn type="integer"> 1 </cn>
              </apply>
            </math>
                    </qual:functionTerm>
          <qual:defaultTerm metaid="_700f8ef7-ed80-4346-83c6-575f5fcf84c0" qual:resultLevel="0">
          </qual:defaultTerm>
        </qual:listOfFunctionTerms>
      </qual:transition>
    </qual:listOfTransitions>
    <listOfCompartments>
      <compartment constant="true" id="default" metaid="_8e950f10-7dfc-4021-8eab-b4d7fb57dd78"/>
    </listOfCompartments>
  </model>
</sbml>