<?xml version='1.0' encoding='UTF-8' standalone='no'?>
<sbml xmlns="http://www.sbml.org/sbml/level2/version4" level="2" metaid="a73348fd-e0ea-4a19-889d-f37dbcdb1dae" version="4">
  <model id="Cursons2015___Regulation_of_ERK_MAPK_signaling_in_human_epidermis" metaid="COPASI0" name="Cursons2015 - Regulation of ERK-MAPK signaling in human epidermis">
    <notes>
      <body xmlns="http://www.w3.org/1999/xhtml">
        <div class="dc:title">Cursons2015 - Regulation of ERK-MAPK
signaling in human epidermis</div>
<div class="dc:description">Model comparing the abundance of
phosphorylated MAPK signalling proteins and calcium signalling in
the epidermis.</div>
<div class="dc:bibliographicCitation">
  <p>This model is described in the article:</p>
  <div class="bibo:title">
    <a href="http://identifiers.org/pubmed/26209520" title="Access to this publication">Regulation of ERK-MAPK
    signaling in human epidermis.</a>
  </div>
  <div class="bibo:authorList">Cursons J, Gao J, Hurley DG, Print
  CG, Dunbar PR, Jacobs MD, Crampin EJ.</div>
  <div class="bibo:Journal">BMC Syst Biol 2015; 9: 41</div>
  <p>Abstract:</p>
  <div class="bibo:abstract">
    <p>The skin is largely comprised of keratinocytes within the
    interfollicular epidermis. Over approximately two weeks these
    cells differentiate and traverse the thickness of the skin. The
    stage of differentiation is therefore reflected in the
    positions of cells within the tissue, providing a convenient
    axis along which to study the signaling events that occur in
    situ during keratinocyte terminal differentiation, over this
    extended two-week timescale. The canonical ERK-MAPK signaling
    cascade (Raf-1, MEK-1/2 and ERK-1/2) has been implicated in
    controlling diverse cellular behaviors, including proliferation
    and differentiation. While the molecular interactions involved
    in signal transduction through this cascade have been well
    characterized in cell culture experiments, our understanding of
    how this sequence of events unfolds to determine cell fate
    within a homeostatic tissue environment has not been fully
    characterized.We measured the abundance of total and
    phosphorylated ERK-MAPK signaling proteins within
    interfollicular keratinocytes in transverse cross-sections of
    human epidermis using immunofluorescence microscopy. To
    investigate these data we developed a mathematical model of the
    signaling cascade using a normalized-Hill differential equation
    formalism.These data show coordinated variation in the
    abundance of phosphorylated ERK-MAPK components across the
    epidermis. Statistical analysis of these data shows that
    associations between phosphorylated ERK-MAPK components which
    correspond to canonical molecular interactions are dependent
    upon spatial position within the epidermis. The model
    demonstrates that the spatial profile of activation for
    ERK-MAPK signaling components across the epidermis may be
    maintained in a cell-autonomous fashion by an underlying
    spatial gradient in calcium signaling.Our data demonstrate an
    extended phospho-protein profile of ERK-MAPK signaling cascade
    components across the epidermis in situ, and statistical
    associations in these data indicate canonical ERK-MAPK
    interactions underlie this spatial profile of ERK-MAPK
    activation. Using mathematical modelling we have demonstrated
    that spatially varying calcium signaling components across the
    epidermis may be sufficient to maintain the spatial profile of
    ERK-MAPK signaling cascade components in a cell-autonomous
    manner. These findings may have significant implications for
    the wide range of cancer drugs which therapeutically target
    ERK-MAPK signaling components.</p>
  </div>
</div>
<div class="dc:publisher">
  <p>This model is hosted on 
  <a href="http://www.ebi.ac.uk/biomodels/">BioModels Database</a>
  and identified by: 
  <a href="http://identifiers.org/biomodels.db/BIOMD0000000659">BIOMD0000000659</a>.</p>
  <p>To cite BioModels Database, please use: 
  <a href="http://identifiers.org/pubmed/25414348" target="_blank">Chelliah V et al. BioModels: ten-year
  anniversary. Nucl. Acids Res. 2015, 43(Database
  issue):D542-8</a>.</p>
</div>
<div class="dc:license">
  <p>To the extent possible under law, all copyright and related or
  neighbouring rights to this encoded model have been dedicated to
  the public domain worldwide. Please refer to 
  <a href="http://creativecommons.org/publicdomain/zero/1.0/" title="Access to: CC0 1.0 Universal (CC0 1.0), Public Domain Dedication">CC0
  Public Domain Dedication</a> for more information.</p>
</div>
</body>
    </notes>
    <annotation>
      <rdf:RDF xmlns:rdf="http://www.w3.org/1999/02/22-rdf-syntax-ns#" xmlns:dc="http://purl.org/dc/elements/1.1/" xmlns:dcterms="http://purl.org/dc/terms/" xmlns:vCard="http://www.w3.org/2001/vcard-rdf/3.0#" xmlns:bqbiol="http://biomodels.net/biology-qualifiers/" xmlns:bqmodel="http://biomodels.net/model-qualifiers/">
        <rdf:Description rdf:about="#COPASI0">
	<dc:creator>
	<rdf:Bag>
	<rdf:li rdf:parseType="Resource">
	<vCard:EMAIL/>
	<vCard:N rdf:parseType="Resource">
	<vCard:Family>Yang</vCard:Family>
	<vCard:Given>Kun</vCard:Given>
	</vCard:N>
	<vCard:ORG rdf:parseType="Resource">
	<vCard:Orgname>Beijing National Laboratory for Molecular Sciences</vCard:Orgname>
	</vCard:ORG>
	</rdf:li>
	
	<rdf:li rdf:parseType="Resource">
	<vCard:N rdf:parseType="Resource">
	<vCard:Family>Sheriff</vCard:Family>
	<vCard:Given>Rahuman</vCard:Given>
	</vCard:N>
	<vCard:EMAIL>sheriff@ebi.ac.uk</vCard:EMAIL>
	<vCard:ORG rdf:parseType="Resource">
	<vCard:Orgname>EMBL-EBI</vCard:Orgname>
	</vCard:ORG>
	</rdf:li>
	<rdf:li rdf:parseType="Resource">
	<vCard:N rdf:parseType="Resource">
	<vCard:Family>Fairbanks</vCard:Family>
	<vCard:Given>Emma Louise</vCard:Given>
	</vCard:N>
	<vCard:EMAIL>efairbanks@ebi.ac.uk</vCard:EMAIL>
	<vCard:ORG rdf:parseType="Resource">
	<vCard:Orgname>EMBL-EBI</vCard:Orgname>
	</vCard:ORG>
	</rdf:li>
	</rdf:Bag>
	</dc:creator>
	<dcterms:created rdf:parseType="Resource">
	<dcterms:W3CDTF>2017-06-22T09:52:33Z</dcterms:W3CDTF>
	</dcterms:created>
	<dcterms:modified rdf:parseType="Resource">
	<dcterms:W3CDTF>2017-11-02T11:35:11Z</dcterms:W3CDTF>
	</dcterms:modified>
	<bqmodel:is>
	<rdf:Bag>
	<rdf:li rdf:resource="http://identifiers.org/biomodels.db/MODEL1503270000"/>
	</rdf:Bag>
	</bqmodel:is>
	<bqmodel:is>
	<rdf:Bag>
	<rdf:li rdf:resource="http://identifiers.org/biomodels.db/BIOMD0000000659"/>
	</rdf:Bag>
	</bqmodel:is>
	<bqmodel:isDescribedBy>
	<rdf:Bag>
	<rdf:li rdf:resource="http://identifiers.org/pubmed/26209520"/>
	</rdf:Bag>
	</bqmodel:isDescribedBy>
	<bqbiol:hasProperty>
	<rdf:Bag>
	<rdf:li rdf:resource="http://identifiers.org/go/GO:0019722"/>
	</rdf:Bag>
	</bqbiol:hasProperty>
	<bqbiol:isVersionOf>
	<rdf:Bag>
	<rdf:li rdf:resource="http://identifiers.org/go/GO:0000165"/>
	</rdf:Bag>
	</bqbiol:isVersionOf>
	<bqbiol:occursIn>
	<rdf:Bag>
	<rdf:li rdf:resource="http://identifiers.org/bto/BTO:0000404"/>
	</rdf:Bag>
	</bqbiol:occursIn>
	<bqbiol:hasProperty>
	<rdf:Bag>
	<rdf:li rdf:resource="http://identifiers.org/go/GO:0043408"/>
	</rdf:Bag>
	</bqbiol:hasProperty>
	<bqbiol:hasTaxon>
	<rdf:Bag>
	<rdf:li rdf:resource="http://identifiers.org/taxonomy/9606"/>
	</rdf:Bag>
	</bqbiol:hasTaxon>
	<bqbiol:isVersionOf>
	<rdf:Bag>
	<rdf:li rdf:resource="http://identifiers.org/kegg.pathway/map04010"/>
	</rdf:Bag>
	</bqbiol:isVersionOf>
	<bqbiol:isDescribedBy>
	<rdf:Bag>
	<rdf:li rdf:resource="http://identifiers.org/pubmed/26209520"/>
	</rdf:Bag>
	</bqbiol:isDescribedBy>
	<bqbiol:hasProperty>
	<rdf:Bag>
	<rdf:li rdf:resource="http://identifiers.org/mamo/MAMO_0000046"/>
	</rdf:Bag>
	</bqbiol:hasProperty>
	</rdf:Description>
	
	
	
	
	
      </rdf:RDF>
      <COPASI xmlns="http://www.copasi.org/static/sbml">
        <rdf:RDF xmlns:CopasiMT="http://www.copasi.org/RDF/MiriamTerms#" xmlns:dcterms="http://purl.org/dc/terms/" xmlns:rdf="http://www.w3.org/1999/02/22-rdf-syntax-ns#" xmlns:vCard="http://www.w3.org/2001/vcard-rdf/3.0#">
          <rdf:Description rdf:about="#COPASI0">
            <dcterms:bibliographicCitation>
              <rdf:Description>
                <dcterms:description>Regulation of ERK-MAPK signaling in human epidermis</dcterms:description>
                <CopasiMT:isDescribedBy rdf:resource="urn:miriam:pubmed:26209520"/>
              </rdf:Description>
            </dcterms:bibliographicCitation>
            <dcterms:created>
              <rdf:Description>
                <dcterms:W3CDTF>2017-06-22T09:52:33Z</dcterms:W3CDTF>
              </rdf:Description>
            </dcterms:created>
            <dcterms:creator>
              <rdf:Description>
                <vCard:N>
                  <rdf:Description>
                    <vCard:Family>Cursons</vCard:Family>
                    <vCard:Given>Joe</vCard:Given>
                  </rdf:Description>
                </vCard:N>
              </rdf:Description>
            </dcterms:creator>
            <dcterms:creator>
              <rdf:Description>
                <vCard:EMAIL>efairbanks@ebi.ac.uk</vCard:EMAIL>
                <vCard:N>
                  <rdf:Description>
                    <vCard:Family>Fairbanks</vCard:Family>
                    <vCard:Given>Emma</vCard:Given>
                  </rdf:Description>
                </vCard:N>
                <vCard:ORG>
                  <rdf:Description>
                    <vCard:Orgname>EMBL-EBI</vCard:Orgname>
                  </rdf:Description>
                </vCard:ORG>
              </rdf:Description>
            </dcterms:creator>
            <CopasiMT:hasProperty rdf:resource="urn:miriam:go:GO:0043408"/>
            <CopasiMT:hasProperty rdf:resource="urn:miriam:go:GO:0051592"/>
            <CopasiMT:hasProperty rdf:resource="urn:miriam:mamo:MAMO:0000046"/>
            <CopasiMT:hasTaxon rdf:resource="urn:miriam:taxonomy:9606"/>
            <CopasiMT:is>
              <rdf:Bag>
                <rdf:li rdf:resource="http://identifiers.org/biomodels.db/MODEL1503270000"/>
              </rdf:Bag>
            </CopasiMT:is>
            <CopasiMT:isVersionOf rdf:resource="urn:miriam:go:GO:0000165"/>
            <CopasiMT:isVersionOf rdf:resource="urn:miriam:kegg.pathway:map04010"/>
          </rdf:Description>
        </rdf:RDF>
      </COPASI>
    </annotation>
      <listOfUnitDefinitions>
      <unitDefinition id="substance" metaid="_78ffb18c-1b67-437e-8295-40bffa5e4728" name="substance">
        <listOfUnits>
          <unit exponent="1" kind="mole" metaid="d1d49994-8a96-4c26-aec3-d0a622423ff8" multiplier="1" scale="-3"/>
        </listOfUnits>
      </unitDefinition>
      <unitDefinition id="unit_0" metaid="_05b1c7bc-b490-409c-a7c0-fa80de3a97e8" name="1">
        <listOfUnits>
          <unit exponent="0" kind="dimensionless" metaid="_16e4f70e-2692-42f2-b954-bb85e36f3565" multiplier="1" scale="0"/>
        </listOfUnits>
      </unitDefinition>
    </listOfUnitDefinitions>
    <listOfCompartments>
      <compartment constant="true" id="c" metaid="COPASI1" name="cytoplasm" size="1" spatialDimensions="3">
        <annotation>
          <rdf:RDF xmlns:rdf="http://www.w3.org/1999/02/22-rdf-syntax-ns#" xmlns:dc="http://purl.org/dc/elements/1.1/" xmlns:dcterms="http://purl.org/dc/terms/" xmlns:vCard="http://www.w3.org/2001/vcard-rdf/3.0#" xmlns:bqbiol="http://biomodels.net/biology-qualifiers/" xmlns:bqmodel="http://biomodels.net/model-qualifiers/">
            <rdf:Description rdf:about="#COPASI1">
	<bqbiol:is>
	<rdf:Bag>
	<rdf:li rdf:resource="http://identifiers.org/go/GO:0005737"/>
	</rdf:Bag>
	</bqbiol:is>
	</rdf:Description>
	
	
	
	
	
          </rdf:RDF>
          <COPASI xmlns="http://www.copasi.org/static/sbml">
            <rdf:RDF xmlns:CopasiMT="http://www.copasi.org/RDF/MiriamTerms#" xmlns:dcterms="http://purl.org/dc/terms/" xmlns:rdf="http://www.w3.org/1999/02/22-rdf-syntax-ns#">
              <rdf:Description rdf:about="#COPASI1">
                <dcterms:created>
                  <rdf:Description>
                    <dcterms:W3CDTF>2017-06-22T13:24:43Z</dcterms:W3CDTF>
                  </rdf:Description>
                </dcterms:created>
                <CopasiMT:is rdf:resource="urn:miriam:go:GO:0005737"/>
              </rdf:Description>
            </rdf:RDF>
          </COPASI>
        </annotation>
            </compartment>
      <compartment constant="true" id="n" metaid="COPASI2" name="nucleus" size="0.5" spatialDimensions="3">
        <annotation>
          <rdf:RDF xmlns:rdf="http://www.w3.org/1999/02/22-rdf-syntax-ns#" xmlns:dc="http://purl.org/dc/elements/1.1/" xmlns:dcterms="http://purl.org/dc/terms/" xmlns:vCard="http://www.w3.org/2001/vcard-rdf/3.0#" xmlns:bqbiol="http://biomodels.net/biology-qualifiers/" xmlns:bqmodel="http://biomodels.net/model-qualifiers/">
            <rdf:Description rdf:about="#COPASI2">
	<bqbiol:is>
	<rdf:Bag>
	<rdf:li rdf:resource="http://identifiers.org/go/GO:0005634"/>
	</rdf:Bag>
	</bqbiol:is>
	</rdf:Description>
	
	
	
	
	
          </rdf:RDF>
          <COPASI xmlns="http://www.copasi.org/static/sbml">
            <rdf:RDF xmlns:CopasiMT="http://www.copasi.org/RDF/MiriamTerms#" xmlns:dcterms="http://purl.org/dc/terms/" xmlns:rdf="http://www.w3.org/1999/02/22-rdf-syntax-ns#">
              <rdf:Description rdf:about="#COPASI2">
                <dcterms:created>
                  <rdf:Description>
                    <dcterms:W3CDTF>2017-06-29T14:44:08Z</dcterms:W3CDTF>
                  </rdf:Description>
                </dcterms:created>
                <CopasiMT:is rdf:resource="urn:miriam:go:GO:0005634"/>
              </rdf:Description>
            </rdf:RDF>
          </COPASI>
        </annotation>
            </compartment>
    </listOfCompartments>
    <listOfSpecies>
      <species boundaryCondition="true" compartment="c" constant="false" id="pRaf_cyto" initialConcentration="0.5" metaid="COPASI3" name="Rafc">
        <annotation>
          <rdf:RDF xmlns:rdf="http://www.w3.org/1999/02/22-rdf-syntax-ns#" xmlns:dc="http://purl.org/dc/elements/1.1/" xmlns:dcterms="http://purl.org/dc/terms/" xmlns:vCard="http://www.w3.org/2001/vcard-rdf/3.0#" xmlns:bqbiol="http://biomodels.net/biology-qualifiers/" xmlns:bqmodel="http://biomodels.net/model-qualifiers/">
            <rdf:Description rdf:about="#COPASI3">
              <bqbiol:isVersionOf>
	<rdf:Bag>
	<rdf:li rdf:resource="http://identifiers.org/uniprot/P04049"/>
	</rdf:Bag>
	</bqbiol:isVersionOf>
	
	<bqbiol:hasProperty>
	<rdf:Bag>
	<rdf:li rdf:resource="urn:miriam:pato:PATO_0002220"/>
	</rdf:Bag>
	</bqbiol:hasProperty>
	</rdf:Description>
	
	
	
	
	
          </rdf:RDF>
          <COPASI xmlns="http://www.copasi.org/static/sbml">
            <rdf:RDF xmlns:CopasiMT="http://www.copasi.org/RDF/MiriamTerms#" xmlns:dcterms="http://purl.org/dc/terms/" xmlns:rdf="http://www.w3.org/1999/02/22-rdf-syntax-ns#">
              <rdf:Description rdf:about="#COPASI3">
                <dcterms:created>
                  <rdf:Description>
                    <dcterms:W3CDTF>2017-06-22T09:56:32Z</dcterms:W3CDTF>
                  </rdf:Description>
                </dcterms:created>
                <CopasiMT:isVersionOf rdf:resource="urn:miriam:kegg.compound:C00562"/>
                <CopasiMT:isVersionOf rdf:resource="urn:miriam:uniprot:P04049"/>
              </rdf:Description>
            </rdf:RDF>
          </COPASI>
        </annotation>
            </species>
      <species boundaryCondition="true" compartment="c" constant="false" id="pMEK_cyto" initialConcentration="0.8" metaid="COPASI4" name="MEKc">
        <annotation>
          <rdf:RDF xmlns:rdf="http://www.w3.org/1999/02/22-rdf-syntax-ns#" xmlns:dc="http://purl.org/dc/elements/1.1/" xmlns:dcterms="http://purl.org/dc/terms/" xmlns:vCard="http://www.w3.org/2001/vcard-rdf/3.0#" xmlns:bqbiol="http://biomodels.net/biology-qualifiers/" xmlns:bqmodel="http://biomodels.net/model-qualifiers/">
            <rdf:Description rdf:about="#COPASI4">
              <bqbiol:hasProperty>
	<rdf:Bag>
	<rdf:li rdf:resource="urn:miriam:pato:PATO_0002220"/>
	</rdf:Bag>
	</bqbiol:hasProperty>
	
	<bqbiol:isVersionOf>
	<rdf:Bag>
	<rdf:li rdf:resource="http://identifiers.org/uniprot/Q02750"/>
	</rdf:Bag>
	</bqbiol:isVersionOf>
	</rdf:Description>
	
	
	
	
	
          </rdf:RDF>
          <COPASI xmlns="http://www.copasi.org/static/sbml">
            <rdf:RDF xmlns:CopasiMT="http://www.copasi.org/RDF/MiriamTerms#" xmlns:dcterms="http://purl.org/dc/terms/" xmlns:rdf="http://www.w3.org/1999/02/22-rdf-syntax-ns#">
              <rdf:Description rdf:about="#COPASI4">
                <dcterms:created>
                  <rdf:Description>
                    <dcterms:W3CDTF>2017-06-29T14:26:04Z</dcterms:W3CDTF>
                  </rdf:Description>
                </dcterms:created>
                <CopasiMT:isVersionOf rdf:resource="urn:miriam:kegg.compound:C00562"/>
                <CopasiMT:isVersionOf rdf:resource="urn:miriam:uniprot:Q02750"/>
              </rdf:Description>
            </rdf:RDF>
          </COPASI>
        </annotation>
            </species>
      <species boundaryCondition="true" compartment="c" constant="false" id="pERK_cyto" initialConcentration="0.7" metaid="COPASI5" name="ERKc">
        <annotation>
          <rdf:RDF xmlns:rdf="http://www.w3.org/1999/02/22-rdf-syntax-ns#" xmlns:dc="http://purl.org/dc/elements/1.1/" xmlns:dcterms="http://purl.org/dc/terms/" xmlns:vCard="http://www.w3.org/2001/vcard-rdf/3.0#" xmlns:bqbiol="http://biomodels.net/biology-qualifiers/" xmlns:bqmodel="http://biomodels.net/model-qualifiers/">
            <rdf:Description rdf:about="#COPASI5">
              <bqbiol:hasProperty>
	<rdf:Bag>
	<rdf:li rdf:resource="urn:miriam:pato:PATO_0002220"/>
	</rdf:Bag>
	</bqbiol:hasProperty>
	
	<bqbiol:isVersionOf>
	<rdf:Bag>
	<rdf:li rdf:resource="http://identifiers.org/uniprot/P28482"/>
	</rdf:Bag>
	</bqbiol:isVersionOf>
	</rdf:Description>
	
	
	
	
	
          </rdf:RDF>
          <COPASI xmlns="http://www.copasi.org/static/sbml">
            <rdf:RDF xmlns:CopasiMT="http://www.copasi.org/RDF/MiriamTerms#" xmlns:dcterms="http://purl.org/dc/terms/" xmlns:rdf="http://www.w3.org/1999/02/22-rdf-syntax-ns#">
              <rdf:Description rdf:about="#COPASI5">
                <dcterms:created>
                  <rdf:Description>
                    <dcterms:W3CDTF>2017-06-29T14:26:06Z</dcterms:W3CDTF>
                  </rdf:Description>
                </dcterms:created>
                <CopasiMT:isVersionOf rdf:resource="urn:miriam:kegg.compound:C00562"/>
                <CopasiMT:isVersionOf rdf:resource="urn:miriam:uniprot:P28482"/>
              </rdf:Description>
            </rdf:RDF>
          </COPASI>
        </annotation>
            </species>
      <species boundaryCondition="true" compartment="n" constant="false" id="pMEK_nuc" initialConcentration="0.4" metaid="COPASI6" name="MEKn">
        <annotation>
          <rdf:RDF xmlns:rdf="http://www.w3.org/1999/02/22-rdf-syntax-ns#" xmlns:dc="http://purl.org/dc/elements/1.1/" xmlns:dcterms="http://purl.org/dc/terms/" xmlns:vCard="http://www.w3.org/2001/vcard-rdf/3.0#" xmlns:bqbiol="http://biomodels.net/biology-qualifiers/" xmlns:bqmodel="http://biomodels.net/model-qualifiers/">
            <rdf:Description rdf:about="#COPASI6">
              <bqbiol:isVersionOf>
	<rdf:Bag>
	<rdf:li rdf:resource="http://identifiers.org/uniprot/Q02750"/>
	</rdf:Bag>
	</bqbiol:isVersionOf>
	
	<bqbiol:hasProperty>
	<rdf:Bag>
	<rdf:li rdf:resource="urn:miriam:pato:PATO_0002220"/>
	</rdf:Bag>
	</bqbiol:hasProperty>
	</rdf:Description>
	
	
	
	
	
          </rdf:RDF>
          <COPASI xmlns="http://www.copasi.org/static/sbml">
            <rdf:RDF xmlns:CopasiMT="http://www.copasi.org/RDF/MiriamTerms#" xmlns:dcterms="http://purl.org/dc/terms/" xmlns:rdf="http://www.w3.org/1999/02/22-rdf-syntax-ns#">
              <rdf:Description rdf:about="#COPASI6">
                <dcterms:created>
                  <rdf:Description>
                    <dcterms:W3CDTF>2017-06-22T09:58:18Z</dcterms:W3CDTF>
                  </rdf:Description>
                </dcterms:created>
                <CopasiMT:isVersionOf rdf:resource="urn:miriam:kegg.compound:C00562"/>
                <CopasiMT:isVersionOf rdf:resource="urn:miriam:uniprot:Q02750"/>
              </rdf:Description>
            </rdf:RDF>
          </COPASI>
        </annotation>
            </species>
      <species boundaryCondition="true" compartment="n" constant="false" id="pERK_nuc" initialConcentration="0.2" metaid="COPASI7" name="ERKn">
        <annotation>
          <rdf:RDF xmlns:rdf="http://www.w3.org/1999/02/22-rdf-syntax-ns#" xmlns:dc="http://purl.org/dc/elements/1.1/" xmlns:dcterms="http://purl.org/dc/terms/" xmlns:vCard="http://www.w3.org/2001/vcard-rdf/3.0#" xmlns:bqbiol="http://biomodels.net/biology-qualifiers/" xmlns:bqmodel="http://biomodels.net/model-qualifiers/">
            <rdf:Description rdf:about="#COPASI7">
              <bqbiol:hasProperty>
	<rdf:Bag>
	<rdf:li rdf:resource="urn:miriam:pato:PATO_0002220"/>
	</rdf:Bag>
	</bqbiol:hasProperty>
	
	<bqbiol:isVersionOf>
	<rdf:Bag>
	<rdf:li rdf:resource="http://identifiers.org/uniprot/P28482"/>
	</rdf:Bag>
	</bqbiol:isVersionOf>
	</rdf:Description>
	
	
	
	
	
          </rdf:RDF>
          <COPASI xmlns="http://www.copasi.org/static/sbml">
            <rdf:RDF xmlns:CopasiMT="http://www.copasi.org/RDF/MiriamTerms#" xmlns:dcterms="http://purl.org/dc/terms/" xmlns:rdf="http://www.w3.org/1999/02/22-rdf-syntax-ns#">
              <rdf:Description rdf:about="#COPASI7">
                <dcterms:created>
                  <rdf:Description>
                    <dcterms:W3CDTF>2017-06-29T14:25:58Z</dcterms:W3CDTF>
                  </rdf:Description>
                </dcterms:created>
                <CopasiMT:isVersionOf rdf:resource="urn:miriam:kegg.compound:C00562"/>
                <CopasiMT:isVersionOf rdf:resource="urn:miriam:uniprot:P28482"/>
              </rdf:Description>
            </rdf:RDF>
          </COPASI>
        </annotation>
            </species>
      <species boundaryCondition="true" compartment="c" constant="false" id="Ca" initialConcentration="0.7632" metaid="COPASI8" name="Ca">
        <annotation>
          <rdf:RDF xmlns:rdf="http://www.w3.org/1999/02/22-rdf-syntax-ns#" xmlns:dc="http://purl.org/dc/elements/1.1/" xmlns:dcterms="http://purl.org/dc/terms/" xmlns:vCard="http://www.w3.org/2001/vcard-rdf/3.0#" xmlns:bqbiol="http://biomodels.net/biology-qualifiers/" xmlns:bqmodel="http://biomodels.net/model-qualifiers/">
            <rdf:Description rdf:about="#COPASI8">
	<bqbiol:isVersionOf>
	<rdf:Bag>
	<rdf:li rdf:resource="http://identifiers.org/chebi/CHEBI:39124"/>
	</rdf:Bag>
	</bqbiol:isVersionOf>
	</rdf:Description>
	
	
	
	
	
          </rdf:RDF>
          <COPASI xmlns="http://www.copasi.org/static/sbml">
            <rdf:RDF xmlns:CopasiMT="http://www.copasi.org/RDF/MiriamTerms#" xmlns:dcterms="http://purl.org/dc/terms/" xmlns:rdf="http://www.w3.org/1999/02/22-rdf-syntax-ns#">
              <rdf:Description rdf:about="#COPASI8">
                <dcterms:created>
                  <rdf:Description>
                    <dcterms:W3CDTF>2017-06-22T09:53:04Z</dcterms:W3CDTF>
                  </rdf:Description>
                </dcterms:created>
                <CopasiMT:isVersionOf rdf:resource="urn:miriam:chebi:CHEBI:39124"/>
              </rdf:Description>
            </rdf:RDF>
          </COPASI>
        </annotation>
            </species>
      <species boundaryCondition="true" compartment="c" constant="false" id="CaM_memb" initialConcentration="0.72675" metaid="COPASI9" name="CaM">
        <annotation>
          <rdf:RDF xmlns:rdf="http://www.w3.org/1999/02/22-rdf-syntax-ns#" xmlns:dc="http://purl.org/dc/elements/1.1/" xmlns:dcterms="http://purl.org/dc/terms/" xmlns:vCard="http://www.w3.org/2001/vcard-rdf/3.0#" xmlns:bqbiol="http://biomodels.net/biology-qualifiers/" xmlns:bqmodel="http://biomodels.net/model-qualifiers/">
            <rdf:Description rdf:about="#COPASI9">
	<bqbiol:isVersionOf>
	<rdf:Bag>
	<rdf:li rdf:resource="http://identifiers.org/uniprot/P0DP23"/>
	</rdf:Bag>
	</bqbiol:isVersionOf>
	</rdf:Description>
	
	
	
	
	
          </rdf:RDF>
          <COPASI xmlns="http://www.copasi.org/static/sbml">
            <rdf:RDF xmlns:CopasiMT="http://www.copasi.org/RDF/MiriamTerms#" xmlns:dcterms="http://purl.org/dc/terms/" xmlns:rdf="http://www.w3.org/1999/02/22-rdf-syntax-ns#">
              <rdf:Description rdf:about="#COPASI9">
                <dcterms:created>
                  <rdf:Description>
                    <dcterms:W3CDTF>2017-06-29T14:25:53Z</dcterms:W3CDTF>
                  </rdf:Description>
                </dcterms:created>
                <CopasiMT:isVersionOf rdf:resource="urn:miriam:omit:OMIT:0003488"/>
              </rdf:Description>
            </rdf:RDF>
          </COPASI>
        </annotation>
            </species>
    </listOfSpecies>
    <listOfParameters>
      <parameter constant="true" id="numTissuePos" metaid="d95c7d98-0ab5-4a17-b234-35f563cad8ee" name="Tissue_Pos" units="unit_0" value="0.5"/>
      <parameter constant="false" id="numCytoToNucVolRatio" metaid="_8e93a957-ab7a-4907-aa88-cd313cfa777c" name="CtoN_VolRatio" units="unit_0" value="2.35714285714286"/>
      <parameter constant="true" id="numCaInputBaseline" metaid="_1f0940c3-2eab-4465-920c-320534ecc3f1" name="Ca_Baseline" units="unit_0" value="0.754"/>
      <parameter constant="true" id="numCaInputAmp" metaid="COPASI10" name="Ca_Amp" units="unit_0" value="0.092">
        <annotation>
          <COPASI xmlns="http://www.copasi.org/static/sbml">
            <rdf:RDF xmlns:dcterms="http://purl.org/dc/terms/" xmlns:rdf="http://www.w3.org/1999/02/22-rdf-syntax-ns#">
              <rdf:Description rdf:about="#COPASI10">
                <dcterms:created>
                  <rdf:Description>
                    <dcterms:W3CDTF>2017-08-09T09:03:58Z</dcterms:W3CDTF>
                  </rdf:Description>
                </dcterms:created>
              </rdf:Description>
            </rdf:RDF>
          </COPASI>
        </annotation>
            </parameter>
      <parameter constant="true" id="numCaMInputBaseline" metaid="_10484102-e10a-4c54-ae4d-8e04fe515a83" name="CaM_Baseline" units="unit_0" value="0.363"/>
      <parameter constant="true" id="numCaMInputAmp" metaid="dc98d0ab-cd4c-4763-b58b-0845a633ae42" name="CaM_Amp" units="unit_0" value="0.485"/>
      <parameter constant="true" id="numHillCoeff" metaid="dc7ffc9b-64c5-4b10-a73e-72f3f4fd1dc4" name="Hill_Coeff" units="unit_0" value="1.4"/>
      <parameter constant="true" id="numHillWeight" metaid="f2244093-c953-44ae-9d70-07dd64cf61db" name="Hill_Weight" units="unit_0" value="1"/>
      <parameter constant="true" id="numHillMax" metaid="_5e32f381-d7b0-4428-835f-5168ef62d392" name="Hill_Max" units="unit_0" value="1"/>
      <parameter constant="true" id="numHillTau" metaid="bc71d41a-8cbc-4e55-a1bb-3054bd39a91c" name="Hill_Tau" units="unit_0" value="1"/>
      <parameter constant="true" id="numHillEC50" metaid="_065f0d6d-9d79-43e9-a0a3-47ac46ffd5c2" name="Hill_EC50" units="unit_0" value="0.5"/>
      <parameter constant="true" id="numMEKCytoToNucParam" metaid="c8f39294-9069-4ef9-ac84-e2d327e38220" name="MEK_CtoN" units="unit_0" value="0.05"/>
      <parameter constant="true" id="numMEKNucToCytoParam" metaid="_47ef55f1-a487-4714-ad85-bdb1b0b5d26e" name="MEK_NtoC" units="unit_0" value="0.5"/>
      <parameter constant="true" id="numERKCytoToNucParam" metaid="_73e19cf3-7a5a-4629-852e-f5a2092d24cc" name="ERK_CtoN" units="unit_0" value="0.01"/>
      <parameter constant="true" id="numERKNucToCytoParam" metaid="_6bd9c262-8cb9-4576-9dc9-f25639221016" name="ERK_NtoC" units="unit_0" value="0.01"/>
      <parameter constant="true" id="numHillBeta" metaid="fbfdd8b1-dad2-42a5-9453-5db82f23dabc" name="Hill_Beta" units="unit_0" value="2.56"/>
      <parameter constant="true" id="numHillK" metaid="b8261897-ca9d-4511-bcf1-e8a8639ed72c" name="Hill_K" units="unit_0" value="1.37"/>
      <parameter constant="false" id="funcHillCaToRaf" metaid="c68c7cdb-d452-40f2-bc32-2270c7bc79e4" name="Hill_CaToRaf" units="unit_0" value="0.783263559695499"/>
      <parameter constant="false" id="funcHillCaMToRaf" metaid="_32805fc8-eda3-442a-b0df-0de31a84a33f" name="Hill_CaMToRaf" units="unit_0" value="0.746521930652568"/>
      <parameter constant="false" id="funcHillERKToRaf" metaid="_10281bd1-265d-43b0-b215-b0a7a4dd5e89" name="Hill_ERKToRaf" units="unit_0" value="0.16212840948525"/>
      <parameter constant="false" id="funcHillRafToMEK" metaid="f540974c-c8fb-4ece-bc10-6bcb5c921910" name="Hill_RafToMEK" units="unit_0" value="0.501898596166978"/>
      <parameter constant="false" id="funcHillMEKToERKCyto" metaid="afcc4533-be9c-4a4e-8fbc-25a7bfe749cc" name="Hill_MEKToERKCyto" units="unit_0" value="0.819554213811451"/>
      <parameter constant="false" id="funcHillMEKToERKNuc" metaid="_99e5f59a-acfb-43b6-9e4f-04971999facb" name="Hill_MEKToERKNuc" units="unit_0" value="0.387623644887571"/>
      <parameter constant="false" id="funcHillERKToERKNuc" metaid="_18c4fbe8-c9c0-43b7-ab42-d8eaefaddc76" name="Hill_ERKToERKn" units="unit_0" value="0.16212840948525"/>
      <parameter constant="false" id="numTotalRafInputs" metaid="bef412ff-cdb2-4183-9677-c11ddc77f7e9" name="TotalRafInputs" units="unit_0" value="0"/>
    </listOfParameters>
    <listOfRules>
      <assignmentRule metaid="_169fe66b-ec90-4846-86c6-c5c09278e533" variable="numCytoToNucVolRatio">
        <math xmlns="http://www.w3.org/1998/Math/MathML">        
          <apply>
            <plus/>
            <cn> 2 </cn>
            <apply>
              <times/>
              <cn> 5 </cn>
              <apply>
                <divide/>
                <ci> numTissuePos </ci>
                <cn> 7 </cn>
              </apply>
            </apply>
          </apply>
        </math>
            </assignmentRule>
      <assignmentRule metaid="fa3c06a3-a547-429d-853a-48a9ee30e31c" variable="funcHillCaToRaf">
        <math xmlns="http://www.w3.org/1998/Math/MathML">        
          <apply>
            <divide/>
            <apply>
              <times/>
              <ci> numHillWeight </ci>
              <ci> numHillBeta </ci>
              <apply>
                <power/>
                <ci> Ca </ci>
                <ci> numHillCoeff </ci>
              </apply>
            </apply>
            <apply>
              <plus/>
              <apply>
                <power/>
                <ci> numHillK </ci>
                <ci> numHillCoeff </ci>
              </apply>
              <apply>
                <power/>
                <ci> Ca </ci>
                <ci> numHillCoeff </ci>
              </apply>
            </apply>
          </apply>
        </math>
            </assignmentRule>
      <assignmentRule metaid="_773c4027-f773-4e6c-8bda-295b7e228882" variable="funcHillCaMToRaf">
        <math xmlns="http://www.w3.org/1998/Math/MathML">        
          <apply>
            <divide/>
            <apply>
              <times/>
              <ci> numHillWeight </ci>
              <ci> numHillBeta </ci>
              <apply>
                <power/>
                <ci> CaM_memb </ci>
                <ci> numHillCoeff </ci>
              </apply>
            </apply>
            <apply>
              <plus/>
              <apply>
                <power/>
                <ci> numHillK </ci>
                <ci> numHillCoeff </ci>
              </apply>
              <apply>
                <power/>
                <ci> CaM_memb </ci>
                <ci> numHillCoeff </ci>
              </apply>
            </apply>
          </apply>
        </math>
            </assignmentRule>
      <assignmentRule metaid="_17d6a380-39f9-4ad0-98d9-176ca6f52dbf" variable="funcHillERKToRaf">
        <math xmlns="http://www.w3.org/1998/Math/MathML">        
          <apply>
            <divide/>
            <apply>
              <times/>
              <ci> numHillWeight </ci>
              <ci> numHillBeta </ci>
              <apply>
                <power/>
                <ci> pERK_nuc </ci>
                <ci> numHillCoeff </ci>
              </apply>
            </apply>
            <apply>
              <plus/>
              <apply>
                <power/>
                <ci> numHillK </ci>
                <ci> numHillCoeff </ci>
              </apply>
              <apply>
                <power/>
                <ci> pERK_nuc </ci>
                <ci> numHillCoeff </ci>
              </apply>
            </apply>
          </apply>
        </math>
            </assignmentRule>
      <assignmentRule metaid="f0baf59f-0b87-4f16-a5c8-a64818123044" variable="funcHillRafToMEK">
        <math xmlns="http://www.w3.org/1998/Math/MathML">        
          <apply>
            <divide/>
            <apply>
              <times/>
              <ci> numHillWeight </ci>
              <ci> numHillBeta </ci>
              <apply>
                <power/>
                <ci> pRaf_cyto </ci>
                <ci> numHillCoeff </ci>
              </apply>
            </apply>
            <apply>
              <plus/>
              <apply>
                <power/>
                <ci> numHillK </ci>
                <ci> numHillCoeff </ci>
              </apply>
              <apply>
                <power/>
                <ci> pRaf_cyto </ci>
                <ci> numHillCoeff </ci>
              </apply>
            </apply>
          </apply>
        </math>
            </assignmentRule>
      <assignmentRule metaid="_29ea70b4-8582-4afa-aec5-b106180ef18f" variable="funcHillMEKToERKCyto">
        <math xmlns="http://www.w3.org/1998/Math/MathML">        
          <apply>
            <divide/>
            <apply>
              <times/>
              <ci> numHillWeight </ci>
              <ci> numHillBeta </ci>
              <apply>
                <power/>
                <ci> pMEK_cyto </ci>
                <ci> numHillCoeff </ci>
              </apply>
            </apply>
            <apply>
              <plus/>
              <apply>
                <power/>
                <ci> numHillK </ci>
                <ci> numHillCoeff </ci>
              </apply>
              <apply>
                <power/>
                <ci> pMEK_cyto </ci>
                <ci> numHillCoeff </ci>
              </apply>
            </apply>
          </apply>
        </math>
            </assignmentRule>
      <assignmentRule metaid="a854f2ed-c3bd-4e9a-9fcb-e7f9adfea645" variable="funcHillMEKToERKNuc">
        <math xmlns="http://www.w3.org/1998/Math/MathML">        
          <apply>
            <divide/>
            <apply>
              <times/>
              <ci> numHillWeight </ci>
              <ci> numHillBeta </ci>
              <apply>
                <power/>
                <ci> pMEK_nuc </ci>
                <ci> numHillCoeff </ci>
              </apply>
            </apply>
            <apply>
              <plus/>
              <apply>
                <power/>
                <ci> numHillK </ci>
                <ci> numHillCoeff </ci>
              </apply>
              <apply>
                <power/>
                <ci> pMEK_nuc </ci>
                <ci> numHillCoeff </ci>
              </apply>
            </apply>
          </apply>
        </math>
            </assignmentRule>
      <assignmentRule metaid="c9bfb143-bb25-4d67-8a2f-32108a83c992" variable="funcHillERKToERKNuc">
        <math xmlns="http://www.w3.org/1998/Math/MathML">        
          <apply>
            <divide/>
            <apply>
              <times/>
              <ci> numHillWeight </ci>
              <ci> numHillBeta </ci>
              <apply>
                <power/>
                <ci> pERK_nuc </ci>
                <ci> numHillCoeff </ci>
              </apply>
            </apply>
            <apply>
              <plus/>
              <apply>
                <power/>
                <ci> numHillK </ci>
                <ci> numHillCoeff </ci>
              </apply>
              <apply>
                <power/>
                <ci> pERK_nuc </ci>
                <ci> numHillCoeff </ci>
              </apply>
            </apply>
          </apply>
        </math>
            </assignmentRule>
      <rateRule metaid="_7ceb7124-eaff-4fb7-8b6b-c1cf6c587184" variable="pRaf_cyto">
        <math xmlns="http://www.w3.org/1998/Math/MathML">        
          <apply>
            <times/>
            <apply>
              <divide/>
              <cn> 1 </cn>
              <ci> numHillTau </ci>
            </apply>
            <apply>
              <minus/>
              <apply>
                <times/>
                <ci> numTotalRafInputs </ci>
                <ci> numHillMax </ci>
              </apply>
              <ci> pRaf_cyto </ci>
            </apply>
          </apply>
        </math>
            </rateRule>
      <rateRule metaid="c1e29088-c471-4063-a029-ee96daa5d586" variable="pMEK_cyto">
        <math xmlns="http://www.w3.org/1998/Math/MathML">        
          <apply>
            <times/>
            <apply>
              <divide/>
              <cn> 1 </cn>
              <ci> numHillTau </ci>
            </apply>
            <apply>
              <plus/>
              <apply>
                <minus/>
                <apply>
                  <minus/>
                  <apply>
                    <times/>
                    <ci> funcHillRafToMEK </ci>
                    <ci> numHillMax </ci>
                  </apply>
                  <ci> pMEK_cyto </ci>
                </apply>
                <apply>
                  <times/>
                  <ci> numMEKCytoToNucParam </ci>
                  <ci> pMEK_cyto </ci>
                </apply>
              </apply>
              <apply>
                <times/>
                <apply>
                  <divide/>
                  <cn> 1 </cn>
                  <ci> numCytoToNucVolRatio </ci>
                </apply>
                <ci> numMEKNucToCytoParam </ci>
                <ci> pMEK_nuc </ci>
              </apply>
            </apply>
          </apply>
        </math>
            </rateRule>
      <rateRule metaid="_77a31396-6a93-4f01-a676-0ff9687455ab" variable="pERK_cyto">
        <math xmlns="http://www.w3.org/1998/Math/MathML">        
          <apply>
            <times/>
            <apply>
              <divide/>
              <cn> 1 </cn>
              <ci> numHillTau </ci>
            </apply>
            <apply>
              <plus/>
              <apply>
                <minus/>
                <apply>
                  <minus/>
                  <apply>
                    <times/>
                    <ci> funcHillMEKToERKCyto </ci>
                    <ci> numHillMax </ci>
                  </apply>
                  <ci> pERK_cyto </ci>
                </apply>
                <apply>
                  <times/>
                  <ci> numERKCytoToNucParam </ci>
                  <ci> pERK_cyto </ci>
                </apply>
              </apply>
              <apply>
                <times/>
                <apply>
                  <divide/>
                  <cn> 1 </cn>
                  <ci> numCytoToNucVolRatio </ci>
                </apply>
                <ci> numERKNucToCytoParam </ci>
                <ci> pERK_nuc </ci>
              </apply>
            </apply>
          </apply>
        </math>
            </rateRule>
      <rateRule metaid="_8e06e94b-d275-44c8-aa2e-597ea75e4b0b" variable="pMEK_nuc">
        <math xmlns="http://www.w3.org/1998/Math/MathML">        
          <apply>
            <times/>
            <apply>
              <divide/>
              <cn> 1 </cn>
              <ci> numHillTau </ci>
            </apply>
            <apply>
              <plus/>
              <apply>
                <minus/>
                <apply>
                  <minus/>
                  <ci> pMEK_nuc </ci>
                </apply>
                <apply>
                  <times/>
                  <ci> numMEKNucToCytoParam </ci>
                  <ci> pMEK_nuc </ci>
                </apply>
              </apply>
              <apply>
                <times/>
                <ci> numCytoToNucVolRatio </ci>
                <ci> numMEKCytoToNucParam </ci>
                <ci> pMEK_cyto </ci>
              </apply>
            </apply>
          </apply>
        </math>
            </rateRule>
      <rateRule metaid="e6eb2ee4-8028-4484-9b92-689711a9f63d" variable="pERK_nuc">
        <math xmlns="http://www.w3.org/1998/Math/MathML">        
          <apply>
            <times/>
            <apply>
              <divide/>
              <cn> 1 </cn>
              <ci> numHillTau </ci>
            </apply>
            <apply>
              <plus/>
              <apply>
                <minus/>
                <apply>
                  <minus/>
                  <apply>
                    <times/>
                    <apply>
                      <minus/>
                      <ci> funcHillMEKToERKNuc </ci>
                      <ci> funcHillERKToERKNuc </ci>
                    </apply>
                    <ci> numHillMax </ci>
                  </apply>
                  <ci> pERK_nuc </ci>
                </apply>
                <apply>
                  <times/>
                  <ci> numERKCytoToNucParam </ci>
                  <ci> pERK_nuc </ci>
                </apply>
              </apply>
              <apply>
                <times/>
                <ci> numCytoToNucVolRatio </ci>
                <ci> numERKNucToCytoParam </ci>
                <ci> pERK_cyto </ci>
              </apply>
            </apply>
          </apply>
        </math>
            </rateRule>
    </listOfRules>
    <listOfEvents>
      <event id="Position_0" metaid="COPASI11" name="Position 0" useValuesFromTriggerTime="true">
        <annotation>
          <COPASI xmlns="http://www.copasi.org/static/sbml">
            <rdf:RDF xmlns:dcterms="http://purl.org/dc/terms/" xmlns:rdf="http://www.w3.org/1999/02/22-rdf-syntax-ns#">
              <rdf:Description rdf:about="#COPASI11">
                <dcterms:created>
                  <rdf:Description>
                    <dcterms:W3CDTF>2017-06-22T13:06:50Z</dcterms:W3CDTF>
                  </rdf:Description>
                </dcterms:created>
              </rdf:Description>
            </rdf:RDF>
          </COPASI>
        </annotation>
              <trigger metaid="b08c0e65-9215-4475-9693-829c72b295ab">
          <math xmlns="http://www.w3.org/1998/Math/MathML">          
            <apply>
              <geq/>
              <ci> numTissuePos </ci>
              <cn> 0 </cn>
            </apply>
          </math>
                </trigger>
        <delay metaid="e30b70f6-5063-4d75-bfdc-d6d3183b21a8">
          <math xmlns="http://www.w3.org/1998/Math/MathML">          
            <cn> 0 </cn>
          </math>
                </delay>
        <listOfEventAssignments>
          <eventAssignment metaid="dbc48d4c-8146-4d46-82ef-406e8b8b8b09" variable="Ca">
            <math xmlns="http://www.w3.org/1998/Math/MathML">            
              <apply>
                <plus/>
                <ci> numCaInputBaseline </ci>
                <apply>
                  <times/>
                  <ci> numCaInputAmp </ci>
                  <apply>
                    <divide/>
                    <ci> numTissuePos </ci>
                    <cn> 5 </cn>
                  </apply>
                </apply>
              </apply>
            </math>
                    </eventAssignment>
          <eventAssignment metaid="ac1bae7e-9d31-4d2a-b324-e0b7e8ca14cb" variable="CaM_memb">
            <math xmlns="http://www.w3.org/1998/Math/MathML">            
              <apply>
                <plus/>
                <ci> numCaMInputBaseline </ci>
                <apply>
                  <times/>
                  <ci> numCaMInputAmp </ci>
                  <apply>
                    <divide/>
                    <apply>
                      <plus/>
                      <ci> numTissuePos </ci>
                      <cn> 1 </cn>
                    </apply>
                    <cn> 2 </cn>
                  </apply>
                </apply>
              </apply>
            </math>
                    </eventAssignment>
        </listOfEventAssignments>
      </event>
      <event id="Position_1" metaid="COPASI12" name="Position 1" useValuesFromTriggerTime="true">
        <annotation>
          <COPASI xmlns="http://www.copasi.org/static/sbml">
            <rdf:RDF xmlns:dcterms="http://purl.org/dc/terms/" xmlns:rdf="http://www.w3.org/1999/02/22-rdf-syntax-ns#">
              <rdf:Description rdf:about="#COPASI12">
                <dcterms:created>
                  <rdf:Description>
                    <dcterms:W3CDTF>2017-06-22T13:06:56Z</dcterms:W3CDTF>
                  </rdf:Description>
                </dcterms:created>
              </rdf:Description>
            </rdf:RDF>
          </COPASI>
        </annotation>
              <trigger metaid="_245ac853-ff68-41b4-9b57-0216fe7364b0">
          <math xmlns="http://www.w3.org/1998/Math/MathML">          
            <apply>
              <geq/>
              <ci> numTissuePos </ci>
              <cn> 1 </cn>
            </apply>
          </math>
                </trigger>
        <delay metaid="_69e28026-06b1-434c-8bd8-8aafe2a0fea5">
          <math xmlns="http://www.w3.org/1998/Math/MathML">          
            <cn> 0 </cn>
          </math>
                </delay>
        <listOfEventAssignments>
          <eventAssignment metaid="ff2318f9-52bd-4802-8972-142af33a6d2c" variable="CaM_memb">
            <math xmlns="http://www.w3.org/1998/Math/MathML">            
              <apply>
                <plus/>
                <ci> numCaMInputBaseline </ci>
                <apply>
                  <times/>
                  <ci> numCaMInputAmp </ci>
                  <apply>
                    <exp/>
                    <apply>
                      <minus/>
                      <cn> 1 </cn>
                      <ci> numTissuePos </ci>
                    </apply>
                  </apply>
                </apply>
              </apply>
            </math>
                    </eventAssignment>
        </listOfEventAssignments>
      </event>
      <event id="Position_5" metaid="COPASI13" name="Position 5" useValuesFromTriggerTime="true">
        <annotation>
          <COPASI xmlns="http://www.copasi.org/static/sbml">
            <rdf:RDF xmlns:dcterms="http://purl.org/dc/terms/" xmlns:rdf="http://www.w3.org/1999/02/22-rdf-syntax-ns#">
              <rdf:Description rdf:about="#COPASI13">
                <dcterms:created>
                  <rdf:Description>
                    <dcterms:W3CDTF>2017-06-22T13:06:58Z</dcterms:W3CDTF>
                  </rdf:Description>
                </dcterms:created>
              </rdf:Description>
            </rdf:RDF>
          </COPASI>
        </annotation>
              <trigger metaid="_7322b402-3c32-4f70-ad59-bb2fefed39bb">
          <math xmlns="http://www.w3.org/1998/Math/MathML">          
            <apply>
              <geq/>
              <ci> numTissuePos </ci>
              <cn> 5 </cn>
            </apply>
          </math>
                </trigger>
        <delay metaid="_1464c40d-b682-416c-a895-fc5808ccc5e6">
          <math xmlns="http://www.w3.org/1998/Math/MathML">          
            <cn> 0 </cn>
          </math>
                </delay>
        <listOfEventAssignments>
          <eventAssignment metaid="_5f4df9a4-9963-4a44-ab92-25a8c5d4d9c2" variable="Ca">
            <math xmlns="http://www.w3.org/1998/Math/MathML">            
              <apply>
                <plus/>
                <ci> numCaInputBaseline </ci>
                <apply>
                  <times/>
                  <ci> numCaInputAmp </ci>
                  <apply>
                    <divide/>
                    <apply>
                      <minus/>
                      <cn> 7 </cn>
                      <ci> numTissuePos </ci>
                    </apply>
                    <cn> 2 </cn>
                  </apply>
                </apply>
              </apply>
            </math>
                    </eventAssignment>
          <eventAssignment metaid="f98fa309-d278-4a31-9b40-ea67a2da429e" variable="CaM_memb">
            <math xmlns="http://www.w3.org/1998/Math/MathML">            
              <cn> 0 </cn>
            </math>
                    </eventAssignment>
        </listOfEventAssignments>
      </event>
      <event id="Total_Rafc_input_less_than_0" metaid="COPASI14" name="Total Rafc input less than 0" useValuesFromTriggerTime="true">
        <annotation>
          <COPASI xmlns="http://www.copasi.org/static/sbml">
            <rdf:RDF xmlns:dcterms="http://purl.org/dc/terms/" xmlns:rdf="http://www.w3.org/1999/02/22-rdf-syntax-ns#">
              <rdf:Description rdf:about="#COPASI14">
                <dcterms:created>
                  <rdf:Description>
                    <dcterms:W3CDTF>2017-06-22T13:06:59Z</dcterms:W3CDTF>
                  </rdf:Description>
                </dcterms:created>
              </rdf:Description>
            </rdf:RDF>
          </COPASI>
        </annotation>
              <trigger metaid="_0102fb11-aeb6-4e76-9ff0-8c76296e8857">
          <math xmlns="http://www.w3.org/1998/Math/MathML">          
            <apply>
              <leq/>
              <apply>
                <minus/>
                <apply>
                  <minus/>
                  <ci> funcHillCaToRaf </ci>
                  <ci> funcHillCaMToRaf </ci>
                </apply>
                <ci> funcHillERKToRaf </ci>
              </apply>
              <cn> 0 </cn>
            </apply>
          </math>
                </trigger>
        <delay metaid="_29591183-52b4-43b2-a695-8899bbbe3c14">
          <math xmlns="http://www.w3.org/1998/Math/MathML">          
            <cn> 0 </cn>
          </math>
                </delay>
        <listOfEventAssignments>
          <eventAssignment metaid="_541ad71b-bd85-4f29-b429-9b482f783dcc" variable="numTotalRafInputs">
            <math xmlns="http://www.w3.org/1998/Math/MathML">            
              <cn> 0 </cn>
            </math>
                    </eventAssignment>
        </listOfEventAssignments>
      </event>
      <event id="Total_Raf_input_greater_than_0" metaid="COPASI15" name="Total Raf input greater than 0" useValuesFromTriggerTime="true">
        <annotation>
          <COPASI xmlns="http://www.copasi.org/static/sbml">
            <rdf:RDF xmlns:dcterms="http://purl.org/dc/terms/" xmlns:rdf="http://www.w3.org/1999/02/22-rdf-syntax-ns#">
              <rdf:Description rdf:about="#COPASI15">
                <dcterms:created>
                  <rdf:Description>
                    <dcterms:W3CDTF>2017-06-22T13:07:00Z</dcterms:W3CDTF>
                  </rdf:Description>
                </dcterms:created>
              </rdf:Description>
            </rdf:RDF>
          </COPASI>
        </annotation>
              <trigger metaid="_67edd3f3-91f0-4615-8ae5-066120437ff3">
          <math xmlns="http://www.w3.org/1998/Math/MathML">          
            <apply>
              <gt/>
              <apply>
                <minus/>
                <apply>
                  <minus/>
                  <ci> funcHillCaToRaf </ci>
                  <ci> funcHillCaMToRaf </ci>
                </apply>
                <ci> funcHillERKToRaf </ci>
              </apply>
              <cn> 0 </cn>
            </apply>
          </math>
                </trigger>
        <delay metaid="e974970c-0384-433a-be54-e4d5c955c42d">
          <math xmlns="http://www.w3.org/1998/Math/MathML">          
            <cn> 0 </cn>
          </math>
                </delay>
        <listOfEventAssignments>
          <eventAssignment metaid="e06f7879-56fb-4327-bfcf-652c06ff6aa5" variable="numTotalRafInputs">
            <math xmlns="http://www.w3.org/1998/Math/MathML">            
              <apply>
                <minus/>
                <apply>
                  <minus/>
                  <ci> funcHillCaToRaf </ci>
                  <ci> funcHillCaMToRaf </ci>
                </apply>
                <ci> funcHillERKToRaf </ci>
              </apply>
            </math>
                    </eventAssignment>
        </listOfEventAssignments>
      </event>
    </listOfEvents>
  </model>
</sbml>