{
    "name": "Isaeva2008 - Modelling of Anti-Tumour Immune Response Immunocorrective Effect of Weak Centimetre Electromagnetic Waves",
    "description": "<notes xmlns=\"http://www.sbml.org/sbml/level2/version4\">      <body xmlns=\"http://www.w3.org/1999/xhtml\">        <pre>Modelling of anti-tumour immune response: Immunocorrective effectof weak centimetre electromagnetic wavesO.G. Isaeva* and V.A. OsipovBogoliubov Laboratory of Theoretical Physics, Joint Institute for Nuclear Research, Dubna,Moscow Region, RussiaWe formulate the dynamical model for the anti-tumour immune response based onintercellular cytokine-mediated interactions with the interleukin-2 (IL-2) taken intoaccount. The analysis shows that the expression level of tumour antigens on antigenpresenting cells has a distinct influence on the tumour dynamics. At low antigenpresentation, a progressive tumour growth takes place to the highest possible value.At high antigen presentation, there is a decrease in tumour size to some value when thedynamical equilibrium between the tumour and the immune system is reached. In thecase of the medium antigen presentation, both these regimes can be realized dependingon the initial tumour size and the condition of the immune system. A pronouncedimmunomodulating effect (the suppression of tumour growth and the normalization ofIL-2 concentration) is established by considering the influence of low-intensityelectromagnetic microwaves as a parametric perturbation of the dynamical system. Thisfinding is in qualitative agreement with the recent experimental results onimmunocorrective effects of centimetre electromagnetic waves in tumour-bearing mice.Keywords: carcinogenesis; interleukin-2; modelling; anti-tumour immunity;electromagnetic waves</pre>      </body>    </notes>",
    "format": {
        "name": "SBML",
        "identifier": "SBML",
        "version": "L2V4"
    },
    "publication": {
        "type": "DOI",
        "accession": "10.1080/17486700802373540",
        "journal": "Computational and Mathematical Methods in Medicine",
        "title": "Modelling of Anti-Tumour Immune Response: Immunocorrective Effect of Weak Centimetre Electromagnetic Waves",
        "affiliation": "Bogoliubov Laboratory of Theoretical Physics, Joint Institute for Nuclear Research, Dubna, Moscow Region, Russia",
        "synopsis": "Abstract\r\n\r\nWe formulate the dynamical model for the anti-tumour immune response based on intercellular cytokine-mediated interactions with the interleukin-2 (IL-2) taken into account. The analysis shows that the expression level of tumour antigens on antigen presenting cells has a distinct influence on the tumour dynamics. At low antigen presentation, a progressive tumour growth takes place to the highest possible value. At high antigen presentation, there is a decrease in tumour size to some value when the dynamical equilibrium between the tumour and the immune system is reached. In the case of the medium antigen presentation, both these regimes can be realized depending on the initial tumour size and the condition of the immune system. A pronounced immunomodulating effect (the suppression of tumour growth and the normalization of IL-2 concentration) is established by considering the influence of low-intensity electromagnetic microwaves as a parametric perturbation of the dynamical system. This finding is in qualitative agreement with the recent experimental results on immunocorrective effects of centimetre electromagnetic waves in tumour-bearing mice.\r\n\r\nVolume 10, Issue 3, Pages 185-201",
        "year": 2008,
        "month": "7",
        "volume": "10",
        "issue": "3",
        "pages": "185-201",
        "link": "http://identifiers.org/doi/10.1080/17486700802373540",
        "authors": [
            {
                "name": "O. G. Isaeva and V. A. Osipov"
            }
        ]
    },
    "files": {
        "main": [
            {
                "name": "Isaeva2008.xml",
                "description": "SBML L2V4 Isaeva2008 - Modelling of Anti-Tumour Immune Response Immunocorrective Effect of Weak Centimetre Electromagnetic Waves",
                "fileSize": "30719",
                "mimeType": "application/xml",
                "md5sum": "d1aee77c46013717912fcdfc42e9e212",
                "sha1sum": "11a6c4997bd95cf244dd5e096fdddc654e7df2d5",
                "sha256sum": "63e748e472ff9e48a0a40a4ac9abaa8f09bded8114134e679e7be4de64e6affc"
            }
        ],
        "additional": [
            {
                "name": "Isaeva2008-biopax2.owl",
                "description": "Auto-generated BioPAX (Level 2) file.",
                "fileSize": "10445",
                "mimeType": "application/rdf+xml",
                "md5sum": "f275ee6479a6b83c6a38aef04072d0f8",
                "sha1sum": "390166a16915473d4d43011c3827e3c5ef559a88",
                "sha256sum": "d25def805d420e3d9f243814330866335048958dc73edd9aa6ff65cbbfce89fe"
            },
            {
                "name": "Isaeva2008-biopax3.owl",
                "description": "Auto-generated BioPAX (Level 3) file.",
                "fileSize": "13800",
                "mimeType": "application/rdf+xml",
                "md5sum": "117ee4b994a7d03b8d602a350f98f7fc",
                "sha1sum": "4644d8e60326f8212563117e3dcff628f0dff560",
                "sha256sum": "00e7ce86566c142a12d0ac55c84a9ff5d96faf950553dad4e10e833a8847c945"
            },
            {
                "name": "Isaeva2008-matlab.m",
                "description": "Auto-generated Matlab file.",
                "fileSize": "6065",
                "mimeType": "text/x-matlab",
                "md5sum": "0cde4227938a74a89e38633755a44f0e",
                "sha1sum": "0535b880f154efacb707298eaf25bf14a561eaf8",
                "sha256sum": "9562eb5793e21d7101013f43799ed4e145d1163faf0b98bc4c8c53e9e0e4b33b"
            },
            {
                "name": "Isaeva2008-octave.m",
                "description": "Auto-generated Octave file.",
                "fileSize": "6065",
                "mimeType": "text/x-matlab",
                "md5sum": "02d121bd831040b5000e82684511534a",
                "sha1sum": "5f7ca0aa68e7ba4c53828e6116844f21b985e5ce",
                "sha256sum": "e108f1667c5c17fd090e03879daf6f544f48aceace751e8892ee3852370352a7"
            },
            {
                "name": "Isaeva2008.cps",
                "description": "COPASI version 4.24 (Build 197) Isaeva2008 - Modelling of Anti-Tumour Immune Response Immunocorrective Effect of Weak Centimetre Electromagnetic Waves",
                "fileSize": "60020",
                "mimeType": "application/xml",
                "md5sum": "f7cf962815905668fc4d6ff7642fa0ae",
                "sha1sum": "80d818d671bc94d23eeac86cbbb0877551ccc406",
                "sha256sum": "b638fea8ca4f965820fbff2fcafd7d6d5cab46c1e4b262c90aa2c20b6bff5a70"
            },
            {
                "name": "Isaeva2008.ode",
                "description": "Auto-generated ODE file for XPP.",
                "fileSize": "4016",
                "mimeType": "text/plain",
                "md5sum": "aa84889d4bf67a86bb3e36efb89ebd3e",
                "sha1sum": "b358b966038982707778d5b474c4bb30c7b2ee44",
                "sha256sum": "a9237b0d15665419813e4c232ad020ef9a6b5582d03645b177bdc22441db4771"
            },
            {
                "name": "Isaeva2008.sedml",
                "description": "SEDML L1V2 Isaeva2008 - Modelling of Anti-Tumour Immune Response Immunocorrective Effect of Weak Centimetre Electromagnetic Waves (additionally CRBM-validated and adjusted). (additionally CRBM-validated and adjusted).",
                "fileSize": "13856",
                "mimeType": "application/xml",
                "md5sum": "f6cd75ecbeada675780ec304d67dab88",
                "sha1sum": "aa41c55b5b5269e686568c6e6d38bc6dc28236f4",
                "sha256sum": "d437498b6406a6e3f6a6b4fe8bc2e2ab8e9601a197990da4db7120e724091a16"
            },
            {
                "name": "curation_image.png",
                "description": "Reproduced figure(s) from original curation.",
                "fileSize": "122295",
                "mimeType": "image/png",
                "md5sum": "af57da569521d246ba21a4afb577b803",
                "sha1sum": "522b01c5d524a3876dd8f520054507478ad21c6f",
                "sha256sum": "d4f62412bef497abdc891f9dce1cd24f5b0784100d163dd2c90bf4c3369d5b37"
            },
            {
                "name": "curation_notes.txt",
                "description": "Notes from original curation (describes curation_image).",
                "fileSize": "140",
                "mimeType": "text/plain",
                "md5sum": "22b613591f17c8b7ea80e137f9c8857b",
                "sha1sum": "050f32bea33fd0b8b296cfc4bc1f18ada86f58ea",
                "sha256sum": "7f203e033d33ce4b115eecfbb37762590c57d45aface1ff7225ea74593757363"
            },
            {
                "name": "manifest.xml",
                "description": "Auto-generated manifest file for OMEX archives.",
                "fileSize": "1411",
                "mimeType": "application/xml",
                "md5sum": "3d0ada8ba5bb401de357f4122f14ae12",
                "sha1sum": "50125585b036b7e6c875c109077c571450131829",
                "sha256sum": "ff97199dc444320c234477e8edafeafeef734b1ddd0202a5eecb752c41b07cda"
            },
            {
                "name": "metadata.rdf",
                "description": "Auto-generated annotation metadata file.",
                "fileSize": "3231",
                "mimeType": "application/rdf+xml",
                "md5sum": "0265f6e9e327fc48bed1b1d2e441e4e9",
                "sha1sum": "08630811fed7f517c75444629b6897b5b7902b61",
                "sha256sum": "4a38f113b488916d51747a5098a8c20189a185c0c175f1548b6e875e6e0753e0"
            }
        ]
    },
    "history": {
        "revisions": [
            {
                "version": 1,
                "submitted": 1579001019,
                "submitter": "Mohammad Umer Sharif Shohan",
                "comment": "Import of Isaeva2008 - Modelling of Anti-Tumour Immune Response Immunocorrective Effect of Weak Centimetre Electromagnetic Waves"
            },
            {
                "version": 2,
                "submitted": 1579001301,
                "submitter": "Mohammad Umer Sharif Shohan",
                "comment": "Automatically added model identifier BIOMD0000000910"
            },
            {
                "version": 4,
                "submitted": 1579001360,
                "submitter": "Mohammad Umer Sharif Shohan",
                "comment": "Automatically added model identifier BIOMD0000000910"
            },
            {
                "version": 6,
                "submitted": 1579004398,
                "submitter": "Mohammad Umer Sharif Shohan",
                "comment": "Automatically added model identifier BIOMD0000000910"
            },
            {
                "version": 7,
                "submitted": 1735840535,
                "submitter": "Lucian Smith",
                "comment": "CRBM-sponsored manual and automated updates."
            }
        ]
    },
    "firstPublished": 1725281936,
    "submissionId": "MODEL2001140001",
    "publicationId": "BIOMD0000000910",
    "modellingApproach": {
        "accession": "MAMO_0000046",
        "name": "ordinary differential equation model",
        "resource": "http://identifiers.org/mamo/MAMO_0000046"
    },
    "curationStatus": "CURATED",
    "modelTags": [
        "Immuno-oncology"
    ],
    "contributors": {
        "Curator": [
            {
                "name": "Lucian Smith",
                "email": "lpsmith@uw.edu",
                "affiliation": "University of Washington",
                "orcid": "0000-0001-7002-6386",
                "external": false
            }
        ],
        "Modeller": [
            {
                "name": "Mohammad Umer Sharif Shohan",
                "email": "msharifshohan@ebi.ac.uk",
                "affiliation": "EMBL-EBI",
                "orcid": "0000-0003-3985-2879",
                "external": false
            }
        ]
    },
    "vcsIdentifier": "aai",
    "modelLevelAnnotations": [
        {
            "qualifier": "bqbiol:hasTaxon",
            "accession": "9606",
            "name": "Homo sapiens",
            "resource": "Taxonomy",
            "uri": "http://identifiers.org/taxonomy/9606"
        },
        {
            "qualifier": "bqbiol:hasProperty",
            "accession": "MAMO_0000046",
            "name": "Ordinary differential equation model",
            "resource": "Mathematical Modelling Ontology",
            "uri": "http://identifiers.org/mamo/MAMO_0000046"
        },
        {
            "qualifier": "bqmodel:isDescribedBy",
            "accession": "10.1080/17486700802373540",
            "resource": "DOI",
            "uri": "http://identifiers.org/doi/10.1080/17486700802373540"
        },
        {
            "qualifier": "bqmodel:is",
            "accession": "MODEL2001140001",
            "resource": "BioModels Database",
            "uri": "http://identifiers.org/biomodels.db/MODEL2001140001"
        },
        {
            "qualifier": "bqmodel:is",
            "accession": "BIOMD0000000910",
            "resource": "BioModels Database",
            "uri": "http://identifiers.org/biomodels.db/BIOMD0000000910"
        },
        {
            "qualifier": "bqbiol:isVersionOf",
            "accession": "NCIT:C17050",
            "name": "Electromagnetic Radiation",
            "resource": "NCIt",
            "uri": "http://identifiers.org/ncit/C17050"
        }
    ]
}