{
    "name": "Dwivedi2014 - Crohns IL6 Disease model - Anti-IL6 Antibody",
    "description": "<notes xmlns=\"http://www.sbml.org/sbml/level2/version4\">      <body xmlns=\"http://www.w3.org/1999/xhtml\">        <div class=\"dc:title\">Dwivedi2014 - Crohns IL6 Disease model -Anti-IL6 Antibody</div><div class=\"dc:description\">This model is comprised of four models:<br /><ul>  <li>  <a href=\"http://www.ebi.ac.uk/biomodels-main/BIOMD0000000534\">[BIOMD0000000534]</a>  Healthy Volunteer model  <br /></li>  <li>  <a href=\"http://www.ebi.ac.uk/biomodels-main/BIOMD0000000535\">[BIOMD0000000535]</a>  Crohn's Disease - IL-6 Antibody  <br /></li>  <li>  <a href=\"http://www.ebi.ac.uk/biomodels-main/BIOMD0000000536\">[BIOMD0000000536]</a>  Crohn's Disease - sgp130FC</li>  <li>  <a href=\"http://www.ebi.ac.uk/biomodels-main/BIOMD0000000537\">[BIOMD0000000537]</a>  Crohn's Disease - IL-6Ra Antibody  <br /></li></ul>Possible avenues for Interleukin-6 (IL-6) inhibition intreating Crohn's disease are compared here. Each model refers toseparate ligands. The system simulates differential activity of theligands on the signalling of IL-6. <span class=\"st\">This affects Signal Transducer and Activator ofTranscription 3</span> (STAT3) activity on the production ofbiomarker C-Reactive Protein (CRP) expression.<br />Figures referring to this Crohn's Disease model are 4a, 4b,4c and 5a.<br /></div><div class=\"dc:bibliographicCitation\">  <p>This model is described in the article:</p>  <div class=\"bibo:title\">    <a href=\"http://identifiers.org/pubmed/24402116\" title=\"Access to this publication\">A multiscale model of    interleukin-6-mediated immune regulation in Crohn's disease and    its application in drug discovery and development.</a>  </div>  <div class=\"bibo:authorList\">Dwivedi G, Fitz L, Hegen M, Martin  SW, Harrold J, Heatherington A, Li C.</div>  <div class=\"bibo:Journal\">CPT Pharmacometrics Syst Pharmacol  2014; 3: e89</div>  <p>Abstract:</p>  <div class=\"bibo:abstract\">    <p>In this study, we have developed a multiscale systems model    of interleukin (IL)-6-mediated immune regulation in Crohn's    disease, by integrating intracellular signaling with    organ-level dynamics of pharmacological markers underlying the    disease. This model was linked to a general pharmacokinetic    model for therapeutic monoclonal antibodies and used to    comparatively study various biotherapeutic strategies targeting    IL-6-mediated signaling in Crohn's disease. Our work    illustrates techniques to develop mechanistic models of disease    biology to study drug-system interaction. Despite a sparse    training data set, predictions of the model were qualitatively    validated by clinical biomarker data from a pilot trial with    tocilizumab. Model-based analysis suggests that strategies    targeting IL-6, IL-6R?, or the IL-6/sIL-6R? complex are less    effective at suppressing pharmacological markers of Crohn's    than dual targeting the IL-6/sIL-6R? complex in addition to    IL-6 or IL-6R?. The potential value of multiscale system    pharmacology modeling in drug discovery and development is also    discussed.CPT: Pharmacometrics &amp; Systems Pharmacology    (2014) 3, e89; doi:10.1038/psp.2013.64; advance online    publication 8 January 2014.</p>  </div></div><div class=\"dc:publisher\">  <p>This model is hosted on   <a href=\"http://www.ebi.ac.uk/biomodels/\">BioModels Database</a>  and identified by:   <a href=\"http://identifiers.org/biomodels.db/BIOMD0000000535\">BIOMD0000000535</a>.</p>  <p>To cite BioModels Database, please use:   <a href=\"http://identifiers.org/pubmed/20587024\" title=\"Latest BioModels Database publication\">BioModels Database:  An enhanced, curated and annotated resource for published  quantitative kinetic models</a>.</p></div><div class=\"dc:license\">  <p>To the extent possible under law, all copyright and related or  neighbouring rights to this encoded model have been dedicated to  the public domain worldwide. Please refer to   <a href=\"http://creativecommons.org/publicdomain/zero/1.0/\" title=\"Access to: CC0 1.0 Universal (CC0 1.0), Public Domain Dedication\">CC0  Public Domain Dedication</a> for more information.</p></div></body>    </notes>",
    "format": {
        "name": "SBML",
        "identifier": "SBML",
        "version": "L2V4"
    },
    "publication": {
        "type": "PubMed ID",
        "accession": "24402116",
        "journal": "CPT: pharmacometrics & systems pharmacology",
        "title": "A multiscale model of interleukin-6-mediated immune regulation in Crohn's disease and its application in drug discovery and development.",
        "affiliation": "The Wallace H. Coulter Department of Biomedical Engineering, Georgia Institute of Technology and Emory University, Atlanta, Georgia, USA.",
        "synopsis": "In this study, we have developed a multiscale systems model of interleukin (IL)-6-mediated immune regulation in Crohn's disease, by integrating intracellular signaling with organ-level dynamics of pharmacological markers underlying the disease. This model was linked to a general pharmacokinetic model for therapeutic monoclonal antibodies and used to comparatively study various biotherapeutic strategies targeting IL-6-mediated signaling in Crohn's disease. Our work illustrates techniques to develop mechanistic models of disease biology to study drug-system interaction. Despite a sparse training data set, predictions of the model were qualitatively validated by clinical biomarker data from a pilot trial with tocilizumab. Model-based analysis suggests that strategies targeting IL-6, IL-6Rα, or the IL-6/sIL-6Rα complex are less effective at suppressing pharmacological markers of Crohn's than dual targeting the IL-6/sIL-6Rα complex in addition to IL-6 or IL-6Rα. The potential value of multiscale system pharmacology modeling in drug discovery and development is also discussed.CPT: Pharmacometrics & Systems Pharmacology (2014) 3, e89; doi:10.1038/psp.2013.64; advance online publication 8 January 2014.",
        "year": 2014,
        "month": "1",
        "volume": "3",
        "pages": "e89",
        "link": "http://identifiers.org/pubmed/24402116",
        "authors": [
            {
                "name": "G Dwivedi",
                "institution": "The Wallace H. Coulter Department of Biomedical Engineering, Georgia Institute of Technology and Emory University, Atlanta, Georgia, USA.",
                "orcid": "0000-0003-0681-0795"
            },
            {
                "name": "L Fitz",
                "institution": "Biotherapeutics Clinical Research, Pfizer Inc, Cambridge, Massachusetts, USA."
            },
            {
                "name": "M Hegen",
                "institution": "Immunoscience, Pfizer Inc, Cambridge, Massachusetts, USA."
            },
            {
                "name": "S W Martin",
                "institution": "Global Clinical Pharmacology, Pfizer Inc, Cambridge, Massachusetts, USA."
            },
            {
                "name": "J Harrold",
                "institution": "Pharmacokinetics, Dynamics & Metabolism, Pfizer Inc, Cambridge, Massachusetts, USA."
            },
            {
                "name": "A Heatherington",
                "institution": "Quantitative Clinical Sciences, Biotherapeutics, Pfizer Inc, Cambridge, Massachusetts, USA."
            },
            {
                "name": "C Li",
                "institution": "Quantitative Clinical Sciences, Biotherapeutics, Pfizer Inc, Cambridge, Massachusetts, USA."
            }
        ]
    },
    "files": {
        "main": [
            {
                "name": "BIOMD0000000535_url.xml",
                "description": "SBML L2V4 representation of Dwivedi2014 - Crohns IL6 Disease model - Anti-IL6 Antibody",
                "fileSize": "226658",
                "mimeType": "application/xml",
                "md5sum": "7f06e5e1522b30b56e02d3fb8fbecc97",
                "sha1sum": "8795eed4c90350eea4433260f6ef87f73f9d3af9",
                "sha256sum": "5e32c4bad1ce518e23fa7371aa2480620b180f2ca06beeb70402fd443a3acc54"
            }
        ],
        "additional": [
            {
                "name": "BIOMD0000000535-biopax2.owl",
                "description": "Auto-generated BioPAX (Level 2)",
                "fileSize": "121655",
                "mimeType": "application/rdf+xml",
                "md5sum": "337d20348141f4c9cc474b5a0c7926b0",
                "sha1sum": "e96c00823ea0c4f9c5d233dc98dafe8b49f19911",
                "sha256sum": "52ebd73b3419aab384ddca5c50ff960c375ebe254fd24e35caf6886b0ffa351c"
            },
            {
                "name": "BIOMD0000000535-biopax3.owl",
                "description": "Auto-generated BioPAX (Level 3)",
                "fileSize": "207346",
                "mimeType": "application/rdf+xml",
                "md5sum": "5e4d6da94a9beaef214de127e17fe583",
                "sha1sum": "ae9de1cca43371f4c116da623a8634533da9bfa7",
                "sha256sum": "d0e20a99f68c9ae5db823724bd63ba7b616112b7b3ff32cd94dc810b71529172"
            },
            {
                "name": "BIOMD0000000535-matlab.m",
                "description": "Auto-generated Matlab file.",
                "fileSize": "63673",
                "mimeType": "text/x-matlab",
                "md5sum": "a8296e1a77c26d1fcaa1f0f90d62bc1d",
                "sha1sum": "17458dcb13b0a3c1a3ffaaf64d5fdf24ab5186a1",
                "sha256sum": "c976a489215289040d0067dbdc501d695bc3b4ace0e3c39be846929d19205046"
            },
            {
                "name": "BIOMD0000000535-octave.m",
                "description": "Auto-generated Octave file.",
                "fileSize": "63673",
                "mimeType": "text/x-matlab",
                "md5sum": "6fa5a933d43713657c77a3568188ce55",
                "sha1sum": "ee029f812372184a2684ab53b9c6a638d1290b44",
                "sha256sum": "3073bdfbdd5aed69efb61e413d0f6496cac00f0096f9e9a68c18a85f07aa9ede"
            },
            {
                "name": "BIOMD0000000535.m",
                "description": "Auto-generated Octave file",
                "fileSize": "63673",
                "mimeType": "text/x-matlab",
                "md5sum": "6fa5a933d43713657c77a3568188ce55",
                "sha1sum": "ee029f812372184a2684ab53b9c6a638d1290b44",
                "sha256sum": "3073bdfbdd5aed69efb61e413d0f6496cac00f0096f9e9a68c18a85f07aa9ede"
            },
            {
                "name": "BIOMD0000000535.ode",
                "description": "Auto-generated ODE file for XPP.",
                "fileSize": "49619",
                "mimeType": "text/plain",
                "md5sum": "99e767444011b3a44213d358e13e27df",
                "sha1sum": "b1ec33a884087845f1d948f3abb6ff3877071e12",
                "sha256sum": "26103f9cf6425b8f744eaadf55b9a2599fc6e6adb221d84d4b8cfe6fe37d4871"
            },
            {
                "name": "BIOMD0000000535.pdf",
                "description": "Auto-generated PDF file",
                "fileSize": "796024",
                "mimeType": "application/pdf",
                "md5sum": "566fdbed223b0d5153ec4188975f9e1d",
                "sha1sum": "a6d45f3bc127c167be9a0a105ad2a31a4c5d3499",
                "sha256sum": "5013711a9b91a3eae28413361752cc82c88a3454e06e87dae5b571062bd6bf4f"
            },
            {
                "name": "BIOMD0000000535.png",
                "description": "Auto-generated Reaction graph (PNG)",
                "fileSize": "1010389",
                "mimeType": "image/png",
                "md5sum": "0244b3961dc8cbb2883805aa045a9b54",
                "sha1sum": "4224a7388ea5cfcc61d62464b2165fdb28f1a02f",
                "sha256sum": "40cbeb5dfb7f2378c9d04a6161f189c9ce6f04e2cd93365bffbc00ece71b5928"
            },
            {
                "name": "BIOMD0000000535.svg",
                "description": "Auto-generated Reaction graph (SVG)",
                "fileSize": "257606",
                "mimeType": "image/svg+xml",
                "md5sum": "8aa5ed81a0ec2c2fd8da0978d9926392",
                "sha1sum": "3f730f04ad024e67e4f1baf73c517e95f91d7e90",
                "sha256sum": "84bafaa728b405810a99616aa579abeb5e3a8063692a218337a51f8c003ebca2"
            },
            {
                "name": "BIOMD0000000535_url.sedml",
                "description": "CRBM auto-generated \"template\" SED-ML file.",
                "fileSize": "129118",
                "mimeType": "application/xml",
                "md5sum": "ed4c6103b5294c7c7208810e803d66b2",
                "sha1sum": "2928e976fd76cffa3774ec325eb22cffe061ed68",
                "sha256sum": "4739c3e434e9b86ef26e7401c965a52fd540e6c7b6064e6da95ec6e134a964cb"
            },
            {
                "name": "Dwivedi2014_IL6_curation_log.txt.zip",
                "description": "Curation log.txt file summarising all changes made to original model.\r\nIncludes details of figure reproduction.",
                "fileSize": "2329",
                "mimeType": "application/zip",
                "md5sum": "2ae72a134101b08a7d5217805b6f0b40",
                "sha1sum": "28b046edb2bfe11343a9ace474a2d61c70c3cf9c",
                "sha256sum": "a14bd24dd2219951eee92a40c586daff4f7fc023a6a0d0b59fa1c6d1e81a802b"
            },
            {
                "name": "curation_image.png",
                "description": "Reproduced figure(s) from original curation.",
                "fileSize": "158903",
                "mimeType": "image/png",
                "md5sum": "4cf086ebd415bf99b311f5eac4c76e4a",
                "sha1sum": "46333fdb63491678325b56c8a0465ca5b52dd5f2",
                "sha256sum": "d1e300b17eae0329ca3f0bc0271c43b153eea37e86674f1f5c77c3d17276c39f"
            },
            {
                "name": "curation_notes.txt",
                "description": "Notes from original curation (describes curation_image).",
                "fileSize": "980",
                "mimeType": "text/plain",
                "md5sum": "f563c06e2a7f571a78e469c83e27f3f8",
                "sha1sum": "40e77cf72c9b239f399beee59cba790f15fc8bce",
                "sha256sum": "f4289be487a3ef29beac2435b41434482c63cc6540718b3d1836b5a2db14edb1"
            },
            {
                "name": "manifest.xml",
                "description": "Auto-generated manifest file for OMEX archives.",
                "fileSize": "1923",
                "mimeType": "application/xml",
                "md5sum": "babf1e93877f6fb86e290673a415445f",
                "sha1sum": "73ed4b3881accc0a8f9517d42131e3630b3fb8f4",
                "sha256sum": "655cc2bc386e5b4a4667ae1ae8069fe7530547ba8562ac6524ec08e24e22923c"
            },
            {
                "name": "metadata.rdf",
                "description": "Auto-generated annotation metadata file.",
                "fileSize": "6792",
                "mimeType": "application/rdf+xml",
                "md5sum": "6daf5832a3574754a2890e35a235a0f3",
                "sha1sum": "269acce2f72baee06ce9035b96965f14ef6655ad",
                "sha256sum": "56b4ed85aff3e348cca26d197c86d7e3b06a2fe80cea206ba90e8d6f1c730baf"
            }
        ]
    },
    "history": {
        "revisions": [
            {
                "version": 1,
                "submitted": 1407242640,
                "submitter": "Vincent Knight-Schrijver",
                "comment": "Original import of Dwivedi2014 - Crohns IL6 Disease model - Anti-IL6 Antibody"
            },
            {
                "version": 2,
                "submitted": 1484323364,
                "submitter": "Vincent Knight-Schrijver",
                "comment": "Current version of Dwivedi2014 - Crohns IL6 Disease model - Anti-IL6 Antibody"
            },
            {
                "version": 3,
                "submitted": 1545413328,
                "submitter": "administrator",
                "comment": "Include the additional files provided by the submitter in the original submission: Dwivedi2014_IL6_curation_log.txt.zip"
            },
            {
                "version": 4,
                "submitted": 1724277046,
                "submitter": "Lucian Smith",
                "comment": "CRBM-sponsored manual and automated updates."
            }
        ]
    },
    "firstPublished": 1725281704,
    "submissionId": "MODEL1408050001",
    "publicationId": "BIOMD0000000535",
    "modellingApproach": {
        "accession": "MAMO_0000046",
        "name": "ordinary differential equation model",
        "resource": "http://identifiers.org/mamo/MAMO_0000046"
    },
    "curationStatus": "CURATED",
    "contributors": {
        "Curator": [
            {
                "name": "Lucian Smith",
                "email": "lpsmith@uw.edu",
                "affiliation": "University of Washington",
                "orcid": "0000-0001-7002-6386",
                "external": false
            }
        ],
        "Modeller": [
            {
                "name": "administrator",
                "email": "biomodels-developers@ebi.ac.uk",
                "affiliation": "EMBL - European Bioinformatics Institute (EBI)",
                "external": false
            },
            {
                "name": "Vincent Knight-Schrijver",
                "email": "vknight@ebi.ac.uk",
                "affiliation": "EMBL-EBI",
                "external": false
            }
        ]
    },
    "vcsIdentifier": "aaa",
    "modelLevelAnnotations": [
        {
            "qualifier": "bqbiol:hasTaxon",
            "accession": "9606",
            "name": "Homo sapiens",
            "resource": "Taxonomy",
            "uri": "http://identifiers.org/taxonomy/9606"
        },
        {
            "qualifier": "bqmodel:is",
            "accession": "MODEL1408050001",
            "resource": "BioModels Database",
            "uri": "http://identifiers.org/biomodels.db/MODEL1408050001"
        },
        {
            "qualifier": "bqmodel:is",
            "accession": "BIOMD0000000535",
            "resource": "BioModels Database",
            "uri": "http://identifiers.org/biomodels.db/BIOMD0000000535"
        },
        {
            "qualifier": "bqmodel:isDescribedBy",
            "accession": "24402116",
            "resource": "PubMed",
            "uri": "http://identifiers.org/pubmed/24402116"
        },
        {
            "qualifier": "bqbiol:isPartOf",
            "accession": "REACT_27307.1",
            "name": "Interleukin-6 signaling",
            "resource": "Reactome",
            "uri": "http://identifiers.org/reactome/REACT_27307.1"
        },
        {
            "qualifier": "bqbiol:hasVersion",
            "accession": "DOID:8778",
            "name": "Crohn's disease",
            "resource": "Human Disease Ontology",
            "uri": "http://identifiers.org/doid/DOID:8778"
        },
        {
            "qualifier": "bqbiol:isVersionOf",
            "accession": "GO:0004915",
            "name": "interleukin-6 receptor activity",
            "resource": "Gene Ontology",
            "uri": "http://identifiers.org/go/GO:0004915"
        },
        {
            "qualifier": "bqbiol:hasPart",
            "accession": "GO:0007259",
            "name": "JAK-STAT cascade",
            "resource": "Gene Ontology",
            "uri": "http://identifiers.org/go/GO:0007259"
        },
        {
            "qualifier": "bqbiol:hasProperty",
            "accession": "MAMO_0000046",
            "name": "Ordinary differential equation model",
            "resource": "Mathematical Modelling Ontology",
            "uri": "http://identifiers.org/mamo/MAMO_0000046"
        }
    ]
}