<?xml version='1.0' encoding='UTF-8' standalone='no'?>
<sbml xmlns="http://www.sbml.org/sbml/level2/version4" level="2" metaid="_947364" version="4">
  <model id="BIOMD0000000462" metaid="_947376" name="Proctor2012 - Role of Amyloid-beta dimers in aggregation formation">
    <notes>
      <body xmlns="http://www.w3.org/1999/xhtml">
        <div class="dc:title">Proctor2012 - Amyloid-beta aggregation</div>
            <div class="dc:description">      <p>This model supports the current thinking that levels of dimers are important in initiating the aggregation process.</p>
                </div>
            <div class="dc:bibliographicCitation">      <p>This model is described in the article:</p>
                <div class="bibo:title">        <a href="http://identifiers.org/pubmed/22748062" title="Access to this publication">Aggregation, impaired degradation and immunization targeting of amyloid-beta dimers in Alzheimer's disease: a stochastic modelling approach.</a>
                    </div>
                <div class="bibo:authorList">Proctor CJ, Pienaar IS, Elson JL, Kirkwood TB</div>
                <div class="bibo:Journal">Molecular Neurodegeneration. 2012; 7:32</div>
                <p>Abstract:</p>
                <div class="bibo:abstract">        <p>          <b>BACKGROUND:</b>
              Alzheimer's disease (AD) is the most frequently diagnosed neurodegenerative disorder affecting humans, with advanced age being the most prominent risk factor for developing AD. Despite intense research efforts aimed at elucidating the precise molecular underpinnings of AD, a definitive answer is still lacking. In recent years, consensus has grown that dimerisation of the polypeptide amyloid-beta (Aß), particularly Aß₄₂, plays a crucial role in the neuropathology that characterise AD-affected post-mortem brains, including the large-scale accumulation of fibrils, also referred to as senile plaques. This has led to the realistic hope that targeting Aß₄₂ immunotherapeutically could drastically reduce plaque burden in the ageing brain, thus delaying AD onset or symptom progression. Stochastic modelling is a useful tool for increasing understanding of the processes underlying complex systems-affecting disorders such as AD, providing a rapid and inexpensive strategy for testing putative new therapies. In light of the tool's utility, we developed computer simulation models to examine Aß₄₂ turnover and its aggregation in detail and to test the effect of immunization against Aß dimers.          </p>
                    <p>          <b>RESULTS:</b>
              Our model demonstrates for the first time that even a slight decrease in the clearance rate of Aß₄₂ monomers is sufficient to increase the chance of dimers forming, which could act as instigators of protofibril and fibril formation, resulting in increased plaque levels. As the process is slow and levels of Aβ are normally low, stochastic effects are important. Our model predicts that reducing the rate of dimerisation leads to a significant reduction in plaque levels and delays onset of plaque formation. The model was used to test the effect of an antibody mediated immunological response. Our results showed that plaque levels were reduced compared to conditions where antibodies are not present.          </p>
                    <p>          <b>CONCLUSION:</b>
              Our model supports the current thinking that levels of dimers are important in initiating the aggregation process. Although substantial knowledge exists regarding the process, no therapeutic intervention is on offer that reliably decreases disease burden in AD patients. Computer modelling could serve as one of a number of tools to examine both the validity of reliable biomarkers and aid the discovery of successful intervention strategies.          </p>
                    </div>
                </div>
            <div class="dc:publisher">      <p>This model is hosted on        <a href="http://www.ebi.ac.uk/biomodels/">BioModels Database</a>
            and identified by:        <a href="http://identifiers.org/biomodels.db/BIOMD0000000462">BIOMD0000000462</a>
            .        </p>
                <p>To cite BioModels Database, please use:        <a href="http://identifiers.org/pubmed/20587024" title="Latest BioModels Database publication">BioModels Database: An enhanced, curated and annotated resource for published quantitative kinetic models</a>
            .        </p>
                </div>
            <div class="dc:license">      <p>To the extent possible under law, all copyright and related or neighbouring rights to this encoded model have been dedicated to the public domain worldwide. Please refer to        <a href="http://creativecommons.org/publicdomain/zero/1.0/" title="Access to: CC0 1.0 Universal (CC0 1.0), Public Domain Dedication">CC0 Public Domain Dedication</a>
            for more information.        </p>
                </div>
            </body>
      
    </notes>
    <annotation>
	<rdf:RDF xmlns:rdf="http://www.w3.org/1999/02/22-rdf-syntax-ns#" xmlns:dc="http://purl.org/dc/elements/1.1/" xmlns:vCard="http://www.w3.org/2001/vcard-rdf/3.0#" xmlns:dcterms="http://purl.org/dc/terms/" xmlns:bqmodel="http://biomodels.net/model-qualifiers/" xmlns:bqbiol="http://biomodels.net/biology-qualifiers/">
        <rdf:Description rdf:about="#_947376">
	<dc:creator>
	<rdf:Bag>
	<rdf:li rdf:parseType="Resource">
	<vCard:N rdf:parseType="Resource">
	<vCard:Family>Proctor</vCard:Family>
	<vCard:Given>Carole</vCard:Given>
	</vCard:N>
	<vCard:EMAIL>c.j.proctor@ncl.ac.uk</vCard:EMAIL>
	<vCard:ORG rdf:parseType="Resource">
	<vCard:Orgname>University of Newcastle</vCard:Orgname>
	</vCard:ORG>
	</rdf:li>
	<rdf:li rdf:parseType="Resource">
	<vCard:N rdf:parseType="Resource">
	<vCard:Family>Chelliah</vCard:Family>
	<vCard:Given>Vijayalakshmi</vCard:Given>
	</vCard:N>
	<vCard:EMAIL>viji@ebi.ac.uk</vCard:EMAIL>
	<vCard:ORG rdf:parseType="Resource">
	<vCard:Orgname>EMBL-EBI</vCard:Orgname>
	</vCard:ORG>
	</rdf:li>
	</rdf:Bag>
	</dc:creator>
	<dcterms:created rdf:parseType="Resource">
	<dcterms:W3CDTF>2013-06-06T19:51:15Z</dcterms:W3CDTF>
	</dcterms:created>
	<dcterms:modified rdf:parseType="Resource">
	<dcterms:W3CDTF>2014-10-10T11:22:18Z</dcterms:W3CDTF>
	</dcterms:modified>
	<bqmodel:is>
	<rdf:Bag>
	<rdf:li rdf:resource="http://identifiers.org/biomodels.db/MODEL1202290000"/>
	</rdf:Bag>
	</bqmodel:is>
	<bqmodel:is>
	<rdf:Bag>
	<rdf:li rdf:resource="http://identifiers.org/biomodels.db/BIOMD0000000462"/>
	</rdf:Bag>
	</bqmodel:is>
	<bqmodel:isDescribedBy>
	<rdf:Bag>
	<rdf:li rdf:resource="http://identifiers.org/pubmed/22748062"/>
	</rdf:Bag>
	</bqmodel:isDescribedBy>
	<bqbiol:isVersionOf>
	<rdf:Bag>
	<rdf:li rdf:resource="http://identifiers.org/go/GO:0097242"/>
	<rdf:li rdf:resource="http://identifiers.org/go/GO:0070841"/>
	</rdf:Bag>
	</bqbiol:isVersionOf>
	<bqbiol:hasTaxon>
	<rdf:Bag>
	<rdf:li rdf:resource="http://identifiers.org/taxonomy/9606"/>
	</rdf:Bag>
	</bqbiol:hasTaxon>
	<bqbiol:hasProperty>
	<rdf:Bag>
	<rdf:li rdf:resource="http://identifiers.org/mamo/MAMO_0000046"/>
	</rdf:Bag>
	</bqbiol:hasProperty>
	</rdf:Description>
	
	
	</rdf:RDF>
	</annotation>
      <listOfUnitDefinitions>
      <unitDefinition id="substance" metaid="_947388">
        <listOfUnits>
          <unit kind="item" metaid="_947400"/>
        </listOfUnits>
      </unitDefinition>
    </listOfUnitDefinitions>
    <listOfCompartments>
      <compartment id="cell" metaid="_947412" size="1"/>
    </listOfCompartments>
    <listOfSpecies>
      <species compartment="cell" hasOnlySubstanceUnits="true" id="Abeta" initialAmount="0" metaid="_947424" name="AbetaMonomer">
        <annotation>
	<rdf:RDF xmlns:rdf="http://www.w3.org/1999/02/22-rdf-syntax-ns#" xmlns:bqmodel="http://biomodels.net/model-qualifiers/" xmlns:bqbiol="http://biomodels.net/biology-qualifiers/">
            <rdf:Description rdf:about="#_947424">
	<bqbiol:isVersionOf>
	<rdf:Bag>
	<rdf:li rdf:resource="http://identifiers.org/chebi/CHEBI:64645"/>
	</rdf:Bag>
	</bqbiol:isVersionOf>
	</rdf:Description>
	
	
	</rdf:RDF>
	</annotation>
            </species>
      <species compartment="cell" hasOnlySubstanceUnits="true" id="AbDim" initialAmount="0" metaid="_947436" name="AbetaDimer">
        <annotation>
	<rdf:RDF xmlns:rdf="http://www.w3.org/1999/02/22-rdf-syntax-ns#" xmlns:bqmodel="http://biomodels.net/model-qualifiers/" xmlns:bqbiol="http://biomodels.net/biology-qualifiers/">
            <rdf:Description rdf:about="#_947436">
	<bqbiol:isVersionOf>
	<rdf:Bag>
	<rdf:li rdf:resource="http://identifiers.org/chebi/CHEBI:64645"/>
	<rdf:li rdf:resource="http://identifiers.org/go/GO:0043234"/>
	</rdf:Bag>
	</bqbiol:isVersionOf>
	</rdf:Description>
	
	
	</rdf:RDF>
	</annotation>
            </species>
      <species compartment="cell" hasOnlySubstanceUnits="true" id="AbP" initialAmount="0" metaid="_947448" name="AbetaPlaque">
        <annotation>
	<rdf:RDF xmlns:rdf="http://www.w3.org/1999/02/22-rdf-syntax-ns#" xmlns:bqmodel="http://biomodels.net/model-qualifiers/" xmlns:bqbiol="http://biomodels.net/biology-qualifiers/">
            <rdf:Description rdf:about="#_947448">
	<bqbiol:isVersionOf>
	<rdf:Bag>
	<rdf:li rdf:resource="http://identifiers.org/chebi/CHEBI:64645"/>
	<rdf:li rdf:resource="http://identifiers.org/bto/BTO:0002774"/>
	</rdf:Bag>
	</bqbiol:isVersionOf>
	</rdf:Description>
	
	
	</rdf:RDF>
	</annotation>
            </species>
      <species boundaryCondition="true" compartment="cell" constant="true" hasOnlySubstanceUnits="true" id="Source" initialAmount="1" metaid="_947460" sboTerm="SBO:0000291"/>
      <species boundaryCondition="true" compartment="cell" constant="true" hasOnlySubstanceUnits="true" id="Sink" initialAmount="1" metaid="_947472" sboTerm="SBO:0000291"/>
      <species compartment="cell" hasOnlySubstanceUnits="true" id="Nep" initialAmount="1000" metaid="_947484" name="Neprilysin">
        <annotation>
	<rdf:RDF xmlns:rdf="http://www.w3.org/1999/02/22-rdf-syntax-ns#" xmlns:bqmodel="http://biomodels.net/model-qualifiers/" xmlns:bqbiol="http://biomodels.net/biology-qualifiers/">
            <rdf:Description rdf:about="#_947484">
	<bqbiol:isVersionOf>
	<rdf:Bag>
	<rdf:li rdf:resource="http://identifiers.org/uniprot/P08473"/>
	</rdf:Bag>
	</bqbiol:isVersionOf>
	</rdf:Description>
	
	
	</rdf:RDF>
	</annotation>
            </species>
    </listOfSpecies>
    <listOfParameters>
      <parameter id="kprod" metaid="_947496" value="1.86E-5"/>
      <parameter id="kdeg" metaid="_947508" value="2.1E-5"/>
      <parameter id="kdimer" metaid="_947520" value="1.1783E-7"/>
      <parameter id="kdedimer" metaid="_947532" value="8.4655E-6"/>
      <parameter id="kdisagg" metaid="_947544" value="5.4357E-5"/>
      <parameter id="kpf" metaid="_947556" value="2.785E-6"/>
      <parameter id="kpg" metaid="_947568" value="0.00574"/>
      <parameter id="kpghalf" metaid="_947580" value="4"/>
      <parameter id="kdegNep" metaid="_947592" value="1.8E-10"/>
    </listOfParameters>
    <listOfReactions>
      <reaction id="Abetaproduction" metaid="_947604" reversible="false">
        <listOfReactants>
          <speciesReference metaid="_947616" species="Source"/>
        </listOfReactants>
        <listOfProducts>
          <speciesReference metaid="_947628" species="Abeta"/>
        </listOfProducts>
        <listOfModifiers>
          <modifierSpeciesReference metaid="_309496" species="Source"/>
        </listOfModifiers>
        <kineticLaw metaid="_947640">
          <math xmlns="http://www.w3.org/1998/Math/MathML">          
            <apply>
              <times/>
              <ci> kprod </ci>
              <ci> Source </ci>
            </apply>
          </math>
                </kineticLaw>
      </reaction>
      <reaction id="AbetaDegradation" metaid="_947652" reversible="false">
        <listOfReactants>
          <speciesReference metaid="_947664" species="Abeta"/>
          <speciesReference metaid="_947676" species="Nep"/>
        </listOfReactants>
        <listOfProducts>
          <speciesReference metaid="_947688" species="Sink"/>
          <speciesReference metaid="_947700" species="Nep"/>
        </listOfProducts>
        <listOfModifiers>
          <modifierSpeciesReference metaid="_309508" species="Abeta"/>
          <modifierSpeciesReference metaid="_309520" species="Nep"/>
        </listOfModifiers>
        <kineticLaw metaid="_947712">
          <math xmlns="http://www.w3.org/1998/Math/MathML">          
            <apply>
              <times/>
              <ci> kdeg </ci>
              <ci> Abeta </ci>
              <ci> Nep </ci>
              <cn> 0.001 </cn>
            </apply>
          </math>
                </kineticLaw>
      </reaction>
      <reaction id="AbetaDimerisation" metaid="_947724" reversible="false">
        <listOfReactants>
          <speciesReference metaid="_947736" species="Abeta" stoichiometry="2"/>
        </listOfReactants>
        <listOfProducts>
          <speciesReference metaid="_947748" species="AbDim"/>
        </listOfProducts>
        <listOfModifiers>
          <modifierSpeciesReference metaid="_309532" species="Abeta"/>
        </listOfModifiers>
        <kineticLaw metaid="_947760">
          <math xmlns="http://www.w3.org/1998/Math/MathML">          
            <apply>
              <times/>
              <ci> kdimer </ci>
              <ci> Abeta </ci>
              <apply>
                <minus/>
                <ci> Abeta </ci>
                <cn type="integer"> 1 </cn>
              </apply>
              <cn> 0.5 </cn>
            </apply>
          </math>
                </kineticLaw>
      </reaction>
      <reaction id="AbetaDedimerisation" metaid="_947772" reversible="false">
        <listOfReactants>
          <speciesReference metaid="_947784" species="AbDim"/>
        </listOfReactants>
        <listOfProducts>
          <speciesReference metaid="_947796" species="Abeta" stoichiometry="2"/>
        </listOfProducts>
        <listOfModifiers>
          <modifierSpeciesReference metaid="_309544" species="AbDim"/>
        </listOfModifiers>
        <kineticLaw metaid="_947808">
          <math xmlns="http://www.w3.org/1998/Math/MathML">          
            <apply>
              <times/>
              <ci> kdedimer </ci>
              <ci> AbDim </ci>
            </apply>
          </math>
                </kineticLaw>
      </reaction>
      <reaction id="AbetaPlaqueFormation" metaid="_947820" reversible="false">
        <listOfReactants>
          <speciesReference metaid="_947832" species="AbDim" stoichiometry="2"/>
        </listOfReactants>
        <listOfProducts>
          <speciesReference metaid="_947844" species="AbP" stoichiometry="4"/>
        </listOfProducts>
        <listOfModifiers>
          <modifierSpeciesReference metaid="_309556" species="AbDim"/>
        </listOfModifiers>
        <kineticLaw metaid="_947856">
          <math xmlns="http://www.w3.org/1998/Math/MathML">          
            <apply>
              <times/>
              <ci> kpf </ci>
              <ci> AbDim </ci>
              <apply>
                <minus/>
                <ci> AbDim </ci>
                <cn type="integer"> 1 </cn>
              </apply>
              <cn> 0.5 </cn>
            </apply>
          </math>
                </kineticLaw>
      </reaction>
      <reaction id="AbetaPlaqueGrowth" metaid="_947868" reversible="false">
        <listOfReactants>
          <speciesReference metaid="_947880" species="Abeta"/>
          <speciesReference metaid="_947892" species="AbP"/>
        </listOfReactants>
        <listOfProducts>
          <speciesReference metaid="_947904" species="AbP" stoichiometry="2"/>
        </listOfProducts>
        <listOfModifiers>
          <modifierSpeciesReference metaid="_309568" species="Abeta"/>
          <modifierSpeciesReference metaid="_309580" species="AbP"/>
        </listOfModifiers>
        <kineticLaw metaid="_947916">
          <math xmlns="http://www.w3.org/1998/Math/MathML">          
            <apply>
              <divide/>
              <apply>
                <times/>
                <ci> kpg </ci>
                <ci> Abeta </ci>
                <apply>
                  <power/>
                  <ci> AbP </ci>
                  <cn type="integer"> 2 </cn>
                </apply>
              </apply>
              <apply>
                <plus/>
                <apply>
                  <power/>
                  <ci> kpghalf </ci>
                  <cn type="integer"> 2 </cn>
                </apply>
                <apply>
                  <power/>
                  <ci> AbP </ci>
                  <cn type="integer"> 2 </cn>
                </apply>
              </apply>
            </apply>
          </math>
                </kineticLaw>
      </reaction>
      <reaction id="AbetaDisaggregation" metaid="_947928" reversible="false">
        <listOfReactants>
          <speciesReference metaid="_947940" species="AbP"/>
        </listOfReactants>
        <listOfProducts>
          <speciesReference metaid="_947952" species="Abeta"/>
        </listOfProducts>
        <listOfModifiers>
          <modifierSpeciesReference metaid="_309592" species="AbP"/>
        </listOfModifiers>
        <kineticLaw metaid="_947964">
          <math xmlns="http://www.w3.org/1998/Math/MathML">          
            <apply>
              <times/>
              <ci> kdisagg </ci>
              <ci> AbP </ci>
            </apply>
          </math>
                </kineticLaw>
      </reaction>
      <reaction id="NepDegradation" metaid="_947976" reversible="false">
        <listOfReactants>
          <speciesReference metaid="_947988" species="Nep"/>
        </listOfReactants>
        <listOfProducts>
          <speciesReference metaid="_948000" species="Sink"/>
        </listOfProducts>
        <listOfModifiers>
          <modifierSpeciesReference metaid="_309604" species="Nep"/>
        </listOfModifiers>
        <kineticLaw metaid="_948012">
          <math xmlns="http://www.w3.org/1998/Math/MathML">          
            <apply>
              <times/>
              <ci> kdegNep </ci>
              <ci> Nep </ci>
            </apply>
          </math>
                </kineticLaw>
      </reaction>
    </listOfReactions>
  </model>
</sbml>