<?xml version='1.0' encoding='UTF-8' standalone='no'?>
<sbml xmlns="http://www.sbml.org/sbml/level2/version4" level="2" version="4">
  <model id="New_Model" metaid="COPASI0" name="Afenya2018 - peripheral blodd dynamics in the disease state">
    <notes>
      <body xmlns="http://www.w3.org/1999/xhtml">
     <p>Abstract:
The cancer stem cell hypothesis has gained currency in recent times but concerns remain about its scientific foundations because of significant gaps that exist between research findings and comprehensive knowledge about cancer stem cells (CSCs). In this light, a mathematical model that considers hematopoietic dynamics in the diseased state of the bone marrow and peripheral blood is proposed and used to address findings about CSCs. The ensuing model, resulting from a modification and refinement of a recent model, develops out of the position that mathematical models of CSC development, that are few at this time, are needed to provide insightful underpinnings for biomedical findings about CSCs as the CSC idea gains traction. Accordingly, the mathematical challenges brought on by the model that mirror general challenges in dealing with nonlinear phenomena are discussed and placed in context. The proposed model describes the logical occurrence of discrete time delays, that by themselves present mathematical challenges, in the evolving cell populations under consideration. Under the challenging circumstances, the steady state properties of the model system of delay differential equations are obtained, analyzed, and the resulting mathematical predictions arising therefrom are interpreted and placed within the framework of findings regarding CSCs. Simulations of the model are carried out by considering various parameter scenarios that reflect different experimental situations involving disease evolution in human hosts.

Model analyses and simulations suggest that the emergence of the cancer stem cell population alongside other malignant cells engenders higher dimensions of complexity in the evolution of malignancy in the bone marrow and peripheral blood at the expense of healthy hematopoietic development. The model predicts the evolution of an aberrant environment in which the malignant population particularly in the bone marrow shows tendencies of reaching an uncontrollable equilibrium state. Essentially, the model shows that a structural relationship exists between CSCs and non-stem malignant cells that confers on CSCs the role of temporally enhancing and stimulating the expansion of non-stem malignant cells while also benefitting from increases in their own population and these CSCs may be the main protagonists that drive the ultimate evolution of the uncontrollable equilibrium state of such malignant cells and these may have implications for treatment.</p>
  </body>
    </notes>
    <annotation>
      <rdf:RDF xmlns:rdf="http://www.w3.org/1999/02/22-rdf-syntax-ns#" xmlns:dc="http://purl.org/dc/elements/1.1/" xmlns:dcterms="http://purl.org/dc/terms/" xmlns:vCard="http://www.w3.org/2001/vcard-rdf/3.0#" xmlns:bqbiol="http://biomodels.net/biology-qualifiers/" xmlns:bqmodel="http://biomodels.net/model-qualifiers/">
        <rdf:Description rdf:about="#COPASI0">
	<dc:creator>
	<rdf:Bag>
	<rdf:li rdf:parseType="Resource">
	<vCard:N rdf:parseType="Resource">
	<vCard:Family>Ng</vCard:Family>
	<vCard:Given>Szeyi</vCard:Given>
	</vCard:N>
	<vCard:EMAIL>muffet0307@gmail.com</vCard:EMAIL>
	<vCard:ORG rdf:parseType="Resource">
	<vCard:Orgname>EMBL-EBI</vCard:Orgname>
	</vCard:ORG>
	</rdf:li>
	</rdf:Bag>
	</dc:creator>
	<dcterms:created rdf:parseType="Resource">
	<dcterms:W3CDTF>2019-09-27T11:17:58Z</dcterms:W3CDTF>
	</dcterms:created>
	<dcterms:modified rdf:parseType="Resource">
	<dcterms:W3CDTF>2019-09-27T11:17:58Z</dcterms:W3CDTF>
	</dcterms:modified>
	<bqbiol:hasProperty>
	<rdf:Bag>
	<rdf:li rdf:resource="http://identifiers.org/ncit/C12431"/>
	</rdf:Bag>
	</bqbiol:hasProperty>
	<bqbiol:hasProperty>
	<rdf:Bag>
	<rdf:li rdf:resource="http://identifiers.org/mamo/MAMO_0000046"/>
	</rdf:Bag>
	</bqbiol:hasProperty>
	<bqbiol:hasProperty>
	<rdf:Bag>
	<rdf:li rdf:resource="http://identifiers.org/ncit/C68706"/>
	</rdf:Bag>
	</bqbiol:hasProperty>
	<bqbiol:hasProperty>
	<rdf:Bag>
	<rdf:li rdf:resource="http://identifiers.org/ncit/C14143"/>
	</rdf:Bag>
	</bqbiol:hasProperty>
	<bqbiol:hasProperty>
	<rdf:Bag>
	<rdf:li rdf:resource="http://identifiers.org/efo/0000311"/>
	</rdf:Bag>
	</bqbiol:hasProperty>
	<bqbiol:isDescribedBy>
	<rdf:Bag>
	<rdf:li rdf:resource="http://identifiers.org/pubmed/30296448"/>
	</rdf:Bag>
	</bqbiol:isDescribedBy>
	</rdf:Description>
	
      </rdf:RDF>
      <COPASI xmlns="http://www.copasi.org/static/sbml">
        <rdf:RDF xmlns:CopasiMT="http://www.copasi.org/RDF/MiriamTerms#" xmlns:bqbiol="http://biomodels.net/biology-qualifiers/" xmlns:dcterms="http://purl.org/dc/terms/" xmlns:rdf="http://www.w3.org/1999/02/22-rdf-syntax-ns#" xmlns:vCard="http://www.w3.org/2001/vcard-rdf/3.0#">
          <rdf:Description rdf:about="#COPASI0">
            <bqbiol:hasProperty rdf:resource="urn:miriam:efo:0000311"/>
            <bqbiol:hasProperty rdf:resource="urn:miriam:mamo:MAMO_0000046"/>
            <bqbiol:hasProperty rdf:resource="urn:miriam:ncit:C12431"/>
            <bqbiol:hasProperty rdf:resource="urn:miriam:ncit:C14143"/>
            <bqbiol:hasProperty rdf:resource="urn:miriam:ncit:C68706"/>
            <dcterms:bibliographicCitation>
              <rdf:Description>
                <CopasiMT:isDescribedBy rdf:resource="urn:miriam:pubmed:30296448"/>
              </rdf:Description>
            </dcterms:bibliographicCitation>
            <dcterms:created>
              <rdf:Description>
                <dcterms:W3CDTF>2019-09-27T11:17:58Z</dcterms:W3CDTF>
              </rdf:Description>
            </dcterms:created>
            <dcterms:creator>
              <rdf:Description>
                <vCard:EMAIL>muffet0307@gmail.com</vCard:EMAIL>
                <vCard:N>
                  <rdf:Description>
                    <vCard:Family>Ng</vCard:Family>
                    <vCard:Given>Szeyi</vCard:Given>
                  </rdf:Description>
                </vCard:N>
                <vCard:ORG>
                  <rdf:Description>
                    <vCard:Orgname>EMBL-EBI</vCard:Orgname>
                  </rdf:Description>
                </vCard:ORG>
              </rdf:Description>
            </dcterms:creator>
          </rdf:Description>
        </rdf:RDF>
      </COPASI>
    </annotation>
      <listOfFunctionDefinitions>
      <functionDefinition id="Function_for_CSC_conversion_into_BM_blast_after_time_lag" metaid="COPASI18" name="Function for CSC conversion into BM blast after time lag">
        <annotation>
          <COPASI xmlns="http://www.copasi.org/static/sbml">
            <rdf:RDF xmlns:dcterms="http://purl.org/dc/terms/" xmlns:rdf="http://www.w3.org/1999/02/22-rdf-syntax-ns#">
              <rdf:Description rdf:about="#COPASI18">
                <dcterms:created>
                  <rdf:Description>
                    <dcterms:W3CDTF>2019-09-27T12:04:37Z</dcterms:W3CDTF>
                  </rdf:Description>
                </dcterms:created>
              </rdf:Description>
            </rdf:RDF>
          </COPASI>
        </annotation>
        <math xmlns="http://www.w3.org/1998/Math/MathML">        
          <lambda>
            <bvar>
              <ci> eta </ci>
            </bvar>
            <bvar>
              <ci> phi </ci>
            </bvar>
            <bvar>
              <ci> T_c </ci>
            </bvar>
            <bvar>
              <ci> tau </ci>
            </bvar>
            <bvar>
              <ci> L_b </ci>
            </bvar>
            <bvar>
              <ci> t </ci>
            </bvar>
            <bvar>
              <ci> C </ci>
            </bvar>
            <apply>
              <times/>
              <ci> eta </ci>
              <apply>
                <exp/>
                <apply>
                  <minus/>
                  <apply>
                    <times/>
                    <apply>
                      <minus/>
                      <ci> phi </ci>
                    </apply>
                    <ci> T_c </ci>
                  </apply>
                  <apply>
                    <times/>
                    <ci> tau </ci>
                    <ci> L_b </ci>
                    <apply>
                      <minus/>
                      <ci> t </ci>
                      <ci> T_c </ci>
                    </apply>
                  </apply>
                </apply>
              </apply>
              <ci> C </ci>
              <apply>
                <minus/>
                <ci> t </ci>
                <ci> T_c </ci>
              </apply>
            </apply>
          </lambda>
        </math>
            </functionDefinition>
      <functionDefinition id="Function_for_inhibition_in_PB" metaid="COPASI19" name="Function for inhibition in PB">
        <annotation>
          <COPASI xmlns="http://www.copasi.org/static/sbml">
            <rdf:RDF xmlns:dcterms="http://purl.org/dc/terms/" xmlns:rdf="http://www.w3.org/1999/02/22-rdf-syntax-ns#">
              <rdf:Description rdf:about="#COPASI19">
                <dcterms:created>
                  <rdf:Description>
                    <dcterms:W3CDTF>2019-09-27T11:54:03Z</dcterms:W3CDTF>
                  </rdf:Description>
                </dcterms:created>
              </rdf:Description>
            </rdf:RDF>
          </COPASI>
        </annotation>
        <math xmlns="http://www.w3.org/1998/Math/MathML">        
          <lambda>
            <bvar>
              <ci> alpha_bd </ci>
            </bvar>
            <bvar>
              <ci> N_b </ci>
            </bvar>
            <bvar>
              <ci> L_b </ci>
            </bvar>
            <apply>
              <times/>
              <ci> alpha_bd </ci>
              <ci> N_b </ci>
              <ci> L_b </ci>
            </apply>
          </lambda>
        </math>
            </functionDefinition>
      <functionDefinition id="Function_for_transition_to_PB" metaid="COPASI20" name="Function for transition to PB">
        <annotation>
          <COPASI xmlns="http://www.copasi.org/static/sbml">
            <rdf:RDF xmlns:dcterms="http://purl.org/dc/terms/" xmlns:rdf="http://www.w3.org/1999/02/22-rdf-syntax-ns#">
              <rdf:Description rdf:about="#COPASI20">
                <dcterms:created>
                  <rdf:Description>
                    <dcterms:W3CDTF>2019-09-27T11:25:51Z</dcterms:W3CDTF>
                  </rdf:Description>
                </dcterms:created>
              </rdf:Description>
            </rdf:RDF>
          </COPASI>
        </annotation>
        <math xmlns="http://www.w3.org/1998/Math/MathML">        
          <lambda>
            <bvar>
              <ci> alpha_mr </ci>
            </bvar>
            <bvar>
              <ci> N_m </ci>
            </bvar>
            <bvar>
              <ci> s </ci>
            </bvar>
            <bvar>
              <ci> L_b </ci>
            </bvar>
            <bvar>
              <ci> kappa_nb </ci>
            </bvar>
            <bvar>
              <ci> N_b </ci>
            </bvar>
            <apply>
              <divide/>
              <apply>
                <times/>
                <ci> alpha_mr </ci>
                <ci> N_m </ci>
                <apply>
                  <exp/>
                  <apply>
                    <times/>
                    <apply>
                      <minus/>
                      <ci> s </ci>
                    </apply>
                    <ci> L_b </ci>
                  </apply>
                </apply>
              </apply>
              <apply>
                <plus/>
                <ci> kappa_nb </ci>
                <ci> N_b </ci>
              </apply>
            </apply>
          </lambda>
        </math>
            </functionDefinition>
      <functionDefinition id="Function_for_mutation_into_CSC" metaid="COPASI21" name="Function for mutation into CSC">
        <annotation>
          <COPASI xmlns="http://www.copasi.org/static/sbml">
            <rdf:RDF xmlns:dcterms="http://purl.org/dc/terms/" xmlns:rdf="http://www.w3.org/1999/02/22-rdf-syntax-ns#">
              <rdf:Description rdf:about="#COPASI21">
                <dcterms:created>
                  <rdf:Description>
                    <dcterms:W3CDTF>2019-09-27T11:25:40Z</dcterms:W3CDTF>
                  </rdf:Description>
                </dcterms:created>
              </rdf:Description>
            </rdf:RDF>
          </COPASI>
        </annotation>
        <math xmlns="http://www.w3.org/1998/Math/MathML">        
          <lambda>
            <bvar>
              <ci> alpha_c </ci>
            </bvar>
            <bvar>
              <ci> N_m </ci>
            </bvar>
            <apply>
              <times/>
              <ci> alpha_c </ci>
              <ci> N_m </ci>
            </apply>
          </lambda>
        </math>
            </functionDefinition>
      <functionDefinition id="Function_for_healthy_BM_cell_renewal_and_growth" metaid="COPASI22" name="Function for healthy BM cell renewal and growth">
        <annotation>
          <COPASI xmlns="http://www.copasi.org/static/sbml">
            <rdf:RDF xmlns:dcterms="http://purl.org/dc/terms/" xmlns:rdf="http://www.w3.org/1999/02/22-rdf-syntax-ns#">
              <rdf:Description rdf:about="#COPASI22">
                <dcterms:created>
                  <rdf:Description>
                    <dcterms:W3CDTF>2019-09-27T11:22:46Z</dcterms:W3CDTF>
                  </rdf:Description>
                </dcterms:created>
              </rdf:Description>
            </rdf:RDF>
          </COPASI>
        </annotation>
        <math xmlns="http://www.w3.org/1998/Math/MathML">        
          <lambda>
            <bvar>
              <ci> alpha </ci>
            </bvar>
            <bvar>
              <ci> N_m </ci>
            </bvar>
            <bvar>
              <ci> A_m </ci>
            </bvar>
            <bvar>
              <ci> A_b </ci>
            </bvar>
            <bvar>
              <ci> kappa_nm </ci>
            </bvar>
            <apply>
              <times/>
              <ci> alpha </ci>
              <ci> N_m </ci>
              <apply>
                <ln/>
                <apply>
                  <divide/>
                  <apply>
                    <plus/>
                    <ci> A_m </ci>
                    <ci> A_b </ci>
                  </apply>
                  <apply>
                    <plus/>
                    <ci> kappa_nm </ci>
                    <ci> N_m </ci>
                  </apply>
                </apply>
              </apply>
            </apply>
          </lambda>
        </math>
            </functionDefinition>
      <functionDefinition id="Function_for_CSC_renewal_and_growth" metaid="COPASI23" name="Function for CSC renewal and growth">
        <annotation>
          <COPASI xmlns="http://www.copasi.org/static/sbml">
            <rdf:RDF xmlns:dcterms="http://purl.org/dc/terms/" xmlns:rdf="http://www.w3.org/1999/02/22-rdf-syntax-ns#">
              <rdf:Description rdf:about="#COPASI23">
                <dcterms:created>
                  <rdf:Description>
                    <dcterms:W3CDTF>2019-09-27T12:08:05Z</dcterms:W3CDTF>
                  </rdf:Description>
                </dcterms:created>
              </rdf:Description>
            </rdf:RDF>
          </COPASI>
        </annotation>
        <math xmlns="http://www.w3.org/1998/Math/MathML">        
          <lambda>
            <bvar>
              <ci> beta_c </ci>
            </bvar>
            <bvar>
              <ci> C </ci>
            </bvar>
            <bvar>
              <ci> kappa_c </ci>
            </bvar>
            <apply>
              <times/>
              <ci> beta_c </ci>
              <ci> C </ci>
              <apply>
                <minus/>
                <cn> 1 </cn>
                <apply>
                  <divide/>
                  <ci> C </ci>
                  <ci> kappa_c </ci>
                </apply>
              </apply>
            </apply>
          </lambda>
        </math>
            </functionDefinition>
      <functionDefinition id="Function_for_BM_blast_cell_growth" metaid="COPASI24" name="Function for BM blast cell growth">
        <annotation>
          <COPASI xmlns="http://www.copasi.org/static/sbml">
            <rdf:RDF xmlns:dcterms="http://purl.org/dc/terms/" xmlns:rdf="http://www.w3.org/1999/02/22-rdf-syntax-ns#">
              <rdf:Description rdf:about="#COPASI24">
                <dcterms:created>
                  <rdf:Description>
                    <dcterms:W3CDTF>2019-09-27T12:02:54Z</dcterms:W3CDTF>
                  </rdf:Description>
                </dcterms:created>
              </rdf:Description>
            </rdf:RDF>
          </COPASI>
        </annotation>
        <math xmlns="http://www.w3.org/1998/Math/MathML">        
          <lambda>
            <bvar>
              <ci> beta_m </ci>
            </bvar>
            <bvar>
              <ci> L_m </ci>
            </bvar>
            <bvar>
              <ci> A_w </ci>
            </bvar>
            <bvar>
              <ci> kappa_l </ci>
            </bvar>
            <apply>
              <times/>
              <ci> beta_m </ci>
              <ci> L_m </ci>
              <apply>
                <ln/>
                <apply>
                  <divide/>
                  <ci> A_w </ci>
                  <apply>
                    <plus/>
                    <ci> kappa_l </ci>
                    <ci> L_m </ci>
                  </apply>
                </apply>
              </apply>
            </apply>
          </lambda>
        </math>
            </functionDefinition>
      <functionDefinition id="Function_for_healthy_BM_cell_arrival_in_PB_after_time_lag" metaid="COPASI25" name="Function for healthy BM cell arrival in PB after time lag">
        <annotation>
          <COPASI xmlns="http://www.copasi.org/static/sbml">
            <rdf:RDF xmlns:dcterms="http://purl.org/dc/terms/" xmlns:rdf="http://www.w3.org/1999/02/22-rdf-syntax-ns#">
              <rdf:Description rdf:about="#COPASI25">
                <dcterms:created>
                  <rdf:Description>
                    <dcterms:W3CDTF>2019-09-27T11:52:06Z</dcterms:W3CDTF>
                  </rdf:Description>
                </dcterms:created>
              </rdf:Description>
            </rdf:RDF>
          </COPASI>
        </annotation>
        <math xmlns="http://www.w3.org/1998/Math/MathML">        
          <lambda>
            <bvar>
              <ci> alpha_mr </ci>
            </bvar>
            <bvar>
              <ci> myu </ci>
            </bvar>
            <bvar>
              <ci> T_m </ci>
            </bvar>
            <bvar>
              <ci> s </ci>
            </bvar>
            <bvar>
              <ci> L_b </ci>
            </bvar>
            <bvar>
              <ci> t </ci>
            </bvar>
            <bvar>
              <ci> kappa_nb </ci>
            </bvar>
            <bvar>
              <ci> N_b </ci>
            </bvar>
            <bvar>
              <ci> N_m </ci>
            </bvar>
            <apply>
              <divide/>
              <apply>
                <times/>
                <ci> alpha_mr </ci>
                <apply>
                  <exp/>
                  <apply>
                    <minus/>
                    <apply>
                      <times/>
                      <apply>
                        <minus/>
                        <ci> myu </ci>
                      </apply>
                      <ci> T_m </ci>
                    </apply>
                    <apply>
                      <times/>
                      <ci> s </ci>
                      <ci> L_b </ci>
                      <apply>
                        <minus/>
                        <ci> t </ci>
                        <ci> T_m </ci>
                      </apply>
                    </apply>
                  </apply>
                </apply>
                <ci> N_m </ci>
                <apply>
                  <minus/>
                  <ci> t </ci>
                  <ci> T_m </ci>
                </apply>
              </apply>
              <apply>
                <plus/>
                <ci> kappa_nb </ci>
                <apply>
                  <times/>
                  <ci> N_b </ci>
                  <apply>
                    <minus/>
                    <ci> t </ci>
                    <ci> T_m </ci>
                  </apply>
                </apply>
              </apply>
            </apply>
          </lambda>
        </math>
            </functionDefinition>
      <functionDefinition id="Function_for_mutation_into_blast" metaid="COPASI26" name="Function for mutation into blast">
        <annotation>
          <COPASI xmlns="http://www.copasi.org/static/sbml">
            <rdf:RDF xmlns:dcterms="http://purl.org/dc/terms/" xmlns:rdf="http://www.w3.org/1999/02/22-rdf-syntax-ns#">
              <rdf:Description rdf:about="#COPASI26">
                <dcterms:created>
                  <rdf:Description>
                    <dcterms:W3CDTF>2019-09-27T11:25:28Z</dcterms:W3CDTF>
                  </rdf:Description>
                </dcterms:created>
              </rdf:Description>
            </rdf:RDF>
          </COPASI>
        </annotation>
        <math xmlns="http://www.w3.org/1998/Math/MathML">        
          <lambda>
            <bvar>
              <ci> alpha_m </ci>
            </bvar>
            <bvar>
              <ci> N_m </ci>
            </bvar>
            <apply>
              <times/>
              <ci> alpha_m </ci>
              <ci> N_m </ci>
            </apply>
          </lambda>
        </math>
            </functionDefinition>
      <functionDefinition id="Function_for_BM_blast_transition_to_PB" metaid="COPASI27" name="Function for BM blast transition to PB">
        <annotation>
          <COPASI xmlns="http://www.copasi.org/static/sbml">
            <rdf:RDF xmlns:dcterms="http://purl.org/dc/terms/" xmlns:rdf="http://www.w3.org/1999/02/22-rdf-syntax-ns#">
              <rdf:Description rdf:about="#COPASI27">
                <dcterms:created>
                  <rdf:Description>
                    <dcterms:W3CDTF>2019-09-27T12:04:29Z</dcterms:W3CDTF>
                  </rdf:Description>
                </dcterms:created>
              </rdf:Description>
            </rdf:RDF>
          </COPASI>
        </annotation>
        <math xmlns="http://www.w3.org/1998/Math/MathML">        
          <lambda>
            <bvar>
              <ci> beta </ci>
            </bvar>
            <bvar>
              <ci> L_m </ci>
            </bvar>
            <apply>
              <times/>
              <ci> beta </ci>
              <ci> L_m </ci>
            </apply>
          </lambda>
        </math>
            </functionDefinition>
      <functionDefinition id="Function_for__cell_loss_for_L_b" metaid="COPASI28" name="Function for  cell loss for L_b">
        <annotation>
          <COPASI xmlns="http://www.copasi.org/static/sbml">
            <rdf:RDF xmlns:dcterms="http://purl.org/dc/terms/" xmlns:rdf="http://www.w3.org/1999/02/22-rdf-syntax-ns#">
              <rdf:Description rdf:about="#COPASI28">
                <dcterms:created>
                  <rdf:Description>
                    <dcterms:W3CDTF>2019-09-27T12:07:41Z</dcterms:W3CDTF>
                  </rdf:Description>
                </dcterms:created>
              </rdf:Description>
            </rdf:RDF>
          </COPASI>
        </annotation>
        <math xmlns="http://www.w3.org/1998/Math/MathML">        
          <lambda>
            <bvar>
              <ci> delta </ci>
            </bvar>
            <bvar>
              <ci> L_b </ci>
            </bvar>
            <apply>
              <times/>
              <ci> delta </ci>
              <ci> L_b </ci>
            </apply>
          </lambda>
        </math>
            </functionDefinition>
      <functionDefinition id="Function_for_CSC_transition_into_BM_blast" metaid="COPASI29" name="Function for CSC transition into BM blast">
        <annotation>
          <COPASI xmlns="http://www.copasi.org/static/sbml">
            <rdf:RDF xmlns:dcterms="http://purl.org/dc/terms/" xmlns:rdf="http://www.w3.org/1999/02/22-rdf-syntax-ns#">
              <rdf:Description rdf:about="#COPASI29">
                <dcterms:created>
                  <rdf:Description>
                    <dcterms:W3CDTF>2019-09-27T12:08:41Z</dcterms:W3CDTF>
                  </rdf:Description>
                </dcterms:created>
              </rdf:Description>
            </rdf:RDF>
          </COPASI>
        </annotation>
        <math xmlns="http://www.w3.org/1998/Math/MathML">        
          <lambda>
            <bvar>
              <ci> eta </ci>
            </bvar>
            <bvar>
              <ci> tau </ci>
            </bvar>
            <bvar>
              <ci> L_b </ci>
            </bvar>
            <bvar>
              <ci> C </ci>
            </bvar>
            <apply>
              <times/>
              <ci> eta </ci>
              <apply>
                <exp/>
                <apply>
                  <times/>
                  <apply>
                    <minus/>
                    <ci> tau </ci>
                  </apply>
                  <ci> L_b </ci>
                </apply>
              </apply>
              <ci> C </ci>
            </apply>
          </lambda>
        </math>
            </functionDefinition>
      <functionDefinition id="Function_for_inhibition_in_BM" metaid="COPASI30" name="Function for inhibition in BM">
        <annotation>
          <COPASI xmlns="http://www.copasi.org/static/sbml">
            <rdf:RDF xmlns:dcterms="http://purl.org/dc/terms/" xmlns:rdf="http://www.w3.org/1999/02/22-rdf-syntax-ns#">
              <rdf:Description rdf:about="#COPASI30">
                <dcterms:created>
                  <rdf:Description>
                    <dcterms:W3CDTF>2019-09-27T11:23:39Z</dcterms:W3CDTF>
                  </rdf:Description>
                </dcterms:created>
              </rdf:Description>
            </rdf:RDF>
          </COPASI>
        </annotation>
        <math xmlns="http://www.w3.org/1998/Math/MathML">        
          <lambda>
            <bvar>
              <ci> alpha_md </ci>
            </bvar>
            <bvar>
              <ci> N_m </ci>
            </bvar>
            <bvar>
              <ci> L_m </ci>
            </bvar>
            <apply>
              <times/>
              <ci> alpha_md </ci>
              <ci> N_m </ci>
              <ci> L_m </ci>
            </apply>
          </lambda>
        </math>
            </functionDefinition>
      <functionDefinition id="Function_for_cell_loss" metaid="COPASI31" name="Function for cell loss">
        <annotation>
          <COPASI xmlns="http://www.copasi.org/static/sbml">
            <rdf:RDF xmlns:dcterms="http://purl.org/dc/terms/" xmlns:rdf="http://www.w3.org/1999/02/22-rdf-syntax-ns#">
              <rdf:Description rdf:about="#COPASI31">
                <dcterms:created>
                  <rdf:Description>
                    <dcterms:W3CDTF>2019-09-27T12:02:37Z</dcterms:W3CDTF>
                  </rdf:Description>
                </dcterms:created>
              </rdf:Description>
            </rdf:RDF>
          </COPASI>
        </annotation>
        <math xmlns="http://www.w3.org/1998/Math/MathML">        
          <lambda>
            <bvar>
              <ci> alpha_b </ci>
            </bvar>
            <bvar>
              <ci> N_b </ci>
            </bvar>
            <apply>
              <times/>
              <ci> alpha_b </ci>
              <ci> N_b </ci>
            </apply>
          </lambda>
        </math>
            </functionDefinition>
    </listOfFunctionDefinitions>
    <listOfUnitDefinitions>
      <unitDefinition id="volume" name="volume">
        <listOfUnits>
          <unit exponent="1" kind="litre" multiplier="1" scale="-3"/>
        </listOfUnits>
      </unitDefinition>
      <unitDefinition id="substance" name="substance">
        <listOfUnits>
          <unit exponent="1" kind="mole" multiplier="1" scale="-3"/>
        </listOfUnits>
      </unitDefinition>
    </listOfUnitDefinitions>
    <listOfCompartments>
      <compartment constant="true" id="compartment" name="compartment" size="1" spatialDimensions="3"/>
    </listOfCompartments>
    <listOfSpecies>
      <species boundaryCondition="false" compartment="compartment" constant="false" id="C" initialConcentration="1" name="C"/>
      <species boundaryCondition="false" compartment="compartment" constant="false" id="N_m" initialConcentration="1.05E13" metaid="COPASI1" name="N_m">
        <annotation>
          <COPASI xmlns="http://www.copasi.org/static/sbml">
            <rdf:RDF xmlns:dcterms="http://purl.org/dc/terms/" xmlns:rdf="http://www.w3.org/1999/02/22-rdf-syntax-ns#">
              <rdf:Description rdf:about="#COPASI1">
                <dcterms:created>
                  <rdf:Description>
                    <dcterms:W3CDTF>2019-10-02T12:19:41Z</dcterms:W3CDTF>
                  </rdf:Description>
                </dcterms:created>
              </rdf:Description>
            </rdf:RDF>
          </COPASI>
        </annotation>
            </species>
      <species boundaryCondition="false" compartment="compartment" constant="false" id="L_m" initialConcentration="4E11" metaid="COPASI2" name="L_m">
        <annotation>
          <COPASI xmlns="http://www.copasi.org/static/sbml">
            <rdf:RDF xmlns:dcterms="http://purl.org/dc/terms/" xmlns:rdf="http://www.w3.org/1999/02/22-rdf-syntax-ns#">
              <rdf:Description rdf:about="#COPASI2">
                <dcterms:created>
                  <rdf:Description>
                    <dcterms:W3CDTF>2019-10-02T12:19:26Z</dcterms:W3CDTF>
                  </rdf:Description>
                </dcterms:created>
              </rdf:Description>
            </rdf:RDF>
          </COPASI>
        </annotation>
            </species>
      <species boundaryCondition="false" compartment="compartment" constant="false" id="N_b" initialConcentration="3.55E9" name="N_b"/>
      <species boundaryCondition="false" compartment="compartment" constant="false" id="L_b" initialConcentration="1000000000" metaid="COPASI3" name="L_b">
        <annotation>
          <COPASI xmlns="http://www.copasi.org/static/sbml">
            <rdf:RDF xmlns:dcterms="http://purl.org/dc/terms/" xmlns:rdf="http://www.w3.org/1999/02/22-rdf-syntax-ns#">
              <rdf:Description rdf:about="#COPASI3">
                <dcterms:created>
                  <rdf:Description>
                    <dcterms:W3CDTF>2019-10-02T12:19:27Z</dcterms:W3CDTF>
                  </rdf:Description>
                </dcterms:created>
              </rdf:Description>
            </rdf:RDF>
          </COPASI>
        </annotation>
            </species>
    </listOfSpecies>
    <listOfParameters>
      <parameter constant="true" id="alpha" name="alpha" value="0.00288"/>
      <parameter constant="true" id="A_m" name="A_m" value="1E12"/>
      <parameter constant="true" id="A_b" name="A_b" value="1E13"/>
      <parameter constant="true" id="kappa_nm" name="kappa_nm" value="1.1E11"/>
      <parameter constant="true" id="alpha_m" name="alpha_m" value="0.005"/>
      <parameter constant="true" id="alpha_mr" name="alpha_mr" value="116713"/>
      <parameter constant="true" id="s" name="s" value="1E-12"/>
      <parameter constant="true" id="kappa_nb" name="kappa_nb" value="1.1E11"/>
      <parameter constant="true" id="alpha_c" name="alpha_c" value="2E-9"/>
      <parameter constant="true" id="alpha_md" name="alpha_md" value="1E-14"/>
      <parameter constant="true" id="myu" name="myu" value="0.065"/>
      <parameter constant="true" id="T_m" name="T_m" value="120"/>
      <parameter constant="true" id="alpha_bd" name="alpha_bd" value="5E-12"/>
      <parameter constant="true" id="alpha_b" name="alpha_b" value="1E-5"/>
      <parameter constant="true" id="beta_m" name="beta_m" value="0.00396"/>
      <parameter constant="true" id="A_w" name="A_w" value="1.595E14"/>
      <parameter constant="true" id="kappa_l" name="kappa_l" value="0"/>
      <parameter constant="true" id="beta" name="beta" value="0.03"/>
      <parameter constant="true" id="eta" name="eta" value="0.001"/>
      <parameter constant="true" id="phi" name="phi" value="0.01"/>
      <parameter constant="true" id="T_c" name="T_c" value="100"/>
      <parameter constant="true" id="tau" name="tau" value="1E-5"/>
      <parameter constant="true" id="delta" name="delta" value="0.1925"/>
      <parameter constant="true" id="beta_c" name="beta_c" value="0.02"/>
      <parameter constant="true" id="kappa_c" name="kappa_c" value="5000000"/>
    </listOfParameters>
    <listOfReactions>
      <reaction id="healthy_BM_cell_renewal_and_growth" metaid="COPASI4" name="healthy BM cell renewal and growth" reversible="false">
        <annotation>
          <COPASI xmlns="http://www.copasi.org/static/sbml">
            <rdf:RDF xmlns:dcterms="http://purl.org/dc/terms/" xmlns:rdf="http://www.w3.org/1999/02/22-rdf-syntax-ns#">
              <rdf:Description rdf:about="#COPASI4">
                <dcterms:created>
                  <rdf:Description>
                    <dcterms:W3CDTF>2019-09-27T11:21:00Z</dcterms:W3CDTF>
                  </rdf:Description>
                </dcterms:created>
              </rdf:Description>
            </rdf:RDF>
          </COPASI>
        </annotation>
              <listOfProducts>
          <speciesReference species="N_m" stoichiometry="1"/>
        </listOfProducts>
        <kineticLaw>
          <math xmlns="http://www.w3.org/1998/Math/MathML">          
            <apply>
              <times/>
              <ci> compartment </ci>
              <apply>
                <ci> Function_for_healthy_BM_cell_renewal_and_growth </ci>
                <ci> alpha </ci>
                <ci> N_m </ci>
                <ci> A_m </ci>
                <ci> A_b </ci>
                <ci> kappa_nm </ci>
              </apply>
            </apply>
          </math>
                </kineticLaw>
      </reaction>
      <reaction id="mutation_into_blast" metaid="COPASI5" name="mutation into blast" reversible="false">
        <annotation>
          <COPASI xmlns="http://www.copasi.org/static/sbml">
            <rdf:RDF xmlns:dcterms="http://purl.org/dc/terms/" xmlns:rdf="http://www.w3.org/1999/02/22-rdf-syntax-ns#">
              <rdf:Description rdf:about="#COPASI5">
                <dcterms:created>
                  <rdf:Description>
                    <dcterms:W3CDTF>2019-09-27T11:21:22Z</dcterms:W3CDTF>
                  </rdf:Description>
                </dcterms:created>
              </rdf:Description>
            </rdf:RDF>
          </COPASI>
        </annotation>
              <listOfReactants>
          <speciesReference species="N_m" stoichiometry="1"/>
        </listOfReactants>
        <listOfProducts>
          <speciesReference species="L_m" stoichiometry="1"/>
        </listOfProducts>
        <kineticLaw>
          <math xmlns="http://www.w3.org/1998/Math/MathML">          
            <apply>
              <times/>
              <ci> compartment </ci>
              <apply>
                <ci> Function_for_mutation_into_blast </ci>
                <ci> alpha_m </ci>
                <ci> N_m </ci>
              </apply>
            </apply>
          </math>
                </kineticLaw>
      </reaction>
      <reaction id="transition_to_PB" metaid="COPASI6" name="transition to PB" reversible="false">
        <annotation>
          <COPASI xmlns="http://www.copasi.org/static/sbml">
            <rdf:RDF xmlns:dcterms="http://purl.org/dc/terms/" xmlns:rdf="http://www.w3.org/1999/02/22-rdf-syntax-ns#">
              <rdf:Description rdf:about="#COPASI6">
                <dcterms:created>
                  <rdf:Description>
                    <dcterms:W3CDTF>2019-09-27T11:22:00Z</dcterms:W3CDTF>
                  </rdf:Description>
                </dcterms:created>
              </rdf:Description>
            </rdf:RDF>
          </COPASI>
        </annotation>
              <listOfReactants>
          <speciesReference species="N_m" stoichiometry="1"/>
        </listOfReactants>
        <listOfModifiers>
          <modifierSpeciesReference species="L_b"/>
          <modifierSpeciesReference species="N_b"/>
        </listOfModifiers>
        <kineticLaw>
          <math xmlns="http://www.w3.org/1998/Math/MathML">          
            <apply>
              <times/>
              <ci> compartment </ci>
              <apply>
                <ci> Function_for_transition_to_PB </ci>
                <ci> alpha_mr </ci>
                <ci> N_m </ci>
                <ci> s </ci>
                <ci> L_b </ci>
                <ci> kappa_nb </ci>
                <ci> N_b </ci>
              </apply>
            </apply>
          </math>
                </kineticLaw>
      </reaction>
      <reaction id="mutation_into_CSC" metaid="COPASI7" name="mutation into CSC" reversible="false">
        <annotation>
          <COPASI xmlns="http://www.copasi.org/static/sbml">
            <rdf:RDF xmlns:dcterms="http://purl.org/dc/terms/" xmlns:rdf="http://www.w3.org/1999/02/22-rdf-syntax-ns#">
              <rdf:Description rdf:about="#COPASI7">
                <dcterms:created>
                  <rdf:Description>
                    <dcterms:W3CDTF>2019-09-27T11:20:51Z</dcterms:W3CDTF>
                  </rdf:Description>
                </dcterms:created>
              </rdf:Description>
            </rdf:RDF>
          </COPASI>
        </annotation>
              <listOfReactants>
          <speciesReference species="N_m" stoichiometry="1"/>
        </listOfReactants>
        <listOfProducts>
          <speciesReference species="C" stoichiometry="1"/>
        </listOfProducts>
        <kineticLaw>
          <math xmlns="http://www.w3.org/1998/Math/MathML">          
            <apply>
              <times/>
              <ci> compartment </ci>
              <apply>
                <ci> Function_for_mutation_into_CSC </ci>
                <ci> alpha_c </ci>
                <ci> N_m </ci>
              </apply>
            </apply>
          </math>
                </kineticLaw>
      </reaction>
      <reaction id="inhibition_in_BM" metaid="COPASI8" name="inhibition in BM" reversible="false">
        <annotation>
          <COPASI xmlns="http://www.copasi.org/static/sbml">
            <rdf:RDF xmlns:dcterms="http://purl.org/dc/terms/" xmlns:rdf="http://www.w3.org/1999/02/22-rdf-syntax-ns#">
              <rdf:Description rdf:about="#COPASI8">
                <dcterms:created>
                  <rdf:Description>
                    <dcterms:W3CDTF>2019-09-27T11:21:50Z</dcterms:W3CDTF>
                  </rdf:Description>
                </dcterms:created>
              </rdf:Description>
            </rdf:RDF>
          </COPASI>
        </annotation>
              <listOfReactants>
          <speciesReference species="N_m" stoichiometry="1"/>
        </listOfReactants>
        <listOfModifiers>
          <modifierSpeciesReference species="L_m"/>
        </listOfModifiers>
        <kineticLaw>
          <math xmlns="http://www.w3.org/1998/Math/MathML">          
            <apply>
              <times/>
              <ci> compartment </ci>
              <apply>
                <ci> Function_for_inhibition_in_BM </ci>
                <ci> alpha_md </ci>
                <ci> N_m </ci>
                <ci> L_m </ci>
              </apply>
            </apply>
          </math>
                </kineticLaw>
      </reaction>
      <reaction id="healthy_BM_cell_arrival_in_PB_after_time_lag" metaid="COPASI9" name="healthy BM cell arrival in PB after time lag" reversible="false">
        <annotation>
          <COPASI xmlns="http://www.copasi.org/static/sbml">
            <rdf:RDF xmlns:dcterms="http://purl.org/dc/terms/" xmlns:rdf="http://www.w3.org/1999/02/22-rdf-syntax-ns#">
              <rdf:Description rdf:about="#COPASI9">
                <dcterms:created>
                  <rdf:Description>
                    <dcterms:W3CDTF>2019-09-27T11:31:52Z</dcterms:W3CDTF>
                  </rdf:Description>
                </dcterms:created>
              </rdf:Description>
            </rdf:RDF>
          </COPASI>
        </annotation>
              <listOfProducts>
          <speciesReference species="N_b" stoichiometry="1"/>
        </listOfProducts>
        <listOfModifiers>
          <modifierSpeciesReference species="L_b"/>
          <modifierSpeciesReference species="N_m"/>
        </listOfModifiers>
        <kineticLaw>
          <math xmlns="http://www.w3.org/1998/Math/MathML">          
            <apply>
              <times/>
              <ci> compartment </ci>
              <apply>
                <ci> Function_for_healthy_BM_cell_arrival_in_PB_after_time_lag </ci>
                <ci> alpha_mr </ci>
                <ci> myu </ci>
                <ci> T_m </ci>
                <ci> s </ci>
                <ci> L_b </ci>
                <csymbol encoding="text" definitionURL="http://www.sbml.org/sbml/symbols/time"> time </csymbol>
                <ci> kappa_nb </ci>
                <ci> N_b </ci>
                <ci> N_m </ci>
              </apply>
            </apply>
          </math>
                </kineticLaw>
      </reaction>
      <reaction id="inhibition_in_PB" metaid="COPASI10" name="inhibition in PB" reversible="false">
        <annotation>
          <COPASI xmlns="http://www.copasi.org/static/sbml">
            <rdf:RDF xmlns:dcterms="http://purl.org/dc/terms/" xmlns:rdf="http://www.w3.org/1999/02/22-rdf-syntax-ns#">
              <rdf:Description rdf:about="#COPASI10">
                <dcterms:created>
                  <rdf:Description>
                    <dcterms:W3CDTF>2019-09-27T11:32:02Z</dcterms:W3CDTF>
                  </rdf:Description>
                </dcterms:created>
              </rdf:Description>
            </rdf:RDF>
          </COPASI>
        </annotation>
              <listOfReactants>
          <speciesReference species="N_b" stoichiometry="1"/>
        </listOfReactants>
        <listOfModifiers>
          <modifierSpeciesReference species="L_b"/>
        </listOfModifiers>
        <kineticLaw>
          <math xmlns="http://www.w3.org/1998/Math/MathML">          
            <apply>
              <times/>
              <ci> compartment </ci>
              <apply>
                <ci> Function_for_inhibition_in_PB </ci>
                <ci> alpha_bd </ci>
                <ci> N_b </ci>
                <ci> L_b </ci>
              </apply>
            </apply>
          </math>
                </kineticLaw>
      </reaction>
      <reaction id="cell_loss_for_N_b" metaid="COPASI11" name="cell loss for N_b" reversible="false">
        <annotation>
          <COPASI xmlns="http://www.copasi.org/static/sbml">
            <rdf:RDF xmlns:dcterms="http://purl.org/dc/terms/" xmlns:rdf="http://www.w3.org/1999/02/22-rdf-syntax-ns#">
              <rdf:Description rdf:about="#COPASI11">
                <dcterms:created>
                  <rdf:Description>
                    <dcterms:W3CDTF>2019-09-27T11:32:22Z</dcterms:W3CDTF>
                  </rdf:Description>
                </dcterms:created>
              </rdf:Description>
            </rdf:RDF>
          </COPASI>
        </annotation>
              <listOfReactants>
          <speciesReference species="N_b" stoichiometry="1"/>
        </listOfReactants>
        <kineticLaw>
          <math xmlns="http://www.w3.org/1998/Math/MathML">          
            <apply>
              <times/>
              <ci> compartment </ci>
              <apply>
                <ci> Function_for_cell_loss </ci>
                <ci> alpha_b </ci>
                <ci> N_b </ci>
              </apply>
            </apply>
          </math>
                </kineticLaw>
      </reaction>
      <reaction id="BM_blast_cell_growth" metaid="COPASI12" name="BM blast cell growth" reversible="false">
        <annotation>
          <COPASI xmlns="http://www.copasi.org/static/sbml">
            <rdf:RDF xmlns:dcterms="http://purl.org/dc/terms/" xmlns:rdf="http://www.w3.org/1999/02/22-rdf-syntax-ns#">
              <rdf:Description rdf:about="#COPASI12">
                <dcterms:created>
                  <rdf:Description>
                    <dcterms:W3CDTF>2019-09-27T11:32:45Z</dcterms:W3CDTF>
                  </rdf:Description>
                </dcterms:created>
              </rdf:Description>
            </rdf:RDF>
          </COPASI>
        </annotation>
              <listOfProducts>
          <speciesReference species="L_m" stoichiometry="1"/>
        </listOfProducts>
        <kineticLaw>
          <math xmlns="http://www.w3.org/1998/Math/MathML">          
            <apply>
              <times/>
              <ci> compartment </ci>
              <apply>
                <ci> Function_for_BM_blast_cell_growth </ci>
                <ci> beta_m </ci>
                <ci> L_m </ci>
                <ci> A_w </ci>
                <ci> kappa_l </ci>
              </apply>
            </apply>
          </math>
                </kineticLaw>
      </reaction>
      <reaction id="BM_blast_transition_to_PB" metaid="COPASI13" name="BM blast transition to PB" reversible="false">
        <annotation>
          <COPASI xmlns="http://www.copasi.org/static/sbml">
            <rdf:RDF xmlns:dcterms="http://purl.org/dc/terms/" xmlns:rdf="http://www.w3.org/1999/02/22-rdf-syntax-ns#">
              <rdf:Description rdf:about="#COPASI13">
                <dcterms:created>
                  <rdf:Description>
                    <dcterms:W3CDTF>2019-09-27T11:32:36Z</dcterms:W3CDTF>
                  </rdf:Description>
                </dcterms:created>
              </rdf:Description>
            </rdf:RDF>
          </COPASI>
        </annotation>
              <listOfReactants>
          <speciesReference species="L_m" stoichiometry="1"/>
        </listOfReactants>
        <listOfProducts>
          <speciesReference species="L_b" stoichiometry="1"/>
        </listOfProducts>
        <kineticLaw>
          <math xmlns="http://www.w3.org/1998/Math/MathML">          
            <apply>
              <times/>
              <ci> compartment </ci>
              <apply>
                <ci> Function_for_BM_blast_transition_to_PB </ci>
                <ci> beta </ci>
                <ci> L_m </ci>
              </apply>
            </apply>
          </math>
                </kineticLaw>
      </reaction>
      <reaction id="CSC_conversion_into_BM_blast_after_time_lag" metaid="COPASI14" name="CSC conversion into BM blast after time lag" reversible="false">
        <annotation>
          <COPASI xmlns="http://www.copasi.org/static/sbml">
            <rdf:RDF xmlns:dcterms="http://purl.org/dc/terms/" xmlns:rdf="http://www.w3.org/1999/02/22-rdf-syntax-ns#">
              <rdf:Description rdf:about="#COPASI14">
                <dcterms:created>
                  <rdf:Description>
                    <dcterms:W3CDTF>2019-09-27T11:33:12Z</dcterms:W3CDTF>
                  </rdf:Description>
                </dcterms:created>
              </rdf:Description>
            </rdf:RDF>
          </COPASI>
        </annotation>
              <listOfProducts>
          <speciesReference species="L_m" stoichiometry="1"/>
        </listOfProducts>
        <listOfModifiers>
          <modifierSpeciesReference species="L_b"/>
          <modifierSpeciesReference species="C"/>
        </listOfModifiers>
        <kineticLaw>
          <math xmlns="http://www.w3.org/1998/Math/MathML">          
            <apply>
              <times/>
              <ci> compartment </ci>
              <apply>
                <ci> Function_for_CSC_conversion_into_BM_blast_after_time_lag </ci>
                <ci> eta </ci>
                <ci> phi </ci>
                <ci> T_c </ci>
                <ci> tau </ci>
                <ci> L_b </ci>
                <csymbol encoding="text" definitionURL="http://www.sbml.org/sbml/symbols/time"> time </csymbol>
                <ci> C </ci>
              </apply>
            </apply>
          </math>
                </kineticLaw>
      </reaction>
      <reaction id="cell_loss_for_L_b" metaid="COPASI15" name="cell loss for L_b" reversible="false">
        <annotation>
          <COPASI xmlns="http://www.copasi.org/static/sbml">
            <rdf:RDF xmlns:dcterms="http://purl.org/dc/terms/" xmlns:rdf="http://www.w3.org/1999/02/22-rdf-syntax-ns#">
              <rdf:Description rdf:about="#COPASI15">
                <dcterms:created>
                  <rdf:Description>
                    <dcterms:W3CDTF>2019-09-27T12:07:50Z</dcterms:W3CDTF>
                  </rdf:Description>
                </dcterms:created>
              </rdf:Description>
            </rdf:RDF>
          </COPASI>
        </annotation>
              <listOfReactants>
          <speciesReference species="L_b" stoichiometry="1"/>
        </listOfReactants>
        <kineticLaw>
          <math xmlns="http://www.w3.org/1998/Math/MathML">          
            <apply>
              <times/>
              <ci> compartment </ci>
              <apply>
                <ci> Function_for__cell_loss_for_L_b </ci>
                <ci> delta </ci>
                <ci> L_b </ci>
              </apply>
            </apply>
          </math>
                </kineticLaw>
      </reaction>
      <reaction id="CSC_renewal_and_growth" metaid="COPASI16" name="CSC renewal and growth" reversible="false">
        <annotation>
          <COPASI xmlns="http://www.copasi.org/static/sbml">
            <rdf:RDF xmlns:dcterms="http://purl.org/dc/terms/" xmlns:rdf="http://www.w3.org/1999/02/22-rdf-syntax-ns#">
              <rdf:Description rdf:about="#COPASI16">
                <dcterms:created>
                  <rdf:Description>
                    <dcterms:W3CDTF>2019-09-27T12:08:25Z</dcterms:W3CDTF>
                  </rdf:Description>
                </dcterms:created>
              </rdf:Description>
            </rdf:RDF>
          </COPASI>
        </annotation>
              <listOfProducts>
          <speciesReference species="C" stoichiometry="1"/>
        </listOfProducts>
        <kineticLaw>
          <math xmlns="http://www.w3.org/1998/Math/MathML">          
            <apply>
              <times/>
              <ci> compartment </ci>
              <apply>
                <ci> Function_for_CSC_renewal_and_growth </ci>
                <ci> beta_c </ci>
                <ci> C </ci>
                <ci> kappa_c </ci>
              </apply>
            </apply>
          </math>
                </kineticLaw>
      </reaction>
      <reaction id="CSC_transition_into_BM_blast" metaid="COPASI17" name="CSC transition into BM blast" reversible="false">
        <annotation>
          <COPASI xmlns="http://www.copasi.org/static/sbml">
            <rdf:RDF xmlns:dcterms="http://purl.org/dc/terms/" xmlns:rdf="http://www.w3.org/1999/02/22-rdf-syntax-ns#">
              <rdf:Description rdf:about="#COPASI17">
                <dcterms:created>
                  <rdf:Description>
                    <dcterms:W3CDTF>2019-09-27T12:08:57Z</dcterms:W3CDTF>
                  </rdf:Description>
                </dcterms:created>
              </rdf:Description>
            </rdf:RDF>
          </COPASI>
        </annotation>
              <listOfReactants>
          <speciesReference species="C" stoichiometry="1"/>
        </listOfReactants>
        <listOfModifiers>
          <modifierSpeciesReference species="L_b"/>
        </listOfModifiers>
        <kineticLaw>
          <math xmlns="http://www.w3.org/1998/Math/MathML">          
            <apply>
              <times/>
              <ci> compartment </ci>
              <apply>
                <ci> Function_for_CSC_transition_into_BM_blast </ci>
                <ci> eta </ci>
                <ci> tau </ci>
                <ci> L_b </ci>
                <ci> C </ci>
              </apply>
            </apply>
          </math>
                </kineticLaw>
      </reaction>
    </listOfReactions>
  </model>
</sbml>