{
    "name": "Khajanchi2017 - Uniform Persistence and Global Stability for a Brain Tumor and Immune System Interaction",
    "description": "This paper describes the synergistic interaction between the growth of malignant gliomas and the immune system interactions using a system of coupled ordinary di®erential equations (ODEs). The proposed mathematical model comprises the interaction of glioma cells, macrophages, activated Cytotoxic T-Lymphocytes (CTLs), the immunosuppressive factor TGF- and the immuno-stimulatory factor IFN-. The dynamical behavior of the proposed system both analytically and numerically is investigated from the point of view of stability. By constructing Lyapunov functions, the global behavior of the glioma-free and the interior equilibrium point have been analyzed under some assumptions. Finally, we perform numerical simulations in order to illustrate our analytical ¯ndings by varying the system parameters.",
    "format": {
        "name": "SBML",
        "identifier": "SBML",
        "version": "L2V4"
    },
    "publication": {
        "type": "DOI",
        "accession": "10.1142/S1793048017500114",
        "journal": "Biophysical Reviews and Letters",
        "title": "Uniform Persistence and Global Stability for a Brain Tumor and Immune System Interaction",
        "affiliation": "Department of Mathematics, Bankura University\r\nBankura 722155, West Bengal, India\r\nsubhaskhajanchi@gmail.com",
        "synopsis": "This paper describes the synergistic interaction between the growth of malignant gliomas and the immune system interactions using a system of coupled ordinary di®erential equations (ODEs). The proposed mathematical model comprises the interaction of glioma cells, macrophages, activated Cytotoxic T-Lymphocytes (CTLs), the immunosuppressive factor TGF- and the immuno-stimulatory factor IFN-. The dynamical behavior of the proposed system both analytically and numerically is investigated from the point of view of stability. By constructing Lyapunov functions, the global behavior of the glioma-free and the interior equilibrium point have been analyzed under some assumptions. Finally, we perform numerical simulations in order to illustrate our analytical ¯ndings by varying the system parameters.",
        "year": 2017,
        "month": "11",
        "volume": "12",
        "issue": "4",
        "pages": "1-22",
        "link": "http://identifiers.org/doi/10.1142/S1793048017500114",
        "authors": [
            {
                "name": "Subhas Khajanchi"
            }
        ]
    },
    "files": {
        "main": [
            {
                "name": "khajanchi2017.xml",
                "description": "SBML L2V4 representation of Khajanchi2017 - Uniform Persistence and Global Stability for a Brain Tumor and Immune System Interaction",
                "fileSize": "78334",
                "mimeType": "application/xml",
                "md5sum": "4c8e6412ebda9b48acc4b85f46304f95",
                "sha1sum": "e22ad1b9f18271f4bac59976394ad8a29fad26a5",
                "sha256sum": "d17110f8728580ae890f2cbbba21ccd7a930499ae0d59632d60bc36109162540"
            }
        ],
        "additional": [
            {
                "name": "curation_image.png",
                "description": "Reproduced figure(s) from original curation.",
                "fileSize": "182303",
                "mimeType": "image/png",
                "md5sum": "fa6bc65bfd816e4a1b3a96a8deb67e1f",
                "sha1sum": "8901c25e82711788296eca96541acc9f17e41ac1",
                "sha256sum": "2ee604aa5a43c49234481662f398930d03892eb2f3940d88725c3616b0d67db3"
            },
            {
                "name": "curation_notes.txt",
                "description": "Notes from original curation (describes curation_image).",
                "fileSize": "282",
                "mimeType": "text/plain",
                "md5sum": "319ece5694fa3287a6fc00e5b07e76d0",
                "sha1sum": "6df5affbd506722f4ef8c5a25a2cc4e07ab0326f",
                "sha256sum": "1d7e023e5f0aa4c2e76a435eda9b74d7fca575e2b9624888ecfb51fcd1a0a7fd"
            },
            {
                "name": "khajanchi2017-biopax2.owl",
                "description": "Auto-generated BioPAX (Level 2) file.",
                "fileSize": "19937",
                "mimeType": "application/rdf+xml",
                "md5sum": "56a882b2ac79bd4d5e085a2d13e7f0e1",
                "sha1sum": "a376afd996774d2551358f97f6a7987f3893c7cd",
                "sha256sum": "78f6104c8622d7b96efa71a155137eb6f39e47459b8745267e6c500af0d432e7"
            },
            {
                "name": "khajanchi2017-biopax3.owl",
                "description": "Auto-generated BioPAX (Level 3) file.",
                "fileSize": "28845",
                "mimeType": "application/rdf+xml",
                "md5sum": "7805a7fa3d5955d815ee732bf22fc896",
                "sha1sum": "2ccdbcf6f6960fdb666e7264b42feb85ad2ebd2a",
                "sha256sum": "c52f863393c746f444312f4c7c710b0e1b89503b3eb562f7754bd43beef5ad4d"
            },
            {
                "name": "khajanchi2017-matlab.m",
                "description": "Auto-generated Matlab file.",
                "fileSize": "11276",
                "mimeType": "text/x-matlab",
                "md5sum": "382f24c0c13e64e3a79eec34db26a7dc",
                "sha1sum": "2e0ae06a01a56312d783914811b6dbc7959438ca",
                "sha256sum": "45af483c3514e73e1b1e1d90792be7a7a823615054ec44fd948d2ea89b85d35c"
            },
            {
                "name": "khajanchi2017-octave.m",
                "description": "Auto-generated Octave file.",
                "fileSize": "11276",
                "mimeType": "text/x-matlab",
                "md5sum": "7ad3c989a690220f22d1cda5adf76108",
                "sha1sum": "4363d39172448a7568050c681cd0ce39170fae0b",
                "sha256sum": "1ac931c2000cca7f61e60486fca3d10bc8606a9d7dd41db252f77105b34d2898"
            },
            {
                "name": "khajanchi2017.cps",
                "description": "COPASI version 4.27 (Build 197)  representation of Khajanchi2017 - Uniform Persistence and Global Stability for a Brain Tumor and Immune System Interaction",
                "fileSize": "116444",
                "mimeType": "application/xml",
                "md5sum": "b79c83335e32c4217fa373f4eba8df7f",
                "sha1sum": "ec08f6dadc22737aa859325fb3cb1a0936062133",
                "sha256sum": "d32386f360277de5dfe4892effbe85ae3225042afd92388fa7511fbe1d9674ed"
            },
            {
                "name": "khajanchi2017.ode",
                "description": "Auto-generated ODE file for XPP.",
                "fileSize": "8658",
                "mimeType": "text/plain",
                "md5sum": "28413015e2a73c53dcd9bdcf1c14e4b7",
                "sha1sum": "7e693ca277c4836d1c4f1b3fcf07d1b39829900b",
                "sha256sum": "f69a72b54c696fa146f7ec1f90710652497e68a37e2d190354bcedc9df186cef"
            },
            {
                "name": "khajanchi2017.sedml",
                "description": "SEDML L2V1 Khajanchi2017 - Uniform Persistence and Global Stability for a Brain Tumor and Immune System Interaction (additionally CRBM-validated and adjusted).",
                "fileSize": "29119",
                "mimeType": "application/xml",
                "md5sum": "70d81e89008bcf4e64a879634b9a44da",
                "sha1sum": "5916ef9d5d975cb00c0d36f93076bc1a997697f9",
                "sha256sum": "1e32d2f74b09398264627313ae085a0064a364313ef75070f0a1255ddac22e1c"
            },
            {
                "name": "manifest.xml",
                "description": "Auto-generated manifest file for OMEX archives.",
                "fileSize": "1435",
                "mimeType": "application/xml",
                "md5sum": "9feb9629592a46d0e55ac42f2ac094a0",
                "sha1sum": "616d2db8d209e5f6eb1953657ee8b44192bb8670",
                "sha256sum": "61b9c744c8d0462dcbc4fe32f96c79677e885d264c90d24ba13cbd4c0d0189c4"
            },
            {
                "name": "metadata.rdf",
                "description": "Auto-generated annotation metadata file.",
                "fileSize": "2429",
                "mimeType": "application/rdf+xml",
                "md5sum": "1b01d177cf20fdd32a3baa773dcd6ce4",
                "sha1sum": "0e8b0f53c265c4adfc6dee3bac9cb133bfa67c32",
                "sha256sum": "13020546ed332e9cecd1822495a13cc7834485e267a87189d11d7d744823cdd2"
            }
        ]
    },
    "history": {
        "revisions": [
            {
                "version": 4,
                "submitted": 1583943022,
                "submitter": "Mohammad Umer Sharif Shohan",
                "comment": "Automatically added model identifier BIOMD0000000921"
            },
            {
                "version": 5,
                "submitted": 1724289383,
                "submitter": "Lucian Smith",
                "comment": "CRBM-sponsored manual and automated updates."
            }
        ]
    },
    "firstPublished": 1725281938,
    "submissionId": "MODEL2003110001",
    "publicationId": "BIOMD0000000921",
    "modellingApproach": {
        "accession": "MAMO_0000046",
        "name": "ordinary differential equation model",
        "resource": "http://identifiers.org/mamo/MAMO_0000046"
    },
    "curationStatus": "CURATED",
    "modelTags": [
        "Immuno-oncology"
    ],
    "contributors": {
        "Curator": [
            {
                "name": "Lucian Smith",
                "email": "lpsmith@uw.edu",
                "affiliation": "University of Washington",
                "orcid": "0000-0001-7002-6386",
                "external": false
            }
        ],
        "Modeller": [
            {
                "name": "Mohammad Umer Sharif Shohan",
                "email": "m.sharifshohan@gmail.com",
                "affiliation": "EMBL-EBI",
                "external": false
            }
        ]
    },
    "vcsIdentifier": "aai",
    "modelLevelAnnotations": [
        {
            "qualifier": "bqbiol:hasTaxon",
            "accession": "9606",
            "name": "Homo sapiens",
            "resource": "Taxonomy",
            "uri": "http://identifiers.org/taxonomy/9606"
        },
        {
            "qualifier": "bqbiol:hasProperty",
            "accession": "MAMO_0000046",
            "name": "Ordinary differential equation model",
            "resource": "Mathematical Modelling Ontology",
            "uri": "http://identifiers.org/mamo/MAMO_0000046"
        },
        {
            "qualifier": "bqmodel:isDerivedFrom",
            "accession": "MAMO_0000046",
            "name": "Ordinary differential equation model",
            "resource": "Mathematical Modelling Ontology",
            "uri": "http://identifiers.org/mamo/MAMO_0000046"
        },
        {
            "qualifier": "bqmodel:isDerivedFrom",
            "accession": "9606",
            "name": "Homo sapiens",
            "resource": "Taxonomy",
            "uri": "http://identifiers.org/taxonomy/9606"
        },
        {
            "qualifier": "bqmodel:isDescribedBy",
            "accession": "10.1142/S1793048017500114",
            "resource": "DOI",
            "uri": "http://identifiers.org/doi/10.1142/S1793048017500114"
        },
        {
            "qualifier": "bqmodel:is",
            "accession": "MODEL2003110001",
            "resource": "BioModels Database",
            "uri": "http://identifiers.org/biomodels.db/MODEL2003110001"
        },
        {
            "qualifier": "bqmodel:is",
            "accession": "BIOMD0000000921",
            "resource": "BioModels Database",
            "uri": "http://identifiers.org/biomodels.db/BIOMD0000000921"
        }
    ]
}