{
    "name": "Smith2011 - Three Stage Innate Immune Response to a Pneumococcal Lung Infection",
    "description": "<notes xmlns=\"http://www.sbml.org/sbml/level2/version4\">      <body xmlns=\"http://www.w3.org/1999/xhtml\">        <pre>Pneumococcal pneumonia is a leading cause of death and a major source of human morbidity. The initial immune response plays a central role in determining the course and outcome of pneumococcal disease. We combine bacterial titer measurements from mice infected with Streptococcus pneumoniae with mathematical modeling to investigate the coordination of immune responses and the effects of initial inoculum on outcome. To evaluate the contributions of individual components, we systematically build a mathematical model from three subsystems that describe the succession of defensive cells in the lung: resident alveolar macrophages, neutrophils and monocyte-derived macrophages. The alveolar macrophage response, which can be modeled by a single differential equation, can by itself rapidly clear small initial numbers of pneumococci. Extending the model to include the neutrophil response required additional equations for recruitment cytokines and host cell status and damage. With these dynamics, two outcomes can be predicted: bacterial clearance or sustained bacterial growth. Finally, a model including monocyte-derived macrophage recruitment by neutrophils suggests that sustained bacterial growth is possible even in their presence. Our model quantifies the contributions of cytotoxicity and immune-mediated damage in pneumococcal pathogenesis.</pre>      </body>    </notes>",
    "format": {
        "name": "SBML",
        "identifier": "SBML",
        "version": "L2V4"
    },
    "publication": {
        "type": "PubMed ID",
        "accession": "21300073",
        "journal": "Journal of theoretical biology",
        "title": "Mathematical model of a three-stage innate immune response to a pneumococcal lung infection.",
        "affiliation": "Theoretical Biology and Biophysics, Los Alamos National Laboratory, Los Alamos, NM 87545, USA. asmith@lanl.gov",
        "synopsis": "Pneumococcal pneumonia is a leading cause of death and a major source of human morbidity. The initial immune response plays a central role in determining the course and outcome of pneumococcal disease. We combine bacterial titer measurements from mice infected with Streptococcus pneumoniae with mathematical modeling to investigate the coordination of immune responses and the effects of initial inoculum on outcome. To evaluate the contributions of individual components, we systematically build a mathematical model from three subsystems that describe the succession of defensive cells in the lung: resident alveolar macrophages, neutrophils and monocyte-derived macrophages. The alveolar macrophage response, which can be modeled by a single differential equation, can by itself rapidly clear small initial numbers of pneumococci. Extending the model to include the neutrophil response required additional equations for recruitment cytokines and host cell status and damage. With these dynamics, two outcomes can be predicted: bacterial clearance or sustained bacterial growth. Finally, a model including monocyte-derived macrophage recruitment by neutrophils suggests that sustained bacterial growth is possible even in their presence. Our model quantifies the contributions of cytotoxicity and immune-mediated damage in pneumococcal pathogenesis.",
        "year": 2011,
        "month": "5",
        "volume": "276",
        "issue": "1",
        "pages": "106-116",
        "link": "http://identifiers.org/pubmed/21300073",
        "authors": [
            {
                "name": "Amber M Smith",
                "institution": "Department of Infectious Diseases, St. Jude Children's Research Hospital, Memphis, TN, 38105, USA. amber.smith@stjude.org.",
                "orcid": "0000-0002-7092-6904"
            },
            {
                "name": "Jonathan A McCullers"
            },
            {
                "name": "Frederick R Adler"
            }
        ]
    },
    "files": {
        "main": [
            {
                "name": "Smith2011_V1.xml",
                "description": "SBML L2V4 representation of Smith2011 - Three Stage Innate Immune Response to a Pneumococcal Lung Infection_curated",
                "fileSize": "73019",
                "mimeType": "application/xml",
                "md5sum": "4cbe12af8aae0e26ca3fa58f39a50344",
                "sha1sum": "d2a922546e3f4bda7f39a6b95975084dd2eb88fa",
                "sha256sum": "480e80f232f20a5a12ae099e322f0ae95e9fa9e1a27617e3d463484a2938e6aa"
            }
        ],
        "additional": [
            {
                "name": "Final Version (7)-biopax2.owl",
                "description": "Auto-generated BioPAX (Level 2) file.",
                "fileSize": "1893",
                "mimeType": "application/rdf+xml",
                "md5sum": "55ebdb655976607579c3c403e8eeffad",
                "sha1sum": "9b18306967068bdc81a212a729f8122c76f2632c",
                "sha256sum": "b67876798e6d4c76c1ff781bbb80c996af78baed249382a33fe2eedfaec82f4a"
            },
            {
                "name": "Final Version (7)-biopax3.owl",
                "description": "Auto-generated BioPAX (Level 3) file.",
                "fileSize": "2465",
                "mimeType": "application/rdf+xml",
                "md5sum": "56cf656495ac8bce5cbb33e6322a1312",
                "sha1sum": "6ecbc20e0f39f9b2eff753b3fcac961c1384aac5",
                "sha256sum": "45765197c25909ecb2dc1b96910abb6cb59fca9e7bf7f3e03ec561d75849a312"
            },
            {
                "name": "Final Version (7)-matlab.m",
                "description": "Auto-generated Matlab file.",
                "fileSize": "6001",
                "mimeType": "text/x-matlab",
                "md5sum": "000d628e3582e3a28822eeb6da3577c0",
                "sha1sum": "a756cab3e5f426d2c57ded261c6fde1fe50417e6",
                "sha256sum": "1d0cda63493dc4dc78b46d718cc6fd6f582e48612782732b8315cf525bb4dfd8"
            },
            {
                "name": "Final Version (7)-octave.m",
                "description": "Auto-generated Octave file.",
                "fileSize": "6001",
                "mimeType": "text/x-matlab",
                "md5sum": "f5423edefbe602ba10ae864055de68fa",
                "sha1sum": "bd403e1e8609bdfa7b9f5d4e30cd6b911672a878",
                "sha256sum": "31c57f6ca8bacea602c74e146fdd13a8f99db50b2680fcd44e1b5dc91f6c30d0"
            },
            {
                "name": "Final Version (7).cps",
                "description": "Copasi file for the model_orignal",
                "fileSize": "64225",
                "mimeType": "application/xml",
                "md5sum": "9aca29b607a6ce00623a7c1c46cc0bbf",
                "sha1sum": "498bad98d75863862e40de9f97c7322e0365cf91",
                "sha256sum": "f58fd7447afa3a8dd582ae53e67c6122e3e8c0a361622e835e65d2269b9cce95"
            },
            {
                "name": "Final Version (7).ode",
                "description": "Auto-generated ODE file for XPP.",
                "fileSize": "3643",
                "mimeType": "text/plain",
                "md5sum": "bec75a79002ce62005d2315f753c5465",
                "sha1sum": "c6bbe6693c80aa7ea4e6a05d079202d9c36ae1fe",
                "sha256sum": "16ea7c046ad9aaf591112964e743aa99fe4502d17394d0c387b7a070f6cd96d1"
            },
            {
                "name": "Final Version (7).xml",
                "description": "SBML L2V4 representation of Smith2011 - Three Stage Innate Immune Response to a Pneumococcal Lung Infection_Original",
                "fileSize": "28210",
                "mimeType": "application/xml",
                "md5sum": "21edcfa53a18b6929407dacf7d49de34",
                "sha1sum": "b84fd597b982f8e0a116d20951dfd8d07d80189b",
                "sha256sum": "8bf07c8b963b6f9365eb130803d2dd6b7108d3abf04fff3f4388c607b8cb8345"
            },
            {
                "name": "Smith2011_V1-biopax2.owl",
                "description": "Auto-generated BioPAX (Level 2) file.",
                "fileSize": "15074",
                "mimeType": "application/rdf+xml",
                "md5sum": "3056178821a419fd559e90bcc9ebd963",
                "sha1sum": "40d93257da9582b94f9353096ba444da5642e792",
                "sha256sum": "86e7130721f2dc62dc70e6efd9c35c17fc34d80b20c0d88c503fad1d7a9cf0ea"
            },
            {
                "name": "Smith2011_V1-biopax3.owl",
                "description": "Auto-generated BioPAX (Level 3) file.",
                "fileSize": "22215",
                "mimeType": "application/rdf+xml",
                "md5sum": "603112fe6d0fecc15ea8990a7cd5ca73",
                "sha1sum": "a1556a5e166f85637e80242e37afb1dbf4cd6987",
                "sha256sum": "3dd4718b66ed886ec17b6c876e648190bafe55a22f4d61fd294e4dec902f52cf"
            },
            {
                "name": "Smith2011_V1-matlab.m",
                "description": "Auto-generated Matlab file.",
                "fileSize": "9407",
                "mimeType": "text/x-matlab",
                "md5sum": "9935c9f7f4ef818db0dbe248064e3c18",
                "sha1sum": "28a28d0b581abb74b00da1c2e9ac85877a2d3a3e",
                "sha256sum": "df277edb10d908aa339e30d0c8214c468b8ff0529bd46f26097617cd54a25223"
            },
            {
                "name": "Smith2011_V1-octave.m",
                "description": "Auto-generated Octave file.",
                "fileSize": "9407",
                "mimeType": "text/x-matlab",
                "md5sum": "6ea0edfbef59bd8d25008bfd5cc72192",
                "sha1sum": "669c5b4a5d01633aea5d6e16b0feaaab1a819d41",
                "sha256sum": "ac0fd01a20d4d9e113ce8c62dbf284619c902dc915a49f4f2d39055dd3af16ad"
            },
            {
                "name": "Smith2011_V1.cps",
                "description": "COPASI version 4.27 (Build 217) Smith2011 - Three Stage Innate Immune Response to a Pneumococcal Lung Infection_Curated",
                "fileSize": "132398",
                "mimeType": "application/xml",
                "md5sum": "00979146570f0dca4c84ad818a291d1a",
                "sha1sum": "310f715f4152d89998812c52be12ce4d67ff593e",
                "sha256sum": "365d39615f21148d8f25195bae264f8e0797cb7df56960cff5791d9311788f3c"
            },
            {
                "name": "Smith2011_V1.ode",
                "description": "Auto-generated ODE file for XPP.",
                "fileSize": "7535",
                "mimeType": "text/plain",
                "md5sum": "8bfffe8c0d95ca59916f68a457c14012",
                "sha1sum": "979be42e2b4f7ee8775aacec27fe841f5c7ec43a",
                "sha256sum": "d023f9d44b196aef7bb7f69ac24cdf5f40209d94b1dbd4029d98931e9d5a58d9"
            },
            {
                "name": "Smith2011_V1.sedml",
                "description": "sed-ml L1V2 Smith2011 - Three Stage Innate Immune Response to a Pneumococcal Lung Infection_ Figure 4-Curated (additionally CRBM-validated and adjusted).",
                "fileSize": "30707",
                "mimeType": "application/xml",
                "md5sum": "146b1ab13b473c4864147d32abb216bf",
                "sha1sum": "7016499535af56db9bf7fdcb3be81116860a3972",
                "sha256sum": "6630d9997cc43bd2ad2ca379e587190a778edfcda75cab2a7e549de66d8e9d69"
            },
            {
                "name": "Smith2011_V1_Fig5.sedml",
                "description": "sed-ml L1V2 Smith2011 - Three Stage Innate Immune Response to a Pneumococcal Lung Infection_ Figure 5-Curated (additionally CRBM-validated and adjusted).",
                "fileSize": "20150",
                "mimeType": "application/xml",
                "md5sum": "9b8887e1b77677626cabf05a460e2187",
                "sha1sum": "069aa82d3cf68c15a56ae742ecb0f41ec7ea2b9d",
                "sha256sum": "561612f3b6f6e5e121a6987c0f54ff96d917e60d79275eaec76345b800e9657c"
            },
            {
                "name": "curation_image.png",
                "description": "Reproduced figure(s) from original curation.",
                "fileSize": "47399",
                "mimeType": "image/png",
                "md5sum": "a11ef8fc0357fa499dd185c31387e8a7",
                "sha1sum": "2ca596ab1c031eac9fb69842eacd95c46827e0c6",
                "sha256sum": "0c304c026f0c65559bfaeb7dd24c8bb62b985710ba769069bd54fa0cc6bd9c1c"
            },
            {
                "name": "curation_notes.txt",
                "description": "Notes from original curation (describes curation_image).",
                "fileSize": "222",
                "mimeType": "text/plain",
                "md5sum": "1c1a6580fab91be660398849ba16d67d",
                "sha1sum": "4957c67d0d5f2e4208b6c1a67e97d1bb5c578bde",
                "sha256sum": "83d93273fbb30ed607a2b7c70272a4de1c74a04142e890d06866600afc76f4ea"
            },
            {
                "name": "manifest.xml",
                "description": "Auto-generated manifest file for OMEX archives.",
                "fileSize": "2413",
                "mimeType": "application/xml",
                "md5sum": "eabdee8164573fcd58a492844aa99b8c",
                "sha1sum": "96fcf7145f252240f5a14da57859e53357fb6a83",
                "sha256sum": "6112688eaf9c7f820df99fe32190fd27d12233954446335bfe27a174ea569779"
            },
            {
                "name": "metadata.rdf",
                "description": "Auto-generated annotation metadata file.",
                "fileSize": "3035",
                "mimeType": "application/rdf+xml",
                "md5sum": "ffb1c80ef3ce340ef00436bd062e5333",
                "sha1sum": "d307f0bc05f43a9fe7b373768ffedd71982c6523",
                "sha256sum": "11a0ef7622a2aaf631347fb0e4240138528ddfb9d8fcf7da5acd73d51ed30349"
            }
        ]
    },
    "history": {
        "revisions": [
            {
                "version": 4,
                "submitted": 1535464229,
                "submitter": "Sarubini Kananathan",
                "comment": "Edited model metadata online."
            },
            {
                "version": 6,
                "submitted": 1585229705,
                "submitter": "Ahmad Zyoud",
                "comment": "Automatically added model identifier BIOMD0000000924"
            },
            {
                "version": 7,
                "submitted": 1724289461,
                "submitter": "Lucian Smith",
                "comment": "CRBM-sponsored manual and automated updates."
            }
        ]
    },
    "firstPublished": 1725281938,
    "submissionId": "MODEL1808280007",
    "publicationId": "BIOMD0000000924",
    "modellingApproach": {
        "accession": "MAMO_0000046",
        "name": "ordinary differential equation model",
        "resource": "http://identifiers.org/mamo/MAMO_0000046"
    },
    "curationStatus": "CURATED",
    "contributors": {
        "Curator": [
            {
                "name": "Lucian Smith",
                "email": "lpsmith@uw.edu",
                "affiliation": "University of Washington",
                "orcid": "0000-0001-7002-6386",
                "external": false
            }
        ],
        "Modeller": [
            {
                "name": "Sarubini Kananathan",
                "email": "skananathan@ebi.ac.uk",
                "affiliation": "EMBL-EBI",
                "external": false
            },
            {
                "name": "Ahmad Zyoud",
                "email": "azyoud@ebi.ac.uk",
                "affiliation": "EMBL-EBI",
                "orcid": "0000-0002-5937-8564",
                "external": false
            }
        ]
    },
    "vcsIdentifier": "aag",
    "modelLevelAnnotations": [
        {
            "qualifier": "bqbiol:hasTaxon",
            "accession": "9606",
            "name": "Homo sapiens",
            "resource": "Taxonomy",
            "uri": "http://identifiers.org/taxonomy/9606"
        },
        {
            "qualifier": "bqbiol:hasProperty",
            "accession": "MAMO_0000046",
            "name": "Ordinary differential equation model",
            "resource": "Mathematical Modelling Ontology",
            "uri": "http://identifiers.org/mamo/MAMO_0000046"
        },
        {
            "qualifier": "bqbiol:hasProperty",
            "accession": "GO:0006955",
            "name": "immune response",
            "resource": "Gene Ontology",
            "uri": "http://identifiers.org/go/GO:0006955"
        },
        {
            "qualifier": "bqmodel:is",
            "accession": "MODEL1808280007",
            "resource": "BioModels Database",
            "uri": "http://identifiers.org/biomodels.db/MODEL1808280007"
        },
        {
            "qualifier": "bqmodel:is",
            "accession": "BIOMD0000000924",
            "resource": "BioModels Database",
            "uri": "http://identifiers.org/biomodels.db/BIOMD0000000924"
        },
        {
            "qualifier": "bqmodel:isDescribedBy",
            "accession": "21300073",
            "resource": "PubMed",
            "uri": "https://identifiers.org/pubmed:21300073"
        },
        {
            "qualifier": "bqbiol:is",
            "accession": "MODEL1808280007",
            "resource": "BioModels Database",
            "uri": "http://identifiers.org/biomodels.db/MODEL1808280007"
        },
        {
            "qualifier": "bqbiol:occursIn",
            "accession": "BTO:0000763",
            "name": "lung",
            "resource": "Brenda Tissue Ontology",
            "uri": "http://identifiers.org/bto/BTO:0000763"
        },
        {
            "qualifier": "bqbiol:isDescribedBy",
            "accession": "21300073",
            "resource": "PubMed",
            "uri": "http://identifiers.org/pubmed/21300073"
        },
        {
            "qualifier": "bqbiol:hasProperty",
            "accession": "C3137",
            "name": "Inflammation",
            "resource": "NCIt",
            "uri": "http://identifiers.org/ncit/C3137"
        },
        {
            "qualifier": "bqbiol:hasProperty",
            "accession": "NCIT:C157959",
            "name": "Pneumococcal Pneumonia",
            "resource": "NCIt",
            "uri": "http://identifiers.org/ncit/C157959"
        }
    ]
}