{
    "name": "Cursons2015 - Regulation of ERK-MAPK signaling in human epidermis",
    "description": "<notes xmlns=\"http://www.sbml.org/sbml/level2/version4\">      <body xmlns=\"http://www.w3.org/1999/xhtml\">        <div class=\"dc:title\">Cursons2015 - Regulation of ERK-MAPKsignaling in human epidermis</div><div class=\"dc:description\">Model comparing the abundance ofphosphorylated MAPK signalling proteins and calcium signalling inthe epidermis.</div><div class=\"dc:bibliographicCitation\">  <p>This model is described in the article:</p>  <div class=\"bibo:title\">    <a href=\"http://identifiers.org/pubmed/26209520\" title=\"Access to this publication\">Regulation of ERK-MAPK    signaling in human epidermis.</a>  </div>  <div class=\"bibo:authorList\">Cursons J, Gao J, Hurley DG, Print  CG, Dunbar PR, Jacobs MD, Crampin EJ.</div>  <div class=\"bibo:Journal\">BMC Syst Biol 2015; 9: 41</div>  <p>Abstract:</p>  <div class=\"bibo:abstract\">    <p>The skin is largely comprised of keratinocytes within the    interfollicular epidermis. Over approximately two weeks these    cells differentiate and traverse the thickness of the skin. The    stage of differentiation is therefore reflected in the    positions of cells within the tissue, providing a convenient    axis along which to study the signaling events that occur in    situ during keratinocyte terminal differentiation, over this    extended two-week timescale. The canonical ERK-MAPK signaling    cascade (Raf-1, MEK-1/2 and ERK-1/2) has been implicated in    controlling diverse cellular behaviors, including proliferation    and differentiation. While the molecular interactions involved    in signal transduction through this cascade have been well    characterized in cell culture experiments, our understanding of    how this sequence of events unfolds to determine cell fate    within a homeostatic tissue environment has not been fully    characterized.We measured the abundance of total and    phosphorylated ERK-MAPK signaling proteins within    interfollicular keratinocytes in transverse cross-sections of    human epidermis using immunofluorescence microscopy. To    investigate these data we developed a mathematical model of the    signaling cascade using a normalized-Hill differential equation    formalism.These data show coordinated variation in the    abundance of phosphorylated ERK-MAPK components across the    epidermis. Statistical analysis of these data shows that    associations between phosphorylated ERK-MAPK components which    correspond to canonical molecular interactions are dependent    upon spatial position within the epidermis. The model    demonstrates that the spatial profile of activation for    ERK-MAPK signaling components across the epidermis may be    maintained in a cell-autonomous fashion by an underlying    spatial gradient in calcium signaling.Our data demonstrate an    extended phospho-protein profile of ERK-MAPK signaling cascade    components across the epidermis in situ, and statistical    associations in these data indicate canonical ERK-MAPK    interactions underlie this spatial profile of ERK-MAPK    activation. Using mathematical modelling we have demonstrated    that spatially varying calcium signaling components across the    epidermis may be sufficient to maintain the spatial profile of    ERK-MAPK signaling cascade components in a cell-autonomous    manner. These findings may have significant implications for    the wide range of cancer drugs which therapeutically target    ERK-MAPK signaling components.</p>  </div></div><div class=\"dc:publisher\">  <p>This model is hosted on   <a href=\"http://www.ebi.ac.uk/biomodels/\">BioModels Database</a>  and identified by:   <a href=\"http://identifiers.org/biomodels.db/BIOMD0000000659\">BIOMD0000000659</a>.</p>  <p>To cite BioModels Database, please use:   <a href=\"http://identifiers.org/pubmed/25414348\" target=\"_blank\">Chelliah V et al. BioModels: ten-year  anniversary. Nucl. Acids Res. 2015, 43(Database  issue):D542-8</a>.</p></div><div class=\"dc:license\">  <p>To the extent possible under law, all copyright and related or  neighbouring rights to this encoded model have been dedicated to  the public domain worldwide. Please refer to   <a href=\"http://creativecommons.org/publicdomain/zero/1.0/\" title=\"Access to: CC0 1.0 Universal (CC0 1.0), Public Domain Dedication\">CC0  Public Domain Dedication</a> for more information.</p></div></body>    </notes>",
    "format": {
        "name": "SBML",
        "identifier": "SBML",
        "version": "L2V4"
    },
    "publication": {
        "type": "PubMed ID",
        "accession": "26209520",
        "journal": "BMC systems biology",
        "title": "Regulation of ERK-MAPK signaling in human epidermis.",
        "affiliation": "Systems Biology Laboratory, Melbourne School of Engineering, University of Melbourne, Melbourne, Australia. joseph.cursons@unimelb.edu.au.",
        "synopsis": "<h4>Background</h4>The skin is largely comprised of keratinocytes within the interfollicular epidermis. Over approximately two weeks these cells differentiate and traverse the thickness of the skin. The stage of differentiation is therefore reflected in the positions of cells within the tissue, providing a convenient axis along which to study the signaling events that occur in situ during keratinocyte terminal differentiation, over this extended two-week timescale. The canonical ERK-MAPK signaling cascade (Raf-1, MEK-1/2 and ERK-1/2) has been implicated in controlling diverse cellular behaviors, including proliferation and differentiation. While the molecular interactions involved in signal transduction through this cascade have been well characterized in cell culture experiments, our understanding of how this sequence of events unfolds to determine cell fate within a homeostatic tissue environment has not been fully characterized.<h4>Methods</h4>We measured the abundance of total and phosphorylated ERK-MAPK signaling proteins within interfollicular keratinocytes in transverse cross-sections of human epidermis using immunofluorescence microscopy. To investigate these data we developed a mathematical model of the signaling cascade using a normalized-Hill differential equation formalism.<h4>Results</h4>These data show coordinated variation in the abundance of phosphorylated ERK-MAPK components across the epidermis. Statistical analysis of these data shows that associations between phosphorylated ERK-MAPK components which correspond to canonical molecular interactions are dependent upon spatial position within the epidermis. The model demonstrates that the spatial profile of activation for ERK-MAPK signaling components across the epidermis may be maintained in a cell-autonomous fashion by an underlying spatial gradient in calcium signaling.<h4>Conclusions</h4>Our data demonstrate an extended phospho-protein profile of ERK-MAPK signaling cascade components across the epidermis in situ, and statistical associations in these data indicate canonical ERK-MAPK interactions underlie this spatial profile of ERK-MAPK activation. Using mathematical modelling we have demonstrated that spatially varying calcium signaling components across the epidermis may be sufficient to maintain the spatial profile of ERK-MAPK signaling cascade components in a cell-autonomous manner. These findings may have significant implications for the wide range of cancer drugs which therapeutically target ERK-MAPK signaling components.",
        "year": 2015,
        "month": "7",
        "volume": "9",
        "pages": "41",
        "link": "http://identifiers.org/pubmed/26209520",
        "authors": [
            {
                "name": "Joseph Cursons",
                "institution": "Systems Biology Laboratory, Melbourne School of Engineering, University of Melbourne, Melbourne, Australia. joseph.cursons@unimelb.edu.au.NICTA Victoria Research Lab, Melbourne, Australia. joseph.cursons@unimelb.edu.au.ARC Centre of Excellence in Convergent Bio-Nano Science and Technology, Melbourne School of Engineering, University of Melbourne, Melbourne, Australia. joseph.cursons@unimelb.edu.au.Auckland Bioengineering Institute, University of Auckland, Auckland, New Zealand. joseph.cursons@unimelb.edu.au.Maurice Wilkins Centre, University of Auckland, Auckland, New Zealand. joseph.cursons@unimelb.edu.au.",
                "orcid": "0000-0002-5053-4540"
            },
            {
                "name": "Jerry Gao",
                "institution": "Systems Biology Laboratory, Melbourne School of Engineering, University of Melbourne, Melbourne, Australia. jerry.gao@unimelb.edu.au."
            },
            {
                "name": "Daniel G Hurley",
                "institution": "Systems Biology Laboratory, Melbourne School of Engineering, University of Melbourne, Melbourne, Australia. daniel.hurley@unimelb.edu.au.NICTA Victoria Research Lab, Melbourne, Australia. daniel.hurley@unimelb.edu.au.Auckland Bioengineering Institute, University of Auckland, Auckland, New Zealand. daniel.hurley@unimelb.edu.au.Maurice Wilkins Centre, University of Auckland, Auckland, New Zealand. daniel.hurley@unimelb.edu.au.Bioinformatics Institute, University of Auckland, Auckland, New Zealand. daniel.hurley@unimelb.edu.au.Faculty of Medical and Health Sciences, University of Auckland, Auckland, New Zealand. daniel.hurley@unimelb.edu.au.",
                "orcid": "0000-0003-0171-1982"
            },
            {
                "name": "Cristin G Print",
                "institution": "Maurice Wilkins Centre, University of Auckland, Auckland, New Zealand. c.print@auckland.ac.nz.Bioinformatics Institute, University of Auckland, Auckland, New Zealand. c.print@auckland.ac.nz.Faculty of Medical and Health Sciences, University of Auckland, Auckland, New Zealand. c.print@auckland.ac.nz.",
                "orcid": "0000-0001-8345-7812"
            },
            {
                "name": "P Rod Dunbar",
                "institution": "Maurice Wilkins Centre, University of Auckland, Auckland, New Zealand. r.dunbar@auckland.ac.nz.School of Biological Sciences, University of Auckland, Auckland, New Zealand. r.dunbar@auckland.ac.nz.",
                "orcid": "0000-0001-9626-2600"
            },
            {
                "name": "Marc D Jacobs",
                "institution": "Department of Biology, New Zealand International College, ACG New Zealand, Auckland, New Zealand. marc.jacobs@gmx.com."
            },
            {
                "name": "Edmund J Crampin",
                "institution": "Systems Biology Laboratory, Melbourne School of Engineering, University of Melbourne, Melbourne, Australia. edmund.crampin@unimelb.edu.au.ARC Centre of Excellence in Convergent Bio-Nano Science and Technology, Melbourne School of Engineering, University of Melbourne, Melbourne, Australia. edmund.crampin@unimelb.edu.au.Auckland Bioengineering Institute, University of Auckland, Auckland, New Zealand. edmund.crampin@unimelb.edu.au.Maurice Wilkins Centre, University of Auckland, Auckland, New Zealand. edmund.crampin@unimelb.edu.au.School of Mathematics and Statistics, University of Melbourne, Melbourne, Australia. edmund.crampin@unimelb.edu.au.School of Medicine, University of Melbourne, Melbourne, Australia. edmund.crampin@unimelb.edu.au."
            }
        ]
    },
    "files": {
        "main": [
            {
                "name": "BIOMD0000000659_url.xml",
                "description": "SBML L2V4 representation of Cursons2015 - Regulation of ERK-MAPK signaling in human epidermis",
                "fileSize": "53986",
                "mimeType": "application/xml",
                "md5sum": "caa7a55eda44b354ec66bbaa8db0f06b",
                "sha1sum": "de08952ba057e88860f733d1a3f4070499b84849",
                "sha256sum": "e6aebae00520358e12b52186e8888d71d4fa5d182035c3274bff59d31c8105b4"
            }
        ],
        "additional": [
            {
                "name": "BIOMD0000000659-biopax2.owl",
                "description": "Auto-generated BioPAX (Level 2)",
                "fileSize": "8255",
                "mimeType": "application/rdf+xml",
                "md5sum": "0a732db7f0f3793401abdd55c74033f6",
                "sha1sum": "3fea180881c4b751f6ba08a1bc13991062df393f",
                "sha256sum": "c9ca2339e4627690761d12566d3f5501f7f7ed8861afe34e07338e95c47a6c0c"
            },
            {
                "name": "BIOMD0000000659-biopax3.owl",
                "description": "Auto-generated BioPAX (Level 3)",
                "fileSize": "9031",
                "mimeType": "application/rdf+xml",
                "md5sum": "ea24fdc5dec5178d4605f37632faf578",
                "sha1sum": "b33b5bf2dc94d53b56cb75af70b1b5421c58a972",
                "sha256sum": "5f53526107fb57ee3bd9dff62ac141a7505da4ffe7020fd1faa9ef09d98f5502"
            },
            {
                "name": "BIOMD0000000659-matlab.m",
                "description": "Auto-generated Matlab file.",
                "fileSize": "9409",
                "mimeType": "text/x-matlab",
                "md5sum": "f7c7f23b020c921a5fc2828331def056",
                "sha1sum": "085ab3395a1d235032c91a000ad8f936a18a5f88",
                "sha256sum": "14aecfd1a1dce17f98adaf407483ed5b9a3c36af0453536ed5231e3cf97bfe26"
            },
            {
                "name": "BIOMD0000000659-octave.m",
                "description": "Auto-generated Octave file.",
                "fileSize": "9409",
                "mimeType": "text/x-matlab",
                "md5sum": "64d7e0225c67c61efd95b9531b9ab60f",
                "sha1sum": "44fee7b1df4abe06722133ca535bcfdfe072504f",
                "sha256sum": "ea224eab0c30898b69e8d8f01214450779fb1910522823517ba29261dc2cc2a3"
            },
            {
                "name": "BIOMD0000000659.m",
                "description": "Auto-generated Octave file",
                "fileSize": "9409",
                "mimeType": "text/x-matlab",
                "md5sum": "64d7e0225c67c61efd95b9531b9ab60f",
                "sha1sum": "44fee7b1df4abe06722133ca535bcfdfe072504f",
                "sha256sum": "ea224eab0c30898b69e8d8f01214450779fb1910522823517ba29261dc2cc2a3"
            },
            {
                "name": "BIOMD0000000659.ode",
                "description": "Auto-generated ODE file for XPP.",
                "fileSize": "5946",
                "mimeType": "text/plain",
                "md5sum": "21eb3d0d131e19b9f54f6732f5f727c6",
                "sha1sum": "5038c69a3a775bc546d4b29a588d2cdb7e4ab555",
                "sha256sum": "b028dec96cd4639473670c8250032eb7b260075fc49d035cf8b73208b07550b1"
            },
            {
                "name": "BIOMD0000000659.pdf",
                "description": "Auto-generated PDF file",
                "fileSize": "154879",
                "mimeType": "application/pdf",
                "md5sum": "3c6fa3d94ce46f875a3afc0308dcb0ae",
                "sha1sum": "8c957c4c3420f54c7a7f6cf58228d38c64c54a8c",
                "sha256sum": "b8dc7c2907d084fb8d83c010271b8fb0161cb34abdf107b3d5f503dbfe953f1c"
            },
            {
                "name": "BIOMD0000000659.png",
                "description": "Auto-generated Reaction graph (PNG)",
                "fileSize": "4370",
                "mimeType": "image/png",
                "md5sum": "51a02aeed2d9b25335f3564484b8bb20",
                "sha1sum": "be6004b6e09f0df48128af03d07c541ebc1da0e9",
                "sha256sum": "2fc210bd801811e46547af171bb390ae3cc4ccc9794865e866bc9874201a9bd3"
            },
            {
                "name": "BIOMD0000000659.svg",
                "description": "Auto-generated Reaction graph (SVG)",
                "fileSize": "862",
                "mimeType": "image/svg+xml",
                "md5sum": "48b7bcfdf9b324fa2420125f14d79265",
                "sha1sum": "6724e0820c4d158cf2cad34dc41073cd396751b7",
                "sha256sum": "54cbd07a63e716452e0d412448cc5d89cc089b4b04b5876ed47e9fae30315b38"
            },
            {
                "name": "BIOMD0000000659_url.sedml",
                "description": "CRBM auto-generated \"template\" SED-ML file.",
                "fileSize": "22088",
                "mimeType": "application/xml",
                "md5sum": "04b5769054b552910eda3072a3b2e9b0",
                "sha1sum": "582578d59a16e576f55116c864946b6d36fdb683",
                "sha256sum": "73bb8467279b493cf3fd0d1e7d5020a23cb1e457ddecabd4198cbd081f25a63f"
            },
            {
                "name": "curation_image.png",
                "description": "Reproduced figure(s) from original curation.",
                "fileSize": "23221",
                "mimeType": "image/png",
                "md5sum": "8fa288c7c4407dfed64e9fc51f5ce39b",
                "sha1sum": "db2b76c10d7460d8caee4942a337d0d09d59c84e",
                "sha256sum": "b89a98a29b8c057b8d1c952b9d51a4be295f6d341559e6dbe4f3edee8fbf0acc"
            },
            {
                "name": "curation_notes.txt",
                "description": "Notes from original curation (describes curation_image).",
                "fileSize": "352",
                "mimeType": "text/plain",
                "md5sum": "6c1d416a5a2a6b11a7154d6bc2ee2feb",
                "sha1sum": "5587d622da1bf80d07bc65ee4d7c4592f6d1c9c4",
                "sha256sum": "4bd75682091974f412437d2b4b5ef20bc71870004c4bd54d3229b4874b2ea866"
            },
            {
                "name": "manifest.xml",
                "description": "Auto-generated manifest file for OMEX archives.",
                "fileSize": "1790",
                "mimeType": "application/xml",
                "md5sum": "056fb4fb60183ca1836e4d34f085f578",
                "sha1sum": "e19009da234bb25bf1eb84ebd08e1814088a54c0",
                "sha256sum": "a7aeb46069a43b24cd341f9f0bef8d8fe3945ceb14aac6ed5e04903860e6f171"
            },
            {
                "name": "metadata.rdf",
                "description": "Auto-generated annotation metadata file.",
                "fileSize": "6401",
                "mimeType": "application/rdf+xml",
                "md5sum": "6876ad62d97b6f52fe6af56b80be26d1",
                "sha1sum": "8f2dab37ccb77cf151f94d98b61113a1eaa8556e",
                "sha256sum": "df20e4b5cb6c76d1533032fb074443c9515d4f986e365da1df099039994dfe45"
            }
        ]
    },
    "history": {
        "revisions": [
            {
                "version": 1,
                "submitted": 1427419740,
                "submitter": "Joe Cursons",
                "comment": "Original import of EpidermalERKMAPK"
            },
            {
                "version": 2,
                "submitted": 1455116486,
                "submitter": "Joe Cursons",
                "comment": "Current version of Cursons2015 - Regulation of ERK-MAPK signaling in human epidermis"
            },
            {
                "version": 3,
                "submitted": 1509622511,
                "submitter": "Rahuman S Malik-Sheriff",
                "comment": "Notes updated using online editor."
            },
            {
                "version": 4,
                "submitted": 1724282148,
                "submitter": "Lucian Smith",
                "comment": "CRBM-sponsored manual and automated updates."
            }
        ]
    },
    "firstPublished": 1725281801,
    "submissionId": "MODEL1503270000",
    "publicationId": "BIOMD0000000659",
    "modellingApproach": {
        "accession": "MAMO_0000046",
        "name": "ordinary differential equation model",
        "resource": "http://identifiers.org/mamo/MAMO_0000046"
    },
    "curationStatus": "CURATED",
    "contributors": {
        "Curator": [
            {
                "name": "Lucian Smith",
                "email": "lpsmith@uw.edu",
                "affiliation": "University of Washington",
                "orcid": "0000-0001-7002-6386",
                "external": false
            }
        ],
        "Modeller": [
            {
                "name": "Joe Cursons",
                "email": "joseph.cursons@unimelb.edu.au",
                "affiliation": "Systems Biology Laboratory, University of Melbourne, Australia",
                "external": false
            },
            {
                "name": "Rahuman S Malik-Sheriff",
                "email": "sheriff@ebi.ac.uk",
                "affiliation": "European Molecular Biology Laboratory-European Bioinformatics Institute (EMBL-EBI), Wellcome Trust Genome Campus, Hinxton, Cambridge CB10 1SD, UK.",
                "orcid": "0000-0003-0705-9809",
                "external": false
            }
        ]
    },
    "vcsIdentifier": "aab",
    "modelLevelAnnotations": [
        {
            "qualifier": "bqbiol:hasTaxon",
            "accession": "9606",
            "name": "Homo sapiens",
            "resource": "Taxonomy",
            "uri": "http://identifiers.org/taxonomy/9606"
        },
        {
            "qualifier": "bqbiol:hasProperty",
            "accession": "MAMO_0000046",
            "name": "Ordinary differential equation model",
            "resource": "Mathematical Modelling Ontology",
            "uri": "http://identifiers.org/mamo/MAMO_0000046"
        },
        {
            "qualifier": "bqbiol:hasProperty",
            "accession": "GO:0043408",
            "name": "regulation of MAPK cascade",
            "resource": "Gene Ontology",
            "uri": "http://identifiers.org/go/GO:0043408"
        },
        {
            "qualifier": "bqmodel:is",
            "accession": "MODEL1503270000",
            "resource": "BioModels Database",
            "uri": "http://identifiers.org/biomodels.db/MODEL1503270000"
        },
        {
            "qualifier": "bqmodel:is",
            "accession": "BIOMD0000000659",
            "resource": "BioModels Database",
            "uri": "http://identifiers.org/biomodels.db/BIOMD0000000659"
        },
        {
            "qualifier": "bqmodel:isDescribedBy",
            "accession": "26209520",
            "resource": "PubMed",
            "uri": "http://identifiers.org/pubmed/26209520"
        },
        {
            "qualifier": "bqbiol:hasProperty",
            "accession": "GO:0019722",
            "name": "calcium-mediated signaling",
            "resource": "Gene Ontology",
            "uri": "http://identifiers.org/go/GO:0019722"
        },
        {
            "qualifier": "bqbiol:isVersionOf",
            "accession": "GO:0000165",
            "name": "MAPK cascade",
            "resource": "Gene Ontology",
            "uri": "http://identifiers.org/go/GO:0000165"
        },
        {
            "qualifier": "bqbiol:occursIn",
            "accession": "BTO:0000404",
            "name": "epidermis",
            "resource": "Brenda Tissue Ontology",
            "uri": "http://identifiers.org/bto/BTO:0000404"
        },
        {
            "qualifier": "bqbiol:isVersionOf",
            "accession": "map04010",
            "name": "MAPK signaling pathway",
            "resource": "KEGG Pathway",
            "uri": "http://identifiers.org/kegg.pathway/map04010"
        },
        {
            "qualifier": "bqbiol:isDescribedBy",
            "accession": "26209520",
            "resource": "PubMed",
            "uri": "http://identifiers.org/pubmed/26209520"
        }
    ]
}