<?xml version='1.0' encoding='UTF-8' standalone='no'?>
<sbml xmlns="http://www.sbml.org/sbml/level2/version4" level="2" metaid="_2da4a598-491d-467d-8642-7faa5088e3b3" version="4">
  <model id="MODEL1503180001" metaid="COPASI0" name="Aguilera 2014 - HIV latency. Interaction between HIV proteins and immune response">
    <notes>
      <body xmlns="http://www.w3.org/1999/xhtml">
        <div class="dc:title">Aguilera 2014 - HIV latency. Interaction
between HIV proteins and immune response</div>
<div class="dc:bibliographicCitation">
  <p>This model is described in the article:</p>
  <div class="bibo:title">
    <a href="http://identifiers.org/pubmed/24997239" title="Access to this publication">Studying HIV latency by
    modeling the interaction between HIV proteins and the innate
    immune response.</a>
  </div>
  <div class="bibo:authorList">Aguilera LU,
  Rodríguez-González J.</div>
  <div class="bibo:Journal">J. Theor. Biol. 2014 Nov; 360:
  67-77</div>
  <p>Abstract:</p>
  <div class="bibo:abstract">
    <p>HIV infection leads to two cell fates, the viral productive
    state or viral latency (a reversible non-productive state). HIV
    latency is relevant because infected active CD4+ T-lymphocytes
    can reach a resting memory state in which the provirus remains
    silent for long periods of time. Despite experimental and
    theoretical efforts, the causal molecular mechanisms
    responsible for HIV latency are only partially understood.
    Studies have determined that HIV latency is influenced by the
    innate immune response carried out by cell restriction factors
    that inhibit the postintegration steps in the virus replication
    cycle. In this study, we present a mathematical study that
    combines deterministic and stochastic approaches to analyze the
    interactions between HIV proteins and the innate immune
    response. Using wide ranges of parameter values, we observed
    the following: (1) a phenomenological description of the viral
    productive and latent cell phenotypes is obtained by bistable
    and bimodal dynamics, (2) biochemical noise reduces the
    probability that an infected cell adopts the latent state, (3)
    the effects of the innate immune response enhance the HIV
    latency state, (4) the conditions of the cell before infection
    affect the latent phenotype, i.e., the existing expression of
    cell restriction factors propitiates HIV latency, and existing
    expression of HIV proteins reduces HIV latency.</p>
  </div>
</div>
<div class="dc:publisher">
  <p>This model is hosted on 
  <a href="http://www.ebi.ac.uk/biomodels/">BioModels Database</a>
  and identified by: 
  <a href="http://identifiers.org/biomodels.db/BIOMD0000000573">BIOMD0000000573</a>.</p>
  <p>To cite BioModels Database, please use: 
  <a href="http://identifiers.org/pubmed/20587024" title="Latest BioModels Database publication">BioModels Database:
  An enhanced, curated and annotated resource for published
  quantitative kinetic models</a>.</p>
</div>
<div class="dc:license">
  <p>To the extent possible under law, all copyright and related or
  neighbouring rights to this encoded model have been dedicated to
  the public domain worldwide. Please refer to 
  <a href="http://creativecommons.org/publicdomain/zero/1.0/" title="Access to: CC0 1.0 Universal (CC0 1.0), Public Domain Dedication">CC0
  Public Domain Dedication</a> for more information.</p>
</div>
</body>
    </notes>
    <annotation>
      <COPASI xmlns="http://www.copasi.org/static/sbml">
        <rdf:RDF xmlns:CopasiMT="http://www.copasi.org/RDF/MiriamTerms#" xmlns:dcterms="http://purl.org/dc/terms/" xmlns:rdf="http://www.w3.org/1999/02/22-rdf-syntax-ns#" xmlns:vCard="http://www.w3.org/2001/vcard-rdf/3.0#">
          <rdf:Description rdf:about="#COPASI0">
            <dcterms:bibliographicCitation>
              <rdf:Description>
                <CopasiMT:isDescribedBy rdf:resource="http://identifiers.org/doi/10.1016/j.jtbi.2014.06.025"/>
              </rdf:Description>
            </dcterms:bibliographicCitation>
            <dcterms:bibliographicCitation>
              <rdf:Description>
                <CopasiMT:isDescribedBy rdf:resource="http://identifiers.org/pubmed/24997239"/>
              </rdf:Description>
            </dcterms:bibliographicCitation>
            <dcterms:created>
              <rdf:Description>
                <dcterms:W3CDTF>2015-02-07T21:35:33Z</dcterms:W3CDTF>
              </rdf:Description>
            </dcterms:created>
            <dcterms:creator>
              <rdf:Description>
                <vCard:EMAIL> luis.aguilera@bioquant.uni-heidelberg.de</vCard:EMAIL>
                <vCard:N>
                  <rdf:Description>
                    <vCard:Family>Aguilera de Lira</vCard:Family>
                    <vCard:Given>Luis Ubaldo</vCard:Given>
                  </rdf:Description>
                </vCard:N>
                <vCard:ORG>
                  <rdf:Description>
                    <vCard:Orgname>Heidelberg University</vCard:Orgname>
                  </rdf:Description>
                </vCard:ORG>
              </rdf:Description>
            </dcterms:creator>
            <dcterms:creator>
              <rdf:Description>
                <vCard:EMAIL>jrodriguez@cinvestav.mx</vCard:EMAIL>
                <vCard:N>
                  <rdf:Description>
                    <vCard:Family>Rodriguez-Gonzalez</vCard:Family>
                    <vCard:Given>Jesus</vCard:Given>
                  </rdf:Description>
                </vCard:N>
                <vCard:ORG>
                  <rdf:Description>
                    <vCard:Orgname>Cinvestav Mexico</vCard:Orgname>
                  </rdf:Description>
                </vCard:ORG>
              </rdf:Description>
            </dcterms:creator>
            <dcterms:modified>
              <rdf:Description>
                <dcterms:W3CDTF>2015-03-13T09:05:17</dcterms:W3CDTF>
              </rdf:Description>
            </dcterms:modified>
          </rdf:Description>
        </rdf:RDF>
      </COPASI>
	<rdf:RDF xmlns:rdf="http://www.w3.org/1999/02/22-rdf-syntax-ns#" xmlns:dc="http://purl.org/dc/elements/1.1/" xmlns:vCard="http://www.w3.org/2001/vcard-rdf/3.0#" xmlns:dcterms="http://purl.org/dc/terms/" xmlns:bqmodel="http://biomodels.net/model-qualifiers/" xmlns:bqbiol="http://biomodels.net/biology-qualifiers/">
        <rdf:Description rdf:about="#COPASI0">
	<dc:creator>
	<rdf:Bag>
	<rdf:li rdf:parseType="Resource">
	<vCard:N rdf:parseType="Resource">
	<vCard:Family>Lloret i Villas</vCard:Family>
	<vCard:Given>Audald</vCard:Given>
	</vCard:N>
	<vCard:EMAIL>lloret@ebi.ac.uk</vCard:EMAIL>
	<vCard:ORG rdf:parseType="Resource">
	<vCard:Orgname>EMBL-EBI</vCard:Orgname>
	</vCard:ORG>
	</rdf:li>
	<rdf:li rdf:parseType="Resource">
	<vCard:N rdf:parseType="Resource">
	<vCard:Family>Aguilera de Lira</vCard:Family>
	<vCard:Given>Luis Ubaldo</vCard:Given>
	</vCard:N>
	<vCard:EMAIL>luis.aguilera@bioquant.uni-heidelberg.de</vCard:EMAIL>
	<vCard:ORG rdf:parseType="Resource">
	<vCard:Orgname>Heidelberg University. Department of Modeling of Biological Processes</vCard:Orgname>
	</vCard:ORG>
	</rdf:li>
	</rdf:Bag>
	</dc:creator>
	<dcterms:created rdf:parseType="Resource">
	<dcterms:W3CDTF>2015-03-30T13:07:36Z</dcterms:W3CDTF>
	</dcterms:created>
	<dcterms:modified rdf:parseType="Resource">
	<dcterms:W3CDTF>2016-04-08T17:53:31Z</dcterms:W3CDTF>
	</dcterms:modified>
	<bqmodel:is>
	<rdf:Bag>
	<rdf:li rdf:resource="http://identifiers.org/biomodels.db/MODEL1503180001"/>
	</rdf:Bag>
	</bqmodel:is>
	<bqmodel:is>
	<rdf:Bag>
	<rdf:li rdf:resource="http://identifiers.org/biomodels.db/BIOMD0000000573"/>
	</rdf:Bag>
	</bqmodel:is>
	<bqmodel:isDescribedBy>
	<rdf:Bag>
	<rdf:li rdf:resource="http://identifiers.org/pubmed/24997239"/>
	</rdf:Bag>
	</bqmodel:isDescribedBy>
	<bqbiol:hasTaxon>
	<rdf:Bag>
	<rdf:li rdf:resource="http://identifiers.org/taxonomy/9606"/>
	</rdf:Bag>
	</bqbiol:hasTaxon>
	<bqbiol:isVersionOf>
	<rdf:Bag>
	<rdf:li rdf:resource="http://identifiers.org/go/GO:0045087"/>
	</rdf:Bag>
	</bqbiol:isVersionOf>
	<bqbiol:hasProperty>
	<rdf:Bag>
	<rdf:li rdf:resource="http://identifiers.org/mamo/MAMO_0000046"/>
	</rdf:Bag>
	</bqbiol:hasProperty>
	</rdf:Description>
	
	
	</rdf:RDF>
	</annotation>
      <listOfFunctionDefinitions>
      <functionDefinition id="Constant_flux__irreversible" metaid="_0062d221-d75e-48f7-ba6f-7d67166e79d4" name="Constant flux (irreversible)">
        <math xmlns="http://www.w3.org/1998/Math/MathML">        
          <lambda>
            <bvar>
              <ci> v </ci>
            </bvar>
            <ci> v </ci>
          </lambda>
        </math>
            </functionDefinition>
      <functionDefinition id="Michaellis_Menten" metaid="COPASI10" name="Michaellis Menten">
        <annotation>
          <COPASI xmlns="http://www.copasi.org/static/sbml">
            <rdf:RDF xmlns:dcterms="http://purl.org/dc/terms/" xmlns:rdf="http://www.w3.org/1999/02/22-rdf-syntax-ns#">
              <rdf:Description rdf:about="#COPASI10">
                <dcterms:created>
                  <rdf:Description>
                    <dcterms:W3CDTF>2015-03-13T15:08:36Z</dcterms:W3CDTF>
                  </rdf:Description>
                </dcterms:created>
              </rdf:Description>
            </rdf:RDF>
          </COPASI>
        </annotation>
        <math xmlns="http://www.w3.org/1998/Math/MathML">        
          <lambda>
            <bvar>
              <ci> substrate </ci>
            </bvar>
            <bvar>
              <ci> Km </ci>
            </bvar>
            <bvar>
              <ci> Vmax </ci>
            </bvar>
            <apply>
              <divide/>
              <apply>
                <times/>
                <ci> Vmax </ci>
                <ci> substrate </ci>
              </apply>
              <apply>
                <plus/>
                <ci> Km </ci>
                <ci> substrate </ci>
              </apply>
            </apply>
          </lambda>
        </math>
            </functionDefinition>
    </listOfFunctionDefinitions>
    <listOfUnitDefinitions>
      <unitDefinition id="substance" metaid="_8e9698d4-3e95-4819-98da-9703957cc9ff" name="substance">
        <listOfUnits>
          <unit exponent="1" kind="item" metaid="_157adb61-ac39-4c9e-b585-d058c6531a63" multiplier="1" scale="0"/>
        </listOfUnits>
      </unitDefinition>
    </listOfUnitDefinitions>
    <listOfCompartments>
      <compartment constant="true" id="compartment" metaid="e8c19965-7d34-423e-b3c7-77b898adbd0e" name="cell" size="1" spatialDimensions="3">
        <annotation>
	<rdf:RDF xmlns:rdf="http://www.w3.org/1999/02/22-rdf-syntax-ns#" xmlns:bqbiol="http://biomodels.net/biology-qualifiers/">
            <rdf:Description rdf:about="#e8c19965-7d34-423e-b3c7-77b898adbd0e">
	<bqbiol:is>
	<rdf:Bag>
	<rdf:li rdf:resource="http://identifiers.org/go/GO:0005623"/>
	</rdf:Bag>
	</bqbiol:is>
	</rdf:Description>
	
	
	</rdf:RDF>
	</annotation>
            </compartment>
    </listOfCompartments>
    <listOfSpecies>
      <species boundaryCondition="false" compartment="compartment" constant="false" hasOnlySubstanceUnits="false" id="V" initialConcentration="1" metaid="COPASI1" name="V">
        <annotation>
          <COPASI xmlns="http://www.copasi.org/static/sbml">
            <rdf:RDF xmlns:dcterms="http://purl.org/dc/terms/" xmlns:rdf="http://www.w3.org/1999/02/22-rdf-syntax-ns#">
              <rdf:Description rdf:about="#COPASI1">
                <dcterms:created>
                  <rdf:Description>
                    <dcterms:W3CDTF>2015-02-07T21:45:58Z</dcterms:W3CDTF>
                  </rdf:Description>
                </dcterms:created>
              </rdf:Description>
            </rdf:RDF>
          </COPASI>
	<rdf:RDF xmlns:rdf="http://www.w3.org/1999/02/22-rdf-syntax-ns#" xmlns:bqbiol="http://biomodels.net/biology-qualifiers/">
            <rdf:Description rdf:about="#COPASI1">
              <bqbiol:hasPart>
	<rdf:Bag>
	<rdf:li rdf:resource="http://identifiers.org/go/GO:0039660"/>
	</rdf:Bag>
	</bqbiol:hasPart>
	
	<bqbiol:hasPart>
	<rdf:Bag>
	<rdf:li rdf:resource="http://identifiers.org/go/GO:0019021"/>
	</rdf:Bag>
	</bqbiol:hasPart>
	</rdf:Description>
	
	
	</rdf:RDF>
	</annotation>
            </species>
      <species boundaryCondition="false" compartment="compartment" constant="false" hasOnlySubstanceUnits="false" id="C" initialConcentration="0" metaid="COPASI2" name="C">
        <annotation>
          <COPASI xmlns="http://www.copasi.org/static/sbml">
            <rdf:RDF xmlns:dcterms="http://purl.org/dc/terms/" xmlns:rdf="http://www.w3.org/1999/02/22-rdf-syntax-ns#">
              <rdf:Description rdf:about="#COPASI2">
                <dcterms:created>
                  <rdf:Description>
                    <dcterms:W3CDTF>2015-02-07T21:46:03Z</dcterms:W3CDTF>
                  </rdf:Description>
                </dcterms:created>
              </rdf:Description>
            </rdf:RDF>
          </COPASI>
        </annotation>
            </species>
    </listOfSpecies>
    <listOfReactions>
      <reaction id="Kb" metaid="COPASI3" name="Kb" reversible="false">
        <annotation>
          <COPASI xmlns="http://www.copasi.org/static/sbml">
            <rdf:RDF xmlns:dcterms="http://purl.org/dc/terms/" xmlns:rdf="http://www.w3.org/1999/02/22-rdf-syntax-ns#">
              <rdf:Description rdf:about="#COPASI3">
                <dcterms:created>
                  <rdf:Description>
                    <dcterms:W3CDTF>2015-02-07T21:40:00Z</dcterms:W3CDTF>
                  </rdf:Description>
                </dcterms:created>
              </rdf:Description>
            </rdf:RDF>
          </COPASI>
        </annotation>
              <listOfProducts>
          <speciesReference metaid="e38b8e07-6185-41db-a681-92c21295d056" species="V" stoichiometry="1"/>
        </listOfProducts>
        <kineticLaw metaid="_8ec17997-1046-4d82-9352-316a721408cc">
          <math xmlns="http://www.w3.org/1998/Math/MathML">          
            <apply>
              <times/>
              <ci> compartment </ci>
              <apply>
                <ci> Constant_flux__irreversible </ci>
                <ci> v </ci>
              </apply>
            </apply>
          </math>
                  <listOfParameters>
            <parameter id="v" metaid="_7f0f8409-cd7f-4477-82ca-4c2dffcd7e6d" name="v" value="0.00134"/>
          </listOfParameters>
        </kineticLaw>
      </reaction>
      <reaction id="Kv" metaid="COPASI4" name="Kv" reversible="false">
        <annotation>
          <COPASI xmlns="http://www.copasi.org/static/sbml">
            <rdf:RDF xmlns:dcterms="http://purl.org/dc/terms/" xmlns:rdf="http://www.w3.org/1999/02/22-rdf-syntax-ns#">
              <rdf:Description rdf:about="#COPASI4">
                <dcterms:created>
                  <rdf:Description>
                    <dcterms:W3CDTF>2015-02-07T21:38:28Z</dcterms:W3CDTF>
                  </rdf:Description>
                </dcterms:created>
              </rdf:Description>
            </rdf:RDF>
          </COPASI>
        </annotation>
              <listOfReactants>
          <speciesReference metaid="_1932dce6-a529-4520-9e04-5e553ea6d079" species="V" stoichiometry="1"/>
        </listOfReactants>
        <listOfProducts>
          <speciesReference metaid="d4c35309-e80d-4fe2-b106-d824ed182770" species="V" stoichiometry="2"/>
        </listOfProducts>
        <listOfModifiers>
          <modifierSpeciesReference metaid="ca19f0ff-adcb-44a3-a54f-49caf396634d" species="V"/>
        </listOfModifiers>
        <kineticLaw metaid="e849be0b-98a6-4819-b182-a1d1a5dc7da9">
          <math xmlns="http://www.w3.org/1998/Math/MathML">          
            <apply>
              <times/>
              <ci> compartment </ci>
              <apply>
                <ci> Michaellis_Menten </ci>
                <ci> V </ci>
                <ci> Km </ci>
                <ci> Vmax </ci>
              </apply>
            </apply>
          </math>
                  <listOfParameters>
            <parameter id="Km" metaid="fac71097-3d50-4ef6-a836-c9811b3e9c17" name="Km" value="380"/>
            <parameter id="Vmax" metaid="_09a64999-a307-497f-b99e-bac629eafac4" name="Vmax" value="0.134"/>
          </listOfParameters>
        </kineticLaw>
      </reaction>
      <reaction id="Kcv" metaid="COPASI5" name="Kvc" reversible="false">
        <annotation>
          <COPASI xmlns="http://www.copasi.org/static/sbml">
            <rdf:RDF xmlns:dcterms="http://purl.org/dc/terms/" xmlns:rdf="http://www.w3.org/1999/02/22-rdf-syntax-ns#">
              <rdf:Description rdf:about="#COPASI5">
                <dcterms:created>
                  <rdf:Description>
                    <dcterms:W3CDTF>2015-02-07T21:41:30Z</dcterms:W3CDTF>
                  </rdf:Description>
                </dcterms:created>
              </rdf:Description>
            </rdf:RDF>
          </COPASI>
        </annotation>
              <listOfReactants>
          <speciesReference metaid="f3b27c71-0c0d-4eed-b9a8-5b76a7041f77" species="V" stoichiometry="1"/>
          <speciesReference metaid="e994625a-2985-41b7-8a08-0059f8e841aa" species="C" stoichiometry="1"/>
        </listOfReactants>
        <listOfProducts>
          <speciesReference metaid="d85d7584-cae3-42fd-919d-c167730b3f96" species="C" stoichiometry="1"/>
        </listOfProducts>
        <listOfModifiers>
          <modifierSpeciesReference metaid="_29c2d8aa-e2dc-4b06-9735-a560040bebb4" species="V"/>
          <modifierSpeciesReference metaid="_3d600fe8-03ab-446a-a55e-35e9e6adc838" species="C"/>
        </listOfModifiers>
        <kineticLaw metaid="_5da36e58-2eb7-4be4-99ed-79eefbd54865">
          <math xmlns="http://www.w3.org/1998/Math/MathML">          
            <apply>
              <times/>
              <ci> compartment </ci>
              <ci> k1 </ci>
              <ci> V </ci>
              <ci> C </ci>
            </apply>
          </math>
                  <listOfParameters>
            <parameter id="k1" metaid="_4c3b3076-665e-4269-b618-e3a854f2b02a" name="k1" value="0.0295"/>
          </listOfParameters>
        </kineticLaw>
      </reaction>
      <reaction id="Kdv" metaid="COPASI6" name="Kdv" reversible="false">
        <annotation>
          <COPASI xmlns="http://www.copasi.org/static/sbml">
            <rdf:RDF xmlns:dcterms="http://purl.org/dc/terms/" xmlns:rdf="http://www.w3.org/1999/02/22-rdf-syntax-ns#">
              <rdf:Description rdf:about="#COPASI6">
                <dcterms:created>
                  <rdf:Description>
                    <dcterms:W3CDTF>2015-02-07T21:42:03Z</dcterms:W3CDTF>
                  </rdf:Description>
                </dcterms:created>
              </rdf:Description>
            </rdf:RDF>
          </COPASI>
        </annotation>
              <listOfReactants>
          <speciesReference metaid="_50002f57-18f9-4b48-b61b-50fb13b015e3" species="V" stoichiometry="1"/>
        </listOfReactants>
        <listOfModifiers>
          <modifierSpeciesReference metaid="cf0a1ff4-8cb3-4e7f-84fa-72220fee8efb" species="V"/>
        </listOfModifiers>
        <kineticLaw metaid="_101a7a01-9ef2-4722-860b-dc43c220900e">
          <math xmlns="http://www.w3.org/1998/Math/MathML">          
            <apply>
              <times/>
              <ci> compartment </ci>
              <ci> k1 </ci>
              <ci> V </ci>
            </apply>
          </math>
                  <listOfParameters>
            <parameter id="k1" metaid="_855ea59e-897c-4d14-805e-992ec3085f51" name="k1" value="6.85E-5"/>
          </listOfParameters>
        </kineticLaw>
      </reaction>
      <reaction id="Kc" metaid="COPASI7" name="Kc" reversible="false">
        <annotation>
          <COPASI xmlns="http://www.copasi.org/static/sbml">
            <rdf:RDF xmlns:dcterms="http://purl.org/dc/terms/" xmlns:rdf="http://www.w3.org/1999/02/22-rdf-syntax-ns#">
              <rdf:Description rdf:about="#COPASI7">
                <dcterms:created>
                  <rdf:Description>
                    <dcterms:W3CDTF>2015-02-07T21:41:12Z</dcterms:W3CDTF>
                  </rdf:Description>
                </dcterms:created>
              </rdf:Description>
            </rdf:RDF>
          </COPASI>
        </annotation>
              <listOfProducts>
          <speciesReference metaid="_568396f1-2b18-44ee-9011-20582953b030" species="C" stoichiometry="1"/>
        </listOfProducts>
        <kineticLaw metaid="a74536a7-501f-4a19-83c4-e81a24e47a5b">
          <math xmlns="http://www.w3.org/1998/Math/MathML">          
            <apply>
              <times/>
              <ci> compartment </ci>
              <apply>
                <ci> Constant_flux__irreversible </ci>
                <ci> v </ci>
              </apply>
            </apply>
          </math>
                  <listOfParameters>
            <parameter id="v" metaid="_43f4cbac-55e7-4e34-b93a-17027331b853" name="v" value="0.07"/>
          </listOfParameters>
        </kineticLaw>
      </reaction>
      <reaction id="Kvc" metaid="COPASI8" name="Kcv" reversible="false">
        <annotation>
          <COPASI xmlns="http://www.copasi.org/static/sbml">
            <rdf:RDF xmlns:dcterms="http://purl.org/dc/terms/" xmlns:rdf="http://www.w3.org/1999/02/22-rdf-syntax-ns#">
              <rdf:Description rdf:about="#COPASI8">
                <dcterms:created>
                  <rdf:Description>
                    <dcterms:W3CDTF>2015-02-07T21:41:50Z</dcterms:W3CDTF>
                  </rdf:Description>
                </dcterms:created>
              </rdf:Description>
            </rdf:RDF>
          </COPASI>
        </annotation>
              <listOfReactants>
          <speciesReference metaid="_4cbca6d5-b7ad-4e0a-87c3-3b7a6ac26084" species="V" stoichiometry="1"/>
          <speciesReference metaid="_5571d7ba-d247-4f1b-851f-37a7c9f6e125" species="C" stoichiometry="1"/>
        </listOfReactants>
        <listOfProducts>
          <speciesReference metaid="_118bbcec-390e-4a53-b28d-fe4074f239af" species="V" stoichiometry="1"/>
        </listOfProducts>
        <listOfModifiers>
          <modifierSpeciesReference metaid="cc1828b1-bf61-4190-bb40-e7dfbc8c4e7b" species="V"/>
          <modifierSpeciesReference metaid="_68a1dbbf-4b3a-42f1-a661-95222fd5585a" species="C"/>
        </listOfModifiers>
        <kineticLaw metaid="_38cc9a98-900c-4729-af4d-d4f696b13c23">
          <math xmlns="http://www.w3.org/1998/Math/MathML">          
            <apply>
              <times/>
              <ci> compartment </ci>
              <ci> k1 </ci>
              <ci> V </ci>
              <ci> C </ci>
            </apply>
          </math>
                  <listOfParameters>
            <parameter id="k1" metaid="_7c94a8da-bc34-4a87-8f71-1c9d4d911470" name="k1" value="0.927"/>
          </listOfParameters>
        </kineticLaw>
      </reaction>
      <reaction id="Kdc" metaid="COPASI9" name="Kdc" reversible="false">
        <annotation>
          <COPASI xmlns="http://www.copasi.org/static/sbml">
            <rdf:RDF xmlns:dcterms="http://purl.org/dc/terms/" xmlns:rdf="http://www.w3.org/1999/02/22-rdf-syntax-ns#">
              <rdf:Description rdf:about="#COPASI9">
                <dcterms:created>
                  <rdf:Description>
                    <dcterms:W3CDTF>2015-02-07T21:42:17Z</dcterms:W3CDTF>
                  </rdf:Description>
                </dcterms:created>
              </rdf:Description>
            </rdf:RDF>
          </COPASI>
        </annotation>
              <listOfReactants>
          <speciesReference metaid="_9a86e4e1-377e-4446-8bdd-60f4ec74d765" species="C" stoichiometry="1"/>
        </listOfReactants>
        <listOfModifiers>
          <modifierSpeciesReference metaid="_01785d47-dd63-4588-bf71-7febeb116502" species="C"/>
        </listOfModifiers>
        <kineticLaw metaid="b7828a0b-b665-4f68-8ebe-d5383afc082a">
          <math xmlns="http://www.w3.org/1998/Math/MathML">          
            <apply>
              <times/>
              <ci> compartment </ci>
              <ci> k1 </ci>
              <ci> C </ci>
            </apply>
          </math>
                  <listOfParameters>
            <parameter id="k1" metaid="be53b768-35a9-4b55-b95d-aab04b5915cd" name="k1" value="5.01E-5"/>
          </listOfParameters>
        </kineticLaw>
      </reaction>
    </listOfReactions>
  </model>
</sbml>