{
    "name": "Liu2017 - chemotherapy targeted model of tumor immune system",
    "description": "<notes xmlns=\"http://www.sbml.org/sbml/level2/version4\">      <body xmlns=\"http://www.w3.org/1999/xhtml\">        <pre>Its a mathematical model reflecting chemotherapy response in tumor immune interaction system. Model encoded by Sarubini Kananathan and annotated+submitted to Biomodels by Krishna Tiwari</pre>      </body>    </notes>",
    "format": {
        "name": "SBML",
        "identifier": "SBML",
        "version": "L2V4"
    },
    "publication": {
        "type": "DOI",
        "accession": "10.1016/j.chaos.2017.03.002",
        "journal": "Chaos, Solitons and Fractals",
        "title": "Dynamics of a tumor-immune model considering targeted chemotherapy",
        "affiliation": "Department of Mechanics, Tianjin University, Tianjin, 300354, PR China\r\n Tianjin Key Laboratory of Nonlinear Dynamics and Chaos Control, Tianjin, 300072, PR China",
        "synopsis": "Considering the targeted chemotherapy, a mathematical model of tumor-immune system was constructed on the basis of de Pillis’s model. In this paper, we conducted qualitative analysis on the mathematical model, including the positivity and boundedness of solutions, local stability and global stability of equi- librium solutions. Some numerical simulations were given to illustrate the analytic results. Comparing the targeted chemotherapy model with regular chemotherapy model, we found that the targeted chemother- apy was benefit to kill tumor cells.",
        "year": 2020,
        "month": "1",
        "pages": "7-13",
        "link": "http://identifiers.org/doi/10.1016/j.chaos.2017.03.002",
        "authors": [
            {
                "name": "Peng Liu",
                "institution": "Department of Mechanics, Tianjin University, Tianjin, 300354, PR China"
            },
            {
                "name": "Xijun Liu",
                "institution": "Department of Mechanics, Tianjin University, Tianjin, 300354, PR China"
            }
        ]
    },
    "files": {
        "main": [
            {
                "name": "Liu2017.xml",
                "description": "SBML V2.4 file for the model",
                "fileSize": "56589",
                "mimeType": "application/xml",
                "md5sum": "67a1c30b9d68940f7fe69a7025ba20e8",
                "sha1sum": "1ba8ddfa591d68ffaeb78e27e1fa6752ff87bbff",
                "sha256sum": "98daf8aa7f1082ce5922e13b5f4f217806a2e897d237833b1e000bb1ce6514de"
            }
        ],
        "additional": [
            {
                "name": "Liu2017-biopax2.owl",
                "description": "Auto-generated BioPAX (Level 2) file.",
                "fileSize": "15937",
                "mimeType": "application/rdf+xml",
                "md5sum": "f97e0a292898babe6e08b563a4e48dd3",
                "sha1sum": "8c449c6f9968633b2cb175b5850b3a5c71565c16",
                "sha256sum": "10f3a96806df8ecc7b048531413eb92415931eeb6f52535f88dd6b5ad1e96c93"
            },
            {
                "name": "Liu2017-biopax3.owl",
                "description": "Auto-generated BioPAX (Level 3) file.",
                "fileSize": "24508",
                "mimeType": "application/rdf+xml",
                "md5sum": "220108488c8674143323f99ed6cc74bc",
                "sha1sum": "71eeed8c207d683bef9f6c6e5aee9ffbe3ebed91",
                "sha256sum": "5f3722a8c0db22d99c8acf8fedb6445d78629d6a7791552af677cd0f5c97df57"
            },
            {
                "name": "Liu2017-matlab.m",
                "description": "Auto-generated Matlab file.",
                "fileSize": "6868",
                "mimeType": "text/x-matlab",
                "md5sum": "8aa7dbcf8a6dc2058303c264fe2ca40d",
                "sha1sum": "ef670f4f3c85e79f84eee29aff776a03bf91d3b0",
                "sha256sum": "3c073f1927c19725affd28df68f3a354339967ca16e492a74a76e38cffbb70c1"
            },
            {
                "name": "Liu2017-octave.m",
                "description": "Auto-generated Octave file.",
                "fileSize": "6868",
                "mimeType": "text/x-matlab",
                "md5sum": "524d0a29cf160f50f3195bc4e0ff532f",
                "sha1sum": "6fc21036bdfbbd49b98b96b81a8fd2214afbad3d",
                "sha256sum": "a7ca7623f838cdf968a514b84fe13ad8a78f79ff622aaabad7c2604482803ca0"
            },
            {
                "name": "Liu2017.cps",
                "description": "COPASI 4.27(built217) file",
                "fileSize": "96393",
                "mimeType": "application/xml",
                "md5sum": "3a9d7df268f65e42678c741306a60c4f",
                "sha1sum": "f897cd13fb97ab30b3b3900b96d342d1177dddb8",
                "sha256sum": "dccf05567e99bd1983accee9f61d4313f4481f4a8dcbf1d69ff73a1a83d4e195"
            },
            {
                "name": "Liu2017.ode",
                "description": "Auto-generated ODE file for XPP.",
                "fileSize": "5399",
                "mimeType": "text/plain",
                "md5sum": "13db19d1398e7b4860098e2c79b3cfcf",
                "sha1sum": "9e0ffc18c7fe0edc63064848412e15e88782ed38",
                "sha256sum": "536a0e0edb4b95037adf1144a11c274d62e66c94ca294d03b531b80e02bfad1b"
            },
            {
                "name": "Liu2017.sedml",
                "description": "SEDML file for the model (additionally CRBM-validated and adjusted).",
                "fileSize": "22816",
                "mimeType": "application/xml",
                "md5sum": "fea416974b6fcb0d18331c492fccad70",
                "sha1sum": "8365b75d248ae8b279ea6f8325cb4300f2dbb882",
                "sha256sum": "dceeef60adddc275a005f155f096817dc38e571b32591195edd89279427c52d8"
            },
            {
                "name": "curation_image.png",
                "description": "Reproduced figure(s) from original curation.",
                "fileSize": "15015",
                "mimeType": "image/png",
                "md5sum": "4f3c13a535e14cc43b6ff3707943f6f5",
                "sha1sum": "0e7194244ccd9761f07b05dbd620174dc6dcfd5e",
                "sha256sum": "aff2f34f6e6dbb06e6bd9c9cee13468a502641f3ef184a9338b6953c54038c38"
            },
            {
                "name": "curation_notes.txt",
                "description": "Notes from original curation (describes curation_image).",
                "fileSize": "144",
                "mimeType": "text/plain",
                "md5sum": "9099a9e204240ec13a589d08faa6aaae",
                "sha1sum": "30909d504bea36c4185522e0790ef79c20a70311",
                "sha256sum": "412aa207b5afa12b2170893130b3aa02471e58aaaa89909885fb620851796bab"
            },
            {
                "name": "manifest.xml",
                "description": "Auto-generated manifest file for OMEX archives.",
                "fileSize": "1387",
                "mimeType": "application/xml",
                "md5sum": "374cff1e8ba235f098b1c2ab24c37c55",
                "sha1sum": "fb4e64671a45e3151e8548621de0b096f6198a85",
                "sha256sum": "88919bf7d2fee09ab6256678a8b6ed3ced2982f28b383abcf47daaf75cd4f97d"
            },
            {
                "name": "metadata.rdf",
                "description": "Auto-generated annotation metadata file.",
                "fileSize": "1781",
                "mimeType": "application/rdf+xml",
                "md5sum": "a1adf34c728e3ba0693b56d3abb1efec",
                "sha1sum": "93ddec3d76271c9622e633cbe15ba5ac8a831a0a",
                "sha256sum": "43e71eb192b5424e85d733182a6b3b3f56ab2c178291e9c159c6e64318f237af"
            }
        ]
    },
    "history": {
        "revisions": [
            {
                "version": 2,
                "submitted": 1586196647,
                "submitter": "Krishna Kumar Tiwari",
                "comment": "Automatically added model identifier BIOMD0000000930"
            },
            {
                "version": 3,
                "submitted": 1724289658,
                "submitter": "Lucian Smith",
                "comment": "CRBM-sponsored manual and automated updates."
            }
        ]
    },
    "firstPublished": 1725281939,
    "submissionId": "MODEL2004060002",
    "publicationId": "BIOMD0000000930",
    "modellingApproach": {
        "accession": "MAMO_0000046",
        "name": "ordinary differential equation model",
        "resource": "http://identifiers.org/mamo/MAMO_0000046"
    },
    "curationStatus": "CURATED",
    "contributors": {
        "Curator": [
            {
                "name": "Lucian Smith",
                "email": "lpsmith@uw.edu",
                "affiliation": "University of Washington",
                "orcid": "0000-0001-7002-6386",
                "external": false
            }
        ],
        "Modeller": [
            {
                "name": "Krishna Kumar Tiwari",
                "email": "ktiwari@ebi.ac.uk",
                "affiliation": "EMBL-EBI",
                "orcid": "0000-0002-3699-0937",
                "external": false
            }
        ]
    },
    "vcsIdentifier": "aai",
    "modelLevelAnnotations": [
        {
            "qualifier": "bqbiol:hasTaxon",
            "accession": "9606",
            "name": "Homo sapiens",
            "resource": "Taxonomy",
            "uri": "http://identifiers.org/taxonomy/9606"
        },
        {
            "qualifier": "bqbiol:hasProperty",
            "accession": "MAMO_0000046",
            "name": "Ordinary differential equation model",
            "resource": "Mathematical Modelling Ontology",
            "uri": "http://identifiers.org/mamo/MAMO_0000046"
        },
        {
            "qualifier": "bqbiol:hasProperty",
            "accession": "GO:0002418",
            "name": "immune response to tumor cell",
            "resource": "Gene Ontology",
            "uri": "http://identifiers.org/go/GO:0002418"
        },
        {
            "qualifier": "bqmodel:isDescribedBy",
            "accession": "10.1016/j.chaos.2017.03.002",
            "resource": "DOI",
            "uri": "http://identifiers.org/doi/10.1016/j.chaos.2017.03.002"
        },
        {
            "qualifier": "bqmodel:is",
            "accession": "BIOMD0000000930",
            "resource": "BioModels Database",
            "uri": "http://identifiers.org/biomodels.db/BIOMD0000000930"
        },
        {
            "qualifier": "bqmodel:is",
            "accession": "MODEL2004060002",
            "resource": "BioModels Database",
            "uri": "http://identifiers.org/biomodels.db/MODEL2004060002"
        },
        {
            "qualifier": "bqbiol:occursIn",
            "accession": "C94498",
            "name": "Tumor Microenvironment",
            "resource": "NCIt",
            "uri": "http://identifiers.org/ncit/C94498"
        }
    ]
}