{
    "name": "Nakakuki2010_CellFateDecision_Mechanistic",
    "description": "<notes xmlns=\"http://www.sbml.org/sbml/level2/version4\">      <body xmlns=\"http://www.w3.org/1999/xhtml\">        <p>This mechanistic model describes the activation of immediate early genes such as cFos after EGF or heregulin (HRG) stimulation of the MAPK pathway. Phosphorylated cFos is a key transcription factor triggering downstream cascades of cell fate determination. The model can explain how the switch-like response of p-cFos emerges from the spatiotemporal dynamics. This mechanistic model comprises the explicit reaction kinetics of the signal transduction pathway, the transcriptional and the posttranslational feedback and feedforward loops. In the below article, two different mechanistic models have been studied, the first one based on previously known interactions but failing to account for the experimental data and the second one including additional interactions which were discovered and confirmed by new experiments. The mechanistic model encoded here is the second one, the extended and at the time of creation most complete model of cell fate decision making in response to different doses of EGF or HRG stimulation. The encoded parameter set corresponds to 10mM HRG stimulation as shown in Fig.1 of the article. The Supplementary Methods of the article provide further parameter sets that allow simulations for different ligands and different doses. A corresponding core model is available from http://www.ebi.ac.uk/biomodels/ as MODEL1003170000.</p>            <p>      <strong>Ligand-specific c-Fos expression emerges from the spatiotemporal control of ErbB network dynamics.</strong>                <br />          Takashi Nakakuki(1), Marc R. Birtwistle(2,3,4), Yuko Saeki(1,5), Noriko Yumoto(1,5), Kaori Ide(1), Takeshi Nagashima(1,5), Lutz Brusch(6), Babatunde A. Ogunnaike(3), Mariko Hatakeyama(1,5), and Boris N. Kholodenko(2,4); Cell      <em>In Press, online 20 May 2010</em>          , doi:      <a href=\"http://doi.dx.org/10.1016/j.cell.2010.03.054 \">10.1016/j.cell.2010.03.054</a>                <br />                <small>(1) RIKEN Advanced Science Institute, Computational Systems Biology Research Group, Advanced Computational Sciences Department, 1-7-22 Tsurumi-ku, Yokohama, Kanagawa, 230-0045, Japan</small>                <br />                <small>(2) Systems Biology Ireland, University College Dublin, Belfield, Dublin 4, Ireland</small>                <br />                <small>(3) University of Delaware, Department of Chemical Engineering, 150 Academy St., Newark, DE 19716, USA</small>                <br />                <small>(4) Thomas Jefferson University, Department of Pathology, Anatomy, and Cell Biology, 1020 Locust Street, Philadelphia, PA 19107, USA</small>                <br />                <small>(5) RIKEN Research Center for Allergy and Immunology, Laboratory for Cellular Systems Modeling, 1-7-22 Tsurumi-ku, Yokohama, 230-0045, Japan</small>                <br />                <small>(6) Dresden University of Technology, Center for Information Services and High Performance Computing, 01062 Dresden, Germany</small>                </p>            </body>          </notes>",
    "format": {
        "name": "SBML",
        "identifier": "SBML",
        "version": "L2V4"
    },
    "publication": {
        "type": "PubMed ID",
        "accession": "20493519",
        "journal": "Cell",
        "title": "Ligand-specific c-Fos expression emerges from the spatiotemporal control of ErbB network dynamics.",
        "affiliation": "Computational Systems Biology Research Group, Advanced Computational Sciences Department, RIKEN Advanced Science Institute, 1-7-22 Tsurumi-ku, Yokohama, Kanagawa 230-0045, Japan.",
        "synopsis": "Activation of ErbB receptors by epidermal growth factor (EGF) or heregulin (HRG) determines distinct cell-fate decisions, although signals propagate through shared pathways. Using mathematical modeling and experimental approaches, we unravel how HRG and EGF generate distinct, all-or-none responses of the phosphorylated transcription factor c-Fos. In the cytosol, EGF induces transient and HRG induces sustained ERK activation. In the nucleus, however, ERK activity and c-fos mRNA expression are transient for both ligands. Knockdown of dual-specificity phosphatases extends HRG-stimulated nuclear ERK activation, but not c-fos mRNA expression, implying the existence of a HRG-induced repressor of c-fos transcription. Further experiments confirmed that this repressor is mainly induced by HRG, but not EGF, and requires new protein synthesis. We show how a spatially distributed, signaling-transcription cascade robustly discriminates between transient and sustained ERK activities at the c-Fos system level. The proposed control mechanisms are general and operate in different cell types, stimulated by various ligands.",
        "year": 2010,
        "month": "5",
        "volume": "141",
        "issue": "5",
        "pages": "884-896",
        "link": "http://identifiers.org/pubmed/20493519",
        "authors": [
            {
                "name": "Takashi Nakakuki",
                "institution": "Computational Systems Biology Research Group, Advanced Computational Sciences Department, RIKEN Advanced Science Institute, 1-7-22 Tsurumi-ku, Yokohama, Kanagawa 230-0045, Japan."
            },
            {
                "name": "Marc R Birtwistle",
                "orcid": "0000-0002-0341-0705"
            },
            {
                "name": "Yuko Saeki"
            },
            {
                "name": "Noriko Yumoto"
            },
            {
                "name": "Kaori Ide"
            },
            {
                "name": "Takeshi Nagashima"
            },
            {
                "name": "Lutz Brusch",
                "institution": "Center for Information Services and High Performance Computing (ZIH), TUD Dresden University of Technology",
                "orcid": "0000-0003-0137-5106"
            },
            {
                "name": "Babatunde A Ogunnaike",
                "orcid": "0000-0002-8246-070X"
            },
            {
                "name": "Mariko Okada-Hatakeyama"
            },
            {
                "name": "Boris N Kholodenko",
                "orcid": "0000-0002-9483-4975"
            }
        ]
    },
    "files": {
        "main": [
            {
                "name": "BIOMD0000000250_url.xml",
                "description": "SBML L2V4 representation of Nakakuki2010_CellFateDecision_Mechanistic",
                "fileSize": "147537",
                "mimeType": "application/xml",
                "md5sum": "08085b16227879fffce4828b1112a0fe",
                "sha1sum": "a44497ed40d55e15105415b52db1f68114ff33a8",
                "sha256sum": "7f75222ea6042fb9aad75938fbbc3d62dfdb4112978fdc19fa165700cfe0a054"
            }
        ],
        "additional": [
            {
                "name": "BIOMD0000000250-biopax2.owl",
                "description": "Auto-generated BioPAX (Level 2)",
                "fileSize": "83279",
                "mimeType": "application/rdf+xml",
                "md5sum": "f25c4a62e67af05b9b030c160f6edc7a",
                "sha1sum": "0e508c5a74a65d3cb6bca569294a7e5ee3c38f6a",
                "sha256sum": "9c5f9ef060e6d38b39caec912928f5d578118e1549bd05022335cc4461064658"
            },
            {
                "name": "BIOMD0000000250-biopax3.owl",
                "description": "Auto-generated BioPAX (Level 3)",
                "fileSize": "148096",
                "mimeType": "application/rdf+xml",
                "md5sum": "096c064c4a1f91d704492e82c357482b",
                "sha1sum": "0f914716dbb1c84f15480b0d7a3798de6b64fc57",
                "sha256sum": "0c2251c932d974cbc5ba353e213e40a52fd12b6a614606c9ff2f5b873b646d76"
            },
            {
                "name": "BIOMD0000000250-matlab.m",
                "description": "Auto-generated Matlab file.",
                "fileSize": "38916",
                "mimeType": "text/x-matlab",
                "md5sum": "fb2608846420a0dfe122505b991f020c",
                "sha1sum": "35dc0b332abe3710eb95bdf0fb1522ab6d88d9bf",
                "sha256sum": "84b0663b72f9b775c0c1fcbc5f98edf6cdc92918899186baa59db81be823d2e2"
            },
            {
                "name": "BIOMD0000000250-octave.m",
                "description": "Auto-generated Octave file.",
                "fileSize": "38916",
                "mimeType": "text/x-matlab",
                "md5sum": "3f49e392a5537e9221027de62d4614b1",
                "sha1sum": "3c040c6bef02408263a04833da2e3202a7612358",
                "sha256sum": "3edd7e0a3374716126a13dd3786076747f5c7ce91a033d25f4f085e112316809"
            },
            {
                "name": "BIOMD0000000250.m",
                "description": "Auto-generated Octave file",
                "fileSize": "38916",
                "mimeType": "text/x-matlab",
                "md5sum": "3f49e392a5537e9221027de62d4614b1",
                "sha1sum": "3c040c6bef02408263a04833da2e3202a7612358",
                "sha256sum": "3edd7e0a3374716126a13dd3786076747f5c7ce91a033d25f4f085e112316809"
            },
            {
                "name": "BIOMD0000000250.ode",
                "description": "Auto-generated ODE file for XPP.",
                "fileSize": "34600",
                "mimeType": "text/plain",
                "md5sum": "4797840e5e01b71966c99242fca55e33",
                "sha1sum": "9742a5162ae4b2502222c819e1e7297967c4c7d5",
                "sha256sum": "d04b360ef447bddb84cf94c64e2c24f36ba687941ccf174d61e27e4b008eb818"
            },
            {
                "name": "BIOMD0000000250.pdf",
                "description": "Auto-generated PDF file",
                "fileSize": "576510",
                "mimeType": "application/pdf",
                "md5sum": "3a421da84449b8a96ad58db8943f79ac",
                "sha1sum": "f4bbc426091ca032f4eba1f32dcabaabe299b003",
                "sha256sum": "48002e25f3fd84e114bf8e40a45bba4bf9e9b5c3165aa66ea6cdf90c19286e4d"
            },
            {
                "name": "BIOMD0000000250.png",
                "description": "Auto-generated Reaction graph (PNG)",
                "fileSize": "921101",
                "mimeType": "image/png",
                "md5sum": "72768e76b9e59cc46607ec0a7ac97542",
                "sha1sum": "ed6519daa6734af6581a41d1bc78848d9fbe4909",
                "sha256sum": "1a73b28e8f9369d4ffe3c55dff447404620c57bcd62b7f0c9691da63a0040517"
            },
            {
                "name": "BIOMD0000000250.svg",
                "description": "Auto-generated Reaction graph (SVG)",
                "fileSize": "179542",
                "mimeType": "image/svg+xml",
                "md5sum": "49ab3b4fc0c6291f4233a900e63c5bd9",
                "sha1sum": "1c6cf90f28fefc5e5cd3cb02a4e6595bdbc13931",
                "sha256sum": "e8dc019192564a6a8828cfec142c80f4dc891a7f8fb959e3eca3f61c8911317d"
            },
            {
                "name": "BIOMD0000000250_url.sedml",
                "description": "CRBM auto-generated \"template\" SED-ML file.",
                "fileSize": "148389",
                "mimeType": "application/xml",
                "md5sum": "cfc1399a5c2c39ee30d5295cf63c6de7",
                "sha1sum": "c4e5f60a316bdb855b8dfb8327af5445e690e4d3",
                "sha256sum": "f5d7e5e4692c52cfc90a1f2f3bc546b0929605c2c68e61ff36d89bac27688ef5"
            },
            {
                "name": "curation_image.png",
                "description": "Reproduced figure(s) from original curation.",
                "fileSize": "45987",
                "mimeType": "image/png",
                "md5sum": "6a98b8b9d68b545b4c24357d6ecf7049",
                "sha1sum": "786c09b905eb261d17af8a35e50d3fa7b536997a",
                "sha256sum": "3527ddbca7f76bee9df8544562c378d11fd0051294bdb4e01add050894c62ad3"
            },
            {
                "name": "curation_notes.txt",
                "description": "Notes from original curation (describes curation_image).",
                "fileSize": "301",
                "mimeType": "text/plain",
                "md5sum": "2c26292510cc38e147f6f7e87c80c0ee",
                "sha1sum": "322b7d8c60e318aa680f30507d4dd0018ad1ce5d",
                "sha256sum": "0730ee15e6d7978bc43c5acdebf741e8d7794527268fe2d14cb7144d1f2769c3"
            },
            {
                "name": "manifest.xml",
                "description": "Auto-generated manifest file for OMEX archives.",
                "fileSize": "1790",
                "mimeType": "application/xml",
                "md5sum": "daaec4147a5780c23008d1f79fb6762b",
                "sha1sum": "e519782e006817a135b95002edf7cb7157ba0e85",
                "sha256sum": "eeebce4b03064546ae0c4b143aa3a21d23018c75e078cd5df80a15347e05d468"
            },
            {
                "name": "metadata.rdf",
                "description": "Auto-generated annotation metadata file.",
                "fileSize": "5559",
                "mimeType": "application/rdf+xml",
                "md5sum": "408f73910326627956563fb76bff3230",
                "sha1sum": "10c4969ca1bd990a4573157c2720603f31ba6350",
                "sha256sum": "892858ac310c56bc254e0e77d3b7eaf00870d3ec50cfe4def1aa5e29bb222c2b"
            }
        ]
    },
    "history": {
        "revisions": [
            {
                "version": 1,
                "submitted": 1272657620,
                "submitter": "Lutz Brusch",
                "comment": "Original import of Nakakuki2010_CellFateDecision_Mechanistic"
            },
            {
                "version": 2,
                "submitted": 1393603247,
                "submitter": "Lutz Brusch",
                "comment": "Current version of Nakakuki2010_CellFateDecision_Mechanistic"
            },
            {
                "version": 3,
                "submitted": 1724267932,
                "submitter": "Lucian Smith",
                "comment": "CRBM-sponsored manual and automated updates."
            }
        ]
    },
    "firstPublished": 1725281371,
    "submissionId": "MODEL1004300000",
    "publicationId": "BIOMD0000000250",
    "modellingApproach": {
        "accession": "MAMO_0000046",
        "name": "ordinary differential equation model",
        "resource": "http://identifiers.org/mamo/MAMO_0000046"
    },
    "curationStatus": "CURATED",
    "contributors": {
        "Curator": [
            {
                "name": "Lucian Smith",
                "email": "lpsmith@uw.edu",
                "affiliation": "University of Washington",
                "orcid": "0000-0001-7002-6386",
                "external": false
            }
        ],
        "Modeller": [
            {
                "name": "Lutz Brusch",
                "email": "lutz.brusch@tu-dresden.de",
                "affiliation": "Center for Information Services and High Performance Computing (ZIH), TUD Dresden University of Technology",
                "orcid": "0000-0003-0137-5106",
                "external": false
            }
        ]
    },
    "vcsIdentifier": "aaa",
    "modelLevelAnnotations": [
        {
            "qualifier": "bqmodel:is",
            "accession": "MODEL1004300000",
            "resource": "BioModels Database",
            "uri": "http://identifiers.org/biomodels.db/MODEL1004300000"
        },
        {
            "qualifier": "bqmodel:is",
            "accession": "BIOMD0000000250",
            "resource": "BioModels Database",
            "uri": "http://identifiers.org/biomodels.db/BIOMD0000000250"
        },
        {
            "qualifier": "bqmodel:isDescribedBy",
            "accession": "20493519",
            "resource": "PubMed",
            "uri": "http://identifiers.org/pubmed/20493519"
        },
        {
            "qualifier": "bqmodel:isDerivedFrom",
            "accession": "BIOMD0000000175",
            "resource": "BioModels Database",
            "uri": "http://identifiers.org/biomodels.db/BIOMD0000000175"
        },
        {
            "qualifier": "bqmodel:isDerivedFrom",
            "accession": "12242336",
            "resource": "PubMed",
            "uri": "http://identifiers.org/pubmed/12242336"
        },
        {
            "qualifier": "bqbiol:hasTaxon",
            "accession": "9606",
            "name": "Homo sapiens",
            "resource": "Taxonomy",
            "uri": "http://identifiers.org/taxonomy/9606"
        },
        {
            "qualifier": "bqbiol:isPartOf",
            "accession": "hsa04010",
            "name": "MAPK signaling pathway - Homo sapiens (human)",
            "resource": "KEGG Pathway",
            "uri": "http://identifiers.org/kegg.pathway/hsa04010"
        },
        {
            "qualifier": "bqbiol:isVersionOf",
            "accession": "GO:0035559",
            "name": "obsolete MAPKKK cascade involved in epidermal growth factor receptor signaling",
            "resource": "Gene Ontology",
            "uri": "http://identifiers.org/go/GO:0035559"
        },
        {
            "qualifier": "bqbiol:isVersionOf",
            "accession": "GO:0038029",
            "name": "epidermal growth factor receptor signaling pathway via MAPK cascade",
            "resource": "Gene Ontology",
            "uri": "http://identifiers.org/go/GO:0038029"
        },
        {
            "qualifier": "bqbiol:hasVersion",
            "accession": "REACT_634",
            "resource": "Reactome",
            "uri": "http://identifiers.org/reactome/REACT_634"
        },
        {
            "qualifier": "bqbiol:isVersionOf",
            "accession": "REACT_9417",
            "name": "Signaling by EGFR",
            "resource": "Reactome",
            "uri": "http://identifiers.org/reactome/REACT_9417"
        },
        {
            "qualifier": "bqbiol:occursIn",
            "accession": "BTO:0000093",
            "name": "MCF-7 cell",
            "resource": "Brenda Tissue Ontology",
            "uri": "http://identifiers.org/bto/BTO:0000093"
        },
        {
            "qualifier": "bqbiol:hasProperty",
            "accession": "MAMO_0000046",
            "name": "Ordinary differential equation model",
            "resource": "Mathematical Modelling Ontology",
            "uri": "http://identifiers.org/mamo/MAMO_0000046"
        }
    ]
}