{
    "name": "Almuallem2020 - Virus-macrophage-tumour interactions in oncolytic viral therapies",
    "description": "<notes xmlns=\"http://www.sbml.org/sbml/level2/version4\">      <body xmlns=\"http://www.w3.org/1999/xhtml\">        <pre>This mathematical model of the role of the innate immune responses generated by macrophages in the context of anti-tumour oncolytic viral therapies is described in the publication:Nada Almuallem, Dumitru Trucu, Raluca Eftimie. \"Oncolytic viral therapies and the delicate balance between virus-macrophage-tumour interactions: A mathematical approach\". Mathematical Biosciences and Engineering, 2021, 18(1): 764-799.doi: 10.3934/mbe.2021041Comment:This model is represented by Equations 2.1a-f of the publication manuscript.Abstract:The success of oncolytic virotherapies depends on the tumour microenvironment, which contains a large number of infiltrating immune cells. In this theoretical study, we derive an ODE model to investigate the interactions between breast cancer tumour cells, an oncolytic virus (Vesicular Stomatitis Virus), and tumour-infiltrating macrophages with different phenotypes which can impact the dynamics of oncolytic viruses. The complexity of the model requires a combined analytical-numerical approach to understand the transient and asymptotic dynamics of this model. We use this model to propose new biological hypotheses regarding the impact on tumour elimination/relapse/persistence of: (i) different macrophage polarisation/re-polarisation rates; (ii) different infection rates of macrophages and tumour cells with the oncolytic virus; (iii) different viral burst sizes for macrophages and tumour cells. We show that increasing the rate at which the oncolytic virus infects the tumour cells can delay tumour relapse and even eliminate tumour. Increasing the rate at which the oncolytic virus particles infect the macrophages can trigger transitions between steady-state dynamics and oscillatory dynamics, but it does not lead to tumour elimination unless the tumour infection rate is also very large. Moreover, we confirm numerically that a large tumour-induced M1→M2 polarisation leads to fast tumour growth and fast relapse (if the tumour was reduced before by a strong anti-tumour immune and viral response). The increase in viral-induced M2→M1 re-polarisation reduces temporarily the tumour size, but does not lead to tumour elimination. Finally, we show numerically that the tumour size is more sensitive to the production of viruses by the infected macrophages.</pre>      </body>    </notes>",
    "format": {
        "name": "SBML",
        "identifier": "SBML",
        "version": "L2V4"
    },
    "publication": {
        "type": "PubMed ID",
        "accession": "33525118",
        "journal": "Mathematical biosciences and engineering : MBE",
        "title": "Oncolytic viral therapies and the delicate balance between virus-macrophage-tumour interactions: A mathematical approach.",
        "affiliation": "Department of Mathematics, University of Dundee, Dundee, DD1 4HN, UK.",
        "synopsis": "The success of oncolytic virotherapies depends on the tumour microenvironment, which contains a large number of infiltrating immune cells. In this theoretical study, we derive an ODE model to investigate the interactions between breast cancer tumour cells, an oncolytic virus (Vesicular Stomatitis Virus), and tumour-infiltrating macrophages with different phenotypes which can impact the dynamics of oncolytic viruses. The complexity of the model requires a combined analytical-numerical approach to understand the transient and asymptotic dynamics of this model. We use this model to propose new biological hypotheses regarding the impact on tumour elimination/relapse/persistence of: (i) different macrophage polarisation/re-polarisation rates; (ii) different infection rates of macrophages and tumour cells with the oncolytic virus; (iii) different viral burst sizes for macrophages and tumour cells. We show that increasing the rate at which the oncolytic virus infects the tumour cells can delay tumour relapse and even eliminate tumour. Increasing the rate at which the oncolytic virus particles infect the macrophages can trigger transitions between steady-state dynamics and oscillatory dynamics, but it does not lead to tumour elimination unless the tumour infection rate is also very large. Moreover, we confirm numerically that a large tumour-induced M1→M2 polarisation leads to fast tumour growth and fast relapse (if the tumour was reduced before by a strong anti-tumour immune and viral response). The increase in viral-induced M2→M1 re-polarisation reduces temporarily the tumour size, but does not lead to tumour elimination. Finally, we show numerically that the tumour size is more sensitive to the production of viruses by the infected macrophages.",
        "year": 2020,
        "month": "12",
        "volume": "18",
        "issue": "1",
        "pages": "764-799",
        "link": "http://identifiers.org/pubmed/33525118",
        "authors": [
            {
                "name": "Nada Almuallem",
                "institution": "Department of Mathematics, University of Dundee, Dundee, DD1 4HN, UK."
            },
            {
                "name": "Dumitru Trucu",
                "institution": "Department of Mathematics, University of Dundee, Dundee, DD1 4HN, UK."
            },
            {
                "name": "R Eftimie",
                "institution": "Division of Mathematics, University of Dundee, Dundee, DD1 4HN, UK. r.a.eftimie@dundee.ac.uk.",
                "orcid": "0000-0002-9726-1498"
            }
        ]
    },
    "files": {
        "main": [
            {
                "name": "Almuallem2020.xml",
                "description": "SBML level 2 version 4 representation of the model",
                "fileSize": "78738",
                "mimeType": "application/xml",
                "md5sum": "d58a1e8fdfd6b9ac1e5b6392ad45ca07",
                "sha1sum": "34f8bea5dd236cea775907a62ca4d02d0a73ea36",
                "sha256sum": "60a78100381b2fb614ac2cb1308c6aab6a8358582d890a57ef0972b773398c59"
            }
        ],
        "additional": [
            {
                "name": "Almuallem2020 - Fig6.sedml",
                "description": "SEDML file - Fig. 6 simulation (additionally CRBM-validated and adjusted).",
                "fileSize": "30907",
                "mimeType": "application/xml",
                "md5sum": "79df93e63e54a715ac7bdaffbbb4d1d1",
                "sha1sum": "623ed79d5427e51bebe2c3153f827949830eb459",
                "sha256sum": "7810645b2ec0e7d0ce113cc644ac0a67caef2d1df4010c8f32bb4865afd25598"
            },
            {
                "name": "Almuallem2020-biopax2.owl",
                "description": "Auto-generated BioPAX (Level 2) file.",
                "fileSize": "25435",
                "mimeType": "application/rdf+xml",
                "md5sum": "f214981bea20af427cacda61eb1965d7",
                "sha1sum": "1fa99e06d8f4d9ddfcd3422b2319a8dfd4f2ccb9",
                "sha256sum": "d25d6084b16149d24aac1f82563076637e2b164dcb5d9fb2b52910bd346b7edb"
            },
            {
                "name": "Almuallem2020-biopax3.owl",
                "description": "Auto-generated BioPAX (Level 3) file.",
                "fileSize": "34645",
                "mimeType": "application/rdf+xml",
                "md5sum": "857854b4b6cc57670d2dbfc3a27e7cf2",
                "sha1sum": "aef61605cf5049a73c0887203504889de252a83c",
                "sha256sum": "9808918ea1d5df5885087bc5812fa28ec9a4d5edd11c302e26e77139c3b37625"
            },
            {
                "name": "Almuallem2020-matlab.m",
                "description": "Auto-generated Matlab file.",
                "fileSize": "9688",
                "mimeType": "text/x-matlab",
                "md5sum": "39d133a91ce86fac3e8e71b293d28ab7",
                "sha1sum": "543f44c64e58ea6a119c083112dec3bf086ddbc2",
                "sha256sum": "dff4798258001686357dc0f1b40dc09750ad37fd599c84b235e12e45afe5014e"
            },
            {
                "name": "Almuallem2020-octave.m",
                "description": "Auto-generated Octave file.",
                "fileSize": "9688",
                "mimeType": "text/x-matlab",
                "md5sum": "18214a102e78ebc265078121259a8ab4",
                "sha1sum": "386d91a55082d5d9097aed1927bafe0647857447",
                "sha256sum": "d74406c7ddc02fc2b0fe14b103adbc0c792bcb12c41b708dc8e6b9cafddc39c9"
            },
            {
                "name": "Almuallem2020.cps",
                "description": "COPASI file",
                "fileSize": "125275",
                "mimeType": "application/xml",
                "md5sum": "754bcfe5855150cca7926d93ee81e036",
                "sha1sum": "3df25709028bed234cf51cb9aaeec724ca98338d",
                "sha256sum": "5df399b3e7dd074ba4b9482ee9a8f1af6936abe987a74c909453200faa044e5d"
            },
            {
                "name": "Almuallem2020.ode",
                "description": "Auto-generated ODE file for XPP.",
                "fileSize": "7732",
                "mimeType": "text/plain",
                "md5sum": "f487c2d58ac46eb6d147c505e59bc19a",
                "sha1sum": "8fc938dd2a07b4cb5515f8a7a489d3756993244d",
                "sha256sum": "c2b0dd83fa8f6aedbfd39e14bb50a35fc77802f6eb2a8be1ce9a72095cad9d7d"
            },
            {
                "name": "Fig6.png",
                "description": "PNG file - Fig. 6 reproduction",
                "fileSize": "240685",
                "mimeType": "image/png",
                "md5sum": "4e7f6e271c7393915c00a691e6114ff5",
                "sha1sum": "8df4f804b7a1534d2657a2748c62e1b2048a2613",
                "sha256sum": "834c7520d568a043029c9e5262d4d36d1a1bc1d3050e0086d00cdf5a54b62031"
            },
            {
                "name": "curation_image.png",
                "description": "Reproduced figure(s) from original curation.",
                "fileSize": "240685",
                "mimeType": "image/png",
                "md5sum": "4e7f6e271c7393915c00a691e6114ff5",
                "sha1sum": "8df4f804b7a1534d2657a2748c62e1b2048a2613",
                "sha256sum": "834c7520d568a043029c9e5262d4d36d1a1bc1d3050e0086d00cdf5a54b62031"
            },
            {
                "name": "curation_notes.txt",
                "description": "Notes from original curation (describes curation_image).",
                "fileSize": "118",
                "mimeType": "text/plain",
                "md5sum": "659fbf674c4816ae53e0f25c7e0a8197",
                "sha1sum": "a537c073cfac2ed3bd73f0240e9a89cac6a4e740",
                "sha256sum": "72e1c9001ff41c093b3170636feafa191522426a6788454a323ef65b5c4574d4"
            },
            {
                "name": "manifest.xml",
                "description": "Auto-generated manifest file for OMEX archives.",
                "fileSize": "1541",
                "mimeType": "application/xml",
                "md5sum": "fb69d84bf0562f8643c3c67a52168c72",
                "sha1sum": "7cfe1e2eec2603ac829692de2f65bc2b3ef984ea",
                "sha256sum": "30a2b19e4da12eaa48b8887dd07dd4faf3a4c57cd96b18604b16e84d714e9fbf"
            },
            {
                "name": "metadata.rdf",
                "description": "Auto-generated annotation metadata file.",
                "fileSize": "4279",
                "mimeType": "application/rdf+xml",
                "md5sum": "fe5ab27d7fd7fbf3b4d2ccfeab6c5048",
                "sha1sum": "7b17091e3cc496a818498ba9e4a71d36342f6c97",
                "sha256sum": "73dd68028c1c57295662ef39441bb9e8da2ab00e68e1e2dd1211a58087f523cb"
            }
        ]
    },
    "history": {
        "revisions": [
            {
                "version": 2,
                "submitted": 1629379664,
                "submitter": "Emilia Chen",
                "comment": "Automatically added model identifier BIOMD0000001033"
            },
            {
                "version": 4,
                "submitted": 1629380321,
                "submitter": "Emilia Chen",
                "comment": "Automatically added model identifier BIOMD0000001033"
            },
            {
                "version": 5,
                "submitted": 1724292269,
                "submitter": "Lucian Smith",
                "comment": "CRBM-sponsored manual and automated updates."
            }
        ]
    },
    "firstPublished": 1725282017,
    "submissionId": "MODEL2108190002",
    "publicationId": "BIOMD0000001033",
    "modellingApproach": {
        "accession": "MAMO_0000046",
        "name": "ordinary differential equation model",
        "resource": "http://identifiers.org/mamo/MAMO_0000046"
    },
    "curationStatus": "CURATED",
    "modelTags": [
        "Immuno-oncology"
    ],
    "contributors": {
        "Curator": [
            {
                "name": "Lucian Smith",
                "email": "lpsmith@uw.edu",
                "affiliation": "University of Washington",
                "orcid": "0000-0001-7002-6386",
                "external": false
            }
        ],
        "Modeller": [
            {
                "name": "Emilia Chen",
                "email": "emiliachen1@gmail.com",
                "affiliation": "University of Cambridge",
                "external": false
            }
        ]
    },
    "vcsIdentifier": "aaj",
    "modelLevelAnnotations": [
        {
            "qualifier": "bqbiol:hasTaxon",
            "accession": "9606",
            "name": "Homo sapiens",
            "resource": "Taxonomy",
            "uri": "http://identifiers.org/taxonomy/9606"
        },
        {
            "qualifier": "bqbiol:hasProperty",
            "accession": "MAMO_0000046",
            "name": "Ordinary differential equation model",
            "resource": "Mathematical Modelling Ontology",
            "uri": "http://identifiers.org/mamo/MAMO_0000046"
        },
        {
            "qualifier": "bqbiol:hasProperty",
            "accession": "GO:0002837",
            "name": "regulation of immune response to tumor cell",
            "resource": "Gene Ontology",
            "uri": "http://identifiers.org/go/GO:0002837"
        },
        {
            "qualifier": "bqbiol:isPropertyOf",
            "accession": "C15438",
            "name": "Cancer Immunotherapy",
            "resource": "NCIt",
            "uri": "http://identifiers.org/ncit/C15438"
        },
        {
            "qualifier": "bqbiol:isPropertyOf",
            "accession": "C62713",
            "name": "Oncolytic Virus Therapy",
            "resource": "NCIt",
            "uri": "http://identifiers.org/ncit/C62713"
        },
        {
            "qualifier": "bqmodel:is",
            "accession": "MODEL2108190002",
            "resource": "BioModels Database",
            "uri": "http://identifiers.org/biomodels.db/MODEL2108190002"
        },
        {
            "qualifier": "bqmodel:is",
            "accession": "BIOMD0000001033",
            "resource": "BioModels Database",
            "uri": "http://identifiers.org/biomodels.db/BIOMD0000001033"
        },
        {
            "qualifier": "bqmodel:isDescribedBy",
            "accession": "33525118",
            "resource": "PubMed",
            "uri": "https://identifiers.org/pubmed:33525118"
        },
        {
            "qualifier": "bqbiol:isDescribedBy",
            "accession": "33525118",
            "resource": "PubMed",
            "uri": "http://identifiers.org/pubmed/33525118"
        },
        {
            "qualifier": "bqbiol:hasProperty",
            "accession": "DOID:1612",
            "name": "breast cancer",
            "resource": "Human Disease Ontology",
            "uri": "http://identifiers.org/doid/DOID:1612"
        },
        {
            "qualifier": "bqbiol:hasProperty",
            "accession": "GO:0046730",
            "name": "immune response",
            "resource": "Gene Ontology",
            "uri": "http://identifiers.org/go/GO:0046730"
        }
    ]
}