{
    "name": "Dubey2008 - Modeling the interaction between avascular cancerous cells and acquired immune response",
    "description": "<notes xmlns=\"http://www.sbml.org/sbml/level2/version4\">      <body xmlns=\"http://www.w3.org/1999/xhtml\">        <pre>MODELING THE INTERACTION BETWEEN AVASCULAR CANCEROUS CELLS AND ACQUIRED IMMUNE RESPONSEB. DUBEY, UMA S. DUBEY and SANDIP BANERJEEAbstractThis paper deals with the interaction between dispersed cancer cells and the major populations of the immune system, namely, the T helper cells, T Cytotoxic cells, B cells, and antibodies produced. The system is described by a set of five ordinary differential equations. Both local and global stability of the system has been investigated. It has been observed that under appropriate conditions this interaction is capable of controlling the growth of these cancer cells. The analytical findings are supported by numerical and computational analytical methods.</pre>      </body>    </notes>",
    "format": {
        "name": "SBML",
        "identifier": "SBML",
        "version": "L2V4"
    },
    "publication": {
        "type": "DOI",
        "accession": "10.1142/S0218339008002605",
        "journal": "Journal of Biological Systems",
        "title": "Modeling the interaction between avascular cancerous cells and acquired immune response",
        "affiliation": "Mathematics Group and † Biological Science Group\r\nBirla Institute of Technology and Science (BITS)\r\nPilani 333 031, India",
        "synopsis": "This paper deals with the interaction between dispersed cancer cells and the major populations of the immune system, namely, the T helper cells, T Cytotoxic cells, B cells, and antibodies produced. The system is described by a set of five ordinary differential equations. Both local and global stability of the system has been investigated. It has been observed that under appropriate conditions this interaction is capable of controlling the growth of these cancer cells. The analytical findings are supported by numerical and computational analytical methods.",
        "year": 2008,
        "month": "9",
        "volume": "16",
        "issue": "3",
        "pages": "337-356",
        "link": "http://identifiers.org/doi/10.1142/S0218339008002605",
        "authors": [
            {
                "name": "B. DUBEY",
                "institution": "Mathematics Group and † Biological Science Group Birla Institute of Technology and Science (BITS) Pilani 333 031, India"
            },
            {
                "name": "UMA S. DUBEY"
            },
            {
                "name": "SANDIP BANERJEE"
            }
        ]
    },
    "files": {
        "main": [
            {
                "name": "Dubey2008.xml",
                "description": "SBML L2V4 Representation of Dubey2018 - Modeling the interaction between avascular cancerous cells and acquired immune response",
                "fileSize": "50215",
                "mimeType": "application/xml",
                "md5sum": "e1ed941bd959e15d097d5df870125cfc",
                "sha1sum": "069dee57dddfb285fe17943ece0a4800d7759400",
                "sha256sum": "eb4fdea96b7e56a08d5818778acf931f19428d5d1c505842a879ecce53ecf536"
            }
        ],
        "additional": [
            {
                "name": "Dubey2008-biopax2.owl",
                "description": "Auto-generated BioPAX (Level 2) file.",
                "fileSize": "13406",
                "mimeType": "application/rdf+xml",
                "md5sum": "51521f60ea0275461d74b9da7757f17d",
                "sha1sum": "3813817c0625762825b3808994d47d3882ed5f90",
                "sha256sum": "0fc2e5d5f8b66df3f28e4aed2c0ffaffb6dab5c68b68745b73427f27a9cb928c"
            },
            {
                "name": "Dubey2008-biopax3.owl",
                "description": "Auto-generated BioPAX (Level 3) file.",
                "fileSize": "19217",
                "mimeType": "application/rdf+xml",
                "md5sum": "0c7b02e4a8c24041a2ca365af8f759de",
                "sha1sum": "72ae7766fb1d2ebc806e6bddf310576b26af5ba3",
                "sha256sum": "4b5edbaf6be5a7384b5465346d5926eff354c71dfe84227df83a1df201f5ad2c"
            },
            {
                "name": "Dubey2008-matlab.m",
                "description": "Auto-generated Matlab file.",
                "fileSize": "8117",
                "mimeType": "text/x-matlab",
                "md5sum": "4c273a0e10471ee38c01fe4052dfd9ea",
                "sha1sum": "66c8ea7fae81441f714f923f06671efc0edaabe0",
                "sha256sum": "323f84abc152ff707f203e3227df652cd0bcc9a5292d04583e421bb3350503ac"
            },
            {
                "name": "Dubey2008-octave.m",
                "description": "Auto-generated Octave file.",
                "fileSize": "8117",
                "mimeType": "text/x-matlab",
                "md5sum": "e0730f234ecb58b461c4a629f34e12f2",
                "sha1sum": "9cc038f2fe2a28f814ae64f0b572835ce17dcf0a",
                "sha256sum": "1d31f304a1a89ee16ba0542fec86bbdac7ae8f147fa08573c7240962f7f89648"
            },
            {
                "name": "Dubey2008.cps",
                "description": "COPASI version 4.24 (Build 197) Representation of Dubey2018 - Modeling the interaction between avascular cancerous cells and acquired immune response",
                "fileSize": "78980",
                "mimeType": "application/xml",
                "md5sum": "095d51aefbbd5e4f9c7f379518178497",
                "sha1sum": "74d311d4fdbea2cce27dbf4faad95da6bc17dc4c",
                "sha256sum": "17e186a5010acbb5f9127a54fddc1f03dd2e9087fe7414012fc31ebfbfaa18ec"
            },
            {
                "name": "Dubey2008.ode",
                "description": "Auto-generated ODE file for XPP.",
                "fileSize": "5969",
                "mimeType": "text/plain",
                "md5sum": "c440ad6bd5a509552cd0c3593542a14b",
                "sha1sum": "2f72a699b7380903b5de403b3733c44c07c7e9b6",
                "sha256sum": "362e0eab90723521784cc49245861bbe2462908af02a15a3b3984a1c6825f8e1"
            },
            {
                "name": "Dubey2008.sedml",
                "description": "SEDML L1V2 Representation of Dubey2018 - Modeling the interaction between avascular cancerous cells and acquired immune response (additionally CRBM-validated and adjusted).",
                "fileSize": "21915",
                "mimeType": "application/xml",
                "md5sum": "43932950e362f08624ed0075f997afee",
                "sha1sum": "ab943dca8690824c92f00f7222652d06e96f0de0",
                "sha256sum": "92562c1dedcb7dfb656a6e7497bb6523e228fad8c453c974e5976b51566f5dc6"
            },
            {
                "name": "curation_image.png",
                "description": "Reproduced figure(s) from original curation.",
                "fileSize": "430462",
                "mimeType": "image/png",
                "md5sum": "94ffb092e274a1a2340c38389b0155fc",
                "sha1sum": "15c1523a330c7066ad6429acfce6668362357877",
                "sha256sum": "1ab3cf673140b969f4280ecfdf6592b9334f1f532deeaa0209407a4e40a88903"
            },
            {
                "name": "curation_notes.txt",
                "description": "Notes from original curation (describes curation_image).",
                "fileSize": "370",
                "mimeType": "text/plain",
                "md5sum": "e24d78780c90e8802e271bbd5ca75e71",
                "sha1sum": "2c6bcdfa509f6a47c80ef8f51b3cc09eeff2f69b",
                "sha256sum": "e9506bea409b815220226264ade756d0976004685235fc64353674e388b16041"
            },
            {
                "name": "manifest.xml",
                "description": "Auto-generated manifest file for OMEX archives.",
                "fileSize": "1403",
                "mimeType": "application/xml",
                "md5sum": "8efeb0029f4fbc8ed80570815f077b3c",
                "sha1sum": "45971d75fcd2f71306ef4e28312071422f1d3278",
                "sha256sum": "1e5b314aaa1ce8adc41684b867659c4473fc1dfe2d5ad5066c215000306e1850"
            },
            {
                "name": "metadata.rdf",
                "description": "Auto-generated annotation metadata file.",
                "fileSize": "2365",
                "mimeType": "application/rdf+xml",
                "md5sum": "8e5f1372d20a04e3d93ebc5cbd584b17",
                "sha1sum": "f043d6315ad2d172d861f9f1fc2710551bdfe132",
                "sha256sum": "b21ed33499dbf38d04f43226a0d838a5891494de4c53fd06e7d72a627d8f488e"
            }
        ]
    },
    "history": {
        "revisions": [
            {
                "version": 3,
                "submitted": 1575990310,
                "submitter": "Mohammad Umer Sharif Shohan",
                "comment": "Automatically added model identifier BIOMD0000000886"
            },
            {
                "version": 4,
                "submitted": 1724288556,
                "submitter": "Lucian Smith",
                "comment": "CRBM-sponsored manual and automated updates."
            }
        ]
    },
    "firstPublished": 1725281922,
    "submissionId": "MODEL1912100002",
    "publicationId": "BIOMD0000000886",
    "modellingApproach": {
        "accession": "MAMO_0000046",
        "name": "ordinary differential equation model",
        "resource": "http://identifiers.org/mamo/MAMO_0000046"
    },
    "curationStatus": "CURATED",
    "modelTags": [
        "Immuno-oncology"
    ],
    "contributors": {
        "Curator": [
            {
                "name": "Lucian Smith",
                "email": "lpsmith@uw.edu",
                "affiliation": "University of Washington",
                "orcid": "0000-0001-7002-6386",
                "external": false
            }
        ],
        "Modeller": [
            {
                "name": "Mohammad Umer Sharif Shohan",
                "email": "msharifshohan@ebi.ac.uk",
                "affiliation": "EMBL-EBI",
                "orcid": "0000-0003-3985-2879",
                "external": false
            }
        ]
    },
    "vcsIdentifier": "aai",
    "modelLevelAnnotations": [
        {
            "qualifier": "bqbiol:hasTaxon",
            "accession": "9606",
            "name": "Homo sapiens",
            "resource": "Taxonomy",
            "uri": "http://identifiers.org/taxonomy/9606"
        },
        {
            "qualifier": "bqbiol:hasProperty",
            "accession": "MAMO_0000046",
            "name": "Ordinary differential equation model",
            "resource": "Mathematical Modelling Ontology",
            "uri": "http://identifiers.org/mamo/MAMO_0000046"
        },
        {
            "qualifier": "bqbiol:hasProperty",
            "accession": "GO:0006955",
            "name": "immune response",
            "resource": "Gene Ontology",
            "uri": "http://identifiers.org/go/GO:0006955"
        },
        {
            "qualifier": "bqmodel:is",
            "accession": "MODEL1912100002",
            "resource": "BioModels Database",
            "uri": "http://identifiers.org/biomodels.db/MODEL1912100002"
        },
        {
            "qualifier": "bqmodel:is",
            "accession": "BIOMD0000000886",
            "resource": "BioModels Database",
            "uri": "http://identifiers.org/biomodels.db/BIOMD0000000886"
        },
        {
            "qualifier": "bqmodel:isDescribedBy",
            "accession": "10.1142/S0218339008002605",
            "resource": "DOI",
            "uri": "https://identifiers.org/doi:10.1142/S0218339008002605"
        },
        {
            "qualifier": "bqbiol:isDescribedBy",
            "accession": "10.1142/S0218339008002605",
            "resource": "DOI",
            "uri": "http://identifiers.org/doi/10.1142/S0218339008002605"
        }
    ]
}