<?xml version='1.0' encoding='UTF-8' standalone='no'?>
<sbml xmlns="http://www.sbml.org/sbml/level3/version1/core" level="3" metaid="b47b456e-336e-4b3d-bca5-d63fad53ccb0" qual:required="true" version="1" xmlns:qual="http://www.sbml.org/sbml/level3/version1/qual/version1">
  <model id="MODEL1411170001" metaid="_0e9d050b-547b-4f22-af86-5406ffd4d5ec" name="Martinez-Sanchez2015 - T CD4+ lymphocyte transcriptional-signaling regulatory network">
    <annotation>
	<rdf:RDF xmlns:rdf="http://www.w3.org/1999/02/22-rdf-syntax-ns#" xmlns:dc="http://purl.org/dc/elements/1.1/" xmlns:vCard="http://www.w3.org/2001/vcard-rdf/3.0#" xmlns:dcterms="http://purl.org/dc/terms/" xmlns:bqmodel="http://biomodels.net/model-qualifiers/" xmlns:bqbiol="http://biomodels.net/biology-qualifiers/">
        <rdf:Description rdf:about="#_0e9d050b-547b-4f22-af86-5406ffd4d5ec">
	<dc:creator>
	<rdf:Bag>
	<rdf:li rdf:parseType="Resource">
	<vCard:N rdf:parseType="Resource">
	<vCard:Family>Martinez-Sanchez</vCard:Family>
	<vCard:Given>Mariana</vCard:Given>
	</vCard:N>
	<vCard:EMAIL>mar.esther23@gmail.com</vCard:EMAIL>
	<vCard:ORG rdf:parseType="Resource">
	<vCard:Orgname>Universidad Nacional Autónoma de México</vCard:Orgname>
	</vCard:ORG>
	</rdf:li>
	<rdf:li rdf:parseType="Resource">
	<vCard:N rdf:parseType="Resource">
	<vCard:Family>Hume</vCard:Family>
	<vCard:Given>Alastair</vCard:Given>
	</vCard:N>
	<vCard:EMAIL>a.hume@ed.ac.uk</vCard:EMAIL>
	<vCard:ORG rdf:parseType="Resource">
	<vCard:Orgname>The University of Edinburgh</vCard:Orgname>
	</vCard:ORG>
	</rdf:li>
	</rdf:Bag>
	</dc:creator>
	<dcterms:created rdf:parseType="Resource">
	<dcterms:W3CDTF>2016-02-11T11:30:53Z</dcterms:W3CDTF>
	</dcterms:created>
	<dcterms:modified rdf:parseType="Resource">
	<dcterms:W3CDTF>2016-04-19T21:28:58Z</dcterms:W3CDTF>
	</dcterms:modified>
	<bqmodel:is>
	<rdf:Bag>
	<rdf:li rdf:resource="http://identifiers.org/biomodels.db/MODEL1411170001"/>
	</rdf:Bag>
	</bqmodel:is>
	<bqmodel:is>
	<rdf:Bag>
	<rdf:li rdf:resource="http://identifiers.org/biomodels.db/BIOMD0000000593"/>
	</rdf:Bag>
	</bqmodel:is>
	<bqmodel:isDescribedBy>
	<rdf:Bag>
	<rdf:li rdf:resource="http://identifiers.org/pubmed/26090929"/>
	</rdf:Bag>
	</bqmodel:isDescribedBy>
	<bqbiol:isVersionOf>
	<rdf:Bag>
	<rdf:li rdf:resource="http://identifiers.org/go/GO:0030154"/>
	</rdf:Bag>
	</bqbiol:isVersionOf>
	<bqbiol:hasTaxon>
	<rdf:Bag>
	<rdf:li rdf:resource="http://identifiers.org/taxonomy/7742"/>
	</rdf:Bag>
	</bqbiol:hasTaxon>
	<bqbiol:hasProperty>
	<rdf:Bag>
	<rdf:li rdf:resource="http://identifiers.org/mamo/MAMO_0000030"/>
	</rdf:Bag>
	</bqbiol:hasProperty>
	</rdf:Description>
	
	
	</rdf:RDF>
	</annotation>
      <qual:listOfQualitativeSpecies xmlns:qual="http://www.sbml.org/sbml/level3/version1/qual/version1">
      <qual:qualitativeSpecies metaid="_2cf9d6c3-ab50-4d4c-987b-19bb82f8d20e" qual:compartment="default" qual:constant="false" qual:id="TBET" qual:maxLevel="1" qual:name="TBET"/>
      <qual:qualitativeSpecies metaid="_04e4889d-e72f-48fd-8017-21f160e59b8d" qual:compartment="default" qual:constant="false" qual:id="IFNG" qual:maxLevel="1" qual:name="IFNG"/>
      <qual:qualitativeSpecies metaid="_33f58617-a850-4fdf-8cab-bf9a174293a8" qual:compartment="default" qual:constant="false" qual:id="GATA3" qual:maxLevel="1" qual:name="GATA3"/>
      <qual:qualitativeSpecies metaid="e8b4592a-228d-4319-8acc-868071f5b26e" qual:compartment="default" qual:constant="false" qual:id="IL2" qual:maxLevel="1" qual:name="IL2"/>
      <qual:qualitativeSpecies metaid="c8562985-0149-4d18-bf74-c6b1fc04eac3" qual:compartment="default" qual:constant="false" qual:id="IL4" qual:maxLevel="1" qual:name="IL4"/>
      <qual:qualitativeSpecies metaid="_79862db0-37c7-43ac-8076-5d9a0c673e6d" qual:compartment="default" qual:constant="false" qual:id="RORGT" qual:maxLevel="1" qual:name="RORGT"/>
      <qual:qualitativeSpecies metaid="_65f6e0ba-c72e-48b7-962c-f816b8c2e436" qual:compartment="default" qual:constant="false" qual:id="IL21" qual:maxLevel="1" qual:name="IL21"/>
      <qual:qualitativeSpecies metaid="b723c75a-3c53-4bca-a35d-93cf110e3712" qual:compartment="default" qual:constant="false" qual:id="FOXP3" qual:maxLevel="1" qual:name="FOXP3"/>
      <qual:qualitativeSpecies metaid="f926f63f-1be9-4f4e-9bcc-52b5b85e0054" qual:compartment="default" qual:constant="false" qual:id="TGFB" qual:maxLevel="1" qual:name="TGFB"/>
      <qual:qualitativeSpecies metaid="bccc45bf-752f-4091-bc64-76e4d55396f0" qual:compartment="default" qual:constant="false" qual:id="IL10" qual:maxLevel="1" qual:name="IL10"/>
      <qual:qualitativeSpecies metaid="ac912fa2-76d6-427d-93d1-b3fb71dbd859" qual:compartment="default" qual:constant="false" qual:id="BCL6" qual:maxLevel="1" qual:name="BCL6"/>
      <qual:qualitativeSpecies metaid="ef219b23-5fb9-40cc-8b76-22766beca0f9" qual:compartment="default" qual:constant="false" qual:id="IL9" qual:maxLevel="1" qual:name="IL9"/>
      <qual:qualitativeSpecies metaid="_56feba0c-1ca6-407a-9daa-c7a0d0213eac" qual:compartment="default" qual:constant="false" qual:id="IFNGe" qual:maxLevel="1" qual:name="IFNGe"/>
      <qual:qualitativeSpecies metaid="_17caa0b3-cd48-4ad6-b91f-3c90f0c29ca6" qual:compartment="default" qual:constant="false" qual:id="IL2e" qual:maxLevel="1" qual:name="IL2e"/>
      <qual:qualitativeSpecies metaid="_941068b0-6b45-435d-83af-b7d91ee58102" qual:compartment="default" qual:constant="false" qual:id="IL4e" qual:maxLevel="1" qual:name="IL4e"/>
      <qual:qualitativeSpecies metaid="b60ef45f-3024-49d1-af0e-d06d45803fa4" qual:compartment="default" qual:constant="false" qual:id="IL21e" qual:maxLevel="1" qual:name="IL21e"/>
      <qual:qualitativeSpecies metaid="f1e2cfca-1a73-40ba-9eae-82f34edd7faf" qual:compartment="default" qual:constant="false" qual:id="TGFBe" qual:maxLevel="1" qual:name="TGFBe"/>
      <qual:qualitativeSpecies metaid="_9db16a96-919c-461b-a5da-15ce1a1a832f" qual:compartment="default" qual:constant="false" qual:id="IL10e" qual:maxLevel="1" qual:name="IL10e"/>
    </qual:listOfQualitativeSpecies>
    <qual:listOfTransitions xmlns:qual="http://www.sbml.org/sbml/level3/version1/qual/version1">
      <qual:transition metaid="_963abc16-ce64-4c4a-bc63-3d53ab4ab8b5" qual:id="tr_TBET" qual:name="Interactions targeting TBET">
        <qual:listOfInputs>
          <qual:input metaid="c5426756-27f4-40b4-93c0-f3fcd8010c43" qual:qualitativeSpecies="TBET" qual:transitionEffect="none"/>
          <qual:input metaid="_8ca4001e-d5ca-41cf-b829-d9199656a4da" qual:qualitativeSpecies="IFNG" qual:transitionEffect="none"/>
          <qual:input metaid="_788623cf-986c-41ec-8a32-e8d7ccb3c8c7" qual:qualitativeSpecies="GATA3" qual:transitionEffect="none"/>
          <qual:input metaid="a9d5e872-908b-4273-b401-9934cc95896d" qual:qualitativeSpecies="IL4" qual:transitionEffect="none"/>
          <qual:input metaid="_59181764-178c-4ceb-8f36-f2e249f5b010" qual:qualitativeSpecies="IL21" qual:transitionEffect="none"/>
          <qual:input metaid="_7e199e35-a6af-467c-8203-55e55a0e4c44" qual:qualitativeSpecies="BCL6" qual:transitionEffect="none"/>
        </qual:listOfInputs>
        <qual:listOfOutputs>
          <qual:output metaid="_195e9eb3-6bba-48de-a89d-f461d98d2443" qual:qualitativeSpecies="TBET" qual:transitionEffect="assignmentLevel"/>
        </qual:listOfOutputs>
        <qual:listOfFunctionTerms>
          <qual:functionTerm metaid="_762870ec-83f1-4ef0-b92a-fd1df5e3fac0" qual:resultLevel="1">
            <math xmlns="http://www.w3.org/1998/Math/MathML">            
              <apply>
                <and/>
                <apply>
                  <or/>
                  <apply>
                    <eq/>
                    <ci> IFNG </ci>
                    <cn type="integer"> 1 </cn>
                  </apply>
                  <apply>
                    <eq/>
                    <ci> TBET </ci>
                    <cn type="integer"> 1 </cn>
                  </apply>
                </apply>
                <apply>
                  <not/>
                  <apply>
                    <or/>
                    <apply>
                      <eq/>
                      <ci> IL4 </ci>
                      <cn type="integer"> 1 </cn>
                    </apply>
                    <apply>
                      <eq/>
                      <ci> GATA3 </ci>
                      <cn type="integer"> 1 </cn>
                    </apply>
                    <apply>
                      <eq/>
                      <ci> IL21 </ci>
                      <cn type="integer"> 1 </cn>
                    </apply>
                    <apply>
                      <eq/>
                      <ci> BCL6 </ci>
                      <cn type="integer"> 1 </cn>
                    </apply>
                  </apply>
                </apply>
              </apply>
            </math>
                    </qual:functionTerm>
          <qual:defaultTerm metaid="_6921ef0f-fd21-4d1a-9758-6b21344305eb" qual:resultLevel="0">
          </qual:defaultTerm>
        </qual:listOfFunctionTerms>
      </qual:transition>
      <qual:transition metaid="_0d86a420-bd9f-4a8c-be9e-8253a57b86c8" qual:id="tr_IFNG" qual:name="Interactions targeting IFNG">
        <qual:listOfInputs>
          <qual:input metaid="_2d449390-d390-4e66-96e0-5cc11cdcf7c9" qual:qualitativeSpecies="TBET" qual:transitionEffect="none"/>
          <qual:input metaid="abc38014-f782-4513-9283-b9f604a0ebe9" qual:qualitativeSpecies="IFNG" qual:transitionEffect="none"/>
          <qual:input metaid="_0d0f6f61-f169-4432-aaa1-35202d7b2f06" qual:qualitativeSpecies="GATA3" qual:transitionEffect="none"/>
          <qual:input metaid="e4f54223-cbf9-4a09-8380-03c08100b6d1" qual:qualitativeSpecies="IL4" qual:transitionEffect="none"/>
          <qual:input metaid="_3a8ab1f3-f6fb-4f38-b606-aec756c4e780" qual:qualitativeSpecies="IL21" qual:transitionEffect="none"/>
          <qual:input metaid="_56e088b9-c13a-4af5-be42-4de89a9de012" qual:qualitativeSpecies="TGFB" qual:transitionEffect="none"/>
          <qual:input metaid="_04361530-7e62-4ea5-825d-3b9cb33b4ecc" qual:qualitativeSpecies="IL10" qual:transitionEffect="none"/>
          <qual:input metaid="_98e7e3c7-72f2-411f-8a3e-db026dd9e847" qual:qualitativeSpecies="BCL6" qual:transitionEffect="none"/>
          <qual:input metaid="b8ebd8e4-77b6-4ad4-abc3-6f610cadaa86" qual:qualitativeSpecies="IL9" qual:transitionEffect="none"/>
          <qual:input metaid="f34aaa45-fe28-472e-bc51-c62f96d227e5" qual:qualitativeSpecies="IFNGe" qual:transitionEffect="none"/>
        </qual:listOfInputs>
        <qual:listOfOutputs>
          <qual:output metaid="_076304f1-3178-468d-8d4a-20e662848a7d" qual:qualitativeSpecies="IFNG" qual:transitionEffect="assignmentLevel"/>
        </qual:listOfOutputs>
        <qual:listOfFunctionTerms>
          <qual:functionTerm metaid="b07e2e40-e4e1-41ea-bbc2-0d6ba57c70e2" qual:resultLevel="1">
            <math xmlns="http://www.w3.org/1998/Math/MathML">            
              <apply>
                <and/>
                <apply>
                  <or/>
                  <apply>
                    <eq/>
                    <ci> IFNGe </ci>
                    <cn type="integer"> 1 </cn>
                  </apply>
                  <apply>
                    <and/>
                    <apply>
                      <or/>
                      <apply>
                        <eq/>
                        <ci> IFNG </ci>
                        <cn type="integer"> 1 </cn>
                      </apply>
                      <apply>
                        <eq/>
                        <ci> TBET </ci>
                        <cn type="integer"> 1 </cn>
                      </apply>
                    </apply>
                    <apply>
                      <not/>
                      <apply>
                        <or/>
                        <apply>
                          <eq/>
                          <ci> GATA3 </ci>
                          <cn type="integer"> 1 </cn>
                        </apply>
                        <apply>
                          <eq/>
                          <ci> TGFB </ci>
                          <cn type="integer"> 1 </cn>
                        </apply>
                        <apply>
                          <eq/>
                          <ci> BCL6 </ci>
                          <cn type="integer"> 1 </cn>
                        </apply>
                      </apply>
                    </apply>
                  </apply>
                </apply>
                <apply>
                  <not/>
                  <apply>
                    <or/>
                    <apply>
                      <eq/>
                      <ci> IL21 </ci>
                      <cn type="integer"> 1 </cn>
                    </apply>
                    <apply>
                      <eq/>
                      <ci> IL4 </ci>
                      <cn type="integer"> 1 </cn>
                    </apply>
                    <apply>
                      <eq/>
                      <ci> IL10 </ci>
                      <cn type="integer"> 1 </cn>
                    </apply>
                    <apply>
                      <eq/>
                      <ci> IL9 </ci>
                      <cn type="integer"> 1 </cn>
                    </apply>
                  </apply>
                </apply>
              </apply>
            </math>
                    </qual:functionTerm>
          <qual:defaultTerm metaid="_06adf7bf-a8b2-4624-9a74-b7397de29a56" qual:resultLevel="0">
          </qual:defaultTerm>
        </qual:listOfFunctionTerms>
      </qual:transition>
      <qual:transition metaid="_3ebae84c-be24-477a-a5d6-c4c9f8e21ec0" qual:id="tr_GATA3" qual:name="Interactions targeting GATA3">
        <qual:listOfInputs>
          <qual:input metaid="b95a57e8-adf2-47bb-8c48-bfd340fdb649" qual:qualitativeSpecies="TBET" qual:transitionEffect="none"/>
          <qual:input metaid="d25a5e32-663f-45be-ad8b-63a2c18c9ebd" qual:qualitativeSpecies="GATA3" qual:transitionEffect="none"/>
          <qual:input metaid="_90a7bb1e-5275-47af-b974-3ee16acfef74" qual:qualitativeSpecies="IL2" qual:transitionEffect="none"/>
          <qual:input metaid="_294d767a-0cde-4f88-86c9-2b5564bb90ff" qual:qualitativeSpecies="IL4" qual:transitionEffect="none"/>
          <qual:input metaid="_1618560d-1f11-4e5d-99e9-2982a01f5a15" qual:qualitativeSpecies="IL21" qual:transitionEffect="none"/>
          <qual:input metaid="_071827f7-9096-4227-901d-949d01a4afc5" qual:qualitativeSpecies="TGFB" qual:transitionEffect="none"/>
          <qual:input metaid="f8c5ea7c-5d66-4312-915f-e49299f1f455" qual:qualitativeSpecies="BCL6" qual:transitionEffect="none"/>
        </qual:listOfInputs>
        <qual:listOfOutputs>
          <qual:output metaid="_4f097140-7b23-435e-a834-81b8c6a7dfa8" qual:qualitativeSpecies="GATA3" qual:transitionEffect="assignmentLevel"/>
        </qual:listOfOutputs>
        <qual:listOfFunctionTerms>
          <qual:functionTerm metaid="_390724b2-a5e1-4ff1-b404-0becdfc3264f" qual:resultLevel="1">
            <math xmlns="http://www.w3.org/1998/Math/MathML">            
              <apply>
                <and/>
                <apply>
                  <or/>
                  <apply>
                    <and/>
                    <apply>
                      <eq/>
                      <ci> IL2 </ci>
                      <cn type="integer"> 1 </cn>
                    </apply>
                    <apply>
                      <eq/>
                      <ci> IL4 </ci>
                      <cn type="integer"> 1 </cn>
                    </apply>
                  </apply>
                  <apply>
                    <eq/>
                    <ci> GATA3 </ci>
                    <cn type="integer"> 1 </cn>
                  </apply>
                </apply>
                <apply>
                  <not/>
                  <apply>
                    <or/>
                    <apply>
                      <eq/>
                      <ci> TBET </ci>
                      <cn type="integer"> 1 </cn>
                    </apply>
                    <apply>
                      <eq/>
                      <ci> TGFB </ci>
                      <cn type="integer"> 1 </cn>
                    </apply>
                    <apply>
                      <eq/>
                      <ci> IL21 </ci>
                      <cn type="integer"> 1 </cn>
                    </apply>
                    <apply>
                      <eq/>
                      <ci> BCL6 </ci>
                      <cn type="integer"> 1 </cn>
                    </apply>
                  </apply>
                </apply>
              </apply>
            </math>
                    </qual:functionTerm>
          <qual:defaultTerm metaid="_4f18849e-cf4a-4594-b030-39a01e153ab1" qual:resultLevel="0">
          </qual:defaultTerm>
        </qual:listOfFunctionTerms>
      </qual:transition>
      <qual:transition metaid="af23fe40-43fb-4747-8803-861a14e41631" qual:id="tr_IL2" qual:name="Interactions targeting IL2">
        <qual:listOfInputs>
          <qual:input metaid="ea3e0f4d-13c2-4458-9280-b6589c4cfb31" qual:qualitativeSpecies="IFNG" qual:transitionEffect="none"/>
          <qual:input metaid="_5f740c27-68be-4f82-9e65-ac0d65278bc9" qual:qualitativeSpecies="IL2" qual:transitionEffect="none"/>
          <qual:input metaid="_0627b320-6fe0-4b43-851b-0aa50808ffac" qual:qualitativeSpecies="IL21" qual:transitionEffect="none"/>
          <qual:input metaid="_52c369d4-512f-446a-9d90-ae53d1c8016d" qual:qualitativeSpecies="FOXP3" qual:transitionEffect="none"/>
          <qual:input metaid="_4fa228f2-6aac-4686-b0c2-c8f83e8054ea" qual:qualitativeSpecies="IL10" qual:transitionEffect="none"/>
          <qual:input metaid="_55c23680-e34b-4685-8889-f46d249cc93c" qual:qualitativeSpecies="IL2e" qual:transitionEffect="none"/>
        </qual:listOfInputs>
        <qual:listOfOutputs>
          <qual:output metaid="_404bda17-70c9-4002-97b0-454ece3638a6" qual:qualitativeSpecies="IL2" qual:transitionEffect="assignmentLevel"/>
        </qual:listOfOutputs>
        <qual:listOfFunctionTerms>
          <qual:functionTerm metaid="_3b6b8bfa-625a-4016-a414-d4b02f689af6" qual:resultLevel="1">
            <math xmlns="http://www.w3.org/1998/Math/MathML">            
              <apply>
                <and/>
                <apply>
                  <or/>
                  <apply>
                    <eq/>
                    <ci> IL2e </ci>
                    <cn type="integer"> 1 </cn>
                  </apply>
                  <apply>
                    <and/>
                    <apply>
                      <eq/>
                      <ci> IL2 </ci>
                      <cn type="integer"> 1 </cn>
                    </apply>
                    <apply>
                      <eq/>
                      <ci> FOXP3 </ci>
                      <cn type="integer"> 0 </cn>
                    </apply>
                  </apply>
                </apply>
                <apply>
                  <not/>
                  <apply>
                    <or/>
                    <apply>
                      <eq/>
                      <ci> IFNG </ci>
                      <cn type="integer"> 1 </cn>
                    </apply>
                    <apply>
                      <eq/>
                      <ci> IL21 </ci>
                      <cn type="integer"> 1 </cn>
                    </apply>
                    <apply>
                      <eq/>
                      <ci> IL10 </ci>
                      <cn type="integer"> 1 </cn>
                    </apply>
                  </apply>
                </apply>
              </apply>
            </math>
                    </qual:functionTerm>
          <qual:defaultTerm metaid="_4506b36a-be4a-4a87-b787-182b42433245" qual:resultLevel="0">
          </qual:defaultTerm>
        </qual:listOfFunctionTerms>
      </qual:transition>
      <qual:transition metaid="_1a26b69e-8892-4cbc-a2c2-6bd54049bc28" qual:id="tr_IL4" qual:name="Interactions targeting IL4">
        <qual:listOfInputs>
          <qual:input metaid="c2977d35-1dc2-4e7f-adcb-95a38c9a528f" qual:qualitativeSpecies="TBET" qual:transitionEffect="none"/>
          <qual:input metaid="_0cc7f731-545d-4eca-a2eb-5d19ee1efff5" qual:qualitativeSpecies="IFNG" qual:transitionEffect="none"/>
          <qual:input metaid="f71c4529-2433-4ed5-9014-6ecb8f48aec6" qual:qualitativeSpecies="GATA3" qual:transitionEffect="none"/>
          <qual:input metaid="c89cae1f-db46-42a9-b279-bb8afeb73fb3" qual:qualitativeSpecies="IL2" qual:transitionEffect="none"/>
          <qual:input metaid="_72b38d96-4b7d-4cfe-99df-1be8844208cb" qual:qualitativeSpecies="IL4" qual:transitionEffect="none"/>
          <qual:input metaid="_9b5c09bc-ebc8-4c3e-a95c-3013327082c5" qual:qualitativeSpecies="IL21" qual:transitionEffect="none"/>
          <qual:input metaid="_27f47403-52dc-4b6a-97b2-eae12ee82d4d" qual:qualitativeSpecies="IL4e" qual:transitionEffect="none"/>
        </qual:listOfInputs>
        <qual:listOfOutputs>
          <qual:output metaid="_309a2540-1481-49c3-810c-c9124091367a" qual:qualitativeSpecies="IL4" qual:transitionEffect="assignmentLevel"/>
        </qual:listOfOutputs>
        <qual:listOfFunctionTerms>
          <qual:functionTerm metaid="_972d73b4-b626-458c-87a6-859a7bba98c7" qual:resultLevel="1">
            <math xmlns="http://www.w3.org/1998/Math/MathML">            
              <apply>
                <and/>
                <apply>
                  <or/>
                  <apply>
                    <eq/>
                    <ci> IL4e </ci>
                    <cn type="integer"> 1 </cn>
                  </apply>
                  <apply>
                    <and/>
                    <apply>
                      <eq/>
                      <ci> GATA3 </ci>
                      <cn type="integer"> 1 </cn>
                    </apply>
                    <apply>
                      <or/>
                      <apply>
                        <eq/>
                        <ci> IL2 </ci>
                        <cn type="integer"> 1 </cn>
                      </apply>
                      <apply>
                        <eq/>
                        <ci> IL4 </ci>
                        <cn type="integer"> 1 </cn>
                      </apply>
                    </apply>
                    <apply>
                      <eq/>
                      <ci> TBET </ci>
                      <cn type="integer"> 0 </cn>
                    </apply>
                  </apply>
                </apply>
                <apply>
                  <not/>
                  <apply>
                    <or/>
                    <apply>
                      <eq/>
                      <ci> IFNG </ci>
                      <cn type="integer"> 1 </cn>
                    </apply>
                    <apply>
                      <eq/>
                      <ci> IL21 </ci>
                      <cn type="integer"> 1 </cn>
                    </apply>
                  </apply>
                </apply>
              </apply>
            </math>
                    </qual:functionTerm>
          <qual:defaultTerm metaid="_78d96dda-e1c3-4ae2-a374-53bb3f00c1ee" qual:resultLevel="0">
          </qual:defaultTerm>
        </qual:listOfFunctionTerms>
      </qual:transition>
      <qual:transition metaid="_5ae1ad53-09c7-4118-96c5-8590123a34a9" qual:id="tr_RORGT" qual:name="Interactions targeting RORGT">
        <qual:listOfInputs>
          <qual:input metaid="_484735ea-77ec-4540-bf10-1457ab7d6eb1" qual:qualitativeSpecies="TBET" qual:transitionEffect="none"/>
          <qual:input metaid="de92400e-cd9f-4928-b067-cc8df3ab05aa" qual:qualitativeSpecies="GATA3" qual:transitionEffect="none"/>
          <qual:input metaid="c7f86fdd-4705-48c3-9c7c-febd6d021369" qual:qualitativeSpecies="IL21" qual:transitionEffect="none"/>
          <qual:input metaid="e50590a7-6232-4910-b417-2034d712a3ff" qual:qualitativeSpecies="FOXP3" qual:transitionEffect="none"/>
          <qual:input metaid="_8730dd66-294d-42e7-91c3-4a6136f5b424" qual:qualitativeSpecies="TGFB" qual:transitionEffect="none"/>
          <qual:input metaid="_286391e2-dc1c-49ef-aa6d-bcfa1867b625" qual:qualitativeSpecies="BCL6" qual:transitionEffect="none"/>
        </qual:listOfInputs>
        <qual:listOfOutputs>
          <qual:output metaid="a7f38139-b391-459d-a079-d7c18cc31283" qual:qualitativeSpecies="RORGT" qual:transitionEffect="assignmentLevel"/>
        </qual:listOfOutputs>
        <qual:listOfFunctionTerms>
          <qual:functionTerm metaid="c4e5ef7e-bce8-4301-9d1f-bf0230000c54" qual:resultLevel="1">
            <math xmlns="http://www.w3.org/1998/Math/MathML">            
              <apply>
                <and/>
                <apply>
                  <and/>
                  <apply>
                    <eq/>
                    <ci> IL21 </ci>
                    <cn type="integer"> 1 </cn>
                  </apply>
                  <apply>
                    <eq/>
                    <ci> TGFB </ci>
                    <cn type="integer"> 1 </cn>
                  </apply>
                </apply>
                <apply>
                  <not/>
                  <apply>
                    <or/>
                    <apply>
                      <eq/>
                      <ci> TBET </ci>
                      <cn type="integer"> 1 </cn>
                    </apply>
                    <apply>
                      <eq/>
                      <ci> FOXP3 </ci>
                      <cn type="integer"> 1 </cn>
                    </apply>
                    <apply>
                      <eq/>
                      <ci> GATA3 </ci>
                      <cn type="integer"> 1 </cn>
                    </apply>
                    <apply>
                      <eq/>
                      <ci> BCL6 </ci>
                      <cn type="integer"> 1 </cn>
                    </apply>
                  </apply>
                </apply>
              </apply>
            </math>
                    </qual:functionTerm>
          <qual:defaultTerm metaid="_136ca13c-4e5c-4b3e-8460-a03b7ff11eb4" qual:resultLevel="0">
          </qual:defaultTerm>
        </qual:listOfFunctionTerms>
      </qual:transition>
      <qual:transition metaid="abb30058-b2c4-4131-9bf7-ab36be657073" qual:id="tr_IL21" qual:name="Interactions targeting IL21">
        <qual:listOfInputs>
          <qual:input metaid="ff161e3a-821c-4fe6-893f-b65e935a7f64" qual:qualitativeSpecies="IFNG" qual:transitionEffect="none"/>
          <qual:input metaid="_31a24c74-98b6-4408-a895-a61d95548e4d" qual:qualitativeSpecies="IL2" qual:transitionEffect="none"/>
          <qual:input metaid="_032b26b8-6b44-42e9-8335-0c198b232291" qual:qualitativeSpecies="IL4" qual:transitionEffect="none"/>
          <qual:input metaid="acc4a356-79a3-4bc4-8fd7-52fed1b5078b" qual:qualitativeSpecies="RORGT" qual:transitionEffect="none"/>
          <qual:input metaid="f86fe099-ee9a-4e21-9cf1-78fafa69d3b4" qual:qualitativeSpecies="IL21" qual:transitionEffect="none"/>
          <qual:input metaid="fd571cba-c278-420e-9444-03d7e1f03b1e" qual:qualitativeSpecies="IL10" qual:transitionEffect="none"/>
          <qual:input metaid="_25e3080d-d372-43d3-a436-6497dae80b95" qual:qualitativeSpecies="BCL6" qual:transitionEffect="none"/>
          <qual:input metaid="e2c81b81-5f3b-4da4-832a-ac35c01f86e9" qual:qualitativeSpecies="IL9" qual:transitionEffect="none"/>
          <qual:input metaid="_973df376-374e-4644-b308-1218e40ecb2b" qual:qualitativeSpecies="IL21e" qual:transitionEffect="none"/>
        </qual:listOfInputs>
        <qual:listOfOutputs>
          <qual:output metaid="e6523589-eab8-41d1-8cf9-f80e3673c982" qual:qualitativeSpecies="IL21" qual:transitionEffect="assignmentLevel"/>
        </qual:listOfOutputs>
        <qual:listOfFunctionTerms>
          <qual:functionTerm metaid="ea8d876a-2690-4c1c-a948-6a4f4bda3103" qual:resultLevel="1">
            <math xmlns="http://www.w3.org/1998/Math/MathML">            
              <apply>
                <and/>
                <apply>
                  <or/>
                  <apply>
                    <eq/>
                    <ci> IL21e </ci>
                    <cn type="integer"> 1 </cn>
                  </apply>
                  <apply>
                    <eq/>
                    <ci> IL21 </ci>
                    <cn type="integer"> 1 </cn>
                  </apply>
                  <apply>
                    <eq/>
                    <ci> RORGT </ci>
                    <cn type="integer"> 1 </cn>
                  </apply>
                  <apply>
                    <eq/>
                    <ci> BCL6 </ci>
                    <cn type="integer"> 1 </cn>
                  </apply>
                </apply>
                <apply>
                  <not/>
                  <apply>
                    <or/>
                    <apply>
                      <eq/>
                      <ci> IFNG </ci>
                      <cn type="integer"> 1 </cn>
                    </apply>
                    <apply>
                      <eq/>
                      <ci> IL4 </ci>
                      <cn type="integer"> 1 </cn>
                    </apply>
                    <apply>
                      <eq/>
                      <ci> IL10 </ci>
                      <cn type="integer"> 1 </cn>
                    </apply>
                    <apply>
                      <eq/>
                      <ci> IL2 </ci>
                      <cn type="integer"> 1 </cn>
                    </apply>
                    <apply>
                      <eq/>
                      <ci> IL9 </ci>
                      <cn type="integer"> 1 </cn>
                    </apply>
                  </apply>
                </apply>
              </apply>
            </math>
                    </qual:functionTerm>
          <qual:defaultTerm metaid="_4f439ed3-90c5-4d13-bfae-33226a0b37cc" qual:resultLevel="0">
          </qual:defaultTerm>
        </qual:listOfFunctionTerms>
      </qual:transition>
      <qual:transition metaid="d468b0a9-b1a1-4ebc-8fdf-e3159cab3d74" qual:id="tr_FOXP3" qual:name="Interactions targeting FOXP3">
        <qual:listOfInputs>
          <qual:input metaid="_2746daeb-159f-42e3-9b92-d8dadea87f78" qual:qualitativeSpecies="IL2" qual:transitionEffect="none"/>
          <qual:input metaid="d5065572-9c31-4783-946b-d184523e8674" qual:qualitativeSpecies="RORGT" qual:transitionEffect="none"/>
          <qual:input metaid="_0a323a45-1ac0-4d3c-988b-5a294c91aca7" qual:qualitativeSpecies="IL21" qual:transitionEffect="none"/>
          <qual:input metaid="_6bcab01a-a61f-469d-9184-d4fa11b49eb7" qual:qualitativeSpecies="FOXP3" qual:transitionEffect="none"/>
          <qual:input metaid="_0b308588-8bed-4da6-b635-7bb5f7aff3d8" qual:qualitativeSpecies="TGFB" qual:transitionEffect="none"/>
        </qual:listOfInputs>
        <qual:listOfOutputs>
          <qual:output metaid="_3d4610f6-2d07-4c27-9daa-6b1bbfa67390" qual:qualitativeSpecies="FOXP3" qual:transitionEffect="assignmentLevel"/>
        </qual:listOfOutputs>
        <qual:listOfFunctionTerms>
          <qual:functionTerm metaid="_84093ea7-cd69-4dbd-864a-63c4a6127ba2" qual:resultLevel="1">
            <math xmlns="http://www.w3.org/1998/Math/MathML">            
              <apply>
                <and/>
                <apply>
                  <and/>
                  <apply>
                    <eq/>
                    <ci> IL2 </ci>
                    <cn type="integer"> 1 </cn>
                  </apply>
                  <apply>
                    <or/>
                    <apply>
                      <eq/>
                      <ci> TGFB </ci>
                      <cn type="integer"> 1 </cn>
                    </apply>
                    <apply>
                      <eq/>
                      <ci> FOXP3 </ci>
                      <cn type="integer"> 1 </cn>
                    </apply>
                  </apply>
                </apply>
                <apply>
                  <not/>
                  <apply>
                    <or/>
                    <apply>
                      <eq/>
                      <ci> IL21 </ci>
                      <cn type="integer"> 1 </cn>
                    </apply>
                    <apply>
                      <eq/>
                      <ci> RORGT </ci>
                      <cn type="integer"> 1 </cn>
                    </apply>
                  </apply>
                </apply>
              </apply>
            </math>
                    </qual:functionTerm>
          <qual:defaultTerm metaid="_25fe73ed-a183-4878-bea0-e334c3983184" qual:resultLevel="0">
          </qual:defaultTerm>
        </qual:listOfFunctionTerms>
      </qual:transition>
      <qual:transition metaid="cc079b27-2e54-48bc-8487-4f7746668d64" qual:id="tr_TGFB" qual:name="Interactions targeting TGFB">
        <qual:listOfInputs>
          <qual:input metaid="da87bb66-d7de-488d-9c0e-7bba5a0a2af6" qual:qualitativeSpecies="IL21" qual:transitionEffect="none"/>
          <qual:input metaid="c91fb8d6-4d84-40c8-bbc4-585ff5540ea1" qual:qualitativeSpecies="FOXP3" qual:transitionEffect="none"/>
          <qual:input metaid="_94f5129e-2203-4365-906a-d22ff13fb521" qual:qualitativeSpecies="TGFB" qual:transitionEffect="none"/>
          <qual:input metaid="_7a88d51e-e395-4e10-8ec9-e5f64dc16d59" qual:qualitativeSpecies="TGFBe" qual:transitionEffect="none"/>
        </qual:listOfInputs>
        <qual:listOfOutputs>
          <qual:output metaid="cd4790be-3a97-43c3-a057-91806b877570" qual:qualitativeSpecies="TGFB" qual:transitionEffect="assignmentLevel"/>
        </qual:listOfOutputs>
        <qual:listOfFunctionTerms>
          <qual:functionTerm metaid="_0775189f-f9d9-40d1-9539-1015b2e51557" qual:resultLevel="1">
            <math xmlns="http://www.w3.org/1998/Math/MathML">            
              <apply>
                <or/>
                <apply>
                  <eq/>
                  <ci> TGFBe </ci>
                  <cn type="integer"> 1 </cn>
                </apply>
                <apply>
                  <and/>
                  <apply>
                    <or/>
                    <apply>
                      <eq/>
                      <ci> TGFB </ci>
                      <cn type="integer"> 1 </cn>
                    </apply>
                    <apply>
                      <eq/>
                      <ci> FOXP3 </ci>
                      <cn type="integer"> 1 </cn>
                    </apply>
                  </apply>
                  <apply>
                    <eq/>
                    <ci> IL21 </ci>
                    <cn type="integer"> 0 </cn>
                  </apply>
                </apply>
              </apply>
            </math>
                    </qual:functionTerm>
          <qual:defaultTerm metaid="f7dd4870-bbcd-44cc-96c1-d2424ee47956" qual:resultLevel="0">
          </qual:defaultTerm>
        </qual:listOfFunctionTerms>
      </qual:transition>
      <qual:transition metaid="ed6d14c5-142b-4a14-95a6-fb3158d4fd14" qual:id="tr_IL10" qual:name="Interactions targeting IL10">
        <qual:listOfInputs>
          <qual:input metaid="_332e3eca-64b0-4879-a6d8-b7dd21a1eb7c" qual:qualitativeSpecies="IFNG" qual:transitionEffect="none"/>
          <qual:input metaid="_6dbe1c9d-bf17-4cf9-a1f6-bdd0c9d44ffd" qual:qualitativeSpecies="GATA3" qual:transitionEffect="none"/>
          <qual:input metaid="_2a169ca7-26e7-4287-a269-d71cf9b1c826" qual:qualitativeSpecies="IL21" qual:transitionEffect="none"/>
          <qual:input metaid="d8d449e6-ccd2-419f-b181-5978d474a0b6" qual:qualitativeSpecies="TGFB" qual:transitionEffect="none"/>
          <qual:input metaid="_56b21dcb-6f8b-4bfa-9689-ef3b74d75954" qual:qualitativeSpecies="IL10" qual:transitionEffect="none"/>
          <qual:input metaid="_5887dc37-8785-4cdd-9e44-2e88a18cd069" qual:qualitativeSpecies="IL10e" qual:transitionEffect="none"/>
        </qual:listOfInputs>
        <qual:listOfOutputs>
          <qual:output metaid="f0278399-4c16-4a43-a10b-d453c17f20a1" qual:qualitativeSpecies="IL10" qual:transitionEffect="assignmentLevel"/>
        </qual:listOfOutputs>
        <qual:listOfFunctionTerms>
          <qual:functionTerm metaid="_1c14ce58-c3a6-42aa-a8a3-7aa9002a107a" qual:resultLevel="1">
            <math xmlns="http://www.w3.org/1998/Math/MathML">            
              <apply>
                <or/>
                <apply>
                  <eq/>
                  <ci> IL10e </ci>
                  <cn type="integer"> 1 </cn>
                </apply>
                <apply>
                  <and/>
                  <apply>
                    <eq/>
                    <ci> IL10 </ci>
                    <cn type="integer"> 1 </cn>
                  </apply>
                  <apply>
                    <or/>
                    <apply>
                      <eq/>
                      <ci> IFNG </ci>
                      <cn type="integer"> 1 </cn>
                    </apply>
                    <apply>
                      <eq/>
                      <ci> IL21 </ci>
                      <cn type="integer"> 1 </cn>
                    </apply>
                    <apply>
                      <eq/>
                      <ci> TGFB </ci>
                      <cn type="integer"> 1 </cn>
                    </apply>
                    <apply>
                      <eq/>
                      <ci> GATA3 </ci>
                      <cn type="integer"> 1 </cn>
                    </apply>
                  </apply>
                </apply>
              </apply>
            </math>
                    </qual:functionTerm>
          <qual:defaultTerm metaid="_2489f9ea-721f-4934-b183-bcb6b6006431" qual:resultLevel="0">
          </qual:defaultTerm>
        </qual:listOfFunctionTerms>
      </qual:transition>
      <qual:transition metaid="a1ae25eb-5811-4794-ae0d-fb986c67b178" qual:id="tr_BCL6" qual:name="Interactions targeting BCL6">
        <qual:listOfInputs>
          <qual:input metaid="_6b773d25-7373-4467-9625-1e4ed5ad2fe7" qual:qualitativeSpecies="TBET" qual:transitionEffect="none"/>
          <qual:input metaid="a13574a1-d4bc-4230-8d61-781b64abb242" qual:qualitativeSpecies="IFNG" qual:transitionEffect="none"/>
          <qual:input metaid="cb2b04fa-7086-484f-8766-219553f00cab" qual:qualitativeSpecies="IL2" qual:transitionEffect="none"/>
          <qual:input metaid="_843dd1f6-f781-4a49-9d49-772cbc298430" qual:qualitativeSpecies="IL21" qual:transitionEffect="none"/>
          <qual:input metaid="d3c6b8c3-dfaa-4126-8b81-61cf0ef8de1f" qual:qualitativeSpecies="TGFB" qual:transitionEffect="none"/>
        </qual:listOfInputs>
        <qual:listOfOutputs>
          <qual:output metaid="_50a65031-c158-4a01-ad91-590552d0f291" qual:qualitativeSpecies="BCL6" qual:transitionEffect="assignmentLevel"/>
        </qual:listOfOutputs>
        <qual:listOfFunctionTerms>
          <qual:functionTerm metaid="_8350f1a5-418a-479a-a42f-cd32236fce6f" qual:resultLevel="1">
            <math xmlns="http://www.w3.org/1998/Math/MathML">            
              <apply>
                <and/>
                <apply>
                  <or/>
                  <apply>
                    <eq/>
                    <ci> IL21 </ci>
                    <cn type="integer"> 1 </cn>
                  </apply>
                  <apply>
                    <eq/>
                    <ci> IFNG </ci>
                    <cn type="integer"> 1 </cn>
                  </apply>
                </apply>
                <apply>
                  <not/>
                  <apply>
                    <or/>
                    <apply>
                      <eq/>
                      <ci> TBET </ci>
                      <cn type="integer"> 1 </cn>
                    </apply>
                    <apply>
                      <eq/>
                      <ci> IL2 </ci>
                      <cn type="integer"> 1 </cn>
                    </apply>
                    <apply>
                      <eq/>
                      <ci> TGFB </ci>
                      <cn type="integer"> 1 </cn>
                    </apply>
                  </apply>
                </apply>
              </apply>
            </math>
                    </qual:functionTerm>
          <qual:defaultTerm metaid="_7e1710c7-46ab-4548-9389-4309dd9aa59c" qual:resultLevel="0">
          </qual:defaultTerm>
        </qual:listOfFunctionTerms>
      </qual:transition>
      <qual:transition metaid="_9a0bab50-80dc-471c-a9d0-3dc3798b48fc" qual:id="tr_IL9" qual:name="Interactions targeting IL9">
        <qual:listOfInputs>
          <qual:input metaid="_7c53e858-c0e7-4bf9-b9e5-6dc685dcc6bb" qual:qualitativeSpecies="IFNG" qual:transitionEffect="none"/>
          <qual:input metaid="_7d775534-be98-4c26-90a7-e7ca6ba060b8" qual:qualitativeSpecies="IL2" qual:transitionEffect="none"/>
          <qual:input metaid="_5d443934-a001-4d97-bc3d-f5d0e0a9be4b" qual:qualitativeSpecies="IL4" qual:transitionEffect="none"/>
          <qual:input metaid="d828d471-46c5-48e5-8372-69cc80141013" qual:qualitativeSpecies="IL21" qual:transitionEffect="none"/>
          <qual:input metaid="_654e7dc0-f7e1-46b2-8a56-1788d508a7d7" qual:qualitativeSpecies="TGFB" qual:transitionEffect="none"/>
          <qual:input metaid="cb320c10-57a0-4dcf-80b4-749c9697d376" qual:qualitativeSpecies="IL10" qual:transitionEffect="none"/>
        </qual:listOfInputs>
        <qual:listOfOutputs>
          <qual:output metaid="_4408f7d5-21bf-4ba0-8c8b-5e19dd09148b" qual:qualitativeSpecies="IL9" qual:transitionEffect="assignmentLevel"/>
        </qual:listOfOutputs>
        <qual:listOfFunctionTerms>
          <qual:functionTerm metaid="ce826dec-050a-4070-ae21-edcac3c5cd03" qual:resultLevel="1">
            <math xmlns="http://www.w3.org/1998/Math/MathML">            
              <apply>
                <and/>
                <apply>
                  <and/>
                  <apply>
                    <eq/>
                    <ci> IL4 </ci>
                    <cn type="integer"> 1 </cn>
                  </apply>
                  <apply>
                    <or/>
                    <apply>
                      <and/>
                      <apply>
                        <eq/>
                        <ci> IL10 </ci>
                        <cn type="integer"> 1 </cn>
                      </apply>
                      <apply>
                        <eq/>
                        <ci> IL2 </ci>
                        <cn type="integer"> 1 </cn>
                      </apply>
                    </apply>
                    <apply>
                      <eq/>
                      <ci> TGFB </ci>
                      <cn type="integer"> 1 </cn>
                    </apply>
                  </apply>
                </apply>
                <apply>
                  <not/>
                  <apply>
                    <or/>
                    <apply>
                      <eq/>
                      <ci> IFNG </ci>
                      <cn type="integer"> 1 </cn>
                    </apply>
                    <apply>
                      <eq/>
                      <ci> IL21 </ci>
                      <cn type="integer"> 1 </cn>
                    </apply>
                  </apply>
                </apply>
              </apply>
            </math>
                    </qual:functionTerm>
          <qual:defaultTerm metaid="a66d3a10-5658-487e-a36b-be63869cbe93" qual:resultLevel="0">
          </qual:defaultTerm>
        </qual:listOfFunctionTerms>
      </qual:transition>
      <qual:transition metaid="fc8f9d97-5981-4847-8b20-d25e3b0c2df3" qual:id="tr_IFNGe" qual:name="Interactions targeting IFNGe">
        <qual:listOfInputs>
          <qual:input metaid="dba801c4-9a6f-4e2d-87c5-b92ee3003f61" qual:qualitativeSpecies="IFNGe" qual:transitionEffect="none"/>
        </qual:listOfInputs>
        <qual:listOfOutputs>
          <qual:output metaid="c71b51e3-0171-45b5-80d6-2d2ff67cc342" qual:qualitativeSpecies="IFNGe" qual:transitionEffect="assignmentLevel"/>
        </qual:listOfOutputs>
        <qual:listOfFunctionTerms>
          <qual:functionTerm metaid="cf4bc52f-43f9-44b1-8079-f4c2ee2a6a5f" qual:resultLevel="1">
            <math xmlns="http://www.w3.org/1998/Math/MathML">            
              <apply>
                <eq/>
                <ci> IFNGe </ci>
                <cn type="integer"> 1 </cn>
              </apply>
            </math>
                    </qual:functionTerm>
          <qual:defaultTerm metaid="_9ff4b852-e0c1-42f9-8158-45a60e071f51" qual:resultLevel="0">
          </qual:defaultTerm>
        </qual:listOfFunctionTerms>
      </qual:transition>
      <qual:transition metaid="_45f99183-1fd0-4aa9-8051-a14173b40102" qual:id="tr_IL2e" qual:name="Interactions targeting IL2e">
        <qual:listOfInputs>
          <qual:input metaid="_8ffc3244-7c0d-4e97-a62f-0aeb7863988c" qual:qualitativeSpecies="IL2e" qual:transitionEffect="none"/>
        </qual:listOfInputs>
        <qual:listOfOutputs>
          <qual:output metaid="fec5b6e8-b8b7-4461-be4a-34315756a71f" qual:qualitativeSpecies="IL2e" qual:transitionEffect="assignmentLevel"/>
        </qual:listOfOutputs>
        <qual:listOfFunctionTerms>
          <qual:functionTerm metaid="d47eb96d-f47a-4cb6-bdc3-73badfacce9b" qual:resultLevel="1">
            <math xmlns="http://www.w3.org/1998/Math/MathML">            
              <apply>
                <eq/>
                <ci> IL2e </ci>
                <cn type="integer"> 1 </cn>
              </apply>
            </math>
                    </qual:functionTerm>
          <qual:defaultTerm metaid="_15575b6a-25a1-42f4-b169-2409a4407fcb" qual:resultLevel="0">
          </qual:defaultTerm>
        </qual:listOfFunctionTerms>
      </qual:transition>
      <qual:transition metaid="d9a14fe7-25be-4dae-9c5d-e8559b38b021" qual:id="tr_IL4e" qual:name="Interactions targeting IL4e">
        <qual:listOfInputs>
          <qual:input metaid="_6b798cf4-c412-4489-a744-4a689e2afa09" qual:qualitativeSpecies="IL4e" qual:transitionEffect="none"/>
        </qual:listOfInputs>
        <qual:listOfOutputs>
          <qual:output metaid="_2c6c48c8-f561-4e85-9c04-36eda22b757e" qual:qualitativeSpecies="IL4e" qual:transitionEffect="assignmentLevel"/>
        </qual:listOfOutputs>
        <qual:listOfFunctionTerms>
          <qual:functionTerm metaid="_35549cf2-6ec9-4f59-a8ca-96c8a3562d51" qual:resultLevel="1">
            <math xmlns="http://www.w3.org/1998/Math/MathML">            
              <apply>
                <eq/>
                <ci> IL4e </ci>
                <cn type="integer"> 1 </cn>
              </apply>
            </math>
                    </qual:functionTerm>
          <qual:defaultTerm metaid="_9dba3e28-ecdf-4ae5-bfc5-2a37c0f95341" qual:resultLevel="0">
          </qual:defaultTerm>
        </qual:listOfFunctionTerms>
      </qual:transition>
      <qual:transition metaid="_5bb071d0-5d16-4ad4-a020-12e41c8a8ea1" qual:id="tr_IL21e" qual:name="Interactions targeting IL21e">
        <qual:listOfInputs>
          <qual:input metaid="_5415d544-6099-4193-856a-9e199e205d47" qual:qualitativeSpecies="IL21e" qual:transitionEffect="none"/>
        </qual:listOfInputs>
        <qual:listOfOutputs>
          <qual:output metaid="_1863b1bc-c046-4fab-916c-d07c4f0cbc12" qual:qualitativeSpecies="IL21e" qual:transitionEffect="assignmentLevel"/>
        </qual:listOfOutputs>
        <qual:listOfFunctionTerms>
          <qual:functionTerm metaid="e659ec1a-f5b6-41aa-923a-d68c0464851c" qual:resultLevel="1">
            <math xmlns="http://www.w3.org/1998/Math/MathML">            
              <apply>
                <eq/>
                <ci> IL21e </ci>
                <cn type="integer"> 1 </cn>
              </apply>
            </math>
                    </qual:functionTerm>
          <qual:defaultTerm metaid="_746dd286-b7d4-4222-95cb-c46d6684cc34" qual:resultLevel="0">
          </qual:defaultTerm>
        </qual:listOfFunctionTerms>
      </qual:transition>
      <qual:transition metaid="_64d6ae13-9c13-4772-8956-46ad81936b9d" qual:id="tr_TGFBe" qual:name="Interactions targeting TGFBe">
        <qual:listOfInputs>
          <qual:input metaid="_20045f99-fe86-4b7a-977e-2f855b1fa6fd" qual:qualitativeSpecies="TGFBe" qual:transitionEffect="none"/>
        </qual:listOfInputs>
        <qual:listOfOutputs>
          <qual:output metaid="_80940b79-3981-49d8-86cd-f72fc72bc43c" qual:qualitativeSpecies="TGFBe" qual:transitionEffect="assignmentLevel"/>
        </qual:listOfOutputs>
        <qual:listOfFunctionTerms>
          <qual:functionTerm metaid="_301a5928-4021-455c-8eed-145d332abfef" qual:resultLevel="1">
            <math xmlns="http://www.w3.org/1998/Math/MathML">            
              <apply>
                <eq/>
                <ci> TGFBe </ci>
                <cn type="integer"> 1 </cn>
              </apply>
            </math>
                    </qual:functionTerm>
          <qual:defaultTerm metaid="_5dfcaf55-d58a-48e5-9f59-e5cf4d78d087" qual:resultLevel="0">
          </qual:defaultTerm>
        </qual:listOfFunctionTerms>
      </qual:transition>
      <qual:transition metaid="e240f3a2-8f75-41fa-b88f-73daa79c369a" qual:id="tr_IL10e" qual:name="Interactions targeting IL10e">
        <qual:listOfInputs>
          <qual:input metaid="_39c70342-e38d-4874-baeb-5b1c3b84b3e8" qual:qualitativeSpecies="IL10e" qual:transitionEffect="none"/>
        </qual:listOfInputs>
        <qual:listOfOutputs>
          <qual:output metaid="_159cd87f-3a3b-4700-ac41-6185ba29ddc0" qual:qualitativeSpecies="IL10e" qual:transitionEffect="assignmentLevel"/>
        </qual:listOfOutputs>
        <qual:listOfFunctionTerms>
          <qual:functionTerm metaid="_7428941f-d122-4e88-9c99-7986e4772c2d" qual:resultLevel="1">
            <math xmlns="http://www.w3.org/1998/Math/MathML">            
              <apply>
                <eq/>
                <ci> IL10e </ci>
                <cn type="integer"> 1 </cn>
              </apply>
            </math>
                    </qual:functionTerm>
          <qual:defaultTerm metaid="_2eb74545-8f35-46ce-9acf-e679b7b25b74" qual:resultLevel="0">
          </qual:defaultTerm>
        </qual:listOfFunctionTerms>
      </qual:transition>
    </qual:listOfTransitions>
    <listOfCompartments>
      <compartment constant="true" id="default" metaid="_5224f06c-27dd-4220-ac62-cb624901a5d8"/>
    </listOfCompartments>
  </model>
</sbml>