<?xml version="1.0" encoding="UTF-8"?>
<omexManifest xmlns="http://identifiers.org/combine.specifications/omex-manifest">
  <content location="Fig 3a - CAR-T cells.png" format="http://purl.org/NET/mediatypes/image/png" master="false"/>
  <content location="Fig 3a - tumour cells.png" format="http://purl.org/NET/mediatypes/image/png" master="false"/>
  <content location="Fig 3b - CAR-T cells.png" format="http://purl.org/NET/mediatypes/image/png" master="false"/>
  <content location="Fig 3b - tumour cells.png" format="http://purl.org/NET/mediatypes/image/png" master="false"/>
  <content location="Fig 4a - CAR-T cells.png" format="http://purl.org/NET/mediatypes/image/png" master="false"/>
  <content location="Fig 4a - tumour cells.png" format="http://purl.org/NET/mediatypes/image/png" master="false"/>
  <content location="Fig 4b - CAR-T cells.png" format="http://purl.org/NET/mediatypes/image/png" master="false"/>
  <content location="Fig 4b - tumour cells.png" format="http://purl.org/NET/mediatypes/image/png" master="false"/>
  <content location="Fig 4c - CAR-T cells.png" format="http://purl.org/NET/mediatypes/image/png" master="false"/>
  <content location="Fig 4c - tumour cells.png" format="http://purl.org/NET/mediatypes/image/png" master="false"/>
  <content location="Leon-Triana2021 - eqs 1 and 2 - fig 1 - a and c.sedml" format="http://identifiers.org/combine.specifications/sed-ml" master="false"/>
  <content location="Leon-Triana2021 - eqs 1 and 2 - fig 1 - b and d.sedml" format="http://identifiers.org/combine.specifications/sed-ml" master="false"/>
  <content location="Leon-Triana2021 - eqs 1 and 2 - fig 3a.sedml" format="http://identifiers.org/combine.specifications/sed-ml" master="false"/>
  <content location="Leon-Triana2021 - eqs 1 and 2 - fig 3b.sedml" format="http://identifiers.org/combine.specifications/sed-ml" master="false"/>
  <content location="Leon-Triana2021 - eqs 1 and 2 - fig 4a.sedml" format="http://identifiers.org/combine.specifications/sed-ml" master="false"/>
  <content location="Leon-Triana2021 - eqs 1 and 2 - fig 4b.sedml" format="http://identifiers.org/combine.specifications/sed-ml" master="false"/>
  <content location="Leon-Triana2021 - eqs 1 and 2 - fig 4c.sedml" format="http://identifiers.org/combine.specifications/sed-ml" master="false"/>
  <content location="Leon-Triana2021 - eqs 1 and 2 - fig 5a.sedml" format="http://identifiers.org/combine.specifications/sed-ml" master="false"/>
  <content location="Leon-Triana2021 - eqs 1 and 2-biopax2.owl" format="http://purl.org/NET/mediatypes/application/rdf+xml" master="false"/>
  <content location="Leon-Triana2021 - eqs 1 and 2-biopax3.owl" format="http://purl.org/NET/mediatypes/application/rdf+xml" master="false"/>
  <content location="Leon-Triana2021 - eqs 1 and 2-matlab.m" format="http://purl.org/NET/mediatypes/text/x-matlab" master="false"/>
  <content location="Leon-Triana2021 - eqs 1 and 2-octave.m" format="http://purl.org/NET/mediatypes/text/x-matlab" master="false"/>
  <content location="Leon-Triana2021 - eqs 1 and 2.cps" format="http://purl.org/NET/mediatypes/application/x-copasi" master="false"/>
  <content location="Leon-Triana2021 - eqs 1 and 2.ode" format="http://purl.org/NET/mediatypes/text/x-ode" master="false"/>
  <content location="Leon-Triana2021 - eqs 1 and 2.xml" format="http://identifiers.org/combine.specifications/sbml" master="true"/>
  <content location="Leon-Triana2021 Fig 1a.png" format="http://purl.org/NET/mediatypes/image/png" master="false"/>
  <content location="Leon-Triana2021 Fig 1b.png" format="http://purl.org/NET/mediatypes/image/png" master="false"/>
  <content location="Leon-Triana2021 Fig 1c.png" format="http://purl.org/NET/mediatypes/image/png" master="false"/>
  <content location="Leon-Triana2021 Fig 1d.png" format="http://purl.org/NET/mediatypes/image/png" master="false"/>
  <content location="Leon-Triana2021 Fig 5a - CAR T-cells.png" format="http://purl.org/NET/mediatypes/image/png" master="false"/>
  <content location="Leon-Triana2021 Fig 5a - tumour cells.png" format="http://purl.org/NET/mediatypes/image/png" master="false"/>
  <content location="curation_image.png" format="http://purl.org/NET/mediatypes/image/png" master="false"/>
  <content location="curation_notes.txt" format="http://purl.org/NET/mediatypes/text/plain" master="false"/>
  <content location="metadata.rdf" format="http://identifiers.org/combine.specifications/omex-metadata" master="false"/>
</omexManifest>
