{
    "name": "Merola2008 - An insight into tumor dormancy equilibrium via the analysis of its domain of attraction",
    "description": "<notes xmlns=\"http://www.sbml.org/sbml/level2/version4\">      <body xmlns=\"http://www.w3.org/1999/xhtml\">        <pre>An insight into tumor dormancy equilibrium via the analysis of its domain ofattractionA. Merola, C. Cosentino *, F. AmatoSchool of Computer and Biomedical Engineering, Universita` degli Studi Magna Græcia di Catanzaro, Campus ‘‘Salvatore Venuta’’, 88100 Catanzaro, ItalyA B S T R A C TThe trajectories of the dynamic system which regulates the competition between the populations ofmalignant cells and immune cells may tend to an asymptotically stable equilibrium in which the sizes ofthese populations do not vary, which is called tumor dormancy. Especially for lower steady-state sizes ofthe population of malignant cells, this equilibrium represents a desirable clinical condition since thetumor growth is blocked. In this context, it is of mandatory importance to analyze the robustness of thisclinical favorable state of health in the face of perturbations. To this end, the paper presents anoptimization technique to determine whether an assigned rectangular region, which surrounds anasymptotically stable equilibrium point of a quadratic systems, is included into the domain of attractionof the equilibrium itself. The biological relevance of the application of this technique to the analysis oftumor growth dynamics is shown on the basis of a recent quadraticmodel of the tumor–immune systemcompetition dynamics. Indeed the application of the proposedmethodology allows to ensure that a givensafety region, determined on the basis of clinical considerations, belongs to the domain of attraction ofthe tumor blocked equilibrium; therefore for the set of perturbed initial conditions which belong to suchregion, the convergence to the healthy steady state is guaranteed. The proposed methodology can alsoprovide an optimal strategy for cancer treatment.</pre>      </body>    </notes>",
    "format": {
        "name": "SBML",
        "identifier": "SBML",
        "version": "L2V4"
    },
    "publication": {
        "type": "DOI",
        "accession": "10.1016/j.bspc.2008.02.001",
        "journal": "Biomedical Signal Processing and Control",
        "title": "An insight into tumor dormancy equilibrium via the analysis of its domain of attraction",
        "affiliation": "School of Computer and Biomedical Engineering, Universita` degli Studi Magna Græcia di Catanzaro, Campus ‘‘Salvatore Venuta’’, 88100 Catanzaro, Italy",
        "synopsis": "A B S T R A C T \r\nThe trajectories of the dynamic system which regulates the competition between the populations of malignant cells and immune cells may tend to an asymptotically stable equilibrium in which the sizes of these populations do not vary, which is called tumor dormancy. Especially for lower steady-state sizes of the population of malignant cells, this equilibrium represents a desirable clinical condition since the tumor growth is blocked. In this context, it is of mandatory importance to analyze the robustness of this clinical favorable state of health in the face of perturbations. To this end, the paper presents an optimization technique to determine whether an assigned rectangular region, which surrounds an asymptotically stable equilibrium point of a quadratic systems, is included into the domain of attraction of the equilibrium itself. The biological relevance of the application of this technique to the analysis of tumor growth dynamics is shown on the basis of a recent quadraticmodel of the tumor–immune system competition dynamics. Indeed the application of the proposedmethodology allows to ensure that a given safety region, determined on the basis of clinical considerations, belongs to the domain of attraction of the tumor blocked equilibrium; therefore for the set of perturbed initial conditions which belong to such region, the convergence to the healthy steady state is guaranteed. The proposed methodology can also provide an optimal strategy for cancer treatment.",
        "year": 2008,
        "month": "7",
        "volume": "3",
        "issue": "3",
        "pages": "212-219",
        "link": "http://identifiers.org/doi/10.1016/j.bspc.2008.02.001",
        "authors": [
            {
                "name": "A. Merola, C. Cosentino *, F. Amato"
            }
        ]
    },
    "files": {
        "main": [
            {
                "name": "Merola2008.xml",
                "description": "SBML L2V4 Merola2008 - An insight into tumor dormancy equilibrium via the analysis of its domain of attraction",
                "fileSize": "37208",
                "mimeType": "application/xml",
                "md5sum": "56193867ceed7d1adf47584923183642",
                "sha1sum": "1f7986af0317ff010f4416064edaad35f5ba68f4",
                "sha256sum": "a965838b59ef793caa5ac3295da19b5144b1333d007072fcd866741d3aaaa83e"
            }
        ],
        "additional": [
            {
                "name": "Merola2008-biopax2.owl",
                "description": "Auto-generated BioPAX (Level 2) file.",
                "fileSize": "10280",
                "mimeType": "application/rdf+xml",
                "md5sum": "412b890901e9ba9cfa848a8f3793f0ee",
                "sha1sum": "7d4d191299ce58b093053fe789a7a7d77ffa3565",
                "sha256sum": "ab63b759f14a3121182a4d6a139c1e46c0cc18cd7313ae861c5f2985afcd5839"
            },
            {
                "name": "Merola2008-biopax3.owl",
                "description": "Auto-generated BioPAX (Level 3) file.",
                "fileSize": "14067",
                "mimeType": "application/rdf+xml",
                "md5sum": "8c37bb26e19c02baf4fed79a065fa800",
                "sha1sum": "631049cfd8ea9013b7b2734b0f617b780db33574",
                "sha256sum": "1a27519cead92c7a69d4c62825f24f4cbbf6c642be65e2e747f14f587066b257"
            },
            {
                "name": "Merola2008-matlab.m",
                "description": "Auto-generated Matlab file.",
                "fileSize": "5836",
                "mimeType": "text/x-matlab",
                "md5sum": "5319767ee0dd2dcbe0c6a3ec1f8bb304",
                "sha1sum": "fe63f1bf91cf5766189e96f7f26d5b4499a61b10",
                "sha256sum": "3ad3271b2853800773c139d7c23a8ce96a3614c9519932cf64f3753ea542ff4b"
            },
            {
                "name": "Merola2008-octave.m",
                "description": "Auto-generated Octave file.",
                "fileSize": "5836",
                "mimeType": "text/x-matlab",
                "md5sum": "227c024a08648db50ca060998e127bb2",
                "sha1sum": "efc9d77b7a823f3e9f7c4e25c307d97cfd1dacc8",
                "sha256sum": "723636cbeffe935282abfc5b6d1e9a04dcf62ab9b1a2dcfe6cde1008e84b1df3"
            },
            {
                "name": "Merola2008.cps",
                "description": "COPASI version 4.24 (Build 197) Merola2008 - An insight into tumor dormancy equilibrium via the analysis of its domain of attraction",
                "fileSize": "68750",
                "mimeType": "application/xml",
                "md5sum": "e2c522aed39276c7f614e12b77be4580",
                "sha1sum": "7848504ae5d2134ef61e1c8fcc0fafa15ffb09cf",
                "sha256sum": "b629fea49d0385ece1211b0f5900ea92cf2f9bc5152718231422d4aa9641ad92"
            },
            {
                "name": "Merola2008.ode",
                "description": "Auto-generated ODE file for XPP.",
                "fileSize": "3731",
                "mimeType": "text/plain",
                "md5sum": "ba8649bb9dab26889bd3189409d8411a",
                "sha1sum": "00cd262a3761ba353ee67d2575e1ba98166da34b",
                "sha256sum": "682ab0c35f3e2f583180613b4896cf62f4ca8b4f0913a6a7a03d383d12649774"
            },
            {
                "name": "Merola2008.sedml",
                "description": "SEDML L1V2 Merola2008 - An insight into tumor dormancy equilibrium via the analysis of its domain of attraction (additionally CRBM-validated and adjusted).",
                "fileSize": "13579",
                "mimeType": "application/xml",
                "md5sum": "f5f229a70cee54fa92a9fc861549441e",
                "sha1sum": "37de5ea1d73ca18609d3f142e1b6de223ef73c6f",
                "sha256sum": "ebb5ef3032f5e583ed396bffd2b901be2b0848e7e605bc2e7f1118ba5360c4ed"
            },
            {
                "name": "curation_image.png",
                "description": "Reproduced figure(s) from original curation.",
                "fileSize": "25164",
                "mimeType": "image/png",
                "md5sum": "852c3507994592d6545122eaef6abffd",
                "sha1sum": "4f3df1a37feb18639939e98ac7db6834566893bd",
                "sha256sum": "fde002857e2b27d3fa39a4f354188244220e9b2f4b2e9e16a9841dd354ac305b"
            },
            {
                "name": "curation_notes.txt",
                "description": "Notes from original curation (describes curation_image).",
                "fileSize": "120",
                "mimeType": "text/plain",
                "md5sum": "c18925e75cf5d08ad954c396f3cb0f30",
                "sha1sum": "4f43c8107a0c9018d5b8494e6584e71b9ed70607",
                "sha256sum": "671150d18d4c6dd932e6847e2c6ac621054e9943865b003dcb9855d79c74e285"
            },
            {
                "name": "manifest.xml",
                "description": "Auto-generated manifest file for OMEX archives.",
                "fileSize": "1411",
                "mimeType": "application/xml",
                "md5sum": "5f95c3cf3c40f4862ed18a811ee55842",
                "sha1sum": "353e629150af06a2988dbaa87e063142e516940e",
                "sha256sum": "f853931d8bbc462896f667c906fa52e9892be01e52fbdc6bbedf05cbff936796"
            },
            {
                "name": "metadata.rdf",
                "description": "Auto-generated annotation metadata file.",
                "fileSize": "3961",
                "mimeType": "application/rdf+xml",
                "md5sum": "f0e9aca37c7a6854c1d208fdbc5a05ce",
                "sha1sum": "094c0a61b61085ebd8580d3190ae30295dc8ed27",
                "sha256sum": "ae9032d38af955d2d5ad71fadf1c32434f9aa3ff3d0d568b21016fad86159c11"
            }
        ]
    },
    "history": {
        "revisions": [
            {
                "version": 2,
                "submitted": 1579103798,
                "submitter": "Mohammad Umer Sharif Shohan",
                "comment": "Automatically added model identifier BIOMD0000000911"
            },
            {
                "version": 3,
                "submitted": 1724289124,
                "submitter": "Lucian Smith",
                "comment": "CRBM-sponsored manual and automated updates."
            }
        ]
    },
    "firstPublished": 1725281936,
    "submissionId": "MODEL2001150001",
    "publicationId": "BIOMD0000000911",
    "modellingApproach": {
        "accession": "MAMO_0000046",
        "name": "ordinary differential equation model",
        "resource": "http://identifiers.org/mamo/MAMO_0000046"
    },
    "curationStatus": "CURATED",
    "modelTags": [
        "Immuno-oncology"
    ],
    "contributors": {
        "Curator": [
            {
                "name": "Lucian Smith",
                "email": "lpsmith@uw.edu",
                "affiliation": "University of Washington",
                "orcid": "0000-0001-7002-6386",
                "external": false
            }
        ],
        "Modeller": [
            {
                "name": "Mohammad Umer Sharif Shohan",
                "email": "msharifshohan@ebi.ac.uk",
                "affiliation": "EMBL-EBI",
                "orcid": "0000-0003-3985-2879",
                "external": false
            }
        ]
    },
    "vcsIdentifier": "aai",
    "modelLevelAnnotations": [
        {
            "qualifier": "bqbiol:hasTaxon",
            "accession": "9606",
            "name": "Homo sapiens",
            "resource": "Taxonomy",
            "uri": "http://identifiers.org/taxonomy/9606"
        },
        {
            "qualifier": "bqbiol:hasProperty",
            "accession": "MAMO_0000046",
            "name": "Ordinary differential equation model",
            "resource": "Mathematical Modelling Ontology",
            "uri": "http://identifiers.org/mamo/MAMO_0000046"
        },
        {
            "qualifier": "bqmodel:isDescribedBy",
            "accession": "10.1016/j.bspc.2008.02.001",
            "resource": "DOI",
            "uri": "http://identifiers.org/doi/10.1016/j.bspc.2008.02.001"
        },
        {
            "qualifier": "bqmodel:isDerivedFrom",
            "accession": "10.1016/j.mbs.2005.04.001",
            "resource": "DOI",
            "uri": "http://identifiers.org/doi/10.1016/j.mbs.2005.04.001"
        },
        {
            "qualifier": "bqmodel:is",
            "accession": "BIOMD0000000911",
            "resource": "BioModels Database",
            "uri": "http://identifiers.org/biomodels.db/BIOMD0000000911"
        },
        {
            "qualifier": "bqmodel:is",
            "accession": "MODEL2001150001",
            "resource": "BioModels Database",
            "uri": "http://identifiers.org/biomodels.db/MODEL2001150001"
        },
        {
            "qualifier": "bqbiol:isVersionOf",
            "accession": "NCIT:C48686",
            "name": "Tumor Model",
            "resource": "NCIt",
            "uri": "http://identifiers.org/ncit/C48686"
        }
    ]
}