{
    "name": "Moore2004 - Chronic Myeloid Leukemic cells and T-lymphocyte interaction",
    "description": "<notes xmlns=\"http://www.sbml.org/sbml/level2/version4\">      <body xmlns=\"http://www.w3.org/1999/xhtml\">        <div class=\"dc:title\">Moore2004 - Chronic Myeloid Leukemic cellsand T-lymphocytes interaction</div><div class=\"dc:description\">A mathematical model for theinteraction of between cancer cells and immune system, involvingCML cancer cells, naive and effector T-lymphocytes.<br /></div><div class=\"dc:bibliographicCitation\">  <p>This model is described in the article:</p>  <div class=\"bibo:title\">    <a href=\"http://identifiers.org/pubmed/15038986\" title=\"Access to this publication\">A mathematical model for    chronic myelogenous leukemia (CML) and T cell interaction.</a>  </div>  <div class=\"bibo:authorList\">Moore H, Li NK.</div>  <div class=\"bibo:Journal\">J. Theor. Biol. 2004 Apr; 227(4):  513-523</div>  <p>Abstract:</p>  <div class=\"bibo:abstract\">    <p>In this paper, we propose and analyse a mathematical model    for chronic myelogenous leukemia (CML), a cancer of the blood.    We model the interaction between naive T cells, effector T    cells, and CML cancer cells in the body, using a system of    ordinary differential equations which gives rates of change of    the three cell populations. One of the difficulties in modeling    CML is the scarcity of experimental data which can be used to    estimate parameters values. To compensate for the resulting    uncertainties, we use Latin hypercube sampling (LHS) on large    ranges of possible parameter values in our analysis. A major    goal of this work is the determination of parameters which play    a critical role in remission or clearance of the cancer in the    model. Our analysis examines 12 parameters, and identifies two    of these, the growth and death rates of CML, as critical to the    outcome of the system. Our results indicate that the most    promising research avenues for treatments of CML should be    those that affect these two significant parameters (CML growth    and death rates), while altering the other parameters should    have little effect on the outcome.</p>  </div></div><div class=\"dc:publisher\">  <p>This model is hosted on   <a href=\"http://www.ebi.ac.uk/biomodels/\">BioModels Database</a>  and identified by:   <a href=\"http://identifiers.org/biomodels.db/BIOMD0000000662\">BIOMD0000000662</a>.</p>  <p>To cite BioModels Database, please use:   <a href=\"http://identifiers.org/pubmed/25414348\" target=\"_blank\">Chelliah V et al. BioModels: ten-year  anniversary. Nucl. Acids Res. 2015, 43(Database  issue):D542-8</a>.</p></div><div class=\"dc:license\">  <p>To the extent possible under law, all copyright and related or  neighbouring rights to this encoded model have been dedicated to  the public domain worldwide. Please refer to   <a href=\"http://creativecommons.org/publicdomain/zero/1.0/\" title=\"Access to: CC0 1.0 Universal (CC0 1.0), Public Domain Dedication\">CC0  Public Domain Dedication</a> for more information.</p></div></body>    </notes>",
    "format": {
        "name": "SBML",
        "identifier": "SBML",
        "version": "L2V4"
    },
    "publication": {
        "type": "PubMed ID",
        "accession": "15038986",
        "journal": "Journal of theoretical biology",
        "title": "A mathematical model for chronic myelogenous leukemia (CML) and T cell interaction.",
        "affiliation": "American Institute of Mathematics, 360 Portage Avenue, Palo Alto, CA 94306, USA. moore@aimath.org",
        "synopsis": "In this paper, we propose and analyse a mathematical model for chronic myelogenous leukemia (CML), a cancer of the blood. We model the interaction between naive T cells, effector T cells, and CML cancer cells in the body, using a system of ordinary differential equations which gives rates of change of the three cell populations. One of the difficulties in modeling CML is the scarcity of experimental data which can be used to estimate parameters values. To compensate for the resulting uncertainties, we use Latin hypercube sampling (LHS) on large ranges of possible parameter values in our analysis. A major goal of this work is the determination of parameters which play a critical role in remission or clearance of the cancer in the model. Our analysis examines 12 parameters, and identifies two of these, the growth and death rates of CML, as critical to the outcome of the system. Our results indicate that the most promising research avenues for treatments of CML should be those that affect these two significant parameters (CML growth and death rates), while altering the other parameters should have little effect on the outcome.",
        "year": 2004,
        "month": "4",
        "volume": "227",
        "issue": "4",
        "pages": "513-523",
        "link": "http://identifiers.org/pubmed/15038986",
        "authors": [
            {
                "name": "Helen Moore",
                "institution": "American Institute of Mathematics, 360 Portage Avenue, Palo Alto, CA 94306, USA. moore@aimath.org"
            },
            {
                "name": "Natasha K Li"
            }
        ]
    },
    "files": {
        "main": [
            {
                "name": "BIOMD0000000662_url.xml",
                "description": "SBML L2V4 representation of Moore2004 - Chronic Myeloid Leukemic cells and T-lymphocyte interaction",
                "fileSize": "66123",
                "mimeType": "application/xml",
                "md5sum": "7f124ac68ce5d8ce069aac7d4d25fd21",
                "sha1sum": "51423e6078e4abb5892d73fbccd2f0f184437a42",
                "sha256sum": "717890e0ebb51cc5b4935cbeb8b81e07016d15b03b06f9d943e4abd1e31fd40e"
            }
        ],
        "additional": [
            {
                "name": "BIOMD0000000662-biopax2.owl",
                "description": "Auto-generated BioPAX (Level 2) file.",
                "fileSize": "19216",
                "mimeType": "application/rdf+xml",
                "md5sum": "266cc2437469b0795ed0f37971b52cd8",
                "sha1sum": "31367ad946ee9a593b90f15a0b1ccc7c3eee62ae",
                "sha256sum": "58ff45ed331562ae84fd1e6760f4b9e7554b913eb9c2dc4066e4f52a08daaaca"
            },
            {
                "name": "BIOMD0000000662-biopax3.owl",
                "description": "Auto-generated BioPAX (Level 3) file.",
                "fileSize": "29263",
                "mimeType": "application/rdf+xml",
                "md5sum": "52b7d9097a1cd9459b0c2d667fd0085d",
                "sha1sum": "71a6fc6613dd96dfbd87405a97372fe99dfa3ed6",
                "sha256sum": "3d85b224d523f4fb1e91142490c850b2f5237ebfa047d2deceb5579d3cf27498"
            },
            {
                "name": "BIOMD0000000662-matlab.m",
                "description": "Auto-generated Matlab file.",
                "fileSize": "6761",
                "mimeType": "text/x-matlab",
                "md5sum": "85f0547fc1ac9b129af00bc4676a32fc",
                "sha1sum": "07d657ccebb65ef7ffffde6df6b6a3cf37560bbe",
                "sha256sum": "0af2d5274436033e46af2a583b47ef652d402d97eb9b84c15e619f5d21786ef7"
            },
            {
                "name": "BIOMD0000000662-octave.m",
                "description": "Auto-generated Octave file.",
                "fileSize": "6761",
                "mimeType": "text/x-matlab",
                "md5sum": "9f4701ea2149e6321798f134da9f6e2c",
                "sha1sum": "4023921ab125a7060ca24adbfc8c64d9098cbc6d",
                "sha256sum": "ca990cdc4f8c90d82d725720d3da3c27e3bdb9b26083a8d6c885579afcee67d5"
            },
            {
                "name": "BIOMD0000000662.ode",
                "description": "Auto-generated ODE file for XPP.",
                "fileSize": "4645",
                "mimeType": "text/plain",
                "md5sum": "daa6b15a96901fe53a053ac9533f2e3c",
                "sha1sum": "236ff4a92afc3e0f25c0aae48e669080182833c5",
                "sha256sum": "c8dd0b7e387250b65b8c92ae11a231974595a72e63eaaf8574fcac1cdffdfea5"
            },
            {
                "name": "BIOMD0000000662.pdf",
                "description": "Auto-generated PDF file",
                "fileSize": "179032",
                "mimeType": "application/pdf",
                "md5sum": "53444233b747ecc946d6bb5756222263",
                "sha1sum": "9dd4b6aac560d5507034b70f55e5443a11b1291f",
                "sha256sum": "b42ec03bbdf95072fba3329ac1290478ff5be08d1229ef6da88238032913ac67"
            },
            {
                "name": "BIOMD0000000662.png",
                "description": "Auto-generated Reaction graph (PNG)",
                "fileSize": "49198",
                "mimeType": "image/png",
                "md5sum": "c04d42af8bd15b39c29eecc888878f4d",
                "sha1sum": "2863459ca6f4fb4ba02f09d36d06d735bb065594",
                "sha256sum": "46cf9e5e66820b0c258efd6cf7363b1f1b98cfac40b6c0c7c00d20dc0761f382"
            },
            {
                "name": "BIOMD0000000662.svg",
                "description": "Auto-generated Reaction graph (SVG)",
                "fileSize": "26498",
                "mimeType": "image/svg+xml",
                "md5sum": "7358807dbb13ae8ec2947b31afb767d9",
                "sha1sum": "b8c99fc0b40b40ba80f945e9015ca8143a5be1ff",
                "sha256sum": "dc99b6f46cd7a2c16d369aa8a6f1c2100e14ee9367e36ae80110ae5103b468f6"
            },
            {
                "name": "BIOMD0000000662.vcml",
                "description": "Auto-generated VCML file",
                "fileSize": "68173",
                "mimeType": "application/xml",
                "md5sum": "9a1afe0e24290d346220a9bb625e5f8c",
                "sha1sum": "724a891a17fdfac61ee94b0a567b0a0060dae561",
                "sha256sum": "17953384103a7c49fd2f3a39912d535653fb1f67670c999cd977209f5594bdb2"
            },
            {
                "name": "Moore2004.cps",
                "description": "File includes parameter values to reproduce figure 8 of reference publication, with a small discrepancy. Refer to curated figure for comments.",
                "fileSize": "83565",
                "mimeType": "application/xml",
                "md5sum": "20477418b521878e8d82d7f8d6772cc0",
                "sha1sum": "167b9492812704d6b4ec2e4c30349196164134e9",
                "sha256sum": "e2f5272d8ea341e9e628957efc31e5674a0a59230dbd2bfd07c690630408ed17"
            },
            {
                "name": "Moore2004.sedml",
                "description": "File includes parameter values to reproduce figure 8 of reference publication, with a small discrepancy. Refer to curated figure for comments. (additionally CRBM-validated and adjusted).",
                "fileSize": "18079",
                "mimeType": "application/xml",
                "md5sum": "5095417fdfc88bded3cc547efe06aaff",
                "sha1sum": "ca63f8dccf21edff4676494b3d4d2280658f7f53",
                "sha256sum": "50b287374e53489e16c2e5466152231356d9db966f6a788181641b1e5fcff673"
            },
            {
                "name": "curation_image.jpeg",
                "description": "Reproduced figure(s) from original curation.",
                "fileSize": "22426",
                "mimeType": "image/jpeg",
                "md5sum": "21ba49e0185c5e8fd1d49834f2098949",
                "sha1sum": "fd114ff2827a80f3b4536d272bf4c26181202ba4",
                "sha256sum": "8675a220df2b3ff66ef56f3f056ba4dfb4869e51a36545af395c8a9d9131648c"
            },
            {
                "name": "curation_notes.txt",
                "description": "Notes from original curation (describes curation_image).",
                "fileSize": "583",
                "mimeType": "text/plain",
                "md5sum": "f4b02f8ab60deadd454bd707ee98e2c9",
                "sha1sum": "8542768e9ade53dbd70ab786854e1b4653da9fe1",
                "sha256sum": "d3007025bf73ca6623d3cc8b5fded82d3097a3be2c7e8e2607b4ec690cd8574b"
            },
            {
                "name": "manifest.xml",
                "description": "Auto-generated manifest file for OMEX archives.",
                "fileSize": "1907",
                "mimeType": "application/xml",
                "md5sum": "3889c5b1fa86b475d3cd118a9f22aaca",
                "sha1sum": "6d6e1334eb48700190ded7966efe5d4ad7b82c84",
                "sha256sum": "89717cf466d57dfc5b089f717ffc6877c2817fecbd064e7395b173e135d49e5d"
            },
            {
                "name": "metadata.rdf",
                "description": "Auto-generated annotation metadata file.",
                "fileSize": "4842",
                "mimeType": "application/rdf+xml",
                "md5sum": "daf7b520f25bd91cb6ee8ba2e5bad9ca",
                "sha1sum": "5bb5b1fbcb54a5693217c44b53b6fc09c54eac8e",
                "sha256sum": "a50b2ceeb004a4636dcced563f498e0c8915b4c58894fd014095447386ac071a"
            }
        ]
    },
    "history": {
        "revisions": [
            {
                "version": 1,
                "submitted": 1277284337,
                "submitter": "Camille Laibe",
                "comment": "Original import of Moore2004_CML_TcellInteration"
            },
            {
                "version": 2,
                "submitted": 1277471934,
                "submitter": "Camille Laibe",
                "comment": "Current version of Moore2004_CML_TcellInteration"
            },
            {
                "version": 3,
                "submitted": 1516708832,
                "submitter": "administrator",
                "comment": "Model name updated using online editor."
            },
            {
                "version": 6,
                "submitted": 1562940015,
                "submitter": "Rahuman S Malik-Sheriff",
                "comment": "Duplicate autogenerated files removed."
            },
            {
                "version": 7,
                "submitted": 1724282237,
                "submitter": "Lucian Smith",
                "comment": "CRBM-sponsored manual and automated updates."
            }
        ]
    },
    "firstPublished": 1725281801,
    "submissionId": "MODEL1006230057",
    "publicationId": "BIOMD0000000662",
    "modellingApproach": {
        "accession": "MAMO_0000046",
        "name": "ordinary differential equation model",
        "resource": "http://identifiers.org/mamo/MAMO_0000046"
    },
    "curationStatus": "CURATED",
    "contributors": {
        "Curator": [
            {
                "name": "Lucian Smith",
                "email": "lpsmith@uw.edu",
                "affiliation": "University of Washington",
                "orcid": "0000-0001-7002-6386",
                "external": false
            }
        ],
        "Modeller": [
            {
                "name": "administrator",
                "email": "biomodels-developers@ebi.ac.uk",
                "affiliation": "EMBL - European Bioinformatics Institute (EBI)",
                "external": false
            },
            {
                "name": "Camille Laibe",
                "email": "laibe@ebi.ac.uk",
                "affiliation": "EMBL-EBI",
                "orcid": "0000-0002-4625-743X",
                "external": false
            },
            {
                "name": "Krishna Kumar Tiwari",
                "email": "ktiwari@ebi.ac.uk",
                "affiliation": "EMBL-EBI",
                "orcid": "0000-0002-3699-0937",
                "external": false
            },
            {
                "name": "Rahuman S Malik-Sheriff",
                "email": "sheriff@ebi.ac.uk",
                "affiliation": "European Molecular Biology Laboratory-European Bioinformatics Institute (EMBL-EBI), Wellcome Trust Genome Campus, Hinxton, Cambridge CB10 1SD, UK.",
                "orcid": "0000-0003-0705-9809",
                "external": false
            }
        ]
    },
    "vcsIdentifier": "aab",
    "modelLevelAnnotations": [
        {
            "qualifier": "bqbiol:hasTaxon",
            "accession": "9606",
            "name": "Homo sapiens",
            "resource": "Taxonomy",
            "uri": "http://identifiers.org/taxonomy/9606"
        },
        {
            "qualifier": "bqbiol:hasProperty",
            "accession": "MAMO_0000046",
            "name": "Ordinary differential equation model",
            "resource": "Mathematical Modelling Ontology",
            "uri": "http://identifiers.org/mamo/MAMO_0000046"
        },
        {
            "qualifier": "bqmodel:is",
            "accession": "MODEL1006230057",
            "resource": "BioModels Database",
            "uri": "http://identifiers.org/biomodels.db/MODEL1006230057"
        },
        {
            "qualifier": "bqmodel:isDescribedBy",
            "accession": "15038986",
            "resource": "PubMed",
            "uri": "http://identifiers.org/pubmed/15038986"
        },
        {
            "qualifier": "bqmodel:is",
            "accession": "BIOMD0000000662",
            "resource": "BioModels Database",
            "uri": "http://identifiers.org/biomodels.db/BIOMD0000000662"
        },
        {
            "qualifier": "bqbiol:isVersionOf",
            "accession": "0000339",
            "name": "chronic myelogenous leukemia",
            "resource": "Experimental Factor Ontology",
            "uri": "http://identifiers.org/efo/0000339"
        },
        {
            "qualifier": "bqbiol:hasProperty",
            "accession": "GO:0002262",
            "name": "myeloid cell homeostasis",
            "resource": "Gene Ontology",
            "uri": "http://identifiers.org/go/GO:0002262"
        }
    ]
}