<?xml version='1.0' encoding='UTF-8' standalone='no'?>
<sbml xmlns="http://www.sbml.org/sbml/level2/version4" level="2" metaid="metaid_0000001" version="4">
  <model id="restif06" metaid="metaid_0000002" name="Restif2006 - Whooping cough">
    <notes>
      <body xmlns="http://www.w3.org/1999/xhtml">
    <div class="dc:title">Restif2006 - Whooping cough</div>
<div class="dc:bibliographicCitation">
  <p>This model is described in the article:</p>
  <div class="bibo:title">
    <a href="http://identifiers.org/pubmed/16615206" title="Access to this publication">Integrating life history and
    cross-immunity into the evolutionary dynamics of pathogens.</a>
  </div>
  <div class="bibo:authorList">Restif O, Grenfell BT.</div>
  <div class="bibo:Journal">Proc. Biol. Sci. 2006 Feb; 273(1585):
  409-416</div>
  <p>Abstract:</p>
  <div class="bibo:abstract">
    <p>Models for the diversity and evolution of pathogens have
    branched into two main directions: the adaptive dynamics of
    quantitative life-history traits (notably virulence) and the
    maintenance and invasion of multiple, antigenically diverse
    strains that interact with the host's immune memory. In a first
    attempt to reconcile these two approaches, we developed a
    simple modelling framework where two strains of pathogens,
    defined by a pair of life-history traits (infectious period and
    infectivity), interfere through a given level of
    cross-immunity. We used whooping cough as a potential example,
    but the framework proposed here could be applied to other acute
    infectious diseases. Specifically, we analysed the effects of
    these parameters on the invasion dynamics of one strain into a
    population, where the second strain is endemic. Whereas the
    deterministic version of the model converges towards stable
    coexistence of the two strains in most cases, stochastic
    simulations showed that transient epidemic dynamics can cause
    the extinction of either strain. Thus ecological dynamics,
    modulated by the immune parameters, eventually determine the
    adaptive value of different pathogen genotypes. We advocate an
    integrative view of pathogen dynamics at the crossroads of
    immunology, epidemiology and evolution, as a way towards
    efficient control of infectious diseases.</p>
  </div>
</div>
<div class="bm:curation">
  <p style="font-size: 12px; color: rgb(0, 0, 0); font-family: helvetica, 'trebuchet MS', arial, sans-serif;">This
  version of the model can be used for both the stochastic and the
  deterministic simulations described in the article. For
  deterministic interpretations with infinite population sizes, set
  the population size 
  <em>N</em> = 1. The model reproduces the deterministic time
  courses. Stochastic interpretation with Copasi UI gave results
  similar to the article, but was not extensively tested. The
  initial conditions for competition simulations can be derived by
  equilibrating the system for one pathogen and then adding a
  starting concentration for the other.</p>
  <p style="font-size: 12px; color: rgb(0, 0, 0); font-family: helvetica, 'trebuchet MS', arial, sans-serif;">Originally
  created by libAntimony v1.3 (using libSBML 4.1.0-b1)</p>
</div>
<div class="dc:publisher">
  <p>This model is hosted on 
  <a href="http://www.ebi.ac.uk/biomodels/">BioModels Database</a>
  and identified by: 
  <a href="http://identifiers.org/biomodels.db/BIOMD0000000249">BIOMD0000000249</a>.</p>
  <p>To cite BioModels Database, please use: 
  <a href="http://identifiers.org/pubmed/20587024" title="Latest BioModels Database publication">BioModels Database:
  An enhanced, curated and annotated resource for published
  quantitative kinetic models</a>.</p>
</div>
<div class="dc:license">
  <p>To the extent possible under law, all copyright and related or
  neighbouring rights to this encoded model have been dedicated to
  the public domain worldwide. Please refer to 
  <a href="http://creativecommons.org/publicdomain/zero/1.0/" title="Access to: CC0 1.0 Universal (CC0 1.0), Public Domain Dedication">CC0
  Public Domain Dedication</a> for more information.</p>
</div>
</body>
    </notes>
    <annotation>
	<rdf:RDF xmlns:rdf="http://www.w3.org/1999/02/22-rdf-syntax-ns#" xmlns:dc="http://purl.org/dc/elements/1.1/" xmlns:vCard="http://www.w3.org/2001/vcard-rdf/3.0#" xmlns:dcterms="http://purl.org/dc/terms/" xmlns:bqmodel="http://biomodels.net/model-qualifiers/" xmlns:bqbiol="http://biomodels.net/biology-qualifiers/">
        <rdf:Description rdf:about="#metaid_0000002">
	<dc:creator>
	<rdf:Bag>
	<rdf:li rdf:parseType="Resource">
	<vCard:N rdf:parseType="Resource">
	<vCard:Family>Endler</vCard:Family>
	<vCard:Given>Lukas</vCard:Given>
	</vCard:N>
	<vCard:EMAIL>lukas@ebi.ac.uk</vCard:EMAIL>
	<vCard:ORG rdf:parseType="Resource">
	<vCard:Orgname>EMBL-EBI</vCard:Orgname>
	</vCard:ORG>
	</rdf:li>
	</rdf:Bag>
	</dc:creator>
	<dcterms:created rdf:parseType="Resource">
	<dcterms:W3CDTF>2010-04-20T23:54:23Z</dcterms:W3CDTF>
	</dcterms:created>
	<dcterms:modified rdf:parseType="Resource">
	<dcterms:W3CDTF>2017-05-18T11:12:50Z</dcterms:W3CDTF>
	</dcterms:modified>
	<bqmodel:is>
	<rdf:Bag>
	<rdf:li rdf:resource="http://identifiers.org/biomodels.db/MODEL1003290000"/>
	</rdf:Bag>
	</bqmodel:is>
	<bqmodel:is>
	<rdf:Bag>
	<rdf:li rdf:resource="http://identifiers.org/biomodels.db/BIOMD0000000249"/>
	</rdf:Bag>
	</bqmodel:is>
	<bqmodel:isDescribedBy>
	<rdf:Bag>
	<rdf:li rdf:resource="http://identifiers.org/pubmed/16615206"/>
	</rdf:Bag>
	</bqmodel:isDescribedBy>
	<bqmodel:isDerivedFrom>
	<rdf:Bag>
	<rdf:li rdf:resource="http://identifiers.org/pubmed/460412"/>
	<rdf:li rdf:resource="http://identifiers.org/pubmed/460424"/>
	</rdf:Bag>
	</bqmodel:isDerivedFrom>
	<bqbiol:hasTaxon>
	<rdf:Bag>
	<rdf:li rdf:resource="http://identifiers.org/taxonomy/9606"/>
	<rdf:li rdf:resource="http://identifiers.org/taxonomy/520"/>
	</rdf:Bag>
	</bqbiol:hasTaxon>
	<bqbiol:hasProperty>
	<rdf:Bag>
	<rdf:li rdf:resource="http://identifiers.org/doid/DOID:1116"/>
	</rdf:Bag>
	</bqbiol:hasProperty>
	<bqbiol:isVersionOf>
	<rdf:Bag>
	<rdf:li rdf:resource="http://identifiers.org/go/GO:0044403"/>
	<rdf:li rdf:resource="http://identifiers.org/go/GO:0009814"/>
	</rdf:Bag>
	</bqbiol:isVersionOf>
	<bqbiol:hasProperty>
	<rdf:Bag>
	<rdf:li rdf:resource="http://identifiers.org/mamo/MAMO_0000046"/>
	</rdf:Bag>
	</bqbiol:hasProperty>
	</rdf:Description>
	
	
	
	
	
	</rdf:RDF>
	</annotation>
      <listOfUnitDefinitions>
      <unitDefinition id="substance" metaid="metaid_0000071" name="individuals">
        <listOfUnits>
          <unit kind="item" metaid="_1e2b5b18-8ee0-4d25-9746-9cde49cc7ca3"/>
        </listOfUnits>
      </unitDefinition>
      <unitDefinition id="time" metaid="metaid_0000072" name="years">
        <listOfUnits>
          <unit kind="second" metaid="_29ad08f6-0134-4a2d-8afe-1fba31d17d09" multiplier="31536000"/>
        </listOfUnits>
      </unitDefinition>
      <unitDefinition id="days" metaid="metaid_0000073" name="days">
        <listOfUnits>
          <unit kind="second" metaid="_2a145772-b1d2-4402-9c08-c6ad5433c773" multiplier="86400"/>
        </listOfUnits>
      </unitDefinition>
      <unitDefinition id="per_year" metaid="metaid_0000074" name="per_year">
        <listOfUnits>
          <unit exponent="-1" kind="second" metaid="_735b9cec-4d6b-4373-b895-4a7afa1da252" multiplier="31536000"/>
        </listOfUnits>
      </unitDefinition>
    </listOfUnitDefinitions>
    <listOfCompartments>
      <compartment id="env" metaid="metaid_0000027" name="environment" sboTerm="SBO:0000290" size="1">
        <annotation>
	<rdf:RDF xmlns:rdf="http://www.w3.org/1999/02/22-rdf-syntax-ns#" xmlns:bqbiol="http://biomodels.net/biology-qualifiers/">
            <rdf:Description rdf:about="#metaid_0000027">
	<bqbiol:is>
	<rdf:Bag>
	<rdf:li rdf:resource="http://identifiers.org/go/GO:0043245"/>
	</rdf:Bag>
	</bqbiol:is>
	</rdf:Description>
	
	
	
	
	
	</rdf:RDF>
	</annotation>
            </compartment>
    </listOfCompartments>
    <listOfSpecies>
      <species compartment="env" hasOnlySubstanceUnits="true" id="N" initialConcentration="1" metaid="metaid_0000028" sboTerm="SBO:0000240">
        <annotation>
	<rdf:RDF xmlns:rdf="http://www.w3.org/1999/02/22-rdf-syntax-ns#" xmlns:bqbiol="http://biomodels.net/biology-qualifiers/">
            <rdf:Description rdf:about="#metaid_0000028">
	<bqbiol:isVersionOf>
	<rdf:Bag>
	<rdf:li rdf:resource="http://identifiers.org/taxonomy/9606"/>
	</rdf:Bag>
	</bqbiol:isVersionOf>
	</rdf:Description>
	
	
	
	
	
	</rdf:RDF>
	</annotation>
            </species>
      <species compartment="env" hasOnlySubstanceUnits="true" id="S" initialConcentration="0.0588912" metaid="metaid_0000029" sboTerm="SBO:0000240">
        <annotation>
	<rdf:RDF xmlns:rdf="http://www.w3.org/1999/02/22-rdf-syntax-ns#" xmlns:bqbiol="http://biomodels.net/biology-qualifiers/">
            <rdf:Description rdf:about="#metaid_0000029">
	<bqbiol:isVersionOf>
	<rdf:Bag>
	<rdf:li rdf:resource="http://identifiers.org/taxonomy/9606"/>
	</rdf:Bag>
	</bqbiol:isVersionOf>
	</rdf:Description>
	
	
	
	
	
	</rdf:RDF>
	</annotation>
            </species>
      <species compartment="env" hasOnlySubstanceUnits="true" id="I_1" initialConcentration="0.003775" metaid="metaid_0000030" sboTerm="SBO:0000240">
        <annotation>
	<rdf:RDF xmlns:rdf="http://www.w3.org/1999/02/22-rdf-syntax-ns#" xmlns:bqbiol="http://biomodels.net/biology-qualifiers/">
            <rdf:Description rdf:about="#metaid_0000030">
	<bqbiol:hasVersion>
	<rdf:Bag>
	<rdf:li rdf:resource="http://identifiers.org/taxonomy/9606"/>
	<rdf:li rdf:resource="http://identifiers.org/taxonomy/520"/>
	</rdf:Bag>
	</bqbiol:hasVersion>
	</rdf:Description>
	
	
	
	
	
	</rdf:RDF>
	</annotation>
            </species>
      <species compartment="env" hasOnlySubstanceUnits="true" id="I_2" initialConcentration="1E-6" metaid="metaid_0000031" sboTerm="SBO:0000240">
        <annotation>
	<rdf:RDF xmlns:rdf="http://www.w3.org/1999/02/22-rdf-syntax-ns#" xmlns:bqbiol="http://biomodels.net/biology-qualifiers/">
            <rdf:Description rdf:about="#metaid_0000031">
	<bqbiol:hasVersion>
	<rdf:Bag>
	<rdf:li rdf:resource="http://identifiers.org/taxonomy/9606"/>
	<rdf:li rdf:resource="http://identifiers.org/taxonomy/520"/>
	</rdf:Bag>
	</bqbiol:hasVersion>
	</rdf:Description>
	
	
	
	
	
	</rdf:RDF>
	</annotation>
            </species>
      <species compartment="env" hasOnlySubstanceUnits="true" id="R_1" initialConcentration="0.93733" metaid="metaid_0000032" sboTerm="SBO:0000240">
        <annotation>
	<rdf:RDF xmlns:rdf="http://www.w3.org/1999/02/22-rdf-syntax-ns#" xmlns:bqbiol="http://biomodels.net/biology-qualifiers/">
            <rdf:Description rdf:about="#metaid_0000032">
	<bqbiol:isVersionOf>
	<rdf:Bag>
	<rdf:li rdf:resource="http://identifiers.org/taxonomy/9606"/>
	</rdf:Bag>
	</bqbiol:isVersionOf>
	</rdf:Description>
	
	
	
	
	
	</rdf:RDF>
	</annotation>
            </species>
      <species compartment="env" hasOnlySubstanceUnits="true" id="R_2" initialConcentration="0" metaid="metaid_0000033" sboTerm="SBO:0000240">
        <annotation>
	<rdf:RDF xmlns:rdf="http://www.w3.org/1999/02/22-rdf-syntax-ns#" xmlns:bqbiol="http://biomodels.net/biology-qualifiers/">
            <rdf:Description rdf:about="#metaid_0000033">
	<bqbiol:isVersionOf>
	<rdf:Bag>
	<rdf:li rdf:resource="http://identifiers.org/taxonomy/9606"/>
	</rdf:Bag>
	</bqbiol:isVersionOf>
	</rdf:Description>
	
	
	
	
	
	</rdf:RDF>
	</annotation>
            </species>
      <species compartment="env" hasOnlySubstanceUnits="true" id="I_1p" initialConcentration="0" metaid="metaid_0000034" sboTerm="SBO:0000240">
        <annotation>
	<rdf:RDF xmlns:rdf="http://www.w3.org/1999/02/22-rdf-syntax-ns#" xmlns:bqbiol="http://biomodels.net/biology-qualifiers/">
            <rdf:Description rdf:about="#metaid_0000034">
	<bqbiol:hasVersion>
	<rdf:Bag>
	<rdf:li rdf:resource="http://identifiers.org/taxonomy/9606"/>
	<rdf:li rdf:resource="http://identifiers.org/taxonomy/520"/>
	</rdf:Bag>
	</bqbiol:hasVersion>
	</rdf:Description>
	
	
	
	
	
	</rdf:RDF>
	</annotation>
            </species>
      <species compartment="env" hasOnlySubstanceUnits="true" id="I_2p" initialConcentration="0" metaid="metaid_0000035" sboTerm="SBO:0000240">
        <annotation>
	<rdf:RDF xmlns:rdf="http://www.w3.org/1999/02/22-rdf-syntax-ns#" xmlns:bqbiol="http://biomodels.net/biology-qualifiers/">
            <rdf:Description rdf:about="#metaid_0000035">
	<bqbiol:hasVersion>
	<rdf:Bag>
	<rdf:li rdf:resource="http://identifiers.org/taxonomy/9606"/>
	<rdf:li rdf:resource="http://identifiers.org/taxonomy/520"/>
	</rdf:Bag>
	</bqbiol:hasVersion>
	</rdf:Description>
	
	
	
	
	
	</rdf:RDF>
	</annotation>
            </species>
      <species compartment="env" hasOnlySubstanceUnits="true" id="R_p" initialConcentration="0" metaid="metaid_0000036" sboTerm="SBO:0000240">
        <annotation>
	<rdf:RDF xmlns:rdf="http://www.w3.org/1999/02/22-rdf-syntax-ns#" xmlns:bqbiol="http://biomodels.net/biology-qualifiers/">
            <rdf:Description rdf:about="#metaid_0000036">
	<bqbiol:isVersionOf>
	<rdf:Bag>
	<rdf:li rdf:resource="http://identifiers.org/taxonomy/9606"/>
	</rdf:Bag>
	</bqbiol:isVersionOf>
	</rdf:Description>
	
	
	
	
	
	</rdf:RDF>
	</annotation>
            </species>
    </listOfSpecies>
    <listOfParameters>
      <parameter constant="false" id="mu" metaid="metaid_0000003" units="per_year">
        <notes>
          <p xmlns="http://www.w3.org/1999/xhtml">birth/death rate</p>
        </notes>
      </parameter>
      <parameter id="l_e" metaid="metaid_0000004" name="life expectancy" units="time" value="50"/>
      <parameter constant="false" id="beta_1" metaid="metaid_0000005" units="per_year">
        <notes>
          <p xmlns="http://www.w3.org/1999/xhtml">transmission rate pathogen 1</p>
        </notes>
      </parameter>
      <parameter id="R0_1" metaid="metaid_0000006" units="dimensionless" value="17">
        <notes>
          <p xmlns="http://www.w3.org/1999/xhtml">basic reproductive ratio (beta/gamma) pathogen 1 </p>
        </notes>
      </parameter>
      <parameter constant="false" id="gamma_1" metaid="metaid_0000007" units="per_year">
        <notes>
          <p xmlns="http://www.w3.org/1999/xhtml">recovery rate from disease 1</p>
        </notes>
      </parameter>
      <parameter constant="false" id="beta_2" metaid="metaid_0000008" units="per_year">
        <notes>
          <p xmlns="http://www.w3.org/1999/xhtml">transmission rate pathogen 2</p>
        </notes>
      </parameter>
      <parameter id="R0_2" metaid="metaid_0000009" units="dimensionless" value="17">
        <notes>
          <p xmlns="http://www.w3.org/1999/xhtml">basic reproductive ratio (beta/gamma) pathogen 2</p>
        </notes>
      </parameter>
      <parameter constant="false" id="gamma_2" metaid="metaid_0000010" units="per_year">
        <notes>
          <p xmlns="http://www.w3.org/1999/xhtml">recovery rate from disease 2</p>
        </notes>
      </parameter>
      <parameter id="tInf_1" metaid="metaid_0000011" name="infectious period 1" units="days" value="21"/>
      <parameter id="tInf_2" metaid="metaid_0000012" name="infectious period 2" units="days" value="21"/>
      <parameter constant="false" id="sigma" metaid="metaid_0000013" units="per_year">
        <notes>
          <p xmlns="http://www.w3.org/1999/xhtml">rate of immunity loss</p>
        </notes>
      </parameter>
      <parameter id="tImm" metaid="metaid_0000014" name="immune period" units="time" value="20"/>
      <parameter constant="false" id="Lambda_1" metaid="metaid_0000015" units="per_year">
        <notes>
          <p xmlns="http://www.w3.org/1999/xhtml">force of infection strain 1</p>
        </notes>
      </parameter>
      <parameter constant="false" id="Lambda_2" metaid="metaid_0000016" units="per_year">
        <notes>
          <p xmlns="http://www.w3.org/1999/xhtml">force of infection strain 1</p>
        </notes>
      </parameter>
      <parameter constant="false" id="I_1_frac" metaid="metaid_0000017" units="dimensionless"/>
      <parameter constant="false" id="I_2_frac" metaid="metaid_0000018" units="dimensionless"/>
      <parameter constant="false" id="S_frac" metaid="metaid_0000019" units="dimensionless"/>
      <parameter constant="false" id="R1_frac" metaid="metaid_0000020" units="dimensionless"/>
      <parameter constant="false" id="R2_frac" metaid="metaid_0000021" units="dimensionless"/>
      <parameter constant="false" id="Rp_frac" metaid="metaid_0000022" units="dimensionless"/>
      <parameter id="psi" metaid="metaid_0000023" units="dimensionless" value="0.2">
        <notes>
          <p xmlns="http://www.w3.org/1999/xhtml">cross-immunity</p>
        </notes>
      </parameter>
    </listOfParameters>
    <listOfRules>
      <assignmentRule metaid="metaid_0000037" variable="mu">
        <math xmlns="http://www.w3.org/1998/Math/MathML">        
          <apply>
            <divide/>
            <cn type="integer"> 1 </cn>
            <ci> l_e </ci>
          </apply>
        </math>
            </assignmentRule>
      <assignmentRule metaid="metaid_0000038" variable="beta_1">
        <math xmlns="http://www.w3.org/1998/Math/MathML">        
          <apply>
            <times/>
            <ci> R0_1 </ci>
            <ci> gamma_1 </ci>
          </apply>
        </math>
            </assignmentRule>
      <assignmentRule metaid="metaid_0000039" variable="gamma_1">
        <math xmlns="http://www.w3.org/1998/Math/MathML">        
          <apply>
            <divide/>
            <cn type="integer"> 365 </cn>
            <ci> tInf_1 </ci>
          </apply>
        </math>
            </assignmentRule>
      <assignmentRule metaid="metaid_0000040" variable="beta_2">
        <math xmlns="http://www.w3.org/1998/Math/MathML">        
          <apply>
            <times/>
            <ci> R0_2 </ci>
            <ci> gamma_2 </ci>
          </apply>
        </math>
            </assignmentRule>
      <assignmentRule metaid="metaid_0000041" variable="gamma_2">
        <math xmlns="http://www.w3.org/1998/Math/MathML">        
          <apply>
            <divide/>
            <cn type="integer"> 365 </cn>
            <ci> tInf_2 </ci>
          </apply>
        </math>
            </assignmentRule>
      <assignmentRule metaid="metaid_0000042" variable="sigma">
        <math xmlns="http://www.w3.org/1998/Math/MathML">        
          <apply>
            <divide/>
            <cn type="integer"> 1 </cn>
            <ci> tImm </ci>
          </apply>
        </math>
            </assignmentRule>
      <assignmentRule metaid="metaid_0000043" variable="Lambda_1">
        <math xmlns="http://www.w3.org/1998/Math/MathML">        
          <apply>
            <divide/>
            <apply>
              <times/>
              <ci> beta_1 </ci>
              <apply>
                <plus/>
                <ci> I_1 </ci>
                <ci> I_1p </ci>
              </apply>
            </apply>
            <ci> N </ci>
          </apply>
        </math>
            </assignmentRule>
      <assignmentRule metaid="metaid_0000044" variable="Lambda_2">
        <math xmlns="http://www.w3.org/1998/Math/MathML">        
          <apply>
            <divide/>
            <apply>
              <times/>
              <ci> beta_2 </ci>
              <apply>
                <plus/>
                <ci> I_2 </ci>
                <ci> I_2p </ci>
              </apply>
            </apply>
            <ci> N </ci>
          </apply>
        </math>
            </assignmentRule>
      <assignmentRule metaid="metaid_0000045" variable="I_1_frac">
        <math xmlns="http://www.w3.org/1998/Math/MathML">        
          <apply>
            <divide/>
            <apply>
              <plus/>
              <ci> I_1 </ci>
              <ci> I_1p </ci>
            </apply>
            <ci> N </ci>
          </apply>
        </math>
            </assignmentRule>
      <assignmentRule metaid="metaid_0000046" variable="I_2_frac">
        <math xmlns="http://www.w3.org/1998/Math/MathML">        
          <apply>
            <divide/>
            <apply>
              <plus/>
              <ci> I_2 </ci>
              <ci> I_2p </ci>
            </apply>
            <ci> N </ci>
          </apply>
        </math>
            </assignmentRule>
      <assignmentRule metaid="metaid_0000047" variable="S_frac">
        <math xmlns="http://www.w3.org/1998/Math/MathML">        
          <apply>
            <divide/>
            <ci> S </ci>
            <ci> N </ci>
          </apply>
        </math>
            </assignmentRule>
      <assignmentRule metaid="metaid_0000048" variable="R1_frac">
        <math xmlns="http://www.w3.org/1998/Math/MathML">        
          <apply>
            <divide/>
            <apply>
              <plus/>
              <ci> R_1 </ci>
              <ci> R_p </ci>
            </apply>
            <ci> N </ci>
          </apply>
        </math>
            </assignmentRule>
      <assignmentRule metaid="metaid_0000049" variable="R2_frac">
        <math xmlns="http://www.w3.org/1998/Math/MathML">        
          <apply>
            <divide/>
            <apply>
              <plus/>
              <ci> R_2 </ci>
              <ci> R_p </ci>
            </apply>
            <ci> N </ci>
          </apply>
        </math>
            </assignmentRule>
      <assignmentRule metaid="metaid_0000050" variable="Rp_frac">
        <math xmlns="http://www.w3.org/1998/Math/MathML">        
          <apply>
            <divide/>
            <ci> R_p </ci>
            <ci> N </ci>
          </apply>
        </math>
            </assignmentRule>
    </listOfRules>
    <listOfReactions>
      <reaction id="r1" metaid="metaid_0000051" name="Birth" reversible="false" sboTerm="SBO:0000375">
        <annotation>
	<rdf:RDF xmlns:rdf="http://www.w3.org/1999/02/22-rdf-syntax-ns#" xmlns:bqbiol="http://biomodels.net/biology-qualifiers/">
            <rdf:Description rdf:about="#metaid_0000051">
	<bqbiol:isVersionOf>
	<rdf:Bag>
	<rdf:li rdf:resource="http://identifiers.org/go/GO:0007567"/>
	</rdf:Bag>
	</bqbiol:isVersionOf>
	</rdf:Description>
	
	
	
	
	
	</rdf:RDF>
	</annotation>
              <listOfProducts>
          <speciesReference metaid="_65537bab-b6bf-4950-b764-042e0125fa40" species="S"/>
        </listOfProducts>
        <listOfModifiers>
          <modifierSpeciesReference metaid="ad23b03c-3ada-410a-a851-d3765f5efec4" species="N"/>
        </listOfModifiers>
        <kineticLaw metaid="_571370ed-0489-4502-8e46-5238104656a8">
          <math xmlns="http://www.w3.org/1998/Math/MathML">          
            <apply>
              <times/>
              <ci> mu </ci>
              <ci> N </ci>
            </apply>
          </math>
                </kineticLaw>
      </reaction>
      <reaction id="r2" metaid="metaid_0000052" name="Death in S" reversible="false" sboTerm="SBO:0000375">
        <annotation>
	<rdf:RDF xmlns:rdf="http://www.w3.org/1999/02/22-rdf-syntax-ns#" xmlns:bqbiol="http://biomodels.net/biology-qualifiers/">
            <rdf:Description rdf:about="#metaid_0000052">
	<bqbiol:isVersionOf>
	<rdf:Bag>
	<rdf:li rdf:resource="http://identifiers.org/go/GO:0016265"/>
	</rdf:Bag>
	</bqbiol:isVersionOf>
	</rdf:Description>
	
	
	
	
	
	</rdf:RDF>
	</annotation>
              <listOfReactants>
          <speciesReference metaid="d8fbb05e-9f94-4b8e-9a86-4914bfcdf74c" species="S"/>
        </listOfReactants>
        <kineticLaw metaid="dcc67388-9c18-4c98-8836-3f12a1c3f644">
          <math xmlns="http://www.w3.org/1998/Math/MathML">          
            <apply>
              <times/>
              <ci> mu </ci>
              <ci> S </ci>
            </apply>
          </math>
                </kineticLaw>
      </reaction>
      <reaction id="r3" metaid="metaid_0000053" name="Death in I_1" reversible="false" sboTerm="SBO:0000375">
        <annotation>
	<rdf:RDF xmlns:rdf="http://www.w3.org/1999/02/22-rdf-syntax-ns#" xmlns:bqbiol="http://biomodels.net/biology-qualifiers/">
            <rdf:Description rdf:about="#metaid_0000053">
	<bqbiol:isVersionOf>
	<rdf:Bag>
	<rdf:li rdf:resource="http://identifiers.org/go/GO:0016265"/>
	</rdf:Bag>
	</bqbiol:isVersionOf>
	</rdf:Description>
	
	
	
	
	
	</rdf:RDF>
	</annotation>
              <listOfReactants>
          <speciesReference metaid="fa174688-9eea-453a-a0d8-3178fb11f353" species="I_1"/>
        </listOfReactants>
        <kineticLaw metaid="c4837cea-39be-4f43-9bd0-09270da45076">
          <math xmlns="http://www.w3.org/1998/Math/MathML">          
            <apply>
              <times/>
              <ci> mu </ci>
              <ci> I_1 </ci>
            </apply>
          </math>
                </kineticLaw>
      </reaction>
      <reaction id="r4" metaid="metaid_0000054" name="Death in I_2" reversible="false" sboTerm="SBO:0000375">
        <annotation>
	<rdf:RDF xmlns:rdf="http://www.w3.org/1999/02/22-rdf-syntax-ns#" xmlns:bqbiol="http://biomodels.net/biology-qualifiers/">
            <rdf:Description rdf:about="#metaid_0000054">
	<bqbiol:isVersionOf>
	<rdf:Bag>
	<rdf:li rdf:resource="http://identifiers.org/go/GO:0016265"/>
	</rdf:Bag>
	</bqbiol:isVersionOf>
	</rdf:Description>
	
	
	
	
	
	</rdf:RDF>
	</annotation>
              <listOfReactants>
          <speciesReference metaid="_4d8a4dd5-2f54-4914-8119-9f1cf767d0ad" species="I_2"/>
        </listOfReactants>
        <kineticLaw metaid="a85fe00e-fa99-4c22-9594-b216757ca156">
          <math xmlns="http://www.w3.org/1998/Math/MathML">          
            <apply>
              <times/>
              <ci> mu </ci>
              <ci> I_2 </ci>
            </apply>
          </math>
                </kineticLaw>
      </reaction>
      <reaction id="r5" metaid="metaid_0000055" name="Death in R_1" reversible="false" sboTerm="SBO:0000375">
        <annotation>
	<rdf:RDF xmlns:rdf="http://www.w3.org/1999/02/22-rdf-syntax-ns#" xmlns:bqbiol="http://biomodels.net/biology-qualifiers/">
            <rdf:Description rdf:about="#metaid_0000055">
	<bqbiol:isVersionOf>
	<rdf:Bag>
	<rdf:li rdf:resource="http://identifiers.org/go/GO:0016265"/>
	</rdf:Bag>
	</bqbiol:isVersionOf>
	</rdf:Description>
	
	
	
	
	
	</rdf:RDF>
	</annotation>
              <listOfReactants>
          <speciesReference metaid="_8647675d-37bb-4254-8f7d-daa5a344c956" species="R_1"/>
        </listOfReactants>
        <kineticLaw metaid="_707940a6-b79c-4381-acce-ccc3df356a0e">
          <math xmlns="http://www.w3.org/1998/Math/MathML">          
            <apply>
              <times/>
              <ci> mu </ci>
              <ci> R_1 </ci>
            </apply>
          </math>
                </kineticLaw>
      </reaction>
      <reaction id="r6" metaid="metaid_0000056" name="Death in R_2" reversible="false" sboTerm="SBO:0000375">
        <annotation>
	<rdf:RDF xmlns:rdf="http://www.w3.org/1999/02/22-rdf-syntax-ns#" xmlns:bqbiol="http://biomodels.net/biology-qualifiers/">
            <rdf:Description rdf:about="#metaid_0000056">
	<bqbiol:isVersionOf>
	<rdf:Bag>
	<rdf:li rdf:resource="http://identifiers.org/go/GO:0016265"/>
	</rdf:Bag>
	</bqbiol:isVersionOf>
	</rdf:Description>
	
	
	
	
	
	</rdf:RDF>
	</annotation>
              <listOfReactants>
          <speciesReference metaid="f4a15f67-0e52-4f1a-8570-246be6cf8555" species="R_2"/>
        </listOfReactants>
        <kineticLaw metaid="f4905f04-4610-4e47-9ee1-8d032c9b45a2">
          <math xmlns="http://www.w3.org/1998/Math/MathML">          
            <apply>
              <times/>
              <ci> mu </ci>
              <ci> R_2 </ci>
            </apply>
          </math>
                </kineticLaw>
      </reaction>
      <reaction id="r7" metaid="metaid_0000057" name="Death in I_1p" reversible="false" sboTerm="SBO:0000375">
        <annotation>
	<rdf:RDF xmlns:rdf="http://www.w3.org/1999/02/22-rdf-syntax-ns#" xmlns:bqbiol="http://biomodels.net/biology-qualifiers/">
            <rdf:Description rdf:about="#metaid_0000057">
	<bqbiol:isVersionOf>
	<rdf:Bag>
	<rdf:li rdf:resource="http://identifiers.org/go/GO:0016265"/>
	</rdf:Bag>
	</bqbiol:isVersionOf>
	</rdf:Description>
	
	
	
	
	
	</rdf:RDF>
	</annotation>
              <listOfReactants>
          <speciesReference metaid="_176c6490-f069-4b3a-88f4-06ad39350b98" species="I_1p"/>
        </listOfReactants>
        <kineticLaw metaid="b660a287-2e1b-4991-af24-2c82ee4ef857">
          <math xmlns="http://www.w3.org/1998/Math/MathML">          
            <apply>
              <times/>
              <ci> mu </ci>
              <ci> I_1p </ci>
            </apply>
          </math>
                </kineticLaw>
      </reaction>
      <reaction id="r8" metaid="metaid_0000058" name="Death in I_2p" reversible="false" sboTerm="SBO:0000375">
        <annotation>
	<rdf:RDF xmlns:rdf="http://www.w3.org/1999/02/22-rdf-syntax-ns#" xmlns:bqbiol="http://biomodels.net/biology-qualifiers/">
            <rdf:Description rdf:about="#metaid_0000058">
	<bqbiol:isVersionOf>
	<rdf:Bag>
	<rdf:li rdf:resource="http://identifiers.org/go/GO:0016265"/>
	</rdf:Bag>
	</bqbiol:isVersionOf>
	</rdf:Description>
	
	
	
	
	
	</rdf:RDF>
	</annotation>
              <listOfReactants>
          <speciesReference metaid="_765b6e17-5840-4720-a6ed-94e5c870f4a2" species="I_2p"/>
        </listOfReactants>
        <kineticLaw metaid="_83e31664-df9e-4864-a3b2-0cc78cd10acc">
          <math xmlns="http://www.w3.org/1998/Math/MathML">          
            <apply>
              <times/>
              <ci> mu </ci>
              <ci> I_2p </ci>
            </apply>
          </math>
                </kineticLaw>
      </reaction>
      <reaction id="r9" metaid="metaid_0000059" name="Death in R_p" reversible="false" sboTerm="SBO:0000375">
        <annotation>
	<rdf:RDF xmlns:rdf="http://www.w3.org/1999/02/22-rdf-syntax-ns#" xmlns:bqbiol="http://biomodels.net/biology-qualifiers/">
            <rdf:Description rdf:about="#metaid_0000059">
	<bqbiol:isVersionOf>
	<rdf:Bag>
	<rdf:li rdf:resource="http://identifiers.org/go/GO:0016265"/>
	</rdf:Bag>
	</bqbiol:isVersionOf>
	</rdf:Description>
	
	
	
	
	
	</rdf:RDF>
	</annotation>
              <listOfReactants>
          <speciesReference metaid="_77d1a965-08eb-4f4d-8ec7-26c74d92b4a4" species="R_p"/>
        </listOfReactants>
        <kineticLaw metaid="_6cf77cf0-d7bb-4e2f-96e9-411f9976d81a">
          <math xmlns="http://www.w3.org/1998/Math/MathML">          
            <apply>
              <times/>
              <ci> mu </ci>
              <ci> R_p </ci>
            </apply>
          </math>
                </kineticLaw>
      </reaction>
      <reaction id="r10" metaid="metaid_0000060" name="Primary Infection with strain 1" reversible="false" sboTerm="SBO:0000375">
        <listOfReactants>
          <speciesReference metaid="_8d4079db-5016-467e-b2a5-962110ee81b5" species="S"/>
        </listOfReactants>
        <listOfProducts>
          <speciesReference metaid="b67c317b-68f7-4dba-8e7a-8e5ad9a03dee" species="I_1"/>
        </listOfProducts>
        <listOfModifiers>
          <modifierSpeciesReference metaid="_3c170df5-a307-4c50-b6a2-15ec1755a2e2" species="I_1"/>
          <modifierSpeciesReference metaid="_89ef2ad8-9cd1-4358-9227-3bfb0057966f" species="I_1p"/>
          <modifierSpeciesReference metaid="dea53333-2ddc-4335-83fb-837717289509" species="N"/>
        </listOfModifiers>
        <kineticLaw metaid="_7632079e-ba11-4142-923f-d5b57b448db9">
          <math xmlns="http://www.w3.org/1998/Math/MathML">          
            <apply>
              <times/>
              <ci> beta_1 </ci>
              <apply>
                <divide/>
                <apply>
                  <plus/>
                  <ci> I_1 </ci>
                  <ci> I_1p </ci>
                </apply>
                <ci> N </ci>
              </apply>
              <ci> S </ci>
            </apply>
          </math>
                </kineticLaw>
      </reaction>
      <reaction id="r11" metaid="metaid_0000061" name="Primary Infection with strain 2" reversible="false" sboTerm="SBO:0000375">
        <listOfReactants>
          <speciesReference metaid="b6ef5244-1bde-441e-8b18-d24a1c4af0ec" species="S"/>
        </listOfReactants>
        <listOfProducts>
          <speciesReference metaid="c847820f-d6a9-4545-a5cc-669df34b86e8" species="I_2"/>
        </listOfProducts>
        <listOfModifiers>
          <modifierSpeciesReference metaid="_760e2d1d-0b29-4884-bfca-fc6f6f693b58" species="I_2"/>
          <modifierSpeciesReference metaid="_686d19df-5df4-44de-9e46-5b98b498e2c8" species="I_2p"/>
          <modifierSpeciesReference metaid="f9952245-65a7-4148-a050-473489823361" species="N"/>
        </listOfModifiers>
        <kineticLaw metaid="_366f8715-beec-4c05-bcba-490a0c7e2894">
          <math xmlns="http://www.w3.org/1998/Math/MathML">          
            <apply>
              <times/>
              <ci> beta_2 </ci>
              <apply>
                <divide/>
                <apply>
                  <plus/>
                  <ci> I_2 </ci>
                  <ci> I_2p </ci>
                </apply>
                <ci> N </ci>
              </apply>
              <ci> S </ci>
            </apply>
          </math>
                </kineticLaw>
      </reaction>
      <reaction id="r12" metaid="metaid_0000062" name="Secondary Infection with strain 1" reversible="false" sboTerm="SBO:0000375">
        <listOfReactants>
          <speciesReference metaid="_1cebf891-6bdb-4a0f-9fff-d3a66d7cd7fd" species="R_2"/>
        </listOfReactants>
        <listOfProducts>
          <speciesReference metaid="_541442a2-4b2f-49d5-b64c-36212dc3b973" species="I_1p"/>
        </listOfProducts>
        <listOfModifiers>
          <modifierSpeciesReference metaid="_06482dda-caac-4237-8031-0d6a30415436" species="I_1"/>
          <modifierSpeciesReference metaid="aa468cd5-b24e-4808-a7f8-8de426024f21" species="I_1p"/>
          <modifierSpeciesReference metaid="_025739ae-2ea0-4659-8947-fc7fa6ec870d" species="N"/>
        </listOfModifiers>
        <kineticLaw metaid="_52d1568c-8af6-4ffa-afbf-6f34f387eb96">
          <math xmlns="http://www.w3.org/1998/Math/MathML">          
            <apply>
              <times/>
              <apply>
                <divide/>
                <apply>
                  <times/>
                  <apply>
                    <minus/>
                    <cn type="integer"> 1 </cn>
                    <ci> psi </ci>
                  </apply>
                  <ci> beta_1 </ci>
                  <apply>
                    <plus/>
                    <ci> I_1 </ci>
                    <ci> I_1p </ci>
                  </apply>
                </apply>
                <ci> N </ci>
              </apply>
              <ci> R_2 </ci>
            </apply>
          </math>
                </kineticLaw>
      </reaction>
      <reaction id="r13" metaid="metaid_0000063" name="Secondary Infection with strain 2" reversible="false" sboTerm="SBO:0000375">
        <listOfReactants>
          <speciesReference metaid="ac0fefe0-87c0-4d1f-b0a4-acac77c8a603" species="R_1"/>
        </listOfReactants>
        <listOfProducts>
          <speciesReference metaid="_47eebaa1-91f0-4661-ba37-6b4c3c1824d5" species="I_2p"/>
        </listOfProducts>
        <listOfModifiers>
          <modifierSpeciesReference metaid="_93364d86-ccc0-4cd4-a473-6ca0510ce303" species="I_2"/>
          <modifierSpeciesReference metaid="_53f82726-c204-4b0f-92c9-4824f9cad6cd" species="I_2p"/>
          <modifierSpeciesReference metaid="b7f96a62-8a45-446c-a646-1733de510819" species="N"/>
        </listOfModifiers>
        <kineticLaw metaid="_68a37db4-eff8-423f-ac65-a7d7d5fc4e10">
          <math xmlns="http://www.w3.org/1998/Math/MathML">          
            <apply>
              <times/>
              <apply>
                <divide/>
                <apply>
                  <times/>
                  <apply>
                    <minus/>
                    <cn type="integer"> 1 </cn>
                    <ci> psi </ci>
                  </apply>
                  <ci> beta_2 </ci>
                  <apply>
                    <plus/>
                    <ci> I_2 </ci>
                    <ci> I_2p </ci>
                  </apply>
                </apply>
                <ci> N </ci>
              </apply>
              <ci> R_1 </ci>
            </apply>
          </math>
                </kineticLaw>
      </reaction>
      <reaction id="r14" metaid="metaid_0000064" name="Recovery (I_1)" reversible="false" sboTerm="SBO:0000375">
        <listOfReactants>
          <speciesReference metaid="_19971940-f0d6-46e0-9794-bda5f65ac231" species="I_1"/>
        </listOfReactants>
        <listOfProducts>
          <speciesReference metaid="_38e6e4e6-4533-426a-b320-6cb818ce2333" species="R_1"/>
        </listOfProducts>
        <kineticLaw metaid="_7626f13f-b805-4604-9322-de84c23dbece">
          <math xmlns="http://www.w3.org/1998/Math/MathML">          
            <apply>
              <times/>
              <ci> gamma_1 </ci>
              <ci> I_1 </ci>
            </apply>
          </math>
                </kineticLaw>
      </reaction>
      <reaction id="r15" metaid="metaid_0000065" name="Recovery (I_2)" reversible="false" sboTerm="SBO:0000375">
        <listOfReactants>
          <speciesReference metaid="d9e1434d-beb5-4868-b5ea-78871d621421" species="I_2"/>
        </listOfReactants>
        <listOfProducts>
          <speciesReference metaid="_5337972e-2106-46f3-9773-7077edebf63b" species="R_2"/>
        </listOfProducts>
        <kineticLaw metaid="ca4a5479-892b-4b32-a5c0-a8a1cd00ac9d">
          <math xmlns="http://www.w3.org/1998/Math/MathML">          
            <apply>
              <times/>
              <ci> gamma_2 </ci>
              <ci> I_2 </ci>
            </apply>
          </math>
                </kineticLaw>
      </reaction>
      <reaction id="r16" metaid="metaid_0000066" name="Recovery (I_1p)" reversible="false" sboTerm="SBO:0000375">
        <listOfReactants>
          <speciesReference metaid="e9515206-b350-4249-89fc-3558a3b7391b" species="I_1p"/>
        </listOfReactants>
        <listOfProducts>
          <speciesReference metaid="_9ae5ba4d-9193-478b-8f51-ccbb0586ac62" species="R_p"/>
        </listOfProducts>
        <kineticLaw metaid="ad24eaa6-c4c4-4700-b788-72bc3cebe08b">
          <math xmlns="http://www.w3.org/1998/Math/MathML">          
            <apply>
              <times/>
              <ci> gamma_1 </ci>
              <ci> I_1p </ci>
            </apply>
          </math>
                </kineticLaw>
      </reaction>
      <reaction id="r17" metaid="metaid_0000067" name="Recovery (I_2p)" reversible="false" sboTerm="SBO:0000375">
        <listOfReactants>
          <speciesReference metaid="_2fa4f429-7601-4074-80cf-6069ca074792" species="I_2p"/>
        </listOfReactants>
        <listOfProducts>
          <speciesReference metaid="a35ea26e-3948-4198-9ce1-b2f6e3e76d58" species="R_p"/>
        </listOfProducts>
        <kineticLaw metaid="_0c4b0354-7e5e-4d31-b5d9-21ade8211e3c">
          <math xmlns="http://www.w3.org/1998/Math/MathML">          
            <apply>
              <times/>
              <ci> gamma_2 </ci>
              <ci> I_2p </ci>
            </apply>
          </math>
                </kineticLaw>
      </reaction>
      <reaction id="r18" metaid="metaid_0000068" name="Loss of Immunity (R_1)" reversible="false" sboTerm="SBO:0000375">
        <listOfReactants>
          <speciesReference metaid="ba2dc7a5-b806-4275-ab17-c1d51b197c18" species="R_1"/>
        </listOfReactants>
        <listOfProducts>
          <speciesReference metaid="_5998b40b-1243-49ac-a9cd-a47361d01469" species="S"/>
        </listOfProducts>
        <kineticLaw metaid="_0ab5e956-6514-4707-b2a0-ed1402ddc952">
          <math xmlns="http://www.w3.org/1998/Math/MathML">          
            <apply>
              <times/>
              <ci> sigma </ci>
              <ci> R_1 </ci>
            </apply>
          </math>
                </kineticLaw>
      </reaction>
      <reaction id="r19" metaid="metaid_0000069" name="Loss of Immunity (R_2)" reversible="false" sboTerm="SBO:0000375">
        <listOfReactants>
          <speciesReference metaid="bd1d0c5b-088d-4e92-ae5f-ec6cd9d9d6db" species="R_2"/>
        </listOfReactants>
        <listOfProducts>
          <speciesReference metaid="c6fa4da4-b076-42a5-9bc2-32d85df94527" species="S"/>
        </listOfProducts>
        <kineticLaw metaid="_2b94f20b-dec9-4f3e-852b-7338b81c126b">
          <math xmlns="http://www.w3.org/1998/Math/MathML">          
            <apply>
              <times/>
              <ci> sigma </ci>
              <ci> R_2 </ci>
            </apply>
          </math>
                </kineticLaw>
      </reaction>
      <reaction id="r20" metaid="metaid_0000070" name="Loss of Immunity (R_p)" reversible="false" sboTerm="SBO:0000375">
        <listOfReactants>
          <speciesReference metaid="ae2f8f80-7272-449c-acdd-72d22e4fd8b8" species="R_p"/>
        </listOfReactants>
        <listOfProducts>
          <speciesReference metaid="_7bda1eb7-0c37-4bb8-92be-3392378bd7b6" species="S"/>
        </listOfProducts>
        <kineticLaw metaid="_3687c9ac-7318-4cde-bfca-457b323c3088">
          <math xmlns="http://www.w3.org/1998/Math/MathML">          
            <apply>
              <times/>
              <ci> sigma </ci>
              <ci> R_p </ci>
            </apply>
          </math>
                </kineticLaw>
      </reaction>
    </listOfReactions>
  </model>
</sbml>