{
    "name": "Albeck2008_extrinsic_apoptosis",
    "description": "<notes xmlns=\"http://www.sbml.org/sbml/level2\">      <body xmlns=\"http://www.w3.org/1999/xhtml\">        <p>This the model used in the article:      <br />                <strong>Quantitative analysis of pathways controlling extrinsic apoptosis in single cells.</strong>                <br />          Albeck JG, Burke JM, Aldridge BB, Zhang M, Lauffenburger DA, Sorger PK.      <em>Mol Cell.</em>          2008 Apr 11;30(1):11-25.      PMID:      <a href=\"http://www.ncbi.nlm.nih.gov/pubmed/18406323\">18406323</a>          , doi:      <a href=\"http://dx.doi.org/10.1016/j.molcel.2008.02.012\">10.1016/j.molcel.2008.02.012</a>                <br />                <strong>Abstract:</strong>                <br />          Apoptosis in response to TRAIL or TNF requires the activation of initiator\tcaspases, which then activate the effector caspases that dismantle\tcells and cause death. However, little is known about the dynamics\tand regulatory logic linking initiators and effectors. Using a combination\tof live-cell reporters, flow cytometry, and immunoblotting, we find\tthat initiator caspases are active during the long and variable delay\tthat precedes mitochondrial outer membrane permeabilization (MOMP)\tand effector caspase activation. When combined with a mathematical\tmodel of core apoptosis pathways, experimental perturbation of regulatory\tlinks between initiator and effector caspases reveals that XIAP and\tproteasome-dependent degradation of effector caspases are important\tin restraining activity during the pre-MOMP delay. We identify conditions\tin which restraint is impaired, creating a physiologically indeterminate\tstate of partial cell death with the potential to generate genomic\tinstability. Together, these findings provide a quantitative picture\tof caspase regulatory networks and their failure modes.      <br />          The mitochondrial compartment is just added as a logical partition and its volume is not used in the mathematical formulas, to stick closer to the expressions used in the matlab files distributed with the original publication. There only the rate constants for bimolecular reactions are adapted by division by      <em>v</em>          , the ration of the volumes of the mitochondrial compartment and the total cell.      <br />          For BCL2 overexpression in figure 5, the initial BCL2 amount was increased by a factor 12 to 2.4*10      <sup>5</sup>          . For siRNA downregulation of XIAP its amount was multiplied by  0.13 to 1.3*10      <sup>4</sup>          .      </p>            <br />            <p>To the extent possible under law, all copyright and related or neighbouring rights to this encoded model have been dedicated to the public domain worldwide. Please refer to      <a href=\"http://creativecommons.org/publicdomain/zero/1.0/\" title=\"Creative Commons CC0\">CC0 Public Domain Dedication</a>          for more information.      </p>            <p>In summary, you are entitled to use this encoded model in absolutely any manner you deem suitable, verbatim, or with modification, alone or embedded it in a larger context, redistribute it, commercially or not, in a restricted way or not.</p>            <br />            <p>To cite BioModels Database, please use:      <a href=\"http://www.ncbi.nlm.nih.gov/pubmed/20587024\" target=\"_blank\">Li C, Donizelli M, Rodriguez N, Dharuri H, Endler L, Chelliah V, Li L, He E, Henry A, Stefan MI, Snoep JL, Hucka M, Le Novère N, Laibe C (2010) BioModels Database: An enhanced, curated and annotated resource for published quantitative kinetic models. BMC Syst Biol., 4:92.</a>                </p>            </body>          </notes>",
    "format": {
        "name": "SBML",
        "identifier": "SBML",
        "version": "L2V1"
    },
    "publication": {
        "type": "PubMed ID",
        "accession": "18406323",
        "journal": "Molecular cell",
        "title": "Quantitative analysis of pathways controlling extrinsic apoptosis in single cells.",
        "affiliation": "Department of Systems Biology, Harvard Medical School, WAB Room 438, 200 Longwood Avenue, Boston, MA 02115, USA.",
        "synopsis": "Apoptosis in response to TRAIL or TNF requires the activation of initiator caspases, which then activate the effector caspases that dismantle cells and cause death. However, little is known about the dynamics and regulatory logic linking initiators and effectors. Using a combination of live-cell reporters, flow cytometry, and immunoblotting, we find that initiator caspases are active during the long and variable delay that precedes mitochondrial outer membrane permeabilization (MOMP) and effector caspase activation. When combined with a mathematical model of core apoptosis pathways, experimental perturbation of regulatory links between initiator and effector caspases reveals that XIAP and proteasome-dependent degradation of effector caspases are important in restraining activity during the pre-MOMP delay. We identify conditions in which restraint is impaired, creating a physiologically indeterminate state of partial cell death with the potential to generate genomic instability. Together, these findings provide a quantitative picture of caspase regulatory networks and their failure modes.",
        "year": 2008,
        "month": "4",
        "volume": "30",
        "issue": "1",
        "pages": "11-25",
        "link": "http://identifiers.org/pubmed/18406323",
        "authors": [
            {
                "name": "John G Albeck",
                "institution": "Department of Systems Biology, Harvard Medical School, WAB Room 438, 200 Longwood Avenue, Boston, MA 02115, USA."
            },
            {
                "name": "John M Burke"
            },
            {
                "name": "Bree B Aldridge",
                "orcid": "0000-0003-2236-1424"
            },
            {
                "name": "Mingsheng Zhang"
            },
            {
                "name": "Douglas A Lauffenburger"
            },
            {
                "name": "Peter K Sorger",
                "orcid": "0000-0002-3364-1838"
            }
        ]
    },
    "files": {
        "main": [
            {
                "name": "BIOMD0000000220_url.xml",
                "description": "SBML L2V1 representation of Albeck2008_extrinsic_apoptosis",
                "fileSize": "318163",
                "mimeType": "application/xml",
                "md5sum": "9bb7e1495dbfb06767bae3a6ae2cac7e",
                "sha1sum": "a59c89c74aabc463a2562522cb3bd61a645819fa",
                "sha256sum": "35da1450391eaa1d7329934a3b2846277e025e0dd000fc6787e2091068c0a46d"
            }
        ],
        "additional": [
            {
                "name": "BIOMD0000000220-biopax2.owl",
                "description": "Auto-generated BioPAX (Level 2)",
                "fileSize": "74382",
                "mimeType": "application/rdf+xml",
                "md5sum": "8c03f41c561d92842d3930695c7ba2a8",
                "sha1sum": "a5b3abfbe6bd857353d6030183e88f0308a5fb40",
                "sha256sum": "eb4528bc3e09346153a698efb2ab93b731e750ad8cacff50ab8a58d610818b6b"
            },
            {
                "name": "BIOMD0000000220-biopax3.owl",
                "description": "Auto-generated BioPAX (Level 3)",
                "fileSize": "125897",
                "mimeType": "application/rdf+xml",
                "md5sum": "773037558c16f76c900231bc74b28f30",
                "sha1sum": "5b19b4a5b12468ea116c79502a87525f5d22ce8e",
                "sha256sum": "483a67875c6b83dc7ae37a8bad51be96f465c9913514d733999498f3994e02e0"
            },
            {
                "name": "BIOMD0000000220-matlab.m",
                "description": "Auto-generated Matlab file.",
                "fileSize": "22187",
                "mimeType": "text/x-matlab",
                "md5sum": "0c41670405f4e13aebe82b72323ff3a0",
                "sha1sum": "8bb302a561bc521bdd9d0c20ca75e9ac3a413538",
                "sha256sum": "e94e0f159dd06ce9a7fa7b0d0231455143a94367abe01edc9b2fba7dced7b98e"
            },
            {
                "name": "BIOMD0000000220-octave.m",
                "description": "Auto-generated Octave file.",
                "fileSize": "22187",
                "mimeType": "text/x-matlab",
                "md5sum": "ee844fd4419e5fd199c42aa2f6e39fb8",
                "sha1sum": "7fa7149040221526a04d590f39536c7af933bd09",
                "sha256sum": "d2b338a322b05a2c4dc91d1bbbc2f674a9548567c1d8a4bcfdad6537efbc2296"
            },
            {
                "name": "BIOMD0000000220.m",
                "description": "Auto-generated Octave file",
                "fileSize": "22187",
                "mimeType": "text/x-matlab",
                "md5sum": "ee844fd4419e5fd199c42aa2f6e39fb8",
                "sha1sum": "7fa7149040221526a04d590f39536c7af933bd09",
                "sha256sum": "d2b338a322b05a2c4dc91d1bbbc2f674a9548567c1d8a4bcfdad6537efbc2296"
            },
            {
                "name": "BIOMD0000000220.ode",
                "description": "Auto-generated ODE file for XPP.",
                "fileSize": "17474",
                "mimeType": "text/plain",
                "md5sum": "30e9ba2a610f4e9a26dc675223eccc43",
                "sha1sum": "d2c4bd851c81c2b83d74160224259b71cf06fcfa",
                "sha256sum": "096e77c6128377713c0d3928f88691483fab41887b555c2889140f4aa959efe6"
            },
            {
                "name": "BIOMD0000000220.pdf",
                "description": "Auto-generated PDF file",
                "fileSize": "365068",
                "mimeType": "application/pdf",
                "md5sum": "505b37829c8f500fbbb17545a2ccfea7",
                "sha1sum": "2508a10a541d7a7b4e627cf6f8f64957663742ea",
                "sha256sum": "a6241347e0baddf2f1435809b868b8879fcee44e55cb65d86f8ab2bf8ac4f043"
            },
            {
                "name": "BIOMD0000000220.png",
                "description": "Auto-generated Reaction graph (PNG)",
                "fileSize": "350026",
                "mimeType": "image/png",
                "md5sum": "869a8cba5a23c956574c834dc4b15864",
                "sha1sum": "b1ac5fb05443c07b83a7e727d929587e2b92901b",
                "sha256sum": "61cdc81b4c6afd7f8bdaaa20dd7bb4b655e25bbfb8f599c57689be6c4285287c"
            },
            {
                "name": "BIOMD0000000220.sci",
                "description": "Auto-generated Scilab file",
                "fileSize": "19050",
                "mimeType": "text/plain",
                "md5sum": "d83ab6c8012779c6ce690de235d4b8fe",
                "sha1sum": "bc29cd7c27e83e96c2e23d4dc68d9c546908d388",
                "sha256sum": "6919b335f85b7ca6f74d6e4ee7282236c020118f02bc6abe14553aab4eca6488"
            },
            {
                "name": "BIOMD0000000220.svg",
                "description": "Auto-generated Reaction graph (SVG)",
                "fileSize": "116656",
                "mimeType": "image/svg+xml",
                "md5sum": "2a711a5b36f59e727cae177b7b224880",
                "sha1sum": "50810a0fba4836fef3ecdf75ab4851dd557454ef",
                "sha256sum": "aa04a77212bb363a00915294454a1ab9aebc9892ca0d661de3c587f0b949b6f7"
            },
            {
                "name": "BIOMD0000000220.vcml",
                "description": "Auto-generated VCML file",
                "fileSize": "133609",
                "mimeType": "application/xml",
                "md5sum": "45b6b20acf8da86453a395f8e67cd509",
                "sha1sum": "695d38cdfa4d9c7699c0100f8b2eff5af30c6bfd",
                "sha256sum": "aee6eae6004c5e2e06ecf08a0a3378fb9a03f08534aa176724ec6cf85a489ce5"
            },
            {
                "name": "BIOMD0000000220_url.sedml",
                "description": "CRBM auto-generated \"template\" SED-ML file.",
                "fileSize": "101042",
                "mimeType": "application/xml",
                "md5sum": "13d8228c74abeb54b3cc06e0c696dce3",
                "sha1sum": "4f289f8c62efcb735794cf6fff13f75fe6fe1c26",
                "sha256sum": "bb2b4751244d4bfa0461ac6a99a47a1248afd610fbfa0eac1019039846698832"
            },
            {
                "name": "curation_image.png",
                "description": "Reproduced figure(s) from original curation.",
                "fileSize": "50920",
                "mimeType": "image/png",
                "md5sum": "414e1efd8ea898a8564987b9e3df5efc",
                "sha1sum": "bcd0ccd130ba4b97bcc943fdcd889b67cb959c15",
                "sha256sum": "b98dbd56ab71f002837d408f249013ef880011679eeb572db529b5ab93994808"
            },
            {
                "name": "curation_notes.txt",
                "description": "Notes from original curation (describes curation_image).",
                "fileSize": "470",
                "mimeType": "text/plain",
                "md5sum": "1097cd29e1bf2608a0d211b6f3e49d9e",
                "sha1sum": "d71d7295bf6e43a754db0eb94ab9bd1806f1b7b6",
                "sha256sum": "cc15bb7c0462f9a45e621aacbf6aff1ee10f5c88491f5af1782838dd6e9fc5a6"
            },
            {
                "name": "manifest.xml",
                "description": "Auto-generated manifest file for OMEX archives.",
                "fileSize": "2033",
                "mimeType": "application/xml",
                "md5sum": "a0330bd2f095f4ff8c45db21243ec45a",
                "sha1sum": "01962cc6bdc72bcdc44fa8b1918e9eb2a0fb80c4",
                "sha256sum": "bf13390ac70545d7edb3f84eea411e3ed1a9ba44ba97918797b8de65b2abaade"
            },
            {
                "name": "metadata.rdf",
                "description": "Auto-generated annotation metadata file.",
                "fileSize": "5470",
                "mimeType": "application/rdf+xml",
                "md5sum": "fde88b1b2c1aeecfff23b9372b382663",
                "sha1sum": "b75c84496bee9048046e851eb5a25aba6e906071",
                "sha256sum": "303f4ecd55cb23550f555cf28fbb4a7d0de55a582e261ad286fb721c6b2d3447"
            }
        ]
    },
    "history": {
        "revisions": [
            {
                "version": 1,
                "submitted": 1236964793,
                "submitter": "Laurence Calzone",
                "comment": "Original import of BIOMD0000000220.xml.origin"
            },
            {
                "version": 2,
                "submitted": 1424868151,
                "submitter": "Laurence Calzone",
                "comment": "Current version of Albeck2008_extrinsic_apoptosis"
            },
            {
                "version": 3,
                "submitted": 1724267074,
                "submitter": "Lucian Smith",
                "comment": "CRBM-sponsored manual and automated updates."
            }
        ]
    },
    "firstPublished": 1725281347,
    "submissionId": "MODEL6964793701",
    "publicationId": "BIOMD0000000220",
    "modellingApproach": {
        "accession": "MAMO_0000046",
        "name": "ordinary differential equation model",
        "resource": "http://identifiers.org/mamo/MAMO_0000046"
    },
    "curationStatus": "CURATED",
    "contributors": {
        "Curator": [
            {
                "name": "Lucian Smith",
                "email": "lpsmith@uw.edu",
                "affiliation": "University of Washington",
                "orcid": "0000-0001-7002-6386",
                "external": false
            }
        ],
        "Modeller": [
            {
                "name": "Laurence Calzone",
                "email": "laurence.calzone@curie.fr",
                "affiliation": "Institut Curie",
                "external": false
            }
        ]
    },
    "vcsIdentifier": "aaa",
    "modelLevelAnnotations": [
        {
            "qualifier": "bqmodel:is",
            "accession": "MODEL6964793701",
            "resource": "BioModels Database",
            "uri": "http://identifiers.org/biomodels.db/MODEL6964793701"
        },
        {
            "qualifier": "bqmodel:is",
            "accession": "BIOMD0000000220",
            "resource": "BioModels Database",
            "uri": "http://identifiers.org/biomodels.db/BIOMD0000000220"
        },
        {
            "qualifier": "bqmodel:isDescribedBy",
            "accession": "18406323",
            "resource": "PubMed",
            "uri": "http://identifiers.org/pubmed/18406323"
        },
        {
            "qualifier": "bqbiol:isVersionOf",
            "accession": "REACT_1059",
            "resource": "Reactome",
            "uri": "http://identifiers.org/reactome/REACT_1059"
        },
        {
            "qualifier": "bqbiol:isVersionOf",
            "accession": "hsa04210",
            "name": "Apoptosis - Homo sapiens (human)",
            "resource": "KEGG Pathway",
            "uri": "http://identifiers.org/kegg.pathway/hsa04210"
        },
        {
            "qualifier": "bqbiol:isVersionOf",
            "accession": "GO:0008624",
            "name": "apoptotic signaling pathway",
            "resource": "Gene Ontology",
            "uri": "http://identifiers.org/go/GO:0008624"
        },
        {
            "qualifier": "bqbiol:hasTaxon",
            "accession": "9606",
            "name": "Homo sapiens",
            "resource": "Taxonomy",
            "uri": "http://identifiers.org/taxonomy/9606"
        },
        {
            "qualifier": "bqbiol:hasProperty",
            "accession": "MAMO_0000046",
            "name": "Ordinary differential equation model",
            "resource": "Mathematical Modelling Ontology",
            "uri": "http://identifiers.org/mamo/MAMO_0000046"
        }
    ]
}