{
    "name": "Dwivedi2014 - Healthy Volunteer IL6 Model",
    "description": "<notes xmlns=\"http://www.sbml.org/sbml/level2/version4\">      <body xmlns=\"http://www.w3.org/1999/xhtml\">        <div class=\"dc:title\">Dwivedi2014 - Healthy Volunteer IL6Model</div><div class=\"dc:description\">This model is comprised of four models:<br /><ul>  <li>  <a href=\"http://www.ebi.ac.uk/biomodels-main/BIOMD0000000534\">[BIOMD0000000534]</a>  Healthy Volunteer model  <br /></li>  <li>  <a href=\"http://www.ebi.ac.uk/biomodels-main/BIOMD0000000535\">[BIOMD0000000535]</a>  Crohn's Disease - IL-6 Antibody  <br /></li>  <li>  <a href=\"http://www.ebi.ac.uk/biomodels-main/BIOMD0000000536\">[BIOMD0000000536]</a>  Crohn's Disease - sgp130FC</li>  <li>  <a href=\"http://www.ebi.ac.uk/biomodels-main/BIOMD0000000537\">[BIOMD0000000537]</a>  Crohn's Disease - IL-6Ra Antibody  <br /></li></ul>Possible avenues for Interleukin-6 (IL-6) inhibition intreating Crohn's disease are compared here. Each model refers toseparate ligands. The system simulates differential activity of theligands on the signalling of IL-6. <span class=\"st\">This affects Signal Transducer and Activator ofTranscription 3</span> (STAT3) activity on the production ofbiomarker C-Reactive Protein (CRP) expression.<br />Figures referring to this Healthy Volunteer model are 2c and2d.<br /></div><div class=\"dc:bibliographicCitation\">  <p>This model is described in the article:</p>  <div class=\"bibo:title\">    <a href=\"http://identifiers.org/pubmed/24402116\" title=\"Access to this publication\">A multiscale model of    interleukin-6-mediated immune regulation in Crohn's disease and    its application in drug discovery and development.</a>  </div>  <div class=\"bibo:authorList\">Dwivedi G, Fitz L, Hegen M, Martin  SW, Harrold J, Heatherington A, Li C.</div>  <div class=\"bibo:Journal\">CPT Pharmacometrics Syst Pharmacol  2014; 3: e89</div>  <p>Abstract:</p>  <div class=\"bibo:abstract\">    <p>In this study, we have developed a multiscale systems model    of interleukin (IL)-6-mediated immune regulation in Crohn's    disease, by integrating intracellular signaling with    organ-level dynamics of pharmacological markers underlying the    disease. This model was linked to a general pharmacokinetic    model for therapeutic monoclonal antibodies and used to    comparatively study various biotherapeutic strategies targeting    IL-6-mediated signaling in Crohn's disease. Our work    illustrates techniques to develop mechanistic models of disease    biology to study drug-system interaction. Despite a sparse    training data set, predictions of the model were qualitatively    validated by clinical biomarker data from a pilot trial with    tocilizumab. Model-based analysis suggests that strategies    targeting IL-6, IL-6R?, or the IL-6/sIL-6R? complex are less    effective at suppressing pharmacological markers of Crohn's    than dual targeting the IL-6/sIL-6R? complex in addition to    IL-6 or IL-6R?. The potential value of multiscale system    pharmacology modeling in drug discovery and development is also    discussed.CPT: Pharmacometrics &amp; Systems Pharmacology    (2014) 3, e89; doi:10.1038/psp.2013.64; advance online    publication 8 January 2014.</p>  </div></div><div class=\"dc:publisher\">  <p>This model is hosted on   <a href=\"http://www.ebi.ac.uk/biomodels/\">BioModels Database</a>  and identified by:   <a href=\"http://identifiers.org/biomodels.db/BIOMD0000000534\">BIOMD0000000534</a>.</p>  <p>To cite BioModels Database, please use:   <a href=\"http://identifiers.org/pubmed/20587024\" title=\"Latest BioModels Database publication\">BioModels Database:  An enhanced, curated and annotated resource for published  quantitative kinetic models</a>.</p></div><div class=\"dc:license\">  <p>To the extent possible under law, all copyright and related or  neighbouring rights to this encoded model have been dedicated to  the public domain worldwide. Please refer to   <a href=\"http://creativecommons.org/publicdomain/zero/1.0/\" title=\"Access to: CC0 1.0 Universal (CC0 1.0), Public Domain Dedication\">CC0  Public Domain Dedication</a> for more information.</p></div></body>    </notes>",
    "format": {
        "name": "SBML",
        "identifier": "SBML",
        "version": "L2V4"
    },
    "publication": {
        "type": "PubMed ID",
        "accession": "24402116",
        "journal": "CPT: pharmacometrics & systems pharmacology",
        "title": "A multiscale model of interleukin-6-mediated immune regulation in Crohn's disease and its application in drug discovery and development.",
        "affiliation": "The Wallace H. Coulter Department of Biomedical Engineering, Georgia Institute of Technology and Emory University, Atlanta, Georgia, USA.",
        "synopsis": "In this study, we have developed a multiscale systems model of interleukin (IL)-6-mediated immune regulation in Crohn's disease, by integrating intracellular signaling with organ-level dynamics of pharmacological markers underlying the disease. This model was linked to a general pharmacokinetic model for therapeutic monoclonal antibodies and used to comparatively study various biotherapeutic strategies targeting IL-6-mediated signaling in Crohn's disease. Our work illustrates techniques to develop mechanistic models of disease biology to study drug-system interaction. Despite a sparse training data set, predictions of the model were qualitatively validated by clinical biomarker data from a pilot trial with tocilizumab. Model-based analysis suggests that strategies targeting IL-6, IL-6Rα, or the IL-6/sIL-6Rα complex are less effective at suppressing pharmacological markers of Crohn's than dual targeting the IL-6/sIL-6Rα complex in addition to IL-6 or IL-6Rα. The potential value of multiscale system pharmacology modeling in drug discovery and development is also discussed.CPT: Pharmacometrics & Systems Pharmacology (2014) 3, e89; doi:10.1038/psp.2013.64; advance online publication 8 January 2014.",
        "year": 2014,
        "month": "1",
        "volume": "3",
        "pages": "e89",
        "link": "http://identifiers.org/pubmed/24402116",
        "authors": [
            {
                "name": "G Dwivedi",
                "institution": "The Wallace H. Coulter Department of Biomedical Engineering, Georgia Institute of Technology and Emory University, Atlanta, Georgia, USA.",
                "orcid": "0000-0003-0681-0795"
            },
            {
                "name": "L Fitz",
                "institution": "Biotherapeutics Clinical Research, Pfizer Inc, Cambridge, Massachusetts, USA."
            },
            {
                "name": "M Hegen",
                "institution": "Immunoscience, Pfizer Inc, Cambridge, Massachusetts, USA."
            },
            {
                "name": "S W Martin",
                "institution": "Global Clinical Pharmacology, Pfizer Inc, Cambridge, Massachusetts, USA."
            },
            {
                "name": "J Harrold",
                "institution": "Pharmacokinetics, Dynamics & Metabolism, Pfizer Inc, Cambridge, Massachusetts, USA."
            },
            {
                "name": "A Heatherington",
                "institution": "Quantitative Clinical Sciences, Biotherapeutics, Pfizer Inc, Cambridge, Massachusetts, USA."
            },
            {
                "name": "C Li",
                "institution": "Quantitative Clinical Sciences, Biotherapeutics, Pfizer Inc, Cambridge, Massachusetts, USA."
            }
        ]
    },
    "files": {
        "main": [
            {
                "name": "BIOMD0000000534_url.xml",
                "description": "SBML L2V4 representation of Dwivedi2014 - Healthy Volunteer IL6 Model",
                "fileSize": "252873",
                "mimeType": "application/xml",
                "md5sum": "c82ebab457a8377f698879e24d762030",
                "sha1sum": "ce743401dedfa66692053d7f6f85e69b89cac435",
                "sha256sum": "2e46c330b393a11e90dee89d280390ed7fd1c1cb86c4ad67370002dafedfc641"
            }
        ],
        "additional": [
            {
                "name": "BIOMD0000000534-biopax2.owl",
                "description": "Auto-generated BioPAX (Level 2)",
                "fileSize": "121258",
                "mimeType": "application/rdf+xml",
                "md5sum": "72de71e5c977fe7d9ad697ebcff3d43a",
                "sha1sum": "0966ccd66f0212ec98f95d34356899ad44e69cb8",
                "sha256sum": "ffee70b966af99f7cabd705296a70a19fd51096036566c27a9a9c32efd344abc"
            },
            {
                "name": "BIOMD0000000534-biopax3.owl",
                "description": "Auto-generated BioPAX (Level 3)",
                "fileSize": "206837",
                "mimeType": "application/rdf+xml",
                "md5sum": "f1ad2d8041be6368b71291598569153d",
                "sha1sum": "e8e4d65c286e2e8b1c2d30abc4b7fdce26f6506c",
                "sha256sum": "ed5449fec0f50132e487078c15830a3f49c79f9ecee2630cecbf2f54ef07654a"
            },
            {
                "name": "BIOMD0000000534-matlab.m",
                "description": "Auto-generated Matlab file.",
                "fileSize": "60468",
                "mimeType": "text/x-matlab",
                "md5sum": "cee7757d32cb311b1db30cdddc3d5a0e",
                "sha1sum": "e27ba1a37e2116b7cd5adfcab0db740ac2e73c71",
                "sha256sum": "b915d0cb134359d0a2cf2ceca630a59c54a8da702a1adaaf65b820595e5f4fe6"
            },
            {
                "name": "BIOMD0000000534-octave.m",
                "description": "Auto-generated Octave file.",
                "fileSize": "60468",
                "mimeType": "text/x-matlab",
                "md5sum": "0fa23ef6043a0b7ad35263801517f16b",
                "sha1sum": "1fbb0ba2f06224c2ab9d1203b89d22f792207930",
                "sha256sum": "031f97e50f6bb8a5cff0f3a8b6904589868509df13839f13d8c2018fdbbe4d95"
            },
            {
                "name": "BIOMD0000000534.m",
                "description": "Auto-generated Octave file",
                "fileSize": "60468",
                "mimeType": "text/x-matlab",
                "md5sum": "0fa23ef6043a0b7ad35263801517f16b",
                "sha1sum": "1fbb0ba2f06224c2ab9d1203b89d22f792207930",
                "sha256sum": "031f97e50f6bb8a5cff0f3a8b6904589868509df13839f13d8c2018fdbbe4d95"
            },
            {
                "name": "BIOMD0000000534.ode",
                "description": "Auto-generated ODE file for XPP.",
                "fileSize": "47719",
                "mimeType": "text/plain",
                "md5sum": "2615c176d2fa508048b337ec982415ed",
                "sha1sum": "e8159b9a06340ddb3e2b01c59788bb0dd4f7c79b",
                "sha256sum": "95ee2ee83ad13d15203b9b5d219a68e18d3e57de3225705fbf4086452439cbff"
            },
            {
                "name": "BIOMD0000000534.pdf",
                "description": "Auto-generated PDF file",
                "fileSize": "777327",
                "mimeType": "application/pdf",
                "md5sum": "9a4ee7b3283d4964b97f7150f856be59",
                "sha1sum": "02742c1bc605f894211ff5e123e0c26f168a54b6",
                "sha256sum": "d9784474c8f24f578e9f03db4e9a3b6be50150428fcdffa29ef2eb5acb864c84"
            },
            {
                "name": "BIOMD0000000534.png",
                "description": "Auto-generated Reaction graph (PNG)",
                "fileSize": "1004942",
                "mimeType": "image/png",
                "md5sum": "771f69361c4fffbb7c729fb719beb46b",
                "sha1sum": "a571b4cdf4166db382bb007b1abb54c735117934",
                "sha256sum": "36c7ff016a4846fe09868ae33885c193f3cbb18bb7f891706f0c1d7cac45184c"
            },
            {
                "name": "BIOMD0000000534.svg",
                "description": "Auto-generated Reaction graph (SVG)",
                "fileSize": "257063",
                "mimeType": "image/svg+xml",
                "md5sum": "b1c0e91bf01412c1a4aa012098e15153",
                "sha1sum": "f60216eb27c17349582d17c0abc39c49a036e510",
                "sha256sum": "ca00c4c33cf8a3921f62f5d0ae5ef859764b8fda01876aa7125b26a2480db027"
            },
            {
                "name": "BIOMD0000000534_url.sedml",
                "description": "CRBM auto-generated \"template\" SED-ML file.",
                "fileSize": "128369",
                "mimeType": "application/xml",
                "md5sum": "50ffe3514e76ff66173ba2c2819545ea",
                "sha1sum": "506e600985df3b740e01a45572dd63faec694803",
                "sha256sum": "b880bf0f51e921ffc7bcdb39c49a5a4a60a14ea81be39438aa098aa9a5404a14"
            },
            {
                "name": "Dwivedi2014_IL6_Healthy_volunteers_curation_log.txt.zip",
                "description": "curation log.txt file summarising all changes made to original model.\r\nIncludes details of figure reproduction.",
                "fileSize": "1153",
                "mimeType": "application/zip",
                "md5sum": "0ba4711bd800236869b7282ec625830d",
                "sha1sum": "af57f58d5230659ec5f97c1045acd2ce9a9083d1",
                "sha256sum": "dc48f40eb2828448a092f2badd555a9f0c22ebbabd3b0a3f346dffcaf697ce2c"
            },
            {
                "name": "curation_image.png",
                "description": "Reproduced figure(s) from original curation.",
                "fileSize": "122010",
                "mimeType": "image/png",
                "md5sum": "a09ab03f443f6db58db71aa96b84d714",
                "sha1sum": "929d7bcade1e606b221001a1ec0c752ff72fb82d",
                "sha256sum": "c11bb4d693f7850d7f8673e10473719260ca23a7f80c45f4baebe9e3b59963f5"
            },
            {
                "name": "curation_notes.txt",
                "description": "Notes from original curation (describes curation_image).",
                "fileSize": "414",
                "mimeType": "text/plain",
                "md5sum": "c5c91d86538d5c3cf75ffa6cd369f37f",
                "sha1sum": "7459766331a9f7906257b41c3107194abefb3984",
                "sha256sum": "9c5394705a3a009dfef5aff3a89192aa8c79a3441e8605e9acda7cbb6a62344f"
            },
            {
                "name": "manifest.xml",
                "description": "Auto-generated manifest file for OMEX archives.",
                "fileSize": "1942",
                "mimeType": "application/xml",
                "md5sum": "72be2be8d22c5f00813bb5902af2b69e",
                "sha1sum": "a843ef8902e7d6d633a46f617a69d63446c12450",
                "sha256sum": "63570dc4aef95f43252eb2be0ae7f4f2812c17089a3e2fd675afec528cf98530"
            },
            {
                "name": "metadata.rdf",
                "description": "Auto-generated annotation metadata file.",
                "fileSize": "6760",
                "mimeType": "application/rdf+xml",
                "md5sum": "c7193415f0f2ca26100d9628d9dc08a3",
                "sha1sum": "dd9dbe97901236896b78809b2a2cf488ec4923db",
                "sha256sum": "3a88ff81fbfd94e59501f7c4f892f122b1480761317c975c01f9614aef936bd7"
            }
        ]
    },
    "history": {
        "revisions": [
            {
                "version": 1,
                "submitted": 1407242464,
                "submitter": "Vincent Knight-Schrijver",
                "comment": "Original import of Dwivedi2014 - Healthy Volunteer IL6 Model"
            },
            {
                "version": 2,
                "submitted": 1478270468,
                "submitter": "Vincent Knight-Schrijver",
                "comment": "Current version of Dwivedi2014 - Healthy Volunteer IL6 Model"
            },
            {
                "version": 3,
                "submitted": 1545413235,
                "submitter": "administrator",
                "comment": "Include the additional files provided by the submitter in the original submission: Dwivedi2014_IL6_Healthy_volunteers_curation_log.txt.zip"
            },
            {
                "version": 4,
                "submitted": 1724277001,
                "submitter": "Lucian Smith",
                "comment": "CRBM-sponsored manual and automated updates."
            }
        ]
    },
    "firstPublished": 1725281702,
    "submissionId": "MODEL1408050000",
    "publicationId": "BIOMD0000000534",
    "modellingApproach": {
        "accession": "MAMO_0000046",
        "name": "ordinary differential equation model",
        "resource": "http://identifiers.org/mamo/MAMO_0000046"
    },
    "curationStatus": "CURATED",
    "contributors": {
        "Curator": [
            {
                "name": "Lucian Smith",
                "email": "lpsmith@uw.edu",
                "affiliation": "University of Washington",
                "orcid": "0000-0001-7002-6386",
                "external": false
            }
        ],
        "Modeller": [
            {
                "name": "administrator",
                "email": "biomodels-developers@ebi.ac.uk",
                "affiliation": "EMBL - European Bioinformatics Institute (EBI)",
                "external": false
            },
            {
                "name": "Vincent Knight-Schrijver",
                "email": "vknight@ebi.ac.uk",
                "affiliation": "EMBL-EBI",
                "external": false
            }
        ]
    },
    "vcsIdentifier": "aaa",
    "modelLevelAnnotations": [
        {
            "qualifier": "bqbiol:hasTaxon",
            "accession": "9606",
            "name": "Homo sapiens",
            "resource": "Taxonomy",
            "uri": "http://identifiers.org/taxonomy/9606"
        },
        {
            "qualifier": "bqmodel:is",
            "accession": "MODEL1408050000",
            "resource": "BioModels Database",
            "uri": "http://identifiers.org/biomodels.db/MODEL1408050000"
        },
        {
            "qualifier": "bqmodel:is",
            "accession": "BIOMD0000000534",
            "resource": "BioModels Database",
            "uri": "http://identifiers.org/biomodels.db/BIOMD0000000534"
        },
        {
            "qualifier": "bqmodel:isDescribedBy",
            "accession": "24402116",
            "resource": "PubMed",
            "uri": "http://identifiers.org/pubmed/24402116"
        },
        {
            "qualifier": "bqbiol:hasPart",
            "accession": "GO:0007259",
            "name": "JAK-STAT cascade",
            "resource": "Gene Ontology",
            "uri": "http://identifiers.org/go/GO:0007259"
        },
        {
            "qualifier": "bqbiol:isVersionOf",
            "accession": "GO:0004915",
            "name": "interleukin-6 receptor activity",
            "resource": "Gene Ontology",
            "uri": "http://identifiers.org/go/GO:0004915"
        },
        {
            "qualifier": "bqbiol:hasVersion",
            "accession": "DOID:8778",
            "name": "Crohn's disease",
            "resource": "Human Disease Ontology",
            "uri": "http://identifiers.org/doid/DOID:8778"
        },
        {
            "qualifier": "bqbiol:isPartOf",
            "accession": "REACT_27307.1",
            "name": "Interleukin-6 signaling",
            "resource": "Reactome",
            "uri": "http://identifiers.org/reactome/REACT_27307.1"
        },
        {
            "qualifier": "bqbiol:hasProperty",
            "accession": "MAMO_0000046",
            "name": "Ordinary differential equation model",
            "resource": "Mathematical Modelling Ontology",
            "uri": "http://identifiers.org/mamo/MAMO_0000046"
        }
    ]
}