<?xml version="1.0" encoding="UTF-8"?>
<omexManifest xmlns="http://identifiers.org/combine.specifications/omex-manifest">
  <content location="Chaudhury2020 Eq 7-9 - Fig 3(A) simulation.sedml" format="http://identifiers.org/combine.specifications/sed-ml" master="false"/>
  <content location="Chaudhury2020 Eq 7-9 - Fig 3(B) simulation.sedml" format="http://identifiers.org/combine.specifications/sed-ml" master="false"/>
  <content location="Chaudhury2020 Eq 7-9 - Fig 4(A) simulation.sedml" format="http://identifiers.org/combine.specifications/sed-ml" master="false"/>
  <content location="Chaudhury2020 Eq 7-9 - Fig 4(B) simulation.sedml" format="http://identifiers.org/combine.specifications/sed-ml" master="false"/>
  <content location="Chaudhury2020 Eq 7-9-biopax2.owl" format="http://purl.org/NET/mediatypes/application/rdf+xml" master="false"/>
  <content location="Chaudhury2020 Eq 7-9-biopax3.owl" format="http://purl.org/NET/mediatypes/application/rdf+xml" master="false"/>
  <content location="Chaudhury2020 Eq 7-9-matlab.m" format="http://purl.org/NET/mediatypes/text/x-matlab" master="false"/>
  <content location="Chaudhury2020 Eq 7-9.cps" format="http://purl.org/NET/mediatypes/application/x-copasi" master="false"/>
  <content location="Chaudhury2020 Eq 7-9.ode" format="http://purl.org/NET/mediatypes/text/x-ode" master="false"/>
  <content location="Chaudhury2020 Eq 7-9.xml" format="http://identifiers.org/combine.specifications/sbml" master="true"/>
  <content location="Fig 3(A) - Biphasis CAR-T cell kinetics with cure.png" format="http://purl.org/NET/mediatypes/image/png" master="false"/>
  <content location="Fig 3(B) - Biphasis CAR-T cell kinetics with relapse.png" format="http://purl.org/NET/mediatypes/image/png" master="false"/>
  <content location="Fig 4(A) - EC50 expansion B cells.png" format="http://purl.org/NET/mediatypes/image/png" master="false"/>
  <content location="Fig 4(A) - EC50 expansion CAR-T cells.png" format="http://purl.org/NET/mediatypes/image/png" master="false"/>
  <content location="Fig 4(B) - EC50 expansion B cells.png" format="http://purl.org/NET/mediatypes/image/png" master="false"/>
  <content location="Fig 4(B) - EC50 expansion CAR-T cells.png" format="http://purl.org/NET/mediatypes/image/png" master="false"/>
  <content location="curation_image.png" format="http://purl.org/NET/mediatypes/image/png" master="false"/>
  <content location="curation_notes.txt" format="http://purl.org/NET/mediatypes/text/plain" master="false"/>
  <content location="metadata.rdf" format="http://identifiers.org/combine.specifications/omex-metadata" master="false"/>
</omexManifest>
