<?xml version="1.0" encoding="UTF-8"?>
<omexManifest xmlns="http://identifiers.org/combine.specifications/omex-manifest">
  <content location="Alharbi2020 - Fig 5.png" format="http://purl.org/NET/mediatypes/image/png" master="false"/>
  <content location="Alharbi2020 - Fig 5.sedml" format="http://identifiers.org/combine.specifications/sed-ml" master="false"/>
  <content location="Alharbi2020-biopax2.owl" format="http://purl.org/NET/mediatypes/application/rdf+xml" master="false"/>
  <content location="Alharbi2020-biopax3.owl" format="http://purl.org/NET/mediatypes/application/rdf+xml" master="false"/>
  <content location="Alharbi2020-matlab.m" format="http://purl.org/NET/mediatypes/text/x-matlab" master="false"/>
  <content location="Alharbi2020-octave.m" format="http://purl.org/NET/mediatypes/text/x-matlab" master="false"/>
  <content location="Alharbi2020.cps" format="http://purl.org/NET/mediatypes/application/x-copasi" master="false"/>
  <content location="Alharbi2020.ode" format="http://purl.org/NET/mediatypes/text/x-ode" master="false"/>
  <content location="Alharbi2020.xml" format="http://identifiers.org/combine.specifications/sbml" master="true"/>
  <content location="curation_image.png" format="http://purl.org/NET/mediatypes/image/png" master="false"/>
  <content location="curation_notes.txt" format="http://purl.org/NET/mediatypes/text/plain" master="false"/>
  <content location="metadata.rdf" format="http://identifiers.org/combine.specifications/omex-metadata" master="false"/>
</omexManifest>
