{
    "name": "Hoffman2018- ADCC against cancer",
    "description": "The paper describes a model of ADCC. Created by COPASI 4.26 (Build 213) This model is described in the article: A mathematical model of antibody-dependent cellular cytotoxicity (ADCC) F. Hoffman, D. Gavaghan, J. Osborne, I.P. Barrett, T. You, H. Ghadially, R. Sainson, R.W. Wilkinson, H.M. ByrneJournal of Theoretical Biology 436 (2018) 39–50 Abstract: Immunotherapies exploit the immune system to target and kill cancer cells, while sparing healthy tis- sue. Antibody therapies, an important class of immunotherapies, involve the binding to specific antigens on the surface of the tumour cells of antibodies that activate natural killer (NK) cells to kill the tu- mour cells. Preclinical assessment of molecules that may cause antibody-dependent cellular cytotoxicity (ADCC) involves co-culturing cancer cells, NK cells and antibody in vitro for several hours and measuring subsequent levels of tumour cell lysis. Here we develop a mathematical model of such an in vitro ADCC assay, formulated as a system of time-dependent ordinary differential equations and in which NK cells kill cancer cells at a rate which depends on the amount of antibody bound to each cancer cell. Numerical simulations generated using experimentally-based parameter estimates reveal that the system evolves on two timescales: a fast timescale on which antibodies bind to receptors on the surface of the tumour cells, and NK cells form complexes with the cancer cells, and a longer time-scale on which the NK cells kill the cancer cells. We construct approximate model solutions on each timescale, and show that they are in good agreement with numerical simulations of the full system. Our results show how the processes involved in ADCC change as the initial concentration of antibody and NK-cancer cell ratio are varied. We use these results to explain what information about the tumour cell kill rate can be extracted from the cytotoxicity assays.To cite BioModels Database, please use: BioModels Database: An enhanced, curated and annotated resource for published quantitative kinetic models . To the extent possible under law, all copyright and related or neighbouring rights to this encoded model have been dedicated to the public domain worldwide. Please refer to CC0 Public Domain Dedication for more information.",
    "format": {
        "name": "SBML",
        "identifier": "SBML",
        "version": "L3V1"
    },
    "publication": {
        "type": "PubMed ID",
        "accession": "28970093",
        "journal": "Journal of theoretical biology",
        "title": "A mathematical model of antibody-dependent cellular cytotoxicity (ADCC).",
        "affiliation": "Department of Computer Science, University of Oxford, Oxford, UK.",
        "synopsis": "Immunotherapies exploit the immune system to target and kill cancer cells, while sparing healthy tissue. Antibody therapies, an important class of immunotherapies, involve the binding to specific antigens on the surface of the tumour cells of antibodies that activate natural killer (NK) cells to kill the tumour cells. Preclinical assessment of molecules that may cause antibody-dependent cellular cytotoxicity (ADCC) involves co-culturing cancer cells, NK cells and antibody in vitro for several hours and measuring subsequent levels of tumour cell lysis. Here we develop a mathematical model of such an in vitro ADCC assay, formulated as a system of time-dependent ordinary differential equations and in which NK cells kill cancer cells at a rate which depends on the amount of antibody bound to each cancer cell. Numerical simulations generated using experimentally-based parameter estimates reveal that the system evolves on two timescales: a fast timescale on which antibodies bind to receptors on the surface of the tumour cells, and NK cells form complexes with the cancer cells, and a longer time-scale on which the NK cells kill the cancer cells. We construct approximate model solutions on each timescale, and show that they are in good agreement with numerical simulations of the full system. Our results show how the processes involved in ADCC change as the initial concentration of antibody and NK-cancer cell ratio are varied. We use these results to explain what information about the tumour cell kill rate can be extracted from the cytotoxicity assays.",
        "year": 2018,
        "month": "1",
        "volume": "436",
        "pages": "39-50",
        "link": "http://identifiers.org/pubmed/28970093",
        "authors": [
            {
                "name": "F Hoffman",
                "institution": "Department of Computer Science, University of Oxford, Oxford, UK."
            },
            {
                "name": "D Gavaghan",
                "institution": "Department of Computer Science, University of Oxford, Oxford, UK."
            },
            {
                "name": "J Osborne",
                "institution": "Department of Computer Science, University of Oxford, Oxford, UK; School of Mathematics and Statistics, University of Melbourne, AUS."
            },
            {
                "name": "I P Barrett",
                "institution": "Quantitative Biology, Astrazeneca Ltd., Cambridge, UK."
            },
            {
                "name": "T You",
                "institution": "Computational Biology, Astrazeneca Ltd., Alderley Edge, UK; Beyond Consulting Ltd., BioHub, Alderley Park, Cheshire SK12 4TG, UK."
            },
            {
                "name": "H Ghadially",
                "institution": "Medimmune Ltd., Cambridge, UK."
            },
            {
                "name": "R Sainson",
                "institution": "Medimmune Ltd., Cambridge, UK."
            },
            {
                "name": "R W Wilkinson",
                "institution": "Medimmune Ltd., Cambridge, UK.",
                "orcid": "0000-0001-8180-2643"
            },
            {
                "name": "H M Byrne",
                "institution": "Wolfson Centre for Mathematical Biology, Mathematical Institute, University of Oxford, Andrew Wiles Building, Radcliffe Observatory Quarter, Woodstock Road, Oxford OX2 6GG, UK.",
                "orcid": "0000-0003-1771-5910"
            }
        ]
    },
    "files": {
        "main": [
            {
                "name": "Hoffman2017.xml",
                "description": "SBML L3V1 representation of ADCC model",
                "fileSize": "56563",
                "mimeType": "application/xml",
                "md5sum": "7acd473acac3ae737780dadac60f70cd",
                "sha1sum": "2e57e5ebce79f23db5cad59c5488924aa482da79",
                "sha256sum": "28895f151dfa35ee265d7dc6f63acf2a1152c4ca509a6dc153c5ae934ed8b553"
            }
        ],
        "additional": [
            {
                "name": "Hoffman2017-biopax2.owl",
                "description": "Auto-generated BioPAX (Level 2) file.",
                "fileSize": "10777",
                "mimeType": "application/rdf+xml",
                "md5sum": "18e60c54a6386d7ce1136f0cb9f90566",
                "sha1sum": "5ee0c7a99dfbbe52e677bdc4505a55a25eee084a",
                "sha256sum": "eef9452b6b1b26913b7f8874a7ab5ab86870b9503e476601cc9a4a377f304107"
            },
            {
                "name": "Hoffman2017-biopax3.owl",
                "description": "Auto-generated BioPAX (Level 3) file.",
                "fileSize": "15090",
                "mimeType": "application/rdf+xml",
                "md5sum": "1bf091284dfee90d241e5ce52acd0171",
                "sha1sum": "74e7229753fc00215197cbb08251d199292e6bb5",
                "sha256sum": "cbdd7cfd25c8fac6ac58fa3174f4b3e071a4bd775dbca3ad2e356f0bb44ef0ae"
            },
            {
                "name": "Hoffman2017-matlab.m",
                "description": "Auto-generated Matlab file.",
                "fileSize": "5188",
                "mimeType": "text/x-matlab",
                "md5sum": "9e7ee51e7ca050757292cf8f2230b348",
                "sha1sum": "630cf898df15ddacf18d1630ef9844064f9306fc",
                "sha256sum": "4a415831a1ea8c576cc3c556a89e3860780dcf62202965b531b10ff9eb029dc2"
            },
            {
                "name": "Hoffman2017-octave.m",
                "description": "Auto-generated Octave file.",
                "fileSize": "5188",
                "mimeType": "text/x-matlab",
                "md5sum": "7df2dd31e406f12bbc456cde59186e78",
                "sha1sum": "d05a88dda7b5c7a788f771db1996f1178df66b37",
                "sha256sum": "d5569db69e31550ca9f245173cea272fb6480b2cf9c278e47d9a0e9d0ee0c4d9"
            },
            {
                "name": "Hoffman2017.cps",
                "description": "CPS file of the model in COPASI",
                "fileSize": "74222",
                "mimeType": "application/xml",
                "md5sum": "32c227b1c5d623f0b610f5010cffc1dd",
                "sha1sum": "79a9a7804cf3ab7efae4ef39a11ecd7b209391c4",
                "sha256sum": "3ca4391dbb9d878222e2b8fc591cf59a5fe985c4b114460dd11db92fdb3468fa"
            },
            {
                "name": "Hoffman2017.ode",
                "description": "Auto-generated ODE file for XPP.",
                "fileSize": "3102",
                "mimeType": "text/plain",
                "md5sum": "da1822d23ba3fe510ddc1bdc91148a37",
                "sha1sum": "9043a2cd77336b27aa82bcf5720a3524c88a75ae",
                "sha256sum": "0d9d4ece60c733d1670f27018e7b4b77ee217f73a987c61dcc81ea878843dd41"
            },
            {
                "name": "Hoffman2017.sedml",
                "description": "CRBM-processed SED-ML file, based on original COPASI save file export.",
                "fileSize": "15440",
                "mimeType": "application/xml",
                "md5sum": "9a8d9e69f0058d6297152f38dfb5478d",
                "sha1sum": "a3a542b469030bf9a628aa1f3a8abffa468d277f",
                "sha256sum": "dd24300f75bcdc8ebc3ae829a9db1ee65e88dd21dd5ade786211f10ac28d8b16"
            },
            {
                "name": "curation_image.png",
                "description": "Reproduced figure(s) from original curation.",
                "fileSize": "40825",
                "mimeType": "image/png",
                "md5sum": "1ef8cc0471fca950df11a2fbb29d0daa",
                "sha1sum": "19cf33534466592c51eb1ea28163b446e8eae325",
                "sha256sum": "354bd666a7c2b71841314a05f1421bcaab711b956e754ff6c80f479699114209"
            },
            {
                "name": "curation_notes.txt",
                "description": "Notes from original curation (describes curation_image).",
                "fileSize": "106",
                "mimeType": "text/plain",
                "md5sum": "25a788ec77d4ff5da8c200dcb5fbd2e4",
                "sha1sum": "d6c0256a66257c7ca3949fdc0deee29346829032",
                "sha256sum": "e44ae9102d204757805181c4e0cb82e95d9be5a9e395d3a46282adf05f00a02c"
            },
            {
                "name": "manifest.xml",
                "description": "Auto-generated manifest file for OMEX archives.",
                "fileSize": "1419",
                "mimeType": "application/xml",
                "md5sum": "6a4bb0cbfb2f91336c87a3b4bfbbb6a0",
                "sha1sum": "8d4c2650bf67e77b98021efd0cbc0cb11cb820e4",
                "sha256sum": "f5809685e383e81afde0f4064c55da647cc1b2831fd3100905a2a6bb2ab225eb"
            },
            {
                "name": "metadata.rdf",
                "description": "Auto-generated annotation metadata file.",
                "fileSize": "4015",
                "mimeType": "application/rdf+xml",
                "md5sum": "bc1a6931fe2eaf79264269ca48f48681",
                "sha1sum": "1afba42332a0e50f30e06a6f105bf2837e0aa76d",
                "sha256sum": "7f57da25d5d35865ef0bb0c55c05da303d762bd5dde95a585d47fc4f55728bc8"
            }
        ]
    },
    "history": {
        "revisions": [
            {
                "version": 3,
                "submitted": 1566314803,
                "submitter": "Jinghao Men",
                "comment": "Automatically added model identifier BIOMD0000000802"
            },
            {
                "version": 4,
                "submitted": 1724286326,
                "submitter": "Lucian Smith",
                "comment": "CRBM-sponsored manual and automated updates."
            }
        ]
    },
    "firstPublished": 1725281874,
    "submissionId": "MODEL1908200002",
    "publicationId": "BIOMD0000000802",
    "modellingApproach": {
        "accession": "MAMO_0000046",
        "name": "ordinary differential equation model",
        "resource": "http://identifiers.org/mamo/MAMO_0000046"
    },
    "curationStatus": "CURATED",
    "modelTags": [
        "Immuno-oncology"
    ],
    "contributors": {
        "Curator": [
            {
                "name": "Lucian Smith",
                "email": "lpsmith@uw.edu",
                "affiliation": "University of Washington",
                "orcid": "0000-0001-7002-6386",
                "external": false
            }
        ],
        "Modeller": [
            {
                "name": "Jinghao Men",
                "email": "jm2187@cam.ac.uk",
                "affiliation": "University of Cambridge",
                "orcid": "0000-0003-4781-8144",
                "external": false
            }
        ]
    },
    "vcsIdentifier": "aai",
    "modelLevelAnnotations": [
        {
            "qualifier": "bqbiol:hasTaxon",
            "accession": "9606",
            "name": "Homo sapiens",
            "resource": "Taxonomy",
            "uri": "http://identifiers.org/taxonomy/9606"
        },
        {
            "qualifier": "bqbiol:hasProperty",
            "accession": "MAMO_0000046",
            "name": "Ordinary differential equation model",
            "resource": "Mathematical Modelling Ontology",
            "uri": "http://identifiers.org/mamo/MAMO_0000046"
        },
        {
            "qualifier": "bqmodel:isDescribedBy",
            "accession": "28970093",
            "resource": "PubMed",
            "uri": "http://identifiers.org/pubmed/28970093"
        },
        {
            "qualifier": "bqmodel:is",
            "accession": "MODEL1908200002",
            "resource": "BioModels Database",
            "uri": "http://identifiers.org/biomodels.db/MODEL1908200002"
        },
        {
            "qualifier": "bqmodel:is",
            "accession": "BIOMD0000000802",
            "resource": "BioModels Database",
            "uri": "http://identifiers.org/biomodels.db/BIOMD0000000802"
        },
        {
            "qualifier": "bqbiol:hasProperty",
            "accession": "GO:0001788",
            "name": "antibody-dependent cellular cytotoxicity",
            "resource": "Gene Ontology",
            "uri": "http://identifiers.org/go/GO:0001788"
        }
    ]
}