{
    "name": "Robertson-Tessi M 2012 A model of tumor Immune interaction",
    "description": "<notes xmlns=\"http://www.sbml.org/sbml/level2/version4\">      <body xmlns=\"http://www.w3.org/1999/xhtml\">        <p>Its a mathematical model presenting the interaction between a growing tumor and immune system. Model involves tumor cells, dendritic cell, helper Tcells, regulatory Tcells, effector cells and certain cytokines (e.g. TGFbeta, IL10, IL2 ) produced by these cells. It represent a dynamic regulation of tumor production/killing by different immune cells and cytokines.</p>      </body>    </notes>",
    "format": {
        "name": "SBML",
        "identifier": "SBML",
        "version": "L2V4"
    },
    "publication": {
        "type": "PubMed ID",
        "accession": "22051568",
        "journal": "Journal of theoretical biology",
        "title": "A mathematical model of tumor-immune interactions.",
        "affiliation": "Program in Applied Mathematics, University of Arizona, Tucson, AZ 85721, United States. mark.robertsontessi@moffitt.org",
        "synopsis": "A mathematical model of the interactions between a growing tumor and the immune system is presented. The equations and parameters of the model are based on experimental and clinical results from published studies. The model includes the primary cell populations involved in effector T-cell mediated tumor killing: regulatory T cells, helper T cells, and dendritic cells. A key feature is the inclusion of multiple mechanisms of immunosuppression through the main cytokines and growth factors mediating the interactions between the cell populations. Decreased access of effector cells to the tumor interior with increasing tumor size is accounted for. The model is applied to tumors with different growth rates and antigenicities to gauge the relative importance of various immunosuppressive mechanisms. The most important factors leading to tumor escape are TGF-β-induced immunosuppression, conversion of helper T cells into regulatory T cells, and the limitation of immune cell access to the full tumor at large tumor sizes. The results suggest that for a given tumor growth rate, there is an optimal antigenicity maximizing the response of the immune system. Further increases in antigenicity result in increased immunosuppression, and therefore a decrease in tumor killing rate. This result may have implications for immunotherapies which modulate the effective antigenicity. Simulation of dendritic cell therapy with the model suggests that for some tumors, there is an optimal dose of transfused dendritic cells.",
        "year": 2012,
        "month": "2",
        "volume": "294",
        "pages": "56-73",
        "link": "http://identifiers.org/pubmed/22051568",
        "authors": [
            {
                "name": "Mark Robertson-Tessi",
                "institution": "Program in Applied Mathematics, University of Arizona, Tucson, AZ 85721, United States. mark.robertsontessi@moffitt.org",
                "orcid": "0000-0003-0143-9587"
            },
            {
                "name": "Ardith El-Kareh"
            },
            {
                "name": "Alain Goriely",
                "orcid": "0000-0002-6436-8483"
            }
        ]
    },
    "files": {
        "main": [
            {
                "name": "22051568_Tessi.xml",
                "description": "SBML Level2 version4",
                "fileSize": "155225",
                "mimeType": "application/xml",
                "md5sum": "4c371fa902e626ca4931257ccea9df9c",
                "sha1sum": "1b99bd8b55c332532e977c693ccee0fb0bc9e1d8",
                "sha256sum": "654639588b84f8c6be742ef435200c8db838f454e0a58bf53106b39afb78500c"
            }
        ],
        "additional": [
            {
                "name": "22051568_Tessi-biopax2.owl",
                "description": "Auto-generated BioPAX (Level 2) file.",
                "fileSize": "39875",
                "mimeType": "application/rdf+xml",
                "md5sum": "491acd4c25cd49f72db3e5edab79899a",
                "sha1sum": "78c4975f2cd26c83327dcb5907215ceaa9485ae6",
                "sha256sum": "fb9a357ef2d100032fb2f7eb04547fe418845a5f39ecaf0254a1ac969709252f"
            },
            {
                "name": "22051568_Tessi-biopax3.owl",
                "description": "Auto-generated BioPAX (Level 3) file.",
                "fileSize": "64119",
                "mimeType": "application/rdf+xml",
                "md5sum": "9cecbc09e7792bde363568fd7e83e290",
                "sha1sum": "a9497327e5be7b549fb666884c2278e88747f783",
                "sha256sum": "f7241519259e4fcf4e3c31c6cf7249295c0f79a08c9ced2a6056c224d36832eb"
            },
            {
                "name": "22051568_Tessi.cps",
                "description": "COPASI 4.24 (build196) file",
                "fileSize": "186770",
                "mimeType": "application/xml",
                "md5sum": "38060653ecba94a68538cb011727adcc",
                "sha1sum": "6442417dede24c1bcc12779870bbe01dc7fbe0f8",
                "sha256sum": "bf0f1dcff3677e838b1304589fa7977bd5133a19ea1a25552b12a797cb0ab4b8"
            },
            {
                "name": "22051568_Tessi.sedml",
                "description": "SEDML file (additionally CRBM-validated and adjusted).",
                "fileSize": "54437",
                "mimeType": "application/xml",
                "md5sum": "729673bd707e47aabf85a446da62e30b",
                "sha1sum": "c6546a2c4e63fb13c5c384ee55fe38883a761f3b",
                "sha256sum": "fbfb3ba9da420ec7023dcf111d79ae55a92ad597f877fb95a7a563bd0c9f75a0"
            },
            {
                "name": "curation_image.png",
                "description": "Reproduced figure(s) from original curation.",
                "fileSize": "122884",
                "mimeType": "image/png",
                "md5sum": "d4e327996bf0da791792097c7ae7c1b1",
                "sha1sum": "d39618f77b135dbe03767232a8b2dc600b75b173",
                "sha256sum": "21c408d68c0061343bccac5e5ff85e18e913c310bece9dc0b6d59403df2eb2a7"
            },
            {
                "name": "curation_notes.txt",
                "description": "Notes from original curation (describes curation_image).",
                "fileSize": "474",
                "mimeType": "text/plain",
                "md5sum": "eb7fcd18c2afe4fa0b2b8cc6168a7631",
                "sha1sum": "c3da7f45cb37544f533558bee1a980af77939aa3",
                "sha256sum": "f2ca1d0834ad236f1c30dafab439969be1a15005db24ce220458cb612c6b5a2a"
            },
            {
                "name": "manifest.xml",
                "description": "Auto-generated manifest file for OMEX archives.",
                "fileSize": "1097",
                "mimeType": "application/xml",
                "md5sum": "ea9b31fde65d7c8a60706a416e2ed7f7",
                "sha1sum": "ddf0341262f543ff8584a2fc5e7f6f599b0326d0",
                "sha256sum": "5905c83295e86cdd90f0b4f2f96e78b82fc7f2161ea61c7a08a81a1821dc88be"
            },
            {
                "name": "metadata.rdf",
                "description": "Auto-generated annotation metadata file.",
                "fileSize": "1951",
                "mimeType": "application/rdf+xml",
                "md5sum": "d39bd4500b38e1986bd59f0e00185f9a",
                "sha1sum": "df5f51b814c2b85b7c83d54ac7a9ddbf60f87d92",
                "sha256sum": "57cc70ff952e732fe0ac278be21a949b4364d1c66f4c246d7ff1246e2106a8eb"
            }
        ]
    },
    "history": {
        "revisions": [
            {
                "version": 5,
                "submitted": 1548774035,
                "submitter": "Krishna Kumar Tiwari",
                "comment": "Automatically added model identifier BIOMD0000000731"
            },
            {
                "version": 6,
                "submitted": 1724284480,
                "submitter": "Lucian Smith",
                "comment": "CRBM-sponsored manual and automated updates."
            }
        ]
    },
    "firstPublished": 1725281830,
    "submissionId": "MODEL1901250001",
    "publicationId": "BIOMD0000000731",
    "modellingApproach": {
        "accession": "MAMO_0000046",
        "name": "ordinary differential equation model",
        "resource": "http://identifiers.org/mamo/MAMO_0000046"
    },
    "curationStatus": "CURATED",
    "contributors": {
        "Curator": [
            {
                "name": "Lucian Smith",
                "email": "lpsmith@uw.edu",
                "affiliation": "University of Washington",
                "orcid": "0000-0001-7002-6386",
                "external": false
            }
        ],
        "Modeller": [
            {
                "name": "Krishna Kumar Tiwari",
                "email": "ktiwari@ebi.ac.uk",
                "affiliation": "EMBL-EBI",
                "orcid": "0000-0002-3699-0937",
                "external": false
            }
        ]
    },
    "vcsIdentifier": "aag",
    "modelLevelAnnotations": [
        {
            "qualifier": "bqbiol:hasTaxon",
            "accession": "9606",
            "name": "Homo sapiens",
            "resource": "Taxonomy",
            "uri": "http://identifiers.org/taxonomy/9606"
        },
        {
            "qualifier": "bqbiol:hasProperty",
            "accession": "MAMO_0000046",
            "name": "Ordinary differential equation model",
            "resource": "Mathematical Modelling Ontology",
            "uri": "http://identifiers.org/mamo/MAMO_0000046"
        },
        {
            "qualifier": "bqbiol:isPropertyOf",
            "accession": "MAMO_0000046",
            "name": "Ordinary differential equation model",
            "resource": "Mathematical Modelling Ontology",
            "uri": "http://identifiers.org/mamo/MAMO_0000046"
        },
        {
            "qualifier": "bqmodel:is",
            "accession": "MODEL1901250001",
            "resource": "BioModels Database",
            "uri": "http://identifiers.org/biomodels.db/MODEL1901250001"
        },
        {
            "qualifier": "bqmodel:is",
            "accession": "BIOMD0000000731",
            "resource": "BioModels Database",
            "uri": "http://identifiers.org/biomodels.db/BIOMD0000000731"
        },
        {
            "qualifier": "bqmodel:isDescribedBy",
            "accession": "22051568",
            "resource": "PubMed",
            "uri": "https://identifiers.org/pubmed:22051568"
        },
        {
            "qualifier": "bqbiol:hasPart",
            "accession": "C153548",
            "name": "Tumor-Infiltrating Immune Cell",
            "resource": "NCIt",
            "uri": "http://identifiers.org/ncit/C153548"
        },
        {
            "qualifier": "bqbiol:isDescribedBy",
            "accession": "22051568",
            "resource": "PubMed",
            "uri": "http://identifiers.org/pubmed/22051568"
        }
    ]
}