{
    "name": "Macnamara2015/2 - virotherapy virus-free submodel",
    "description": "The paper describes a  submodel of oncolytic virotherapy. Created by COPASI 4.25 (Build 207) This model is described in the article: Memory versus effector immune responses in oncolytic virotherapiesCicely Macnamara, Raluca Eftimie Abstract: The main priority when designing cancer immuno-therapies has been to seek viable biological mechanisms that lead to permanent cancer eradica- tion or cancer control. Understanding the delicate balance between the role of effector and memory cells on eliminating cancer cells remains an elusive problem in immunology. Here we make an initial investigation into this problem with the help of a mathematical model for oncolytic virotherapy; although the model can in fact be made general enough to be applied also to other immunological problems. Our results show that long-term cancer con- trol is associated with a large number of persistent effector cells (irrespective of the initial peak in effector cell numbers). However, this large number of persistent effector cells is sustained by a relatively large number of memory cells. Moreover, we show that cancer control from a dormant state cannot be predicted by the size of the memory population.To cite BioModels Database, please use: BioModels Database: An enhanced, curated and annotated resource for published quantitative kinetic models . To the extent possible under law, all copyright and related or neighbouring rights to this encoded model have been dedicated to the public domain worldwide. Please refer to CC0 Public Domain Dedication for more information.",
    "format": {
        "name": "SBML",
        "identifier": "SBML",
        "version": "L3V1"
    },
    "publication": {
        "type": "PubMed ID",
        "accession": "25882747",
        "journal": "Journal of theoretical biology",
        "title": "Memory versus effector immune responses in oncolytic virotherapies.",
        "affiliation": "Division of Mathematics, University of Dundee, Dundee DD1 4HN, United Kingdom. Electronic address: c.k.macnamara@dundee.ac.uk.",
        "synopsis": "The main priority when designing cancer immuno-therapies has been to seek viable biological mechanisms that lead to permanent cancer eradication or cancer control. Understanding the delicate balance between the role of effector and memory cells on eliminating cancer cells remains an elusive problem in immunology. Here we make an initial investigation into this problem with the help of a mathematical model for oncolytic virotherapy; although the model can in fact be made general enough to be applied also to other immunological problems. According to this model, we find that long-term cancer control is associated with a large number of persistent effector cells (irrespective of the initial peak in effector cell numbers). However, this large number of persistent effector cells is sustained by a relatively large number of memory cells. Moreover, the results of the mathematical model suggest that cancer control from a dormant state cannot be predicted by the size of the memory population.",
        "year": 2015,
        "month": "7",
        "volume": "377",
        "pages": "1-9",
        "link": "http://identifiers.org/pubmed/25882747",
        "authors": [
            {
                "name": "Cicely Macnamara",
                "institution": "Division of Mathematics, University of Dundee, Dundee DD1 4HN, United Kingdom. Electronic address: c.k.macnamara@dundee.ac.uk.",
                "orcid": "0000-0003-4961-6052"
            },
            {
                "name": "Eftimie R",
                "institution": "Division of Mathematics, University of Dundee, Dundee, DD1 4HN, UK. r.a.eftimie@dundee.ac.uk.",
                "orcid": "0000-0002-9726-1498"
            }
        ]
    },
    "files": {
        "main": [
            {
                "name": "Macnamara2015_2.xml",
                "description": "SBML L3V1 representation of virotherapy virus-free model",
                "fileSize": "44850",
                "mimeType": "application/xml",
                "md5sum": "d38345621fed91a7db4306dc5fcb1741",
                "sha1sum": "063f615502f2f7653894d05bdefb8bf6ce09616b",
                "sha256sum": "f2479ab903f4e9de1fd0e94e98ec6b14fa566c189ae58e94320e6b7250a4abe2"
            }
        ],
        "additional": [
            {
                "name": "Macnamara2015_2-biopax2.owl",
                "description": "Auto-generated BioPAX (Level 2) file.",
                "fileSize": "10084",
                "mimeType": "application/rdf+xml",
                "md5sum": "8810d6a7b6639e879907a0f44fa4e589",
                "sha1sum": "e9e67237bd1d0ef855d07bc44a5c67d416ddd53c",
                "sha256sum": "45c67af7be4d82f2030e4626bd86e04de6eaf04ee47386fdc4085f199ef50b1f"
            },
            {
                "name": "Macnamara2015_2-biopax3.owl",
                "description": "Auto-generated BioPAX (Level 3) file.",
                "fileSize": "12816",
                "mimeType": "application/rdf+xml",
                "md5sum": "b094f0c884727c819bbb2d4c6ff331a7",
                "sha1sum": "953c3fd335e70ca7bdbd345a9f2d80647bf0be08",
                "sha256sum": "df701c2213f4c5a2cadee06660e31d8e20a05e736efa9934075016c27ffa6227"
            },
            {
                "name": "Macnamara2015_2-matlab.m",
                "description": "Auto-generated Matlab file.",
                "fileSize": "4543",
                "mimeType": "text/x-matlab",
                "md5sum": "b9d56c84f606cc20b39c49eeef51fdba",
                "sha1sum": "5619242d9890656310b79b2a68ee3130a31b26c1",
                "sha256sum": "c1635d074823f6a62396f414df9d2ec14dca76cac46762db00c67b433674d443"
            },
            {
                "name": "Macnamara2015_2.cps",
                "description": "CPS file of the model in COPASI",
                "fileSize": "60704",
                "mimeType": "application/xml",
                "md5sum": "8b52db219170170470046d0f31b3e4fe",
                "sha1sum": "2bc7d8b11087650bd5fd752d24a186e87cbca376",
                "sha256sum": "fdc89bad33014061dc94c94a01cb072e1ab43422f448fcd4b380c2caf233be9d"
            },
            {
                "name": "Macnamara2015_2.ode",
                "description": "Auto-generated ODE file for XPP.",
                "fileSize": "2736",
                "mimeType": "text/plain",
                "md5sum": "39168d23309c155930bcc22d7e82431e",
                "sha1sum": "905a173f1733b57ddd3efb3dcc7ee3e0db65e035",
                "sha256sum": "58be5230e24e5094dc5e1cdce96122da159dfd753e872662d3b3fa86b421fd54"
            },
            {
                "name": "Macnamara2015_2.sedml",
                "description": "CRBM-processed SED-ML file, based on original COPASI save file export.",
                "fileSize": "11151",
                "mimeType": "application/xml",
                "md5sum": "d9384776507c75c1e6624f7d7504d68c",
                "sha1sum": "5e87b53996db080a8561bc1639c90e151efa3c6f",
                "sha256sum": "0a6fbf45dc485d17dbd5b8054adf65cb8105987145cf631572d052be3e637787"
            },
            {
                "name": "curation_image.png",
                "description": "Reproduced figure(s) from original curation.",
                "fileSize": "22367",
                "mimeType": "image/png",
                "md5sum": "0f252b12f946fe866901793dafb7dd5f",
                "sha1sum": "6f75d05411ae414ca052b018167ed88ce67dce5b",
                "sha256sum": "449dc579d449699890edb1bd2453e4e665551140e76b9c3112af1e87dd19504a"
            },
            {
                "name": "curation_notes.txt",
                "description": "Notes from original curation (describes curation_image).",
                "fileSize": "164",
                "mimeType": "text/plain",
                "md5sum": "f92a70f8a7d6f78df8c03b6139e05bb8",
                "sha1sum": "c8519b5397bbbe839ca10432f803e360d769ea81",
                "sha256sum": "82fa250fb665bc5e57a1d72ba0d66a0bb6ea6c89661d3a44564d1c9663f5c2ef"
            },
            {
                "name": "manifest.xml",
                "description": "Auto-generated manifest file for OMEX archives.",
                "fileSize": "1332",
                "mimeType": "application/xml",
                "md5sum": "24e0fda9285e3fb2762ca759532dfbe2",
                "sha1sum": "79213ee596bdbe562badbd0922e481ab61db5c5e",
                "sha256sum": "2f1c86e7da957909ca38b6599a379a1b68845389c22e0dcc5c8c4c09f7274a4a"
            },
            {
                "name": "metadata.rdf",
                "description": "Auto-generated annotation metadata file.",
                "fileSize": "3186",
                "mimeType": "application/rdf+xml",
                "md5sum": "d432ead3d5e011413bc1b2aae7c7fef7",
                "sha1sum": "02794b80de97d6588567521c372b6637f6d77dc1",
                "sha256sum": "a75b62e8154ad48f889763b38130facbe390041043e28a7ee465040c676ac379"
            }
        ]
    },
    "history": {
        "revisions": [
            {
                "version": 3,
                "submitted": 1564407636,
                "submitter": "Jinghao Men",
                "comment": "Automatically added model identifier BIOMD0000000767"
            },
            {
                "version": 4,
                "submitted": 1724285599,
                "submitter": "Lucian Smith",
                "comment": "CRBM-sponsored manual and automated updates."
            }
        ]
    },
    "firstPublished": 1725281851,
    "submissionId": "MODEL1907290003",
    "publicationId": "BIOMD0000000767",
    "modellingApproach": {
        "accession": "MAMO_0000046",
        "name": "ordinary differential equation model",
        "resource": "http://identifiers.org/mamo/MAMO_0000046"
    },
    "curationStatus": "CURATED",
    "modelTags": [
        "Immuno-oncology"
    ],
    "contributors": {
        "Curator": [
            {
                "name": "Lucian Smith",
                "email": "lpsmith@uw.edu",
                "affiliation": "University of Washington",
                "orcid": "0000-0001-7002-6386",
                "external": false
            }
        ],
        "Modeller": [
            {
                "name": "Jinghao Men",
                "email": "jm2187@cam.ac.uk",
                "affiliation": "University of Cambridge",
                "orcid": "0000-0003-4781-8144",
                "external": false
            }
        ]
    },
    "vcsIdentifier": "aai",
    "modelLevelAnnotations": [
        {
            "qualifier": "bqbiol:hasTaxon",
            "accession": "9606",
            "name": "Homo sapiens",
            "resource": "Taxonomy",
            "uri": "http://identifiers.org/taxonomy/9606"
        },
        {
            "qualifier": "bqbiol:hasProperty",
            "accession": "MAMO_0000046",
            "name": "Ordinary differential equation model",
            "resource": "Mathematical Modelling Ontology",
            "uri": "http://identifiers.org/mamo/MAMO_0000046"
        },
        {
            "qualifier": "bqbiol:hasProperty",
            "accession": "C62713",
            "name": "Oncolytic Virus Therapy",
            "resource": "NCIt",
            "uri": "http://identifiers.org/ncit/C62713"
        },
        {
            "qualifier": "bqmodel:isDescribedBy",
            "accession": "25882747",
            "resource": "PubMed",
            "uri": "http://identifiers.org/pubmed/25882747"
        },
        {
            "qualifier": "bqmodel:isDerivedFrom",
            "accession": "MAMO_0000046",
            "name": "Ordinary differential equation model",
            "resource": "Mathematical Modelling Ontology",
            "uri": "http://identifiers.org/mamo/MAMO_0000046"
        },
        {
            "qualifier": "bqmodel:isDerivedFrom",
            "accession": "9606",
            "name": "Homo sapiens",
            "resource": "Taxonomy",
            "uri": "http://identifiers.org/taxonomy/9606"
        },
        {
            "qualifier": "bqmodel:isDerivedFrom",
            "accession": "C62713",
            "name": "Oncolytic Virus Therapy",
            "resource": "NCIt",
            "uri": "http://identifiers.org/ncit/C62713"
        },
        {
            "qualifier": "bqmodel:isDerivedFrom",
            "accession": "BIOMD0000000766",
            "resource": "BioModels Database",
            "uri": "http://identifiers.org/biomodels.db/BIOMD0000000766"
        },
        {
            "qualifier": "bqmodel:isDerivedFrom",
            "accession": "MODEL1907290002",
            "resource": "BioModels Database",
            "uri": "http://identifiers.org/biomodels.db/MODEL1907290002"
        },
        {
            "qualifier": "bqmodel:isDescribedBy",
            "accession": "MODEL1907290002",
            "resource": "BioModels Database",
            "uri": "http://identifiers.org/biomodels.db/MODEL1907290002"
        },
        {
            "qualifier": "bqmodel:isDescribedBy",
            "accession": "BIOMD0000000766",
            "resource": "BioModels Database",
            "uri": "http://identifiers.org/biomodels.db/BIOMD0000000766"
        },
        {
            "qualifier": "bqmodel:is",
            "accession": "BIOMD0000000767",
            "resource": "BioModels Database",
            "uri": "http://identifiers.org/biomodels.db/BIOMD0000000767"
        },
        {
            "qualifier": "bqmodel:is",
            "accession": "MODEL1907290003",
            "resource": "BioModels Database",
            "uri": "http://identifiers.org/biomodels.db/MODEL1907290003"
        }
    ]
}