{
    "name": "Ontah2019 - Dynamic analysis of a tumor treatment model using oncolytic virus and chemotherapy with saturated infection rate",
    "description": "<notes xmlns=\"http://www.sbml.org/sbml/level2/version4\">      <body xmlns=\"http://www.w3.org/1999/xhtml\">        <pre>This is a mathematical model describing the treatment of tumors using oncolytic virus and chemotherapy. The model is comprised of nonlinear ordinary differential equations describing the interactions between uninfected tumor cells, infected tumor cells, an oncolytic virus, and chemotherapy.</pre>      </body>    </notes>",
    "format": {
        "name": "SBML",
        "identifier": "SBML",
        "version": "L2V4"
    },
    "publication": {
        "type": "DOI",
        "accession": "10.1088/1757-899X/546/3/032025",
        "journal": "IOP Conference Series: Materials Science and Engineering",
        "title": "Dynamic analysis of a tumor treatment model using oncolytic virus and chemotherapy with saturated infection rate",
        "affiliation": "Department of Mathematics, Faculty of Mathematics and Natural Sciences, Brawijaya University, Malang, 65145, Indonesia",
        "synopsis": "Virotherapy is one of the most promising therapies in the treatment of tumors which may be further combined with chemotherapy to accelerate the healing rate. In this article, we propose a mathematical model for the treatment of tumors using oncolytic virus and chemotherapy. This model takes the form of nonlinear ordinary differential equations describing the interactions between uninfected tumor cells, infected tumor cells, an oncolytic virus, and chemotherapy. It is assumed that the rate of infection between uninfected tumor cells and infected tumor cells is in a saturated form. The saturation effect takes into account the fact that the number of contacts between them reaches the maximum value when the immune system works to stop the virus. The dynamical analysis, which includes the existence of equilibrium points, and its stability analysis is investigated. The analysis result shows that the system has three equilibrium points: tumor-free equilibrium point, virus-free equilibrium point and endemic equilibrium point. It is proven that these equilibrium points are conditionally stable. The numerical simulations show the successful combination of chemotherapy and virotherapy using an oncolytic virus in eliminating the tumor cells.",
        "year": 2019,
        "month": "7",
        "volume": "546",
        "issue": "3",
        "link": "http://identifiers.org/doi/10.1088/1757-899X/546/3/032025",
        "authors": [
            {
                "name": "Ontah, G.M.",
                "institution": "Department of Mathematics, Faculty of Mathematics and Natural Sciences, Brawijaya University, Malang, 65145, Indonesia"
            },
            {
                "name": "Trisilowati",
                "institution": "Department of Mathematics, Faculty of Mathematics and Natural Sciences, Brawijaya University, Malang, 65145, Indonesia"
            },
            {
                "name": "Darti, I.",
                "institution": "Department of Mathematics, Faculty of Mathematics and Natural Sciences, Brawijaya University, Malang, 65145, Indonesia"
            }
        ]
    },
    "files": {
        "main": [
            {
                "name": "Ontah2019.xml",
                "description": "SBML L2V4 Representation of Ontah2019 - Dynamic analysis of a tumor treatment model using oncolytic virus and chemotherapy with saturated infection rate",
                "fileSize": "40122",
                "mimeType": "application/xml",
                "md5sum": "a73b05805661a9a84f121d6999c40c82",
                "sha1sum": "cb4aed0e1411bd22594fd6a98d2e1d7cf0f1629c",
                "sha256sum": "dd4c19fc31e889de75b64cc5cda68934ab952360662ab3ba8d1eb088f54758e4"
            }
        ],
        "additional": [
            {
                "name": "Ontah2019-biopax2.owl",
                "description": "Auto-generated BioPAX (Level 2) file.",
                "fileSize": "14318",
                "mimeType": "application/rdf+xml",
                "md5sum": "28740f1e393bccb13c9a7e5da44e565a",
                "sha1sum": "25e804ebaaed807be367ea33d01f74407d37d17a",
                "sha256sum": "cfcd0e350569e35e8f1658b22956941401566bf24405ce096edd2aae9b7770ba"
            },
            {
                "name": "Ontah2019-biopax3.owl",
                "description": "Auto-generated BioPAX (Level 3) file.",
                "fileSize": "19738",
                "mimeType": "application/rdf+xml",
                "md5sum": "8fbf4b774a59b8ee49034b76b6489391",
                "sha1sum": "f4724d85d367c35d55b97b1c991c6cac34e7f4f9",
                "sha256sum": "00e5966cf8db49152913ae21936c7735cc2b76b099e84600f754c9343234c491"
            },
            {
                "name": "Ontah2019-matlab.m",
                "description": "Auto-generated Matlab file.",
                "fileSize": "5912",
                "mimeType": "text/x-matlab",
                "md5sum": "790194b16d1f7f49715f2c1de477bf63",
                "sha1sum": "c0611f966dd4da270530554b00ae93559a8a1751",
                "sha256sum": "360e5a094215f5088c210be143384d02b8b1f1c58c163cfb39a131c2c025b806"
            },
            {
                "name": "Ontah2019-octave.m",
                "description": "Auto-generated Octave file.",
                "fileSize": "5912",
                "mimeType": "text/x-matlab",
                "md5sum": "c3e50a743cedc8ec42e1f9d68df832cc",
                "sha1sum": "92598430a26188cbea21a63df24fb319c750e87f",
                "sha256sum": "f5079f97a9e433c7a3289427ff1cca08de0e70a73e84550e9c780e9dd55fb29e"
            },
            {
                "name": "Ontah2019.cps",
                "description": "COPASI file of Ontah2019 - Dynamic analysis of a tumor treatment model using oncolytic virus and chemotherapy with saturated infection rate",
                "fileSize": "75234",
                "mimeType": "application/xml",
                "md5sum": "4848518ae2bdd8f221f26a849d51dabe",
                "sha1sum": "16fe7becaa300e5d41cd4a4804fed935b463d453",
                "sha256sum": "0fadcfae252e4bc939e00563e6dc4c965a4293d24cc0d1b837a42ad98d7d0ff9"
            },
            {
                "name": "Ontah2019.ode",
                "description": "Auto-generated ODE file for XPP.",
                "fileSize": "4005",
                "mimeType": "text/plain",
                "md5sum": "f6bb303708c53fd357c64d7d15b831b2",
                "sha1sum": "4bf01250a36c8ef32a6fd798a51f732540414f10",
                "sha256sum": "7f752b464f3d0b54b1bb3887825a9d20cc0d5b9f4d42ea0fedb7e35fea723b31"
            },
            {
                "name": "Ontah2019.sedml",
                "description": "SED-ML file of Ontah2019 - Dynamic analysis of a tumor treatment model using oncolytic virus and chemotherapy with saturated infection rate (additionally CRBM-validated and adjusted).",
                "fileSize": "16507",
                "mimeType": "application/xml",
                "md5sum": "0882d4d58f9659010b3117f8836ea62f",
                "sha1sum": "91c175f2a1cb1315d08dd96f6b1a75b3c5ce1082",
                "sha256sum": "6dece281a5cbe4239777b9edd02eed08a5c9b59323908b4a899d74e2d2611b8f"
            },
            {
                "name": "curation_image.png",
                "description": "Reproduced figure(s) from original curation.",
                "fileSize": "11118",
                "mimeType": "image/png",
                "md5sum": "f48511dc2e7d1db96926b5183b7950f3",
                "sha1sum": "e2e2e0251a450f1af82fb93c18197ec378b5ad53",
                "sha256sum": "eef9a2c19361575feec2921e730bd9d668ff24505fa3a6235963d7074a50b67b"
            },
            {
                "name": "curation_notes.txt",
                "description": "Notes from original curation (describes curation_image).",
                "fileSize": "124",
                "mimeType": "text/plain",
                "md5sum": "fea572f87c4d02149fa4017a71c0e2ad",
                "sha1sum": "aaabfb7f6cda3246d951fcb1f983365661a1ebee",
                "sha256sum": "03b51ae7baef50802dc5972cbc94321837c1f0b527d817f7e56ec30c2b62bcf5"
            },
            {
                "name": "manifest.xml",
                "description": "Auto-generated manifest file for OMEX archives.",
                "fileSize": "1403",
                "mimeType": "application/xml",
                "md5sum": "a6ab17567df94de917fed924d5edf2fc",
                "sha1sum": "99d84bcee1e7a57394012c8c6700a0e956000d11",
                "sha256sum": "2c34767a764ede0ee95b53c9d9f7d792f931c2331736028013f8d433b7e2a07c"
            },
            {
                "name": "metadata.rdf",
                "description": "Auto-generated annotation metadata file.",
                "fileSize": "2036",
                "mimeType": "application/rdf+xml",
                "md5sum": "5b6f40c4fa636d105e330f01b629071b",
                "sha1sum": "9e0db4ba6bd2b657bd93ba24abae06fbe040e1d2",
                "sha256sum": "f42ae4d2da5c10e2e9446e45da619c47978d96784a7b1640621c2c9fb0e3e6b8"
            }
        ]
    },
    "history": {
        "revisions": [
            {
                "version": 2,
                "submitted": 1574871264,
                "submitter": "Johannes Meyer",
                "comment": "Automatically added model identifier BIOMD0000000877"
            },
            {
                "version": 3,
                "submitted": 1724288308,
                "submitter": "Lucian Smith",
                "comment": "CRBM-sponsored manual and automated updates."
            }
        ]
    },
    "firstPublished": 1725281919,
    "submissionId": "MODEL1911270004",
    "publicationId": "BIOMD0000000877",
    "modellingApproach": {
        "accession": "MAMO_0000046",
        "name": "ordinary differential equation model",
        "resource": "http://identifiers.org/mamo/MAMO_0000046"
    },
    "curationStatus": "CURATED",
    "modelTags": [
        "Immuno-oncology"
    ],
    "contributors": {
        "Curator": [
            {
                "name": "Lucian Smith",
                "email": "lpsmith@uw.edu",
                "affiliation": "University of Washington",
                "orcid": "0000-0001-7002-6386",
                "external": false
            }
        ],
        "Modeller": [
            {
                "name": "Johannes Meyer",
                "email": "johannes.p.meyer@gmail.com",
                "affiliation": "EMBL-EBI",
                "external": false
            }
        ]
    },
    "vcsIdentifier": "aai",
    "modelLevelAnnotations": [
        {
            "qualifier": "bqbiol:hasTaxon",
            "accession": "9606",
            "name": "Homo sapiens",
            "resource": "Taxonomy",
            "uri": "http://identifiers.org/taxonomy/9606"
        },
        {
            "qualifier": "bqbiol:hasProperty",
            "accession": "MAMO_0000046",
            "name": "Ordinary differential equation model",
            "resource": "Mathematical Modelling Ontology",
            "uri": "http://identifiers.org/mamo/MAMO_0000046"
        },
        {
            "qualifier": "bqbiol:hasProperty",
            "accession": "C62713",
            "name": "Oncolytic Virus Therapy",
            "resource": "NCIt",
            "uri": "http://identifiers.org/ncit/C62713"
        },
        {
            "qualifier": "bqbiol:hasProperty",
            "accession": "C15632",
            "name": "Chemotherapy",
            "resource": "NCIt",
            "uri": "http://identifiers.org/ncit/C15632"
        },
        {
            "qualifier": "bqmodel:isDescribedBy",
            "accession": "10.1088/1757-899X/546/3/032025",
            "resource": "DOI",
            "uri": "http://identifiers.org/doi/10.1088/1757-899X/546/3/032025"
        },
        {
            "qualifier": "bqmodel:is",
            "accession": "MODEL1911270004",
            "resource": "BioModels Database",
            "uri": "http://identifiers.org/biomodels.db/MODEL1911270004"
        },
        {
            "qualifier": "bqmodel:is",
            "accession": "BIOMD0000000877",
            "resource": "BioModels Database",
            "uri": "http://identifiers.org/biomodels.db/BIOMD0000000877"
        }
    ]
}