<?xml version='1.0' encoding='UTF-8' standalone='no'?>
<sbml xmlns="http://www.sbml.org/sbml/level3/version1/core" layout:required="false" level="3" render:required="false" version="1" xmlns:layout="http://www.sbml.org/sbml/level3/version1/layout/version1" xmlns:render="http://www.sbml.org/sbml/level3/version1/render/version1">
  <model areaUnits="area" extentUnits="substance" id="Saad2017___immune_checkpoint_and_BCG_in_superficial_bladder_cancer" lengthUnits="length" metaid="COPASI0" name="Saad2017 - immune checkpoint and BCG in superficial bladder cancer" substanceUnits="substance" timeUnits="time" volumeUnits="volume">
    <notes>
      <body xmlns="http://www.w3.org/1999/xhtml">
     <p>The paper describes a model on the Dynamics of Immune Checkpoints, Immune System, and BCG in the Treatment of Superficial Bladder Cancer. 
Created by COPASI 4.25 (Build 207) 

This model is described in the article: 
Dynamics of Immune Checkpoints, Immune System, and BCG in the Treatment of Superficial Bladder Cancer
Farouk Tijjani Saad, Evren Hincal, and Bilgen Kaymakamzade
Computational and Mathematical Methods in Medicine, vol. 2017, no. 3573082

Abstract: 

This paper aims to study the dynamics of immune suppressors/checkpoints, immune system, and BCG in the treatment of superficial bladder cancer. Programmed cell death protein-1 (PD-1), cytotoxic T-lymphocyte-associated antigen 4 (CTLA4), and transforming growth factor-beta (TGF-b) are some of the examples of immune suppressors/checkpoints. They are responsible for deactivating the immune system and enhancing immunological tolerance. Moreover, they categorically downregulate and suppress the immune system by preventing and blocking the activation of T-cells, which in turn decreases autoimmunity and enhances self- tolerance. In cancer immunotherapy, the immune checkpoints/suppressors prevent and block the immune cells from attacking, spreading, and killing the cancer cells, which leads to cancer growth and development. We formulate a mathematical model that studies three possible dynamics of the treatment and establish the effects of the immune checkpoints on the immune system and the treatment at large. Although the effect cannot be seen explicitly in the analysis of the model, we show it by numerical simulations.

This model is hosted on BioModels Database and identified by: MODEL1907100001.
To cite BioModels Database, please use: BioModels Database: An enhanced, curated and annotated resource for published quantitative kinetic models. 
To the extent possible under law, all copyright and related or neighbouring rights to this encoded model have been dedicated to the public domain worldwide. 
Please refer to CC0 Public Domain Dedication for more information.</p>
  </body>
    </notes>
    <annotation>
      <rdf:RDF xmlns:rdf="http://www.w3.org/1999/02/22-rdf-syntax-ns#" xmlns:dcterms="http://purl.org/dc/terms/" xmlns:vCard="http://www.w3.org/2001/vcard-rdf/3.0#" xmlns:vCard4="http://www.w3.org/2006/vcard/ns#" xmlns:bqbiol="http://biomodels.net/biology-qualifiers/" xmlns:bqmodel="http://biomodels.net/model-qualifiers/">
        <rdf:Description rdf:about="#COPASI0">
          <dcterms:creator>
            <rdf:Bag>
              <rdf:li rdf:parseType="Resource">
                <vCard:N rdf:parseType="Resource">
                  <vCard:Family>Men</vCard:Family>
                  <vCard:Given>Jinghao</vCard:Given>
                </vCard:N>
                <vCard:EMAIL>jm2187@cam.ac.uk</vCard:EMAIL>
                <vCard:ORG rdf:parseType="Resource">
                  <vCard:Orgname>University of Cambridge</vCard:Orgname>
                </vCard:ORG>
              </rdf:li>
            </rdf:Bag>
          </dcterms:creator>
	<dcterms:created rdf:parseType="Resource">
	<dcterms:W3CDTF>2019-07-10T09:16:36Z</dcterms:W3CDTF>
	</dcterms:created>
	<dcterms:modified rdf:parseType="Resource">
	<dcterms:W3CDTF>2019-07-10T09:16:36Z</dcterms:W3CDTF>
	</dcterms:modified>
	<bqmodel:isDescribedBy>
	<rdf:Bag>
	<rdf:li rdf:resource="http://identifiers.org/pubmed/29312460"/>
	</rdf:Bag>
	</bqmodel:isDescribedBy>
	<bqbiol:isVersionOf>
	<rdf:Bag>
	<rdf:li rdf:resource="http://identifiers.org/go/GO:0002418"/>
	</rdf:Bag>
	</bqbiol:isVersionOf>
	<bqbiol:occursIn>
	<rdf:Bag>
	<rdf:li rdf:resource="http://identifiers.org/bto/BTO:0001418"/>
	</rdf:Bag>
	</bqbiol:occursIn>
	<bqbiol:hasProperty>
	<rdf:Bag>
	<rdf:li rdf:resource="http://identifiers.org/efo/0000292"/>
	</rdf:Bag>
	</bqbiol:hasProperty>
	<bqbiol:hasProperty>
	<rdf:Bag>
	<rdf:li rdf:resource="http://identifiers.org/mamo/MAMO_0000046"/>
	</rdf:Bag>
	</bqbiol:hasProperty>
	<bqbiol:hasTaxon>
	<rdf:Bag>
	<rdf:li rdf:resource="http://identifiers.org/taxonomy/9606"/>
	</rdf:Bag>
	</bqbiol:hasTaxon>
	<bqmodel:is>
	<rdf:Bag>
	<rdf:li rdf:resource="http://identifiers.org/biomodels.db/MODEL1907100001"/>
	<rdf:li rdf:resource="http://identifiers.org/biomodels.db/BIOMD0000000746"/>
	</rdf:Bag>
	</bqmodel:is>
	</rdf:Description>
      </rdf:RDF>
      <COPASI xmlns="http://www.copasi.org/static/sbml">
        <rdf:RDF xmlns:CopasiMT="http://www.copasi.org/RDF/MiriamTerms#" xmlns:bqbiol="http://biomodels.net/biology-qualifiers/" xmlns:dcterms="http://purl.org/dc/terms/" xmlns:rdf="http://www.w3.org/1999/02/22-rdf-syntax-ns#" xmlns:vCard="http://www.w3.org/2001/vcard-rdf/3.0#">
          <rdf:Description rdf:about="#COPASI0">
            <bqbiol:hasProperty rdf:resource="urn:miriam:efo:0000292"/>
            <bqbiol:hasProperty rdf:resource="urn:miriam:mamo:MAMO_0000046"/>
            <bqbiol:hasTaxon rdf:resource="urn:miriam:taxonomy:9606"/>
            <dcterms:bibliographicCitation>
              <rdf:Description>
                <CopasiMT:isDescribedBy rdf:resource="urn:miriam:pubmed:29312460"/>
              </rdf:Description>
            </dcterms:bibliographicCitation>
            <dcterms:created>
              <rdf:Description>
                <dcterms:W3CDTF>2019-07-10T09:16:36Z</dcterms:W3CDTF>
              </rdf:Description>
            </dcterms:created>
            <dcterms:creator>
              <rdf:Description>
                <vCard:EMAIL>jm2187@cam.ac.uk</vCard:EMAIL>
                <vCard:N>
                  <rdf:Description>
                    <vCard:Family>Men</vCard:Family>
                    <vCard:Given>Jinghao</vCard:Given>
                  </rdf:Description>
                </vCard:N>
                <vCard:ORG>
                  <rdf:Description>
                    <vCard:Orgname>University of Cambridge</vCard:Orgname>
                  </rdf:Description>
                </vCard:ORG>
              </rdf:Description>
            </dcterms:creator>
            <CopasiMT:isVersionOf rdf:resource="urn:miriam:go:GO:0002418"/>
            <CopasiMT:occursIn rdf:resource="urn:miriam:bto:BTO:0001418"/>
          </rdf:Description>
        </rdf:RDF>
      </COPASI>
    </annotation>
      <listOfFunctionDefinitions>
      <functionDefinition id="effector_activation" metaid="COPASI29" name="effector activation">
        <annotation>
          <COPASI xmlns="http://www.copasi.org/static/sbml">
            <rdf:RDF xmlns:dcterms="http://purl.org/dc/terms/" xmlns:rdf="http://www.w3.org/1999/02/22-rdf-syntax-ns#">
              <rdf:Description rdf:about="#COPASI29">
                <dcterms:created>
                  <rdf:Description>
                    <dcterms:W3CDTF>2019-07-10T11:02:26Z</dcterms:W3CDTF>
                  </rdf:Description>
                </dcterms:created>
              </rdf:Description>
            </rdf:RDF>
          </COPASI>
        </annotation>
        <math xmlns="http://www.w3.org/1998/Math/MathML">        
          <lambda>
            <bvar>
              <ci> a </ci>
            </bvar>
            <bvar>
              <ci> modifier </ci>
            </bvar>
            <bvar>
              <ci> E </ci>
            </bvar>
            <bvar>
              <ci> P </ci>
            </bvar>
            <bvar>
              <ci> k </ci>
            </bvar>
            <apply>
              <divide/>
              <apply>
                <times/>
                <ci> a </ci>
                <ci> modifier </ci>
                <ci> E </ci>
              </apply>
              <apply>
                <plus/>
                <ci> P </ci>
                <ci> k </ci>
              </apply>
            </apply>
          </lambda>
        </math>
            </functionDefinition>
      <functionDefinition id="effector_depletion_by_cancer_0" metaid="COPASI30" name="effector depletion by cancer">
        <annotation>
          <COPASI xmlns="http://www.copasi.org/static/sbml">
            <rdf:RDF xmlns:dcterms="http://purl.org/dc/terms/" xmlns:rdf="http://www.w3.org/1999/02/22-rdf-syntax-ns#">
              <rdf:Description rdf:about="#COPASI30">
                <dcterms:created>
                  <rdf:Description>
                    <dcterms:W3CDTF>2019-07-10T11:03:54Z</dcterms:W3CDTF>
                  </rdf:Description>
                </dcterms:created>
              </rdf:Description>
            </rdf:RDF>
          </COPASI>
        </annotation>
        <math xmlns="http://www.w3.org/1998/Math/MathML">        
          <lambda>
            <bvar>
              <ci> alpha2 </ci>
            </bvar>
            <bvar>
              <ci> E </ci>
            </bvar>
            <bvar>
              <ci> C </ci>
            </bvar>
            <apply>
              <times/>
              <ci> alpha2 </ci>
              <ci> E </ci>
              <ci> C </ci>
            </apply>
          </lambda>
        </math>
            </functionDefinition>
      <functionDefinition id="Constant_flux__irreversible" metaid="COPASI31" name="Constant flux (irreversible)">
        <annotation>
          <COPASI xmlns="http://www.copasi.org/static/sbml">
            <rdf:RDF xmlns:dcterms="http://purl.org/dc/terms/" xmlns:rdf="http://www.w3.org/1999/02/22-rdf-syntax-ns#">
              <rdf:Description rdf:about="#COPASI31">
                <dcterms:created>
                  <rdf:Description>
                    <dcterms:W3CDTF>2019-07-10T09:24:06Z</dcterms:W3CDTF>
                  </rdf:Description>
                </dcterms:created>
              </rdf:Description>
            </rdf:RDF>
          </COPASI>
        </annotation>
        <math xmlns="http://www.w3.org/1998/Math/MathML">        
          <lambda>
            <bvar>
              <ci> v </ci>
            </bvar>
            <ci> v </ci>
          </lambda>
        </math>
            </functionDefinition>
      <functionDefinition id="BCG_degradation" metaid="COPASI32" name="BCG degradation">
        <annotation>
          <COPASI xmlns="http://www.copasi.org/static/sbml">
            <rdf:RDF xmlns:dcterms="http://purl.org/dc/terms/" xmlns:rdf="http://www.w3.org/1999/02/22-rdf-syntax-ns#">
              <rdf:Description rdf:about="#COPASI32">
                <dcterms:created>
                  <rdf:Description>
                    <dcterms:W3CDTF>2019-07-10T11:00:25Z</dcterms:W3CDTF>
                  </rdf:Description>
                </dcterms:created>
              </rdf:Description>
            </rdf:RDF>
          </COPASI>
        </annotation>
        <math xmlns="http://www.w3.org/1998/Math/MathML">        
          <lambda>
            <bvar>
              <ci> alpha3 </ci>
            </bvar>
            <bvar>
              <ci> E </ci>
            </bvar>
            <bvar>
              <ci> B </ci>
            </bvar>
            <apply>
              <times/>
              <ci> alpha3 </ci>
              <ci> E </ci>
              <ci> B </ci>
            </apply>
          </lambda>
        </math>
            </functionDefinition>
      <functionDefinition id="cancer_killing_0" metaid="COPASI33" name="cancer killing">
        <annotation>
          <COPASI xmlns="http://www.copasi.org/static/sbml">
            <rdf:RDF xmlns:dcterms="http://purl.org/dc/terms/" xmlns:rdf="http://www.w3.org/1999/02/22-rdf-syntax-ns#">
              <rdf:Description rdf:about="#COPASI33">
                <dcterms:created>
                  <rdf:Description>
                    <dcterms:W3CDTF>2019-07-10T11:01:08Z</dcterms:W3CDTF>
                  </rdf:Description>
                </dcterms:created>
              </rdf:Description>
            </rdf:RDF>
          </COPASI>
        </annotation>
        <math xmlns="http://www.w3.org/1998/Math/MathML">        
          <lambda>
            <bvar>
              <ci> alpha1 </ci>
            </bvar>
            <bvar>
              <ci> E </ci>
            </bvar>
            <bvar>
              <ci> C </ci>
            </bvar>
            <bvar>
              <ci> P </ci>
            </bvar>
            <bvar>
              <ci> k </ci>
            </bvar>
            <apply>
              <divide/>
              <apply>
                <times/>
                <ci> alpha1 </ci>
                <ci> E </ci>
                <ci> C </ci>
              </apply>
              <apply>
                <plus/>
                <ci> P </ci>
                <ci> k </ci>
              </apply>
            </apply>
          </lambda>
        </math>
            </functionDefinition>
      <functionDefinition id="cancer_growth_0" metaid="COPASI34" name="cancer growth">
        <annotation>
          <COPASI xmlns="http://www.copasi.org/static/sbml">
            <rdf:RDF xmlns:dcterms="http://purl.org/dc/terms/" xmlns:rdf="http://www.w3.org/1999/02/22-rdf-syntax-ns#">
              <rdf:Description rdf:about="#COPASI34">
                <dcterms:created>
                  <rdf:Description>
                    <dcterms:W3CDTF>2019-07-10T11:05:07Z</dcterms:W3CDTF>
                  </rdf:Description>
                </dcterms:created>
              </rdf:Description>
            </rdf:RDF>
          </COPASI>
        </annotation>
        <math xmlns="http://www.w3.org/1998/Math/MathML">        
          <lambda>
            <bvar>
              <ci> r </ci>
            </bvar>
            <bvar>
              <ci> C </ci>
            </bvar>
            <apply>
              <times/>
              <ci> r </ci>
              <ci> C </ci>
            </apply>
          </lambda>
        </math>
            </functionDefinition>
    </listOfFunctionDefinitions>
    <listOfUnitDefinitions>
      <unitDefinition id="length" name="length">
        <listOfUnits>
          <unit exponent="1" kind="metre" multiplier="1" scale="0"/>
        </listOfUnits>
      </unitDefinition>
      <unitDefinition id="area" name="area">
        <listOfUnits>
          <unit exponent="2" kind="metre" multiplier="1" scale="0"/>
        </listOfUnits>
      </unitDefinition>
      <unitDefinition id="volume" name="volume">
        <listOfUnits>
          <unit exponent="1" kind="litre" multiplier="1" scale="-3"/>
        </listOfUnits>
      </unitDefinition>
      <unitDefinition id="time" name="time">
        <listOfUnits>
          <unit exponent="1" kind="second" multiplier="86400" scale="0"/>
        </listOfUnits>
      </unitDefinition>
      <unitDefinition id="substance" name="substance">
        <listOfUnits>
          <unit exponent="1" kind="mole" multiplier="1" scale="-3"/>
        </listOfUnits>
      </unitDefinition>
      <unitDefinition id="unit_0" name="1/d">
        <listOfUnits>
          <unit exponent="-1" kind="second" multiplier="86400" scale="-1"/>
        </listOfUnits>
      </unitDefinition>
      <unitDefinition id="unit_1" name="1">
        <listOfUnits>
          <unit exponent="0" kind="dimensionless" multiplier="1" scale="0"/>
        </listOfUnits>
      </unitDefinition>
    </listOfUnitDefinitions>
    <listOfCompartments>
      <compartment constant="true" id="bladder_cancer_tme" metaid="COPASI1" name="bladder cancer tme" size="1" spatialDimensions="3" units="volume">
        <annotation>
          <rdf:RDF xmlns:rdf="http://www.w3.org/1999/02/22-rdf-syntax-ns#" xmlns:dcterms="http://purl.org/dc/terms/" xmlns:vCard="http://www.w3.org/2001/vcard-rdf/3.0#" xmlns:vCard4="http://www.w3.org/2006/vcard/ns#" xmlns:bqbiol="http://biomodels.net/biology-qualifiers/" xmlns:bqmodel="http://biomodels.net/model-qualifiers/">
            <rdf:Description rdf:about="#COPASI1">
              <bqbiol:isVersionOf>
	<rdf:Bag>
	<rdf:li rdf:resource="http://identifiers.org/ncit/C2901"/>
	</rdf:Bag>
	</bqbiol:isVersionOf>
	
	<bqbiol:isVersionOf>
	<rdf:Bag>
	<rdf:li rdf:resource="http://identifiers.org/ncit/C94498"/>
	</rdf:Bag>
	</bqbiol:isVersionOf>
	</rdf:Description>
	
	
          </rdf:RDF>
          <COPASI xmlns="http://www.copasi.org/static/sbml">
            <rdf:RDF xmlns:CopasiMT="http://www.copasi.org/RDF/MiriamTerms#" xmlns:dcterms="http://purl.org/dc/terms/" xmlns:rdf="http://www.w3.org/1999/02/22-rdf-syntax-ns#">
              <rdf:Description rdf:about="#COPASI1">
                <dcterms:created>
                  <rdf:Description>
                    <dcterms:W3CDTF>2019-07-10T09:20:47Z</dcterms:W3CDTF>
                  </rdf:Description>
                </dcterms:created>
                <dcterms:modified>
                  <rdf:Description>
                    <dcterms:W3CDTF>2019-07-10T10:21:43</dcterms:W3CDTF>
                  </rdf:Description>
                </dcterms:modified>
                <CopasiMT:isVersionOf rdf:resource="urn:miriam:ncit:C2901"/>
                <CopasiMT:isVersionOf rdf:resource="urn:miriam:ncit:C94498"/>
              </rdf:Description>
            </rdf:RDF>
          </COPASI>
        </annotation>
            </compartment>
    </listOfCompartments>
    <listOfSpecies>
      <species boundaryCondition="false" compartment="bladder_cancer_tme" constant="false" hasOnlySubstanceUnits="false" id="C" initialConcentration="100000" metaid="COPASI2" name="C" substanceUnits="substance">
        <notes>
          <body xmlns="http://www.w3.org/1999/xhtml">
            <pre>cancer cell</pre>
          </body>
        </notes>
        <annotation>
          <rdf:RDF xmlns:rdf="http://www.w3.org/1999/02/22-rdf-syntax-ns#" xmlns:dcterms="http://purl.org/dc/terms/" xmlns:vCard="http://www.w3.org/2001/vcard-rdf/3.0#" xmlns:vCard4="http://www.w3.org/2006/vcard/ns#" xmlns:bqbiol="http://biomodels.net/biology-qualifiers/" xmlns:bqmodel="http://biomodels.net/model-qualifiers/">
            <rdf:Description rdf:about="#COPASI2">
              <bqbiol:isVersionOf>
	<rdf:Bag>
	<rdf:li rdf:resource="http://identifiers.org/bto/BTO:0000362"/>
	</rdf:Bag>
	</bqbiol:isVersionOf>
	
	<bqbiol:isVersionOf>
	<rdf:Bag>
	<rdf:li rdf:resource="http://identifiers.org/cl/CL:0001064"/>
	</rdf:Bag>
	</bqbiol:isVersionOf>
	</rdf:Description>
	
	
          </rdf:RDF>
          <COPASI xmlns="http://www.copasi.org/static/sbml">
            <rdf:RDF xmlns:CopasiMT="http://www.copasi.org/RDF/MiriamTerms#" xmlns:dcterms="http://purl.org/dc/terms/" xmlns:rdf="http://www.w3.org/1999/02/22-rdf-syntax-ns#">
              <rdf:Description rdf:about="#COPASI2">
                <dcterms:created>
                  <rdf:Description>
                    <dcterms:W3CDTF>2019-07-10T09:27:18Z</dcterms:W3CDTF>
                  </rdf:Description>
                </dcterms:created>
                <CopasiMT:isVersionOf rdf:resource="urn:miriam:bto:0000362"/>
                <CopasiMT:isVersionOf rdf:resource="urn:miriam:cl:CL:0001064"/>
              </rdf:Description>
            </rdf:RDF>
          </COPASI>
        </annotation>
            </species>
      <species boundaryCondition="false" compartment="bladder_cancer_tme" constant="false" hasOnlySubstanceUnits="false" id="E" initialConcentration="0" metaid="COPASI3" name="E" substanceUnits="substance">
        <notes>
          <body xmlns="http://www.w3.org/1999/xhtml">
            <pre>effector cell</pre>
          </body>
        </notes>
        <annotation>
          <rdf:RDF xmlns:rdf="http://www.w3.org/1999/02/22-rdf-syntax-ns#" xmlns:dcterms="http://purl.org/dc/terms/" xmlns:vCard="http://www.w3.org/2001/vcard-rdf/3.0#" xmlns:vCard4="http://www.w3.org/2006/vcard/ns#" xmlns:bqbiol="http://biomodels.net/biology-qualifiers/" xmlns:bqmodel="http://biomodels.net/model-qualifiers/">
            <rdf:Description rdf:about="#COPASI3">
	<bqbiol:isVersionOf>
	<rdf:Bag>
	<rdf:li rdf:resource="http://identifiers.org/ncit/C28241"/>
	</rdf:Bag>
	</bqbiol:isVersionOf>
	</rdf:Description>
	
	
          </rdf:RDF>
          <COPASI xmlns="http://www.copasi.org/static/sbml">
            <rdf:RDF xmlns:CopasiMT="http://www.copasi.org/RDF/MiriamTerms#" xmlns:dcterms="http://purl.org/dc/terms/" xmlns:rdf="http://www.w3.org/1999/02/22-rdf-syntax-ns#">
              <rdf:Description rdf:about="#COPASI3">
                <dcterms:created>
                  <rdf:Description>
                    <dcterms:W3CDTF>2019-07-10T09:27:19Z</dcterms:W3CDTF>
                  </rdf:Description>
                </dcterms:created>
                <CopasiMT:isVersionOf rdf:resource="urn:miriam:ncit:C28241"/>
              </rdf:Description>
            </rdf:RDF>
          </COPASI>
        </annotation>
            </species>
      <species boundaryCondition="false" compartment="bladder_cancer_tme" constant="false" hasOnlySubstanceUnits="false" id="B" initialConcentration="0" metaid="COPASI4" name="B" substanceUnits="substance">
        <notes>
          <body xmlns="http://www.w3.org/1999/xhtml">
            <pre>BCG</pre>
          </body>
        </notes>
        <annotation>
          <rdf:RDF xmlns:rdf="http://www.w3.org/1999/02/22-rdf-syntax-ns#" xmlns:dcterms="http://purl.org/dc/terms/" xmlns:vCard="http://www.w3.org/2001/vcard-rdf/3.0#" xmlns:vCard4="http://www.w3.org/2006/vcard/ns#" xmlns:bqbiol="http://biomodels.net/biology-qualifiers/" xmlns:bqmodel="http://biomodels.net/model-qualifiers/">
            <rdf:Description rdf:about="#COPASI4">
	<bqbiol:is>
	<rdf:Bag>
	<rdf:li rdf:resource="http://identifiers.org/ncit/C85546"/>
	</rdf:Bag>
	</bqbiol:is>
	</rdf:Description>
	
	
          </rdf:RDF>
          <COPASI xmlns="http://www.copasi.org/static/sbml">
            <rdf:RDF xmlns:CopasiMT="http://www.copasi.org/RDF/MiriamTerms#" xmlns:dcterms="http://purl.org/dc/terms/" xmlns:rdf="http://www.w3.org/1999/02/22-rdf-syntax-ns#">
              <rdf:Description rdf:about="#COPASI4">
                <dcterms:created>
                  <rdf:Description>
                    <dcterms:W3CDTF>2019-07-10T09:27:20Z</dcterms:W3CDTF>
                  </rdf:Description>
                </dcterms:created>
                <CopasiMT:is rdf:resource="urn:miriam:ncit:C85546"/>
              </rdf:Description>
            </rdf:RDF>
          </COPASI>
        </annotation>
            </species>
      <species boundaryCondition="false" compartment="bladder_cancer_tme" constant="false" hasOnlySubstanceUnits="false" id="P" initialConcentration="0" metaid="COPASI5" name="P" substanceUnits="substance">
        <notes>
          <body xmlns="http://www.w3.org/1999/xhtml">
            <pre>immune checkpoint/suppressor</pre>
          </body>
        </notes>
        <annotation>
          <rdf:RDF xmlns:rdf="http://www.w3.org/1999/02/22-rdf-syntax-ns#" xmlns:dcterms="http://purl.org/dc/terms/" xmlns:vCard="http://www.w3.org/2001/vcard-rdf/3.0#" xmlns:vCard4="http://www.w3.org/2006/vcard/ns#" xmlns:bqbiol="http://biomodels.net/biology-qualifiers/" xmlns:bqmodel="http://biomodels.net/model-qualifiers/">
            <rdf:Description rdf:about="#COPASI5">
              <bqbiol:hasVersion>
	<rdf:Bag>
	<rdf:li rdf:resource="http://identifiers.org/uniprot/P01137"/>
	</rdf:Bag>
	</bqbiol:hasVersion>
	<bqbiol:hasVersion>
	<rdf:Bag>
	<rdf:li rdf:resource="http://identifiers.org/uniprot/P16410"/>
	</rdf:Bag>
	</bqbiol:hasVersion>
	
	<bqbiol:hasVersion>
	<rdf:Bag>
	<rdf:li rdf:resource="http://identifiers.org/uniprot/Q15116"/>
	</rdf:Bag>
	</bqbiol:hasVersion>
	</rdf:Description>
	
	
          </rdf:RDF>
          <COPASI xmlns="http://www.copasi.org/static/sbml">
            <rdf:RDF xmlns:CopasiMT="http://www.copasi.org/RDF/MiriamTerms#" xmlns:dcterms="http://purl.org/dc/terms/" xmlns:rdf="http://www.w3.org/1999/02/22-rdf-syntax-ns#">
              <rdf:Description rdf:about="#COPASI5">
                <dcterms:created>
                  <rdf:Description>
                    <dcterms:W3CDTF>2019-07-10T09:27:22Z</dcterms:W3CDTF>
                  </rdf:Description>
                </dcterms:created>
                <CopasiMT:hasVersion rdf:resource="urn:miriam:uniprot:P01137"/>
                <CopasiMT:hasVersion rdf:resource="urn:miriam:uniprot:P16410"/>
                <CopasiMT:hasVersion rdf:resource="urn:miriam:uniprot:Q15116"/>
              </rdf:Description>
            </rdf:RDF>
          </COPASI>
        </annotation>
            </species>
    </listOfSpecies>
    <listOfParameters>
      <parameter constant="true" id="r" metaid="COPASI6" name="r" units="unit_0" value="0.0033">
        <notes>
          <body xmlns="http://www.w3.org/1999/xhtml">
            <pre>Tumor growth rate</pre>
          </body>
        </notes>
        <annotation>
          <rdf:RDF xmlns:rdf="http://www.w3.org/1999/02/22-rdf-syntax-ns#" xmlns:dcterms="http://purl.org/dc/terms/" xmlns:vCard="http://www.w3.org/2001/vcard-rdf/3.0#" xmlns:vCard4="http://www.w3.org/2006/vcard/ns#" xmlns:bqbiol="http://biomodels.net/biology-qualifiers/" xmlns:bqmodel="http://biomodels.net/model-qualifiers/">
            <rdf:Description rdf:about="#COPASI6">
	<bqbiol:isVersionOf>
	<rdf:Bag>
	<rdf:li rdf:resource="http://identifiers.org/sbo/SBO:0000610"/>
	</rdf:Bag>
	</bqbiol:isVersionOf>
	</rdf:Description>
	
	
          </rdf:RDF>
          <COPASI xmlns="http://www.copasi.org/static/sbml">
            <rdf:RDF xmlns:CopasiMT="http://www.copasi.org/RDF/MiriamTerms#" xmlns:dcterms="http://purl.org/dc/terms/" xmlns:rdf="http://www.w3.org/1999/02/22-rdf-syntax-ns#">
              <rdf:Description rdf:about="#COPASI6">
                <dcterms:created>
                  <rdf:Description>
                    <dcterms:W3CDTF>2019-07-10T09:38:31Z</dcterms:W3CDTF>
                  </rdf:Description>
                </dcterms:created>
                <CopasiMT:isVersionOf rdf:resource="urn:miriam:sbo:SBO:0000610"/>
              </rdf:Description>
            </rdf:RDF>
          </COPASI>
        </annotation>
            </parameter>
      <parameter constant="true" id="alpha1" metaid="COPASI7" name="alpha1" units="unit_0" value="1.1E-7">
        <notes>
          <body xmlns="http://www.w3.org/1999/xhtml">
            <pre>Rate of elimination of cancer cells by effector cells</pre>
          </body>
        </notes>
        <annotation>
          <rdf:RDF xmlns:rdf="http://www.w3.org/1999/02/22-rdf-syntax-ns#" xmlns:dcterms="http://purl.org/dc/terms/" xmlns:vCard="http://www.w3.org/2001/vcard-rdf/3.0#" xmlns:vCard4="http://www.w3.org/2006/vcard/ns#" xmlns:bqbiol="http://biomodels.net/biology-qualifiers/" xmlns:bqmodel="http://biomodels.net/model-qualifiers/">
            <rdf:Description rdf:about="#COPASI7">
	<bqbiol:isVersionOf>
	<rdf:Bag>
	<rdf:li rdf:resource="http://identifiers.org/ncit/C94967"/>
	</rdf:Bag>
	</bqbiol:isVersionOf>
	</rdf:Description>
	
	
          </rdf:RDF>
          <COPASI xmlns="http://www.copasi.org/static/sbml">
            <rdf:RDF xmlns:CopasiMT="http://www.copasi.org/RDF/MiriamTerms#" xmlns:dcterms="http://purl.org/dc/terms/" xmlns:rdf="http://www.w3.org/1999/02/22-rdf-syntax-ns#">
              <rdf:Description rdf:about="#COPASI7">
                <dcterms:created>
                  <rdf:Description>
                    <dcterms:W3CDTF>2019-07-10T09:38:33Z</dcterms:W3CDTF>
                  </rdf:Description>
                </dcterms:created>
                <CopasiMT:isVersionOf rdf:resource="urn:miriam:ncit:C94967"/>
              </rdf:Description>
            </rdf:RDF>
          </COPASI>
        </annotation>
            </parameter>
      <parameter constant="true" id="k" metaid="COPASI8" name="k" units="unit_1" value="2000">
        <notes>
          <body xmlns="http://www.w3.org/1999/xhtml">
            <pre>Inhibitory parameter</pre>
          </body>
        </notes>
        <annotation>
          <rdf:RDF xmlns:rdf="http://www.w3.org/1999/02/22-rdf-syntax-ns#" xmlns:dcterms="http://purl.org/dc/terms/" xmlns:vCard="http://www.w3.org/2001/vcard-rdf/3.0#" xmlns:vCard4="http://www.w3.org/2006/vcard/ns#" xmlns:bqbiol="http://biomodels.net/biology-qualifiers/" xmlns:bqmodel="http://biomodels.net/model-qualifiers/">
            <rdf:Description rdf:about="#COPASI8">
	<bqbiol:isVersionOf>
	<rdf:Bag>
	<rdf:li rdf:resource="http://identifiers.org/sbo/SBO:0000261"/>
	</rdf:Bag>
	</bqbiol:isVersionOf>
	</rdf:Description>
	
	
          </rdf:RDF>
          <COPASI xmlns="http://www.copasi.org/static/sbml">
            <rdf:RDF xmlns:CopasiMT="http://www.copasi.org/RDF/MiriamTerms#" xmlns:dcterms="http://purl.org/dc/terms/" xmlns:rdf="http://www.w3.org/1999/02/22-rdf-syntax-ns#">
              <rdf:Description rdf:about="#COPASI8">
                <dcterms:created>
                  <rdf:Description>
                    <dcterms:W3CDTF>2019-07-10T09:38:34Z</dcterms:W3CDTF>
                  </rdf:Description>
                </dcterms:created>
                <CopasiMT:isVersionOf rdf:resource="urn:miriam:sbo:SBO:0000261"/>
              </rdf:Description>
            </rdf:RDF>
          </COPASI>
        </annotation>
            </parameter>
      <parameter constant="true" id="a1" metaid="COPASI9" name="a1" units="unit_0" value="0.25">
        <notes>
          <body xmlns="http://www.w3.org/1999/xhtml">
            <pre>Recruitment rate of effector cells</pre>
          </body>
        </notes>
        <annotation>
          <rdf:RDF xmlns:rdf="http://www.w3.org/1999/02/22-rdf-syntax-ns#" xmlns:dcterms="http://purl.org/dc/terms/" xmlns:vCard="http://www.w3.org/2001/vcard-rdf/3.0#" xmlns:vCard4="http://www.w3.org/2006/vcard/ns#" xmlns:bqbiol="http://biomodels.net/biology-qualifiers/" xmlns:bqmodel="http://biomodels.net/model-qualifiers/">
            <rdf:Description rdf:about="#COPASI9">
	<bqbiol:isVersionOf>
	<rdf:Bag>
	<rdf:li rdf:resource="http://identifiers.org/sbo/SBO:0000610"/>
	</rdf:Bag>
	</bqbiol:isVersionOf>
	</rdf:Description>
	
	
          </rdf:RDF>
          <COPASI xmlns="http://www.copasi.org/static/sbml">
            <rdf:RDF xmlns:CopasiMT="http://www.copasi.org/RDF/MiriamTerms#" xmlns:dcterms="http://purl.org/dc/terms/" xmlns:rdf="http://www.w3.org/1999/02/22-rdf-syntax-ns#">
              <rdf:Description rdf:about="#COPASI9">
                <dcterms:created>
                  <rdf:Description>
                    <dcterms:W3CDTF>2019-07-10T09:38:35Z</dcterms:W3CDTF>
                  </rdf:Description>
                </dcterms:created>
                <CopasiMT:isVersionOf rdf:resource="urn:miriam:sbo:SBO:0000610"/>
              </rdf:Description>
            </rdf:RDF>
          </COPASI>
        </annotation>
            </parameter>
      <parameter constant="true" id="a2" metaid="COPASI10" name="a2" units="unit_0" value="0.052">
        <notes>
          <body xmlns="http://www.w3.org/1999/xhtml">
            <pre>Activation rate of effector cells by the BCG</pre>
          </body>
        </notes>
        <annotation>
          <rdf:RDF xmlns:rdf="http://www.w3.org/1999/02/22-rdf-syntax-ns#" xmlns:dcterms="http://purl.org/dc/terms/" xmlns:vCard="http://www.w3.org/2001/vcard-rdf/3.0#" xmlns:vCard4="http://www.w3.org/2006/vcard/ns#" xmlns:bqbiol="http://biomodels.net/biology-qualifiers/" xmlns:bqmodel="http://biomodels.net/model-qualifiers/">
            <rdf:Description rdf:about="#COPASI10">
	<bqbiol:isVersionOf>
	<rdf:Bag>
	<rdf:li rdf:resource="http://identifiers.org/sbo/SBO:0000610"/>
	</rdf:Bag>
	</bqbiol:isVersionOf>
	</rdf:Description>
	
	
          </rdf:RDF>
          <COPASI xmlns="http://www.copasi.org/static/sbml">
            <rdf:RDF xmlns:CopasiMT="http://www.copasi.org/RDF/MiriamTerms#" xmlns:dcterms="http://purl.org/dc/terms/" xmlns:rdf="http://www.w3.org/1999/02/22-rdf-syntax-ns#">
              <rdf:Description rdf:about="#COPASI10">
                <dcterms:created>
                  <rdf:Description>
                    <dcterms:W3CDTF>2019-07-10T09:38:36Z</dcterms:W3CDTF>
                  </rdf:Description>
                </dcterms:created>
                <CopasiMT:isVersionOf rdf:resource="urn:miriam:sbo:SBO:0000610"/>
              </rdf:Description>
            </rdf:RDF>
          </COPASI>
        </annotation>
            </parameter>
      <parameter constant="true" id="delta" metaid="COPASI11" name="delta" units="unit_0" value="151932">
        <notes>
          <body xmlns="http://www.w3.org/1999/xhtml">
            <pre>Internal production of immune checkpoints</pre>
          </body>
        </notes>
        <annotation>
          <rdf:RDF xmlns:rdf="http://www.w3.org/1999/02/22-rdf-syntax-ns#" xmlns:dcterms="http://purl.org/dc/terms/" xmlns:vCard="http://www.w3.org/2001/vcard-rdf/3.0#" xmlns:vCard4="http://www.w3.org/2006/vcard/ns#" xmlns:bqbiol="http://biomodels.net/biology-qualifiers/" xmlns:bqmodel="http://biomodels.net/model-qualifiers/">
            <rdf:Description rdf:about="#COPASI11">
	<bqbiol:isVersionOf>
	<rdf:Bag>
	<rdf:li rdf:resource="http://identifiers.org/sbo/SBO:0000610"/>
	</rdf:Bag>
	</bqbiol:isVersionOf>
	</rdf:Description>
	
	
          </rdf:RDF>
          <COPASI xmlns="http://www.copasi.org/static/sbml">
            <rdf:RDF xmlns:CopasiMT="http://www.copasi.org/RDF/MiriamTerms#" xmlns:dcterms="http://purl.org/dc/terms/" xmlns:rdf="http://www.w3.org/1999/02/22-rdf-syntax-ns#">
              <rdf:Description rdf:about="#COPASI11">
                <dcterms:created>
                  <rdf:Description>
                    <dcterms:W3CDTF>2019-07-10T09:38:38Z</dcterms:W3CDTF>
                  </rdf:Description>
                </dcterms:created>
                <CopasiMT:isVersionOf rdf:resource="urn:miriam:sbo:SBO:0000610"/>
              </rdf:Description>
            </rdf:RDF>
          </COPASI>
        </annotation>
            </parameter>
      <parameter constant="true" id="alpha2" metaid="COPASI12" name="alpha2" units="unit_0" value="3.45E-10">
        <notes>
          <body xmlns="http://www.w3.org/1999/xhtml">
            <pre>Elimination rate of effector cells by cancer cells</pre>
          </body>
        </notes>
        <annotation>
          <rdf:RDF xmlns:rdf="http://www.w3.org/1999/02/22-rdf-syntax-ns#" xmlns:dcterms="http://purl.org/dc/terms/" xmlns:vCard="http://www.w3.org/2001/vcard-rdf/3.0#" xmlns:vCard4="http://www.w3.org/2006/vcard/ns#" xmlns:bqbiol="http://biomodels.net/biology-qualifiers/" xmlns:bqmodel="http://biomodels.net/model-qualifiers/">
            <rdf:Description rdf:about="#COPASI12">
	<bqbiol:isVersionOf>
	<rdf:Bag>
	<rdf:li rdf:resource="http://identifiers.org/ncit/C94967"/>
	</rdf:Bag>
	</bqbiol:isVersionOf>
	</rdf:Description>
	
	
          </rdf:RDF>
          <COPASI xmlns="http://www.copasi.org/static/sbml">
            <rdf:RDF xmlns:CopasiMT="http://www.copasi.org/RDF/MiriamTerms#" xmlns:dcterms="http://purl.org/dc/terms/" xmlns:rdf="http://www.w3.org/1999/02/22-rdf-syntax-ns#">
              <rdf:Description rdf:about="#COPASI12">
                <dcterms:created>
                  <rdf:Description>
                    <dcterms:W3CDTF>2019-07-10T09:38:40Z</dcterms:W3CDTF>
                  </rdf:Description>
                </dcterms:created>
                <CopasiMT:isVersionOf rdf:resource="urn:miriam:ncit:C94967"/>
              </rdf:Description>
            </rdf:RDF>
          </COPASI>
        </annotation>
            </parameter>
      <parameter constant="true" id="u1" metaid="COPASI13" name="u1" units="unit_0" value="0.041">
        <notes>
          <body xmlns="http://www.w3.org/1999/xhtml">
            <pre>Degradation rate of effector cells</pre>
          </body>
        </notes>
        <annotation>
          <rdf:RDF xmlns:rdf="http://www.w3.org/1999/02/22-rdf-syntax-ns#" xmlns:dcterms="http://purl.org/dc/terms/" xmlns:vCard="http://www.w3.org/2001/vcard-rdf/3.0#" xmlns:vCard4="http://www.w3.org/2006/vcard/ns#" xmlns:bqbiol="http://biomodels.net/biology-qualifiers/" xmlns:bqmodel="http://biomodels.net/model-qualifiers/">
            <rdf:Description rdf:about="#COPASI13">
	<bqbiol:isVersionOf>
	<rdf:Bag>
	<rdf:li rdf:resource="http://identifiers.org/ncit/C94967"/>
	</rdf:Bag>
	</bqbiol:isVersionOf>
	</rdf:Description>
	
	
          </rdf:RDF>
          <COPASI xmlns="http://www.copasi.org/static/sbml">
            <rdf:RDF xmlns:CopasiMT="http://www.copasi.org/RDF/MiriamTerms#" xmlns:dcterms="http://purl.org/dc/terms/" xmlns:rdf="http://www.w3.org/1999/02/22-rdf-syntax-ns#">
              <rdf:Description rdf:about="#COPASI13">
                <dcterms:created>
                  <rdf:Description>
                    <dcterms:W3CDTF>2019-07-10T09:38:42Z</dcterms:W3CDTF>
                  </rdf:Description>
                </dcterms:created>
                <CopasiMT:isVersionOf rdf:resource="urn:miriam:ncit:C94967"/>
              </rdf:Description>
            </rdf:RDF>
          </COPASI>
        </annotation>
            </parameter>
      <parameter constant="true" id="u2" metaid="COPASI14" name="u2" units="unit_0" value="0.1">
        <notes>
          <body xmlns="http://www.w3.org/1999/xhtml">
            <pre>Rate of BCG decay</pre>
          </body>
        </notes>
        <annotation>
          <rdf:RDF xmlns:rdf="http://www.w3.org/1999/02/22-rdf-syntax-ns#" xmlns:dcterms="http://purl.org/dc/terms/" xmlns:vCard="http://www.w3.org/2001/vcard-rdf/3.0#" xmlns:vCard4="http://www.w3.org/2006/vcard/ns#" xmlns:bqbiol="http://biomodels.net/biology-qualifiers/" xmlns:bqmodel="http://biomodels.net/model-qualifiers/">
            <rdf:Description rdf:about="#COPASI14">
	<bqbiol:isVersionOf>
	<rdf:Bag>
	<rdf:li rdf:resource="http://identifiers.org/ncit/C94967"/>
	</rdf:Bag>
	</bqbiol:isVersionOf>
	</rdf:Description>
	
	
          </rdf:RDF>
          <COPASI xmlns="http://www.copasi.org/static/sbml">
            <rdf:RDF xmlns:CopasiMT="http://www.copasi.org/RDF/MiriamTerms#" xmlns:dcterms="http://purl.org/dc/terms/" xmlns:rdf="http://www.w3.org/1999/02/22-rdf-syntax-ns#">
              <rdf:Description rdf:about="#COPASI14">
                <dcterms:created>
                  <rdf:Description>
                    <dcterms:W3CDTF>2019-07-10T09:38:44Z</dcterms:W3CDTF>
                  </rdf:Description>
                </dcterms:created>
                <CopasiMT:isVersionOf rdf:resource="urn:miriam:ncit:C94967"/>
              </rdf:Description>
            </rdf:RDF>
          </COPASI>
        </annotation>
            </parameter>
      <parameter constant="true" id="b" metaid="COPASI15" name="b" units="unit_0" value="650000">
        <notes>
          <body xmlns="http://www.w3.org/1999/xhtml">
            <pre>Bioeffective concentration of BCG</pre>
          </body>
        </notes>
        <annotation>
          <rdf:RDF xmlns:rdf="http://www.w3.org/1999/02/22-rdf-syntax-ns#" xmlns:dcterms="http://purl.org/dc/terms/" xmlns:vCard="http://www.w3.org/2001/vcard-rdf/3.0#" xmlns:vCard4="http://www.w3.org/2006/vcard/ns#" xmlns:bqbiol="http://biomodels.net/biology-qualifiers/" xmlns:bqmodel="http://biomodels.net/model-qualifiers/">
            <rdf:Description rdf:about="#COPASI15">
	<bqbiol:isVersionOf>
	<rdf:Bag>
	<rdf:li rdf:resource="http://identifiers.org/ncit/C41185"/>
	</rdf:Bag>
	</bqbiol:isVersionOf>
	</rdf:Description>
	
	
          </rdf:RDF>
          <COPASI xmlns="http://www.copasi.org/static/sbml">
            <rdf:RDF xmlns:CopasiMT="http://www.copasi.org/RDF/MiriamTerms#" xmlns:dcterms="http://purl.org/dc/terms/" xmlns:rdf="http://www.w3.org/1999/02/22-rdf-syntax-ns#">
              <rdf:Description rdf:about="#COPASI15">
                <dcterms:created>
                  <rdf:Description>
                    <dcterms:W3CDTF>2019-07-10T09:38:45Z</dcterms:W3CDTF>
                  </rdf:Description>
                </dcterms:created>
                <CopasiMT:isVersionOf rdf:resource="urn:miriam:ncit:C41185"/>
              </rdf:Description>
            </rdf:RDF>
          </COPASI>
        </annotation>
            </parameter>
      <parameter constant="true" id="alpha3" metaid="COPASI16" name="alpha3" units="unit_0" value="1.25E-7">
        <notes>
          <body xmlns="http://www.w3.org/1999/xhtml">
            <pre>Destruction of BCG by effector cells</pre>
          </body>
        </notes>
        <annotation>
          <rdf:RDF xmlns:rdf="http://www.w3.org/1999/02/22-rdf-syntax-ns#" xmlns:dcterms="http://purl.org/dc/terms/" xmlns:vCard="http://www.w3.org/2001/vcard-rdf/3.0#" xmlns:vCard4="http://www.w3.org/2006/vcard/ns#" xmlns:bqbiol="http://biomodels.net/biology-qualifiers/" xmlns:bqmodel="http://biomodels.net/model-qualifiers/">
            <rdf:Description rdf:about="#COPASI16">
	<bqbiol:isVersionOf>
	<rdf:Bag>
	<rdf:li rdf:resource="http://identifiers.org/ncit/C94967"/>
	</rdf:Bag>
	</bqbiol:isVersionOf>
	</rdf:Description>
	
	
          </rdf:RDF>
          <COPASI xmlns="http://www.copasi.org/static/sbml">
            <rdf:RDF xmlns:CopasiMT="http://www.copasi.org/RDF/MiriamTerms#" xmlns:dcterms="http://purl.org/dc/terms/" xmlns:rdf="http://www.w3.org/1999/02/22-rdf-syntax-ns#">
              <rdf:Description rdf:about="#COPASI16">
                <dcterms:created>
                  <rdf:Description>
                    <dcterms:W3CDTF>2019-07-10T09:38:46Z</dcterms:W3CDTF>
                  </rdf:Description>
                </dcterms:created>
                <CopasiMT:isVersionOf rdf:resource="urn:miriam:ncit:C94967"/>
              </rdf:Description>
            </rdf:RDF>
          </COPASI>
        </annotation>
            </parameter>
      <parameter constant="true" id="u3" metaid="COPASI17" name="u3" units="unit_0" value="166.32">
        <notes>
          <body xmlns="http://www.w3.org/1999/xhtml">
            <pre>Degradation rate of immune checkpoints</pre>
          </body>
        </notes>
        <annotation>
          <rdf:RDF xmlns:rdf="http://www.w3.org/1999/02/22-rdf-syntax-ns#" xmlns:dcterms="http://purl.org/dc/terms/" xmlns:vCard="http://www.w3.org/2001/vcard-rdf/3.0#" xmlns:vCard4="http://www.w3.org/2006/vcard/ns#" xmlns:bqbiol="http://biomodels.net/biology-qualifiers/" xmlns:bqmodel="http://biomodels.net/model-qualifiers/">
            <rdf:Description rdf:about="#COPASI17">
	<bqbiol:isVersionOf>
	<rdf:Bag>
	<rdf:li rdf:resource="http://identifiers.org/ncit/C94967"/>
	</rdf:Bag>
	</bqbiol:isVersionOf>
	</rdf:Description>
	
	
          </rdf:RDF>
          <COPASI xmlns="http://www.copasi.org/static/sbml">
            <rdf:RDF xmlns:CopasiMT="http://www.copasi.org/RDF/MiriamTerms#" xmlns:dcterms="http://purl.org/dc/terms/" xmlns:rdf="http://www.w3.org/1999/02/22-rdf-syntax-ns#">
              <rdf:Description rdf:about="#COPASI17">
                <dcterms:created>
                  <rdf:Description>
                    <dcterms:W3CDTF>2019-07-10T09:38:48Z</dcterms:W3CDTF>
                  </rdf:Description>
                </dcterms:created>
                <CopasiMT:isVersionOf rdf:resource="urn:miriam:ncit:C94967"/>
              </rdf:Description>
            </rdf:RDF>
          </COPASI>
        </annotation>
            </parameter>
    </listOfParameters>
    <listOfReactions>
      <reaction fast="false" id="cancer_growth" metaid="COPASI18" name="cancer growth" reversible="false">
        <annotation>
          <rdf:RDF xmlns:rdf="http://www.w3.org/1999/02/22-rdf-syntax-ns#" xmlns:dcterms="http://purl.org/dc/terms/" xmlns:vCard="http://www.w3.org/2001/vcard-rdf/3.0#" xmlns:vCard4="http://www.w3.org/2006/vcard/ns#" xmlns:bqbiol="http://biomodels.net/biology-qualifiers/" xmlns:bqmodel="http://biomodels.net/model-qualifiers/">
            <rdf:Description rdf:about="#COPASI18">
              <bqbiol:isVersionOf>
	<rdf:Bag>
	<rdf:li rdf:resource="http://identifiers.org/sbo/SBO:0000393"/>
	</rdf:Bag>
	</bqbiol:isVersionOf>
	
	<bqbiol:isVersionOf>
	<rdf:Bag>
	<rdf:li rdf:resource="http://identifiers.org/go/GO:0008283"/>
	</rdf:Bag>
	</bqbiol:isVersionOf>
	</rdf:Description>
	
	
          </rdf:RDF>
          <COPASI xmlns="http://www.copasi.org/static/sbml">
            <rdf:RDF xmlns:CopasiMT="http://www.copasi.org/RDF/MiriamTerms#" xmlns:dcterms="http://purl.org/dc/terms/" xmlns:rdf="http://www.w3.org/1999/02/22-rdf-syntax-ns#">
              <rdf:Description rdf:about="#COPASI18">
                <dcterms:created>
                  <rdf:Description>
                    <dcterms:W3CDTF>2019-07-10T10:55:56Z</dcterms:W3CDTF>
                  </rdf:Description>
                </dcterms:created>
                <CopasiMT:isVersionOf rdf:resource="urn:miriam:go:GO:0008283"/>
                <CopasiMT:isVersionOf rdf:resource="urn:miriam:sbo:SBO:0000393"/>
              </rdf:Description>
            </rdf:RDF>
          </COPASI>
        </annotation>
              <listOfProducts>
          <speciesReference constant="true" species="C" stoichiometry="1"/>
        </listOfProducts>
        <kineticLaw>
          <math xmlns="http://www.w3.org/1998/Math/MathML">          
            <apply>
              <times/>
              <ci> bladder_cancer_tme </ci>
              <apply>
                <ci> cancer_growth_0 </ci>
                <ci> r </ci>
                <ci> C </ci>
              </apply>
            </apply>
          </math>
                </kineticLaw>
      </reaction>
      <reaction fast="false" id="cancer_killing" metaid="COPASI19" name="cancer killing" reversible="false">
        <annotation>
          <rdf:RDF xmlns:rdf="http://www.w3.org/1999/02/22-rdf-syntax-ns#" xmlns:dcterms="http://purl.org/dc/terms/" xmlns:vCard="http://www.w3.org/2001/vcard-rdf/3.0#" xmlns:vCard4="http://www.w3.org/2006/vcard/ns#" xmlns:bqbiol="http://biomodels.net/biology-qualifiers/" xmlns:bqmodel="http://biomodels.net/model-qualifiers/">
            <rdf:Description rdf:about="#COPASI19">
              <bqbiol:isVersionOf>
	<rdf:Bag>
	<rdf:li rdf:resource="http://identifiers.org/sbo/SBO:0000179"/>
	</rdf:Bag>
	</bqbiol:isVersionOf>
	<bqbiol:isVersionOf>
	<rdf:Bag>
	<rdf:li rdf:resource="http://identifiers.org/go/GO:0001909"/>
	</rdf:Bag>
	</bqbiol:isVersionOf>
	
	<bqbiol:isVersionOf>
	<rdf:Bag>
	<rdf:li rdf:resource="http://identifiers.org/go/GO:0008219"/>
	</rdf:Bag>
	</bqbiol:isVersionOf>
	</rdf:Description>
	
	
          </rdf:RDF>
          <COPASI xmlns="http://www.copasi.org/static/sbml">
            <rdf:RDF xmlns:CopasiMT="http://www.copasi.org/RDF/MiriamTerms#" xmlns:dcterms="http://purl.org/dc/terms/" xmlns:rdf="http://www.w3.org/1999/02/22-rdf-syntax-ns#">
              <rdf:Description rdf:about="#COPASI19">
                <dcterms:created>
                  <rdf:Description>
                    <dcterms:W3CDTF>2019-07-10T10:56:03Z</dcterms:W3CDTF>
                  </rdf:Description>
                </dcterms:created>
                <CopasiMT:isVersionOf rdf:resource="urn:miriam:go:GO:0001909"/>
                <CopasiMT:isVersionOf rdf:resource="urn:miriam:go:GO:0008219"/>
                <CopasiMT:isVersionOf rdf:resource="urn:miriam:sbo:SBO:0000179"/>
              </rdf:Description>
            </rdf:RDF>
          </COPASI>
        </annotation>
              <listOfReactants>
          <speciesReference constant="true" species="C" stoichiometry="1"/>
        </listOfReactants>
        <listOfModifiers>
          <modifierSpeciesReference species="E"/>
          <modifierSpeciesReference species="P"/>
        </listOfModifiers>
        <kineticLaw>
          <math xmlns="http://www.w3.org/1998/Math/MathML">          
            <apply>
              <times/>
              <ci> bladder_cancer_tme </ci>
              <apply>
                <ci> cancer_killing_0 </ci>
                <ci> alpha1 </ci>
                <ci> E </ci>
                <ci> C </ci>
                <ci> P </ci>
                <ci> k </ci>
              </apply>
            </apply>
          </math>
                </kineticLaw>
      </reaction>
      <reaction fast="false" id="effector_activation_by_cancer" metaid="COPASI20" name="effector activation by cancer" reversible="false">
        <annotation>
          <rdf:RDF xmlns:rdf="http://www.w3.org/1999/02/22-rdf-syntax-ns#" xmlns:dcterms="http://purl.org/dc/terms/" xmlns:vCard="http://www.w3.org/2001/vcard-rdf/3.0#" xmlns:vCard4="http://www.w3.org/2006/vcard/ns#" xmlns:bqbiol="http://biomodels.net/biology-qualifiers/" xmlns:bqmodel="http://biomodels.net/model-qualifiers/">
            <rdf:Description rdf:about="#COPASI20">
              <bqbiol:isVersionOf>
	<rdf:Bag>
	<rdf:li rdf:resource="http://identifiers.org/go/GO:0070661"/>
	</rdf:Bag>
	</bqbiol:isVersionOf>
	<bqbiol:isVersionOf>
	<rdf:Bag>
	<rdf:li rdf:resource="http://identifiers.org/go/GO:0008283"/>
	</rdf:Bag>
	</bqbiol:isVersionOf>
	
	<bqbiol:isVersionOf>
	<rdf:Bag>
	<rdf:li rdf:resource="http://identifiers.org/sbo/SBO:0000393"/>
	</rdf:Bag>
	</bqbiol:isVersionOf>
	</rdf:Description>
	
	
          </rdf:RDF>
          <COPASI xmlns="http://www.copasi.org/static/sbml">
            <rdf:RDF xmlns:CopasiMT="http://www.copasi.org/RDF/MiriamTerms#" xmlns:dcterms="http://purl.org/dc/terms/" xmlns:rdf="http://www.w3.org/1999/02/22-rdf-syntax-ns#">
              <rdf:Description rdf:about="#COPASI20">
                <dcterms:created>
                  <rdf:Description>
                    <dcterms:W3CDTF>2019-07-10T10:56:11Z</dcterms:W3CDTF>
                  </rdf:Description>
                </dcterms:created>
                <CopasiMT:isVersionOf rdf:resource="urn:miriam:go:GO:0008283"/>
                <CopasiMT:isVersionOf rdf:resource="urn:miriam:go:GO:0070661"/>
                <CopasiMT:isVersionOf rdf:resource="urn:miriam:sbo:SBO:0000393"/>
              </rdf:Description>
            </rdf:RDF>
          </COPASI>
        </annotation>
              <listOfProducts>
          <speciesReference constant="true" species="E" stoichiometry="1"/>
        </listOfProducts>
        <listOfModifiers>
          <modifierSpeciesReference species="C"/>
          <modifierSpeciesReference species="P"/>
        </listOfModifiers>
        <kineticLaw>
          <math xmlns="http://www.w3.org/1998/Math/MathML">          
            <apply>
              <times/>
              <ci> bladder_cancer_tme </ci>
              <apply>
                <ci> effector_activation </ci>
                <ci> a1 </ci>
                <ci> C </ci>
                <ci> E </ci>
                <ci> P </ci>
                <ci> k </ci>
              </apply>
            </apply>
          </math>
                </kineticLaw>
      </reaction>
      <reaction fast="false" id="effector_activation_by_BCG" metaid="COPASI21" name="effector activation by BCG" reversible="false">
        <annotation>
          <rdf:RDF xmlns:rdf="http://www.w3.org/1999/02/22-rdf-syntax-ns#" xmlns:dcterms="http://purl.org/dc/terms/" xmlns:vCard="http://www.w3.org/2001/vcard-rdf/3.0#" xmlns:vCard4="http://www.w3.org/2006/vcard/ns#" xmlns:bqbiol="http://biomodels.net/biology-qualifiers/" xmlns:bqmodel="http://biomodels.net/model-qualifiers/">
            <rdf:Description rdf:about="#COPASI21">
              <bqbiol:isVersionOf>
	<rdf:Bag>
	<rdf:li rdf:resource="http://identifiers.org/go/GO:0070661"/>
	</rdf:Bag>
	</bqbiol:isVersionOf>
	<bqbiol:isVersionOf>
	<rdf:Bag>
	<rdf:li rdf:resource="http://identifiers.org/go/GO:0008283"/>
	</rdf:Bag>
	</bqbiol:isVersionOf>
	
	<bqbiol:isVersionOf>
	<rdf:Bag>
	<rdf:li rdf:resource="http://identifiers.org/sbo/SBO:0000393"/>
	</rdf:Bag>
	</bqbiol:isVersionOf>
	</rdf:Description>
	
	
          </rdf:RDF>
          <COPASI xmlns="http://www.copasi.org/static/sbml">
            <rdf:RDF xmlns:CopasiMT="http://www.copasi.org/RDF/MiriamTerms#" xmlns:dcterms="http://purl.org/dc/terms/" xmlns:rdf="http://www.w3.org/1999/02/22-rdf-syntax-ns#">
              <rdf:Description rdf:about="#COPASI21">
                <dcterms:created>
                  <rdf:Description>
                    <dcterms:W3CDTF>2019-07-10T10:56:19Z</dcterms:W3CDTF>
                  </rdf:Description>
                </dcterms:created>
                <CopasiMT:isVersionOf rdf:resource="urn:miriam:go:GO:0008283"/>
                <CopasiMT:isVersionOf rdf:resource="urn:miriam:go:GO:0070661"/>
                <CopasiMT:isVersionOf rdf:resource="urn:miriam:sbo:SBO:0000393"/>
              </rdf:Description>
            </rdf:RDF>
          </COPASI>
        </annotation>
              <listOfProducts>
          <speciesReference constant="true" species="E" stoichiometry="1"/>
        </listOfProducts>
        <listOfModifiers>
          <modifierSpeciesReference species="B"/>
          <modifierSpeciesReference species="P"/>
        </listOfModifiers>
        <kineticLaw>
          <math xmlns="http://www.w3.org/1998/Math/MathML">          
            <apply>
              <times/>
              <ci> bladder_cancer_tme </ci>
              <apply>
                <ci> effector_activation </ci>
                <ci> a2 </ci>
                <ci> B </ci>
                <ci> E </ci>
                <ci> P </ci>
                <ci> k </ci>
              </apply>
            </apply>
          </math>
                </kineticLaw>
      </reaction>
      <reaction fast="false" id="effector_depletion_by_cancer" metaid="COPASI22" name="effector depletion by cancer" reversible="false">
        <annotation>
          <rdf:RDF xmlns:rdf="http://www.w3.org/1999/02/22-rdf-syntax-ns#" xmlns:dcterms="http://purl.org/dc/terms/" xmlns:vCard="http://www.w3.org/2001/vcard-rdf/3.0#" xmlns:vCard4="http://www.w3.org/2006/vcard/ns#" xmlns:bqbiol="http://biomodels.net/biology-qualifiers/" xmlns:bqmodel="http://biomodels.net/model-qualifiers/">
            <rdf:Description rdf:about="#COPASI22">
              <bqbiol:isVersionOf>
	<rdf:Bag>
	<rdf:li rdf:resource="http://identifiers.org/sbo/SBO:0000179"/>
	</rdf:Bag>
	</bqbiol:isVersionOf>
	
	<bqbiol:isVersionOf>
	<rdf:Bag>
	<rdf:li rdf:resource="http://identifiers.org/go/GO:0008219"/>
	</rdf:Bag>
	</bqbiol:isVersionOf>
	</rdf:Description>
	
	
          </rdf:RDF>
          <COPASI xmlns="http://www.copasi.org/static/sbml">
            <rdf:RDF xmlns:CopasiMT="http://www.copasi.org/RDF/MiriamTerms#" xmlns:dcterms="http://purl.org/dc/terms/" xmlns:rdf="http://www.w3.org/1999/02/22-rdf-syntax-ns#">
              <rdf:Description rdf:about="#COPASI22">
                <dcterms:created>
                  <rdf:Description>
                    <dcterms:W3CDTF>2019-07-10T10:56:29Z</dcterms:W3CDTF>
                  </rdf:Description>
                </dcterms:created>
                <CopasiMT:isVersionOf rdf:resource="urn:miriam:go:GO:0008219"/>
                <CopasiMT:isVersionOf rdf:resource="urn:miriam:sbo:SBO:0000179"/>
              </rdf:Description>
            </rdf:RDF>
          </COPASI>
        </annotation>
              <listOfReactants>
          <speciesReference constant="true" species="E" stoichiometry="1"/>
        </listOfReactants>
        <listOfModifiers>
          <modifierSpeciesReference species="C"/>
        </listOfModifiers>
        <kineticLaw>
          <math xmlns="http://www.w3.org/1998/Math/MathML">          
            <apply>
              <times/>
              <ci> bladder_cancer_tme </ci>
              <apply>
                <ci> effector_depletion_by_cancer_0 </ci>
                <ci> alpha2 </ci>
                <ci> E </ci>
                <ci> C </ci>
              </apply>
            </apply>
          </math>
                </kineticLaw>
      </reaction>
      <reaction fast="false" id="effector_death" metaid="COPASI23" name="effector death" reversible="false">
        <annotation>
          <rdf:RDF xmlns:rdf="http://www.w3.org/1999/02/22-rdf-syntax-ns#" xmlns:dcterms="http://purl.org/dc/terms/" xmlns:vCard="http://www.w3.org/2001/vcard-rdf/3.0#" xmlns:vCard4="http://www.w3.org/2006/vcard/ns#" xmlns:bqbiol="http://biomodels.net/biology-qualifiers/" xmlns:bqmodel="http://biomodels.net/model-qualifiers/">
            <rdf:Description rdf:about="#COPASI23">
              <bqbiol:isVersionOf>
	<rdf:Bag>
	<rdf:li rdf:resource="http://identifiers.org/sbo/SBO:0000179"/>
	</rdf:Bag>
	</bqbiol:isVersionOf>
	
	<bqbiol:isVersionOf>
	<rdf:Bag>
	<rdf:li rdf:resource="http://identifiers.org/go/GO:0008219"/>
	</rdf:Bag>
	</bqbiol:isVersionOf>
	</rdf:Description>
	
	
          </rdf:RDF>
          <COPASI xmlns="http://www.copasi.org/static/sbml">
            <rdf:RDF xmlns:CopasiMT="http://www.copasi.org/RDF/MiriamTerms#" xmlns:dcterms="http://purl.org/dc/terms/" xmlns:rdf="http://www.w3.org/1999/02/22-rdf-syntax-ns#">
              <rdf:Description rdf:about="#COPASI23">
                <dcterms:created>
                  <rdf:Description>
                    <dcterms:W3CDTF>2019-07-10T10:56:36Z</dcterms:W3CDTF>
                  </rdf:Description>
                </dcterms:created>
                <CopasiMT:isVersionOf rdf:resource="urn:miriam:go:GO:0008219"/>
                <CopasiMT:isVersionOf rdf:resource="urn:miriam:sbo:SBO:0000179"/>
              </rdf:Description>
            </rdf:RDF>
          </COPASI>
        </annotation>
              <listOfReactants>
          <speciesReference constant="true" species="E" stoichiometry="1"/>
        </listOfReactants>
        <kineticLaw>
          <math xmlns="http://www.w3.org/1998/Math/MathML">          
            <apply>
              <times/>
              <ci> bladder_cancer_tme </ci>
              <ci> u1 </ci>
              <ci> E </ci>
            </apply>
          </math>
                </kineticLaw>
      </reaction>
      <reaction fast="false" id="BCG_source__therapy" metaid="COPASI24" name="BCG source (therapy)" reversible="false">
        <annotation>
          <rdf:RDF xmlns:rdf="http://www.w3.org/1999/02/22-rdf-syntax-ns#" xmlns:dcterms="http://purl.org/dc/terms/" xmlns:vCard="http://www.w3.org/2001/vcard-rdf/3.0#" xmlns:vCard4="http://www.w3.org/2006/vcard/ns#" xmlns:bqbiol="http://biomodels.net/biology-qualifiers/" xmlns:bqmodel="http://biomodels.net/model-qualifiers/">
            <rdf:Description rdf:about="#COPASI24">
              <bqbiol:isVersionOf>
	<rdf:Bag>
	<rdf:li rdf:resource="http://identifiers.org/sbo/SBO:0000393"/>
	</rdf:Bag>
	</bqbiol:isVersionOf>
	
	<bqbiol:isVersionOf>
	<rdf:Bag>
	<rdf:li rdf:resource="http://identifiers.org/go/GO:0008283"/>
	</rdf:Bag>
	</bqbiol:isVersionOf>
	</rdf:Description>
	
	
          </rdf:RDF>
          <COPASI xmlns="http://www.copasi.org/static/sbml">
            <rdf:RDF xmlns:CopasiMT="http://www.copasi.org/RDF/MiriamTerms#" xmlns:dcterms="http://purl.org/dc/terms/" xmlns:rdf="http://www.w3.org/1999/02/22-rdf-syntax-ns#">
              <rdf:Description rdf:about="#COPASI24">
                <dcterms:created>
                  <rdf:Description>
                    <dcterms:W3CDTF>2019-07-10T10:56:40Z</dcterms:W3CDTF>
                  </rdf:Description>
                </dcterms:created>
                <CopasiMT:isVersionOf rdf:resource="urn:miriam:go:GO:0008283"/>
                <CopasiMT:isVersionOf rdf:resource="urn:miriam:sbo:SBO:0000393"/>
              </rdf:Description>
            </rdf:RDF>
          </COPASI>
        </annotation>
              <listOfProducts>
          <speciesReference constant="true" species="B" stoichiometry="1"/>
        </listOfProducts>
        <kineticLaw>
          <math xmlns="http://www.w3.org/1998/Math/MathML">          
            <apply>
              <times/>
              <ci> bladder_cancer_tme </ci>
              <apply>
                <ci> Constant_flux__irreversible </ci>
                <ci> b </ci>
              </apply>
            </apply>
          </math>
                </kineticLaw>
      </reaction>
      <reaction fast="false" id="BCG_death" metaid="COPASI25" name="BCG death" reversible="false">
        <annotation>
          <rdf:RDF xmlns:rdf="http://www.w3.org/1999/02/22-rdf-syntax-ns#" xmlns:dcterms="http://purl.org/dc/terms/" xmlns:vCard="http://www.w3.org/2001/vcard-rdf/3.0#" xmlns:vCard4="http://www.w3.org/2006/vcard/ns#" xmlns:bqbiol="http://biomodels.net/biology-qualifiers/" xmlns:bqmodel="http://biomodels.net/model-qualifiers/">
            <rdf:Description rdf:about="#COPASI25">
              <bqbiol:isVersionOf>
	<rdf:Bag>
	<rdf:li rdf:resource="http://identifiers.org/go/GO:0008219"/>
	</rdf:Bag>
	</bqbiol:isVersionOf>
	
	<bqbiol:isVersionOf>
	<rdf:Bag>
	<rdf:li rdf:resource="http://identifiers.org/sbo/SBO:0000179"/>
	</rdf:Bag>
	</bqbiol:isVersionOf>
	</rdf:Description>
	
	
          </rdf:RDF>
          <COPASI xmlns="http://www.copasi.org/static/sbml">
            <rdf:RDF xmlns:CopasiMT="http://www.copasi.org/RDF/MiriamTerms#" xmlns:dcterms="http://purl.org/dc/terms/" xmlns:rdf="http://www.w3.org/1999/02/22-rdf-syntax-ns#">
              <rdf:Description rdf:about="#COPASI25">
                <dcterms:created>
                  <rdf:Description>
                    <dcterms:W3CDTF>2019-07-10T10:56:46Z</dcterms:W3CDTF>
                  </rdf:Description>
                </dcterms:created>
                <CopasiMT:isVersionOf rdf:resource="urn:miriam:go:GO:0008219"/>
                <CopasiMT:isVersionOf rdf:resource="urn:miriam:sbo:SBO:0000179"/>
              </rdf:Description>
            </rdf:RDF>
          </COPASI>
        </annotation>
              <listOfReactants>
          <speciesReference constant="true" species="B" stoichiometry="1"/>
        </listOfReactants>
        <kineticLaw>
          <math xmlns="http://www.w3.org/1998/Math/MathML">          
            <apply>
              <times/>
              <ci> bladder_cancer_tme </ci>
              <ci> u2 </ci>
              <ci> B </ci>
            </apply>
          </math>
                </kineticLaw>
      </reaction>
      <reaction fast="false" id="BCG_killing_by_effector" metaid="COPASI26" name="BCG killing by effector" reversible="false">
        <annotation>
          <rdf:RDF xmlns:rdf="http://www.w3.org/1999/02/22-rdf-syntax-ns#" xmlns:dcterms="http://purl.org/dc/terms/" xmlns:vCard="http://www.w3.org/2001/vcard-rdf/3.0#" xmlns:vCard4="http://www.w3.org/2006/vcard/ns#" xmlns:bqbiol="http://biomodels.net/biology-qualifiers/" xmlns:bqmodel="http://biomodels.net/model-qualifiers/">
            <rdf:Description rdf:about="#COPASI26">
              <bqbiol:isVersionOf>
	<rdf:Bag>
	<rdf:li rdf:resource="http://identifiers.org/go/GO:0001909"/>
	</rdf:Bag>
	</bqbiol:isVersionOf>
	<bqbiol:isVersionOf>
	<rdf:Bag>
	<rdf:li rdf:resource="http://identifiers.org/go/GO:0008219"/>
	</rdf:Bag>
	</bqbiol:isVersionOf>
	
	<bqbiol:isVersionOf>
	<rdf:Bag>
	<rdf:li rdf:resource="http://identifiers.org/sbo/SBO:0000179"/>
	</rdf:Bag>
	</bqbiol:isVersionOf>
	</rdf:Description>
	
	
          </rdf:RDF>
          <COPASI xmlns="http://www.copasi.org/static/sbml">
            <rdf:RDF xmlns:CopasiMT="http://www.copasi.org/RDF/MiriamTerms#" xmlns:dcterms="http://purl.org/dc/terms/" xmlns:rdf="http://www.w3.org/1999/02/22-rdf-syntax-ns#">
              <rdf:Description rdf:about="#COPASI26">
                <dcterms:created>
                  <rdf:Description>
                    <dcterms:W3CDTF>2019-07-10T10:57:00Z</dcterms:W3CDTF>
                  </rdf:Description>
                </dcterms:created>
                <CopasiMT:isVersionOf rdf:resource="urn:miriam:go:GO:0001909"/>
                <CopasiMT:isVersionOf rdf:resource="urn:miriam:go:GO:0008219"/>
                <CopasiMT:isVersionOf rdf:resource="urn:miriam:sbo:SBO:0000179"/>
              </rdf:Description>
            </rdf:RDF>
          </COPASI>
        </annotation>
              <listOfReactants>
          <speciesReference constant="true" species="B" stoichiometry="1"/>
        </listOfReactants>
        <listOfModifiers>
          <modifierSpeciesReference species="E"/>
        </listOfModifiers>
        <kineticLaw>
          <math xmlns="http://www.w3.org/1998/Math/MathML">          
            <apply>
              <times/>
              <ci> bladder_cancer_tme </ci>
              <apply>
                <ci> BCG_degradation </ci>
                <ci> alpha3 </ci>
                <ci> E </ci>
                <ci> B </ci>
              </apply>
            </apply>
          </math>
                </kineticLaw>
      </reaction>
      <reaction fast="false" id="checkpoint_source" metaid="COPASI27" name="checkpoint source" reversible="false">
        <annotation>
          <rdf:RDF xmlns:rdf="http://www.w3.org/1999/02/22-rdf-syntax-ns#" xmlns:dcterms="http://purl.org/dc/terms/" xmlns:vCard="http://www.w3.org/2001/vcard-rdf/3.0#" xmlns:vCard4="http://www.w3.org/2006/vcard/ns#" xmlns:bqbiol="http://biomodels.net/biology-qualifiers/" xmlns:bqmodel="http://biomodels.net/model-qualifiers/">
            <rdf:Description rdf:about="#COPASI27">
              <bqbiol:isVersionOf>
	<rdf:Bag>
	<rdf:li rdf:resource="http://identifiers.org/ncit/C18103"/>
	</rdf:Bag>
	</bqbiol:isVersionOf>
	
	<bqbiol:isVersionOf>
	<rdf:Bag>
	<rdf:li rdf:resource="http://identifiers.org/sbo/SBO:0000393"/>
	</rdf:Bag>
	</bqbiol:isVersionOf>
	</rdf:Description>
	
	
          </rdf:RDF>
          <COPASI xmlns="http://www.copasi.org/static/sbml">
            <rdf:RDF xmlns:CopasiMT="http://www.copasi.org/RDF/MiriamTerms#" xmlns:dcterms="http://purl.org/dc/terms/" xmlns:rdf="http://www.w3.org/1999/02/22-rdf-syntax-ns#">
              <rdf:Description rdf:about="#COPASI27">
                <dcterms:created>
                  <rdf:Description>
                    <dcterms:W3CDTF>2019-07-10T10:57:21Z</dcterms:W3CDTF>
                  </rdf:Description>
                </dcterms:created>
                <CopasiMT:isVersionOf rdf:resource="urn:miriam:ncit:C18103"/>
                <CopasiMT:isVersionOf rdf:resource="urn:miriam:sbo:SBO:0000393"/>
              </rdf:Description>
            </rdf:RDF>
          </COPASI>
        </annotation>
              <listOfProducts>
          <speciesReference constant="true" species="P" stoichiometry="1"/>
        </listOfProducts>
        <kineticLaw>
          <math xmlns="http://www.w3.org/1998/Math/MathML">          
            <apply>
              <times/>
              <ci> bladder_cancer_tme </ci>
              <apply>
                <ci> Constant_flux__irreversible </ci>
                <ci> delta </ci>
              </apply>
            </apply>
          </math>
                </kineticLaw>
      </reaction>
      <reaction fast="false" id="checkpoint_decay" metaid="COPASI28" name="checkpoint decay" reversible="false">
        <annotation>
          <rdf:RDF xmlns:rdf="http://www.w3.org/1999/02/22-rdf-syntax-ns#" xmlns:dcterms="http://purl.org/dc/terms/" xmlns:vCard="http://www.w3.org/2001/vcard-rdf/3.0#" xmlns:vCard4="http://www.w3.org/2006/vcard/ns#" xmlns:bqbiol="http://biomodels.net/biology-qualifiers/" xmlns:bqmodel="http://biomodels.net/model-qualifiers/">
            <rdf:Description rdf:about="#COPASI28">
              <bqbiol:isVersionOf>
	<rdf:Bag>
	<rdf:li rdf:resource="http://identifiers.org/sbo/SBO:0000179"/>
	</rdf:Bag>
	</bqbiol:isVersionOf>
	
	<bqbiol:isVersionOf>
	<rdf:Bag>
	<rdf:li rdf:resource="http://identifiers.org/ncit/C18104"/>
	</rdf:Bag>
	</bqbiol:isVersionOf>
	</rdf:Description>
	
	
          </rdf:RDF>
          <COPASI xmlns="http://www.copasi.org/static/sbml">
            <rdf:RDF xmlns:CopasiMT="http://www.copasi.org/RDF/MiriamTerms#" xmlns:dcterms="http://purl.org/dc/terms/" xmlns:rdf="http://www.w3.org/1999/02/22-rdf-syntax-ns#">
              <rdf:Description rdf:about="#COPASI28">
                <dcterms:created>
                  <rdf:Description>
                    <dcterms:W3CDTF>2019-07-10T10:57:34Z</dcterms:W3CDTF>
                  </rdf:Description>
                </dcterms:created>
                <CopasiMT:isVersionOf rdf:resource="urn:miriam:ncit:C18104"/>
                <CopasiMT:isVersionOf rdf:resource="urn:miriam:sbo:SBO:0000179"/>
              </rdf:Description>
            </rdf:RDF>
          </COPASI>
        </annotation>
              <listOfReactants>
          <speciesReference constant="true" species="P" stoichiometry="1"/>
        </listOfReactants>
        <kineticLaw>
          <math xmlns="http://www.w3.org/1998/Math/MathML">          
            <apply>
              <times/>
              <ci> bladder_cancer_tme </ci>
              <ci> u3 </ci>
              <ci> P </ci>
            </apply>
          </math>
                </kineticLaw>
      </reaction>
    </listOfReactions>
  </model>
</sbml>