<?xml version='1.0' encoding='UTF-8' standalone='no'?>
<sbml xmlns="http://www.sbml.org/sbml/level2/version4" level="2" version="4">
  <model id="Caravagna2010___Tumour_suppression_by_immune_system" metaid="COPASI0" name="Caravagna2010 - Tumour suppression by immune system">
    <notes>
      <body xmlns="http://www.w3.org/1999/xhtml">
        <pre>Tumour suppression by immune system through stochastic oscillations
GiulioCaravagnaa 
Albertod’Onofriob 
PaoloMilazzoa
RobertoBarbutia
https://doi.org/10.1016/j.jtbi.2010.05.013

Abstract

The well-known Kirschner–Panetta model for tumour–immune System interplay [Kirschner, D., Panetta, J.C., 1998. Modelling immunotherapy of the tumour–immune interaction. J. Math. Biol. 37 (3), 235–252] reproduces a number of features of this essential interaction, but it excludes the possibility of tumour suppression by the immune system in the absence of therapy. Here we present a hybrid–stochastic version of that model. In this new framework, we show that in reality the model is also able to reproduce the suppression, through stochastic extinction after the first spike of an oscillation.</pre>
      </body>
    </notes>
    <annotation>
      <rdf:RDF xmlns:rdf="http://www.w3.org/1999/02/22-rdf-syntax-ns#" xmlns:dc="http://purl.org/dc/elements/1.1/" xmlns:dcterms="http://purl.org/dc/terms/" xmlns:vCard="http://www.w3.org/2001/vcard-rdf/3.0#" xmlns:bqbiol="http://biomodels.net/biology-qualifiers/" xmlns:bqmodel="http://biomodels.net/model-qualifiers/">
        <rdf:Description rdf:about="#COPASI0">
	<dc:creator>
	<rdf:Bag>
	<rdf:li rdf:parseType="Resource">
	<vCard:N rdf:parseType="Resource">
	<vCard:Family>Sharif Shohan</vCard:Family>
	<vCard:Given>Mohammad Umer</vCard:Given>
	</vCard:N>
	<vCard:EMAIL>msharifshohan@ebi.ac.uk</vCard:EMAIL>
	<vCard:ORG rdf:parseType="Resource">
	<vCard:Orgname>EMBL-EBI</vCard:Orgname>
	</vCard:ORG>
	</rdf:li>
	</rdf:Bag>
	</dc:creator>
	<dcterms:created rdf:parseType="Resource">
	<dcterms:W3CDTF>2020-01-20T09:47:17Z</dcterms:W3CDTF>
	</dcterms:created>
	<dcterms:modified rdf:parseType="Resource">
	<dcterms:W3CDTF>2020-01-20T10:27:37Z</dcterms:W3CDTF>
	</dcterms:modified>
	<bqmodel:isDerivedFrom>
	<rdf:Bag>
	<rdf:li rdf:resource="http://identifiers.org/mamo/MAMO_0000046"/>
	<rdf:li rdf:resource="http://identifiers.org/taxonomy/9606"/>
	<rdf:li rdf:resource="http://identifiers.org/biomodels.db/BIOMD0000000732"/>
	</rdf:Bag>
	</bqmodel:isDerivedFrom>
	<bqmodel:isDescribedBy>
	<rdf:Bag>
	<rdf:li rdf:resource="http://identifiers.org/biomodels.db/BIOMD0000000732"/>
	<rdf:li rdf:resource="http://identifiers.org/pubmed/20580640"/>
	</rdf:Bag>
	</bqmodel:isDescribedBy>
	<bqbiol:hasTaxon>
	<rdf:Bag>
	<rdf:li rdf:resource="http://identifiers.org/taxonomy/9606"/>
	</rdf:Bag>
	</bqbiol:hasTaxon>
	<bqbiol:hasProperty>
	<rdf:Bag>
	<rdf:li rdf:resource="http://identifiers.org/mamo/MAMO_0000046"/>
	</rdf:Bag>
	</bqbiol:hasProperty>
	<bqmodel:is>
	<rdf:Bag>
	<rdf:li rdf:resource="http://identifiers.org/biomodels.db/MODEL2001200001"/>
	<rdf:li rdf:resource="http://identifiers.org/biomodels.db/BIOMD0000000912"/>
	</rdf:Bag>
	</bqmodel:is>
	</rdf:Description>
	
	
      </rdf:RDF>
      <COPASI xmlns="http://www.copasi.org/static/sbml">
        <rdf:RDF xmlns:CopasiMT="http://www.copasi.org/RDF/MiriamTerms#" xmlns:bqbiol="http://biomodels.net/biology-qualifiers/" xmlns:bqmodel="http://biomodels.net/model-qualifiers/" xmlns:dcterms="http://purl.org/dc/terms/" xmlns:rdf="http://www.w3.org/1999/02/22-rdf-syntax-ns#" xmlns:vCard="http://www.w3.org/2001/vcard-rdf/3.0#">
          <rdf:Description rdf:about="#COPASI0">
            <bqbiol:hasProperty rdf:resource="urn:miriam:mamo:MAMO_0000046"/>
            <bqbiol:hasTaxon rdf:resource="urn:miriam:taxonomy:9606"/>
            <bqmodel:isDerivedFrom rdf:resource="urn:miriam:biomodels.db:BIOMD0000000732"/>
            <dcterms:bibliographicCitation>
              <rdf:Description>
                <dcterms:description>Tumour suppression by immune system</dcterms:description>
                <CopasiMT:isDescribedBy rdf:resource="urn:miriam:pubmed:20580640"/>
              </rdf:Description>
            </dcterms:bibliographicCitation>
            <dcterms:created>
              <rdf:Description>
                <dcterms:W3CDTF>2020-01-20T09:47:17Z</dcterms:W3CDTF>
              </rdf:Description>
            </dcterms:created>
            <dcterms:creator>
              <rdf:Description>
                <vCard:EMAIL>msharifshohan@ebi.ac.uk</vCard:EMAIL>
                <vCard:N>
                  <rdf:Description>
                    <vCard:Family>Sharif Shohan</vCard:Family>
                    <vCard:Given>Mohammad Umer</vCard:Given>
                  </rdf:Description>
                </vCard:N>
                <vCard:ORG>
                  <rdf:Description>
                    <vCard:Orgname>EMBL-EBI</vCard:Orgname>
                  </rdf:Description>
                </vCard:ORG>
              </rdf:Description>
            </dcterms:creator>
            <dcterms:modified>
              <rdf:Description>
                <dcterms:W3CDTF>2020-01-20T10:27:37</dcterms:W3CDTF>
              </rdf:Description>
            </dcterms:modified>
          </rdf:Description>
        </rdf:RDF>
      </COPASI>
    </annotation>
      <listOfFunctionDefinitions>
      <functionDefinition id="Function_for_removal_of_the_tumor" metaid="COPASI10" name="Function for removal of the tumor">
        <annotation>
          <COPASI xmlns="http://www.copasi.org/static/sbml">
            <rdf:RDF xmlns:dcterms="http://purl.org/dc/terms/" xmlns:rdf="http://www.w3.org/1999/02/22-rdf-syntax-ns#">
              <rdf:Description rdf:about="#COPASI10">
                <dcterms:created>
                  <rdf:Description>
                    <dcterms:W3CDTF>2020-01-20T09:51:45Z</dcterms:W3CDTF>
                  </rdf:Description>
                </dcterms:created>
              </rdf:Description>
            </rdf:RDF>
          </COPASI>
        </annotation>
        <math xmlns="http://www.w3.org/1998/Math/MathML">        
          <lambda>
            <bvar>
              <ci> a </ci>
            </bvar>
            <bvar>
              <ci> T </ci>
            </bvar>
            <bvar>
              <ci> g2 </ci>
            </bvar>
            <bvar>
              <ci> V </ci>
            </bvar>
            <bvar>
              <ci> E </ci>
            </bvar>
            <apply>
              <times/>
              <apply>
                <divide/>
                <apply>
                  <times/>
                  <ci> a </ci>
                  <ci> T </ci>
                </apply>
                <apply>
                  <plus/>
                  <apply>
                    <times/>
                    <ci> g2 </ci>
                    <ci> V </ci>
                  </apply>
                  <ci> T </ci>
                </apply>
              </apply>
              <ci> E </ci>
            </apply>
          </lambda>
        </math>
            </functionDefinition>
      <functionDefinition id="Function_for_induction_of_tumor" metaid="COPASI11" name="Function for induction of tumor">
        <annotation>
          <COPASI xmlns="http://www.copasi.org/static/sbml">
            <rdf:RDF xmlns:dcterms="http://purl.org/dc/terms/" xmlns:rdf="http://www.w3.org/1999/02/22-rdf-syntax-ns#">
              <rdf:Description rdf:about="#COPASI11">
                <dcterms:created>
                  <rdf:Description>
                    <dcterms:W3CDTF>2020-01-20T09:48:55Z</dcterms:W3CDTF>
                  </rdf:Description>
                </dcterms:created>
              </rdf:Description>
            </rdf:RDF>
          </COPASI>
        </annotation>
        <math xmlns="http://www.w3.org/1998/Math/MathML">        
          <lambda>
            <bvar>
              <ci> r </ci>
            </bvar>
            <bvar>
              <ci> T </ci>
            </bvar>
            <bvar>
              <ci> b </ci>
            </bvar>
            <bvar>
              <ci> V </ci>
            </bvar>
            <apply>
              <times/>
              <ci> r </ci>
              <ci> T </ci>
              <apply>
                <minus/>
                <cn> 1 </cn>
                <apply>
                  <times/>
                  <apply>
                    <divide/>
                    <ci> b </ci>
                    <ci> V </ci>
                  </apply>
                  <ci> T </ci>
                </apply>
              </apply>
            </apply>
          </lambda>
        </math>
            </functionDefinition>
      <functionDefinition id="Function_for_deactivation_of_interleukin_2" metaid="COPASI12" name="Function for deactivation of interleukin 2">
        <annotation>
          <COPASI xmlns="http://www.copasi.org/static/sbml">
            <rdf:RDF xmlns:dcterms="http://purl.org/dc/terms/" xmlns:rdf="http://www.w3.org/1999/02/22-rdf-syntax-ns#">
              <rdf:Description rdf:about="#COPASI12">
                <dcterms:created>
                  <rdf:Description>
                    <dcterms:W3CDTF>2020-01-20T10:12:57Z</dcterms:W3CDTF>
                  </rdf:Description>
                </dcterms:created>
              </rdf:Description>
            </rdf:RDF>
          </COPASI>
        </annotation>
        <math xmlns="http://www.w3.org/1998/Math/MathML">        
          <lambda>
            <bvar>
              <ci> mu3 </ci>
            </bvar>
            <bvar>
              <ci> I </ci>
            </bvar>
            <apply>
              <times/>
              <ci> mu3 </ci>
              <ci> I </ci>
            </apply>
          </lambda>
        </math>
            </functionDefinition>
      <functionDefinition id="Function_for_activation_of_interleukin_2" metaid="COPASI13" name="Function for activation of interleukin 2">
        <annotation>
          <COPASI xmlns="http://www.copasi.org/static/sbml">
            <rdf:RDF xmlns:dcterms="http://purl.org/dc/terms/" xmlns:rdf="http://www.w3.org/1999/02/22-rdf-syntax-ns#">
              <rdf:Description rdf:about="#COPASI13">
                <dcterms:created>
                  <rdf:Description>
                    <dcterms:W3CDTF>2020-01-20T10:03:21Z</dcterms:W3CDTF>
                  </rdf:Description>
                </dcterms:created>
              </rdf:Description>
            </rdf:RDF>
          </COPASI>
        </annotation>
        <math xmlns="http://www.w3.org/1998/Math/MathML">        
          <lambda>
            <bvar>
              <ci> p2 </ci>
            </bvar>
            <bvar>
              <ci> V </ci>
            </bvar>
            <bvar>
              <ci> T </ci>
            </bvar>
            <bvar>
              <ci> E </ci>
            </bvar>
            <bvar>
              <ci> g3 </ci>
            </bvar>
            <bvar>
              <ci> s2 </ci>
            </bvar>
            <apply>
              <plus/>
              <apply>
                <times/>
                <apply>
                  <divide/>
                  <ci> p2 </ci>
                  <ci> V </ci>
                </apply>
                <apply>
                  <divide/>
                  <apply>
                    <times/>
                    <ci> T </ci>
                    <ci> E </ci>
                  </apply>
                  <apply>
                    <plus/>
                    <apply>
                      <times/>
                      <ci> g3 </ci>
                      <ci> V </ci>
                    </apply>
                    <ci> T </ci>
                  </apply>
                </apply>
              </apply>
              <ci> s2 </ci>
            </apply>
          </lambda>
        </math>
            </functionDefinition>
      <functionDefinition id="Function_for_activation_and_transfer_of_effector_cells_to_the_tumor_site" metaid="COPASI14" name="Function for activation and transfer of effector cells to the tumor site">
        <annotation>
          <COPASI xmlns="http://www.copasi.org/static/sbml">
            <rdf:RDF xmlns:dcterms="http://purl.org/dc/terms/" xmlns:rdf="http://www.w3.org/1999/02/22-rdf-syntax-ns#">
              <rdf:Description rdf:about="#COPASI14">
                <dcterms:created>
                  <rdf:Description>
                    <dcterms:W3CDTF>2020-01-20T09:53:21Z</dcterms:W3CDTF>
                  </rdf:Description>
                </dcterms:created>
              </rdf:Description>
            </rdf:RDF>
          </COPASI>
        </annotation>
        <math xmlns="http://www.w3.org/1998/Math/MathML">        
          <lambda>
            <bvar>
              <ci> p1 </ci>
            </bvar>
            <bvar>
              <ci> I </ci>
            </bvar>
            <bvar>
              <ci> g1 </ci>
            </bvar>
            <bvar>
              <ci> E </ci>
            </bvar>
            <bvar>
              <ci> c </ci>
            </bvar>
            <bvar>
              <ci> T </ci>
            </bvar>
            <bvar>
              <ci> V </ci>
            </bvar>
            <bvar>
              <ci> s1 </ci>
            </bvar>
            <apply>
              <plus/>
              <apply>
                <times/>
                <apply>
                  <divide/>
                  <apply>
                    <times/>
                    <ci> p1 </ci>
                    <ci> I </ci>
                  </apply>
                  <apply>
                    <times/>
                    <ci> g1 </ci>
                    <ci> I </ci>
                  </apply>
                </apply>
                <ci> E </ci>
              </apply>
              <apply>
                <times/>
                <ci> c </ci>
                <ci> T </ci>
              </apply>
              <apply>
                <times/>
                <ci> V </ci>
                <ci> s1 </ci>
              </apply>
            </apply>
          </lambda>
        </math>
            </functionDefinition>
      <functionDefinition id="Function_for_deactivation_and_removal_of_effector_cells_from_the_site_of_tumor" metaid="COPASI15" name="Function for deactivation and removal of effector cells from the site of tumor">
        <annotation>
          <COPASI xmlns="http://www.copasi.org/static/sbml">
            <rdf:RDF xmlns:dcterms="http://purl.org/dc/terms/" xmlns:rdf="http://www.w3.org/1999/02/22-rdf-syntax-ns#">
              <rdf:Description rdf:about="#COPASI15">
                <dcterms:created>
                  <rdf:Description>
                    <dcterms:W3CDTF>2020-01-20T10:02:10Z</dcterms:W3CDTF>
                  </rdf:Description>
                </dcterms:created>
              </rdf:Description>
            </rdf:RDF>
          </COPASI>
        </annotation>
        <math xmlns="http://www.w3.org/1998/Math/MathML">        
          <lambda>
            <bvar>
              <ci> mu2 </ci>
            </bvar>
            <bvar>
              <ci> E </ci>
            </bvar>
            <apply>
              <times/>
              <ci> mu2 </ci>
              <ci> E </ci>
            </apply>
          </lambda>
        </math>
            </functionDefinition>
    </listOfFunctionDefinitions>
    <listOfUnitDefinitions>
      <unitDefinition id="volume" name="volume">
        <listOfUnits>
          <unit exponent="1" kind="litre" multiplier="1" scale="-3"/>
        </listOfUnits>
      </unitDefinition>
      <unitDefinition id="time" name="time">
        <listOfUnits>
          <unit exponent="1" kind="second" multiplier="86400" scale="0"/>
        </listOfUnits>
      </unitDefinition>
      <unitDefinition id="substance" name="substance">
        <listOfUnits>
          <unit exponent="1" kind="mole" multiplier="1" scale="-3"/>
        </listOfUnits>
      </unitDefinition>
    </listOfUnitDefinitions>
    <listOfCompartments>
      <compartment constant="true" id="compartment" name="compartment" size="1" spatialDimensions="3"/>
    </listOfCompartments>
    <listOfSpecies>
      <species boundaryCondition="false" compartment="compartment" constant="false" id="T" initialConcentration="1" metaid="COPASI1" name="T">
        <annotation>
          <rdf:RDF xmlns:rdf="http://www.w3.org/1999/02/22-rdf-syntax-ns#" xmlns:dc="http://purl.org/dc/elements/1.1/" xmlns:dcterms="http://purl.org/dc/terms/" xmlns:vCard="http://www.w3.org/2001/vcard-rdf/3.0#" xmlns:bqbiol="http://biomodels.net/biology-qualifiers/" xmlns:bqmodel="http://biomodels.net/model-qualifiers/">
            <rdf:Description rdf:about="#COPASI1">
	<bqbiol:isVersionOf>
	<rdf:Bag>
	<rdf:li rdf:resource="http://identifiers.org/efo/0000616"/>
	</rdf:Bag>
	</bqbiol:isVersionOf>
	</rdf:Description>
	
	
          </rdf:RDF>
          <COPASI xmlns="http://www.copasi.org/static/sbml">
            <rdf:RDF xmlns:CopasiMT="http://www.copasi.org/RDF/MiriamTerms#" xmlns:dcterms="http://purl.org/dc/terms/" xmlns:rdf="http://www.w3.org/1999/02/22-rdf-syntax-ns#">
              <rdf:Description rdf:about="#COPASI1">
                <dcterms:created>
                  <rdf:Description>
                    <dcterms:W3CDTF>2020-01-20T10:28:15Z</dcterms:W3CDTF>
                  </rdf:Description>
                </dcterms:created>
                <CopasiMT:isVersionOf rdf:resource="urn:miriam:efo:0000616"/>
              </rdf:Description>
            </rdf:RDF>
          </COPASI>
        </annotation>
            </species>
      <species boundaryCondition="false" compartment="compartment" constant="false" id="E" initialConcentration="1" metaid="COPASI2" name="E">
        <annotation>
          <rdf:RDF xmlns:rdf="http://www.w3.org/1999/02/22-rdf-syntax-ns#" xmlns:dc="http://purl.org/dc/elements/1.1/" xmlns:dcterms="http://purl.org/dc/terms/" xmlns:vCard="http://www.w3.org/2001/vcard-rdf/3.0#" xmlns:bqbiol="http://biomodels.net/biology-qualifiers/" xmlns:bqmodel="http://biomodels.net/model-qualifiers/">
            <rdf:Description rdf:about="#COPASI2">
	<bqbiol:hasProperty>
	<rdf:Bag>
	<rdf:li rdf:resource="http://identifiers.org/ncit/C132890"/>
	</rdf:Bag>
	</bqbiol:hasProperty>
	</rdf:Description>
	
	
          </rdf:RDF>
          <COPASI xmlns="http://www.copasi.org/static/sbml">
            <rdf:RDF xmlns:bqbiol="http://biomodels.net/biology-qualifiers/" xmlns:dcterms="http://purl.org/dc/terms/" xmlns:rdf="http://www.w3.org/1999/02/22-rdf-syntax-ns#">
              <rdf:Description rdf:about="#COPASI2">
                <bqbiol:hasProperty rdf:resource="urn:miriam:ncit:C132890"/>
                <dcterms:created>
                  <rdf:Description>
                    <dcterms:W3CDTF>2020-01-20T10:29:44Z</dcterms:W3CDTF>
                  </rdf:Description>
                </dcterms:created>
              </rdf:Description>
            </rdf:RDF>
          </COPASI>
        </annotation>
            </species>
      <species boundaryCondition="false" compartment="compartment" constant="false" id="I" initialConcentration="1" metaid="COPASI3" name="I">
        <annotation>
          <rdf:RDF xmlns:rdf="http://www.w3.org/1999/02/22-rdf-syntax-ns#" xmlns:dc="http://purl.org/dc/elements/1.1/" xmlns:dcterms="http://purl.org/dc/terms/" xmlns:vCard="http://www.w3.org/2001/vcard-rdf/3.0#" xmlns:bqbiol="http://biomodels.net/biology-qualifiers/" xmlns:bqmodel="http://biomodels.net/model-qualifiers/">
            <rdf:Description rdf:about="#COPASI3">
	<bqbiol:hasProperty>
	<rdf:Bag>
	<rdf:li rdf:resource="http://identifiers.org/uniprot/P60568"/>
	</rdf:Bag>
	</bqbiol:hasProperty>
	</rdf:Description>
	
	
          </rdf:RDF>
          <COPASI xmlns="http://www.copasi.org/static/sbml">
            <rdf:RDF xmlns:bqbiol="http://biomodels.net/biology-qualifiers/" xmlns:dcterms="http://purl.org/dc/terms/" xmlns:rdf="http://www.w3.org/1999/02/22-rdf-syntax-ns#">
              <rdf:Description rdf:about="#COPASI3">
                <bqbiol:hasProperty rdf:resource="urn:miriam:uniprot:P60568"/>
                <dcterms:created>
                  <rdf:Description>
                    <dcterms:W3CDTF>2020-01-20T10:28:57Z</dcterms:W3CDTF>
                  </rdf:Description>
                </dcterms:created>
              </rdf:Description>
            </rdf:RDF>
          </COPASI>
        </annotation>
            </species>
    </listOfSpecies>
    <listOfParameters>
      <parameter constant="true" id="r2" name="r2" value="0.18"/>
      <parameter constant="true" id="b" name="b" value="1E-9"/>
      <parameter constant="true" id="a" name="a" value="1"/>
      <parameter constant="true" id="g2" name="g2" value="100000"/>
      <parameter constant="true" id="p1" name="p1" value="0.1245"/>
      <parameter constant="true" id="g1" name="g1" value="20000000"/>
      <parameter constant="true" id="mu2" name="mu2" value="0.03"/>
      <parameter constant="true" id="c" name="c" value="0.02"/>
      <parameter constant="true" id="p2" name="p2" value="5"/>
      <parameter constant="true" id="g3" name="g3" value="1000"/>
      <parameter constant="true" id="mu3" name="mu3" value="10"/>
      <parameter constant="true" id="V" name="V" value="3.2"/>
      <parameter constant="true" id="s1" name="s1" value="0"/>
      <parameter constant="true" id="s2" name="s2" value="0"/>
    </listOfParameters>
    <listOfReactions>
      <reaction id="Induction_of_tumor" metaid="COPASI4" name="Induction of tumor" reversible="false">
        <annotation>
          <rdf:RDF xmlns:rdf="http://www.w3.org/1999/02/22-rdf-syntax-ns#" xmlns:dc="http://purl.org/dc/elements/1.1/" xmlns:dcterms="http://purl.org/dc/terms/" xmlns:vCard="http://www.w3.org/2001/vcard-rdf/3.0#" xmlns:bqbiol="http://biomodels.net/biology-qualifiers/" xmlns:bqmodel="http://biomodels.net/model-qualifiers/">
            <rdf:Description rdf:about="#COPASI4">
	<bqbiol:isVersionOf>
	<rdf:Bag>
	<rdf:li rdf:resource="http://identifiers.org/go/GO:0002355"/>
	</rdf:Bag>
	</bqbiol:isVersionOf>
	</rdf:Description>
	
	
          </rdf:RDF>
          <COPASI xmlns="http://www.copasi.org/static/sbml">
            <rdf:RDF xmlns:CopasiMT="http://www.copasi.org/RDF/MiriamTerms#" xmlns:dcterms="http://purl.org/dc/terms/" xmlns:rdf="http://www.w3.org/1999/02/22-rdf-syntax-ns#">
              <rdf:Description rdf:about="#COPASI4">
                <dcterms:created>
                  <rdf:Description>
                    <dcterms:W3CDTF>2020-01-20T09:47:50Z</dcterms:W3CDTF>
                  </rdf:Description>
                </dcterms:created>
                <CopasiMT:isVersionOf rdf:resource="urn:miriam:go:GO:0002355"/>
              </rdf:Description>
            </rdf:RDF>
          </COPASI>
        </annotation>
              <listOfProducts>
          <speciesReference species="T" stoichiometry="1"/>
        </listOfProducts>
        <kineticLaw>
          <math xmlns="http://www.w3.org/1998/Math/MathML">          
            <apply>
              <times/>
              <ci> compartment </ci>
              <apply>
                <ci> Function_for_induction_of_tumor </ci>
                <ci> r2 </ci>
                <ci> T </ci>
                <ci> b </ci>
                <ci> V </ci>
              </apply>
            </apply>
          </math>
                </kineticLaw>
      </reaction>
      <reaction id="Removal_of_tumor_from_the_system_by_the_action_of_immune_response" metaid="COPASI5" name="Removal of tumor from the system by the action of immune response" reversible="false">
        <annotation>
          <COPASI xmlns="http://www.copasi.org/static/sbml">
            <rdf:RDF xmlns:CopasiMT="http://www.copasi.org/RDF/MiriamTerms#" xmlns:dcterms="http://purl.org/dc/terms/" xmlns:rdf="http://www.w3.org/1999/02/22-rdf-syntax-ns#">
              <rdf:Description rdf:about="#COPASI5">
                <dcterms:created>
                  <rdf:Description>
                    <dcterms:W3CDTF>2020-01-20T09:49:36Z</dcterms:W3CDTF>
                  </rdf:Description>
                </dcterms:created>
              </rdf:Description>
            </rdf:RDF>
          </COPASI>
        </annotation>
              <listOfReactants>
          <speciesReference species="T" stoichiometry="1"/>
        </listOfReactants>
        <listOfModifiers>
          <modifierSpeciesReference species="E"/>
        </listOfModifiers>
        <kineticLaw>
          <math xmlns="http://www.w3.org/1998/Math/MathML">          
            <apply>
              <times/>
              <ci> compartment </ci>
              <apply>
                <ci> Function_for_removal_of_the_tumor </ci>
                <ci> a </ci>
                <ci> T </ci>
                <ci> g2 </ci>
                <ci> V </ci>
                <ci> E </ci>
              </apply>
            </apply>
          </math>
                </kineticLaw>
      </reaction>
      <reaction id="Activation_and_transfer_of_effector_cells_to_the_action_site" metaid="COPASI6" name="Activation and transfer of effector cells to the action site" reversible="false">
        <annotation>
          <rdf:RDF xmlns:rdf="http://www.w3.org/1999/02/22-rdf-syntax-ns#" xmlns:dc="http://purl.org/dc/elements/1.1/" xmlns:dcterms="http://purl.org/dc/terms/" xmlns:vCard="http://www.w3.org/2001/vcard-rdf/3.0#" xmlns:bqbiol="http://biomodels.net/biology-qualifiers/" xmlns:bqmodel="http://biomodels.net/model-qualifiers/">
            <rdf:Description rdf:about="#COPASI6">
	<bqbiol:isVersionOf>
	<rdf:Bag>
	<rdf:li rdf:resource="http://identifiers.org/go/GO:0002418"/>
	</rdf:Bag>
	</bqbiol:isVersionOf>
	</rdf:Description>
	
	
          </rdf:RDF>
          <COPASI xmlns="http://www.copasi.org/static/sbml">
            <rdf:RDF xmlns:CopasiMT="http://www.copasi.org/RDF/MiriamTerms#" xmlns:dcterms="http://purl.org/dc/terms/" xmlns:rdf="http://www.w3.org/1999/02/22-rdf-syntax-ns#">
              <rdf:Description rdf:about="#COPASI6">
                <dcterms:created>
                  <rdf:Description>
                    <dcterms:W3CDTF>2020-01-20T09:52:50Z</dcterms:W3CDTF>
                  </rdf:Description>
                </dcterms:created>
                <CopasiMT:isVersionOf rdf:resource="urn:miriam:go:GO:0002418"/>
              </rdf:Description>
            </rdf:RDF>
          </COPASI>
        </annotation>
              <listOfProducts>
          <speciesReference species="E" stoichiometry="1"/>
        </listOfProducts>
        <listOfModifiers>
          <modifierSpeciesReference species="I"/>
          <modifierSpeciesReference species="T"/>
        </listOfModifiers>
        <kineticLaw>
          <math xmlns="http://www.w3.org/1998/Math/MathML">          
            <apply>
              <times/>
              <ci> compartment </ci>
              <apply>
                <ci> Function_for_activation_and_transfer_of_effector_cells_to_the_tumor_site </ci>
                <ci> p1 </ci>
                <ci> I </ci>
                <ci> g1 </ci>
                <ci> E </ci>
                <ci> c </ci>
                <ci> T </ci>
                <ci> V </ci>
                <ci> s1 </ci>
              </apply>
            </apply>
          </math>
                </kineticLaw>
      </reaction>
      <reaction id="Deactivation_and_removal_of_effector_cells_from_the_site_of_tumor" metaid="COPASI7" name="Deactivation and removal of effector cells from the site of tumor" reversible="false">
        <annotation>
          <rdf:RDF xmlns:rdf="http://www.w3.org/1999/02/22-rdf-syntax-ns#" xmlns:dc="http://purl.org/dc/elements/1.1/" xmlns:dcterms="http://purl.org/dc/terms/" xmlns:vCard="http://www.w3.org/2001/vcard-rdf/3.0#" xmlns:bqbiol="http://biomodels.net/biology-qualifiers/" xmlns:bqmodel="http://biomodels.net/model-qualifiers/">
            <rdf:Description rdf:about="#COPASI7">
	<bqbiol:isVersionOf>
	<rdf:Bag>
	<rdf:li rdf:resource="http://identifiers.org/go/GO:0002837"/>
	</rdf:Bag>
	</bqbiol:isVersionOf>
	</rdf:Description>
	
	
          </rdf:RDF>
          <COPASI xmlns="http://www.copasi.org/static/sbml">
            <rdf:RDF xmlns:CopasiMT="http://www.copasi.org/RDF/MiriamTerms#" xmlns:dcterms="http://purl.org/dc/terms/" xmlns:rdf="http://www.w3.org/1999/02/22-rdf-syntax-ns#">
              <rdf:Description rdf:about="#COPASI7">
                <dcterms:created>
                  <rdf:Description>
                    <dcterms:W3CDTF>2020-01-20T09:54:31Z</dcterms:W3CDTF>
                  </rdf:Description>
                </dcterms:created>
                <CopasiMT:isVersionOf rdf:resource="urn:miriam:go:GO:0002837"/>
              </rdf:Description>
            </rdf:RDF>
          </COPASI>
        </annotation>
              <listOfReactants>
          <speciesReference species="E" stoichiometry="1"/>
        </listOfReactants>
        <kineticLaw>
          <math xmlns="http://www.w3.org/1998/Math/MathML">          
            <apply>
              <times/>
              <ci> compartment </ci>
              <apply>
                <ci> Function_for_deactivation_and_removal_of_effector_cells_from_the_site_of_tumor </ci>
                <ci> mu2 </ci>
                <ci> E </ci>
              </apply>
            </apply>
          </math>
                </kineticLaw>
      </reaction>
      <reaction id="Activation_of_interleukin_2" metaid="COPASI8" name="Activation of interleukin 2" reversible="false">
        <annotation>
          <rdf:RDF xmlns:rdf="http://www.w3.org/1999/02/22-rdf-syntax-ns#" xmlns:dc="http://purl.org/dc/elements/1.1/" xmlns:dcterms="http://purl.org/dc/terms/" xmlns:vCard="http://www.w3.org/2001/vcard-rdf/3.0#" xmlns:bqbiol="http://biomodels.net/biology-qualifiers/" xmlns:bqmodel="http://biomodels.net/model-qualifiers/">
            <rdf:Description rdf:about="#COPASI8">
	<bqbiol:isVersionOf>
	<rdf:Bag>
	<rdf:li rdf:resource="http://identifiers.org/go/GO:0070970"/>
	</rdf:Bag>
	</bqbiol:isVersionOf>
	</rdf:Description>
	
	
          </rdf:RDF>
          <COPASI xmlns="http://www.copasi.org/static/sbml">
            <rdf:RDF xmlns:CopasiMT="http://www.copasi.org/RDF/MiriamTerms#" xmlns:dcterms="http://purl.org/dc/terms/" xmlns:rdf="http://www.w3.org/1999/02/22-rdf-syntax-ns#">
              <rdf:Description rdf:about="#COPASI8">
                <dcterms:created>
                  <rdf:Description>
                    <dcterms:W3CDTF>2020-01-20T10:02:47Z</dcterms:W3CDTF>
                  </rdf:Description>
                </dcterms:created>
                <CopasiMT:isVersionOf rdf:resource="urn:miriam:go:GO:0070970"/>
              </rdf:Description>
            </rdf:RDF>
          </COPASI>
        </annotation>
              <listOfProducts>
          <speciesReference species="I" stoichiometry="1"/>
        </listOfProducts>
        <listOfModifiers>
          <modifierSpeciesReference species="T"/>
          <modifierSpeciesReference species="E"/>
        </listOfModifiers>
        <kineticLaw>
          <math xmlns="http://www.w3.org/1998/Math/MathML">          
            <apply>
              <times/>
              <ci> compartment </ci>
              <apply>
                <ci> Function_for_activation_of_interleukin_2 </ci>
                <ci> p2 </ci>
                <ci> V </ci>
                <ci> T </ci>
                <ci> E </ci>
                <ci> g3 </ci>
                <ci> s2 </ci>
              </apply>
            </apply>
          </math>
                </kineticLaw>
      </reaction>
      <reaction id="Deactivation_of_interleukin2" metaid="COPASI9" name="Deactivation of interleukin2" reversible="false">
        <annotation>
          <rdf:RDF xmlns:rdf="http://www.w3.org/1999/02/22-rdf-syntax-ns#" xmlns:dc="http://purl.org/dc/elements/1.1/" xmlns:dcterms="http://purl.org/dc/terms/" xmlns:vCard="http://www.w3.org/2001/vcard-rdf/3.0#" xmlns:bqbiol="http://biomodels.net/biology-qualifiers/" xmlns:bqmodel="http://biomodels.net/model-qualifiers/">
            <rdf:Description rdf:about="#COPASI9">
	<bqbiol:isVersionOf>
	<rdf:Bag>
	<rdf:li rdf:resource="http://identifiers.org/go/GO:0070970"/>
	</rdf:Bag>
	</bqbiol:isVersionOf>
	</rdf:Description>
	
	
          </rdf:RDF>
          <COPASI xmlns="http://www.copasi.org/static/sbml">
            <rdf:RDF xmlns:CopasiMT="http://www.copasi.org/RDF/MiriamTerms#" xmlns:dcterms="http://purl.org/dc/terms/" xmlns:rdf="http://www.w3.org/1999/02/22-rdf-syntax-ns#">
              <rdf:Description rdf:about="#COPASI9">
                <dcterms:created>
                  <rdf:Description>
                    <dcterms:W3CDTF>2020-01-20T10:12:39Z</dcterms:W3CDTF>
                  </rdf:Description>
                </dcterms:created>
                <CopasiMT:isVersionOf rdf:resource="urn:miriam:go:GO:0070970"/>
              </rdf:Description>
            </rdf:RDF>
          </COPASI>
        </annotation>
              <listOfReactants>
          <speciesReference species="I" stoichiometry="1"/>
        </listOfReactants>
        <kineticLaw>
          <math xmlns="http://www.w3.org/1998/Math/MathML">          
            <apply>
              <times/>
              <ci> compartment </ci>
              <apply>
                <ci> Function_for_deactivation_of_interleukin_2 </ci>
                <ci> mu3 </ci>
                <ci> I </ci>
              </apply>
            </apply>
          </math>
                </kineticLaw>
      </reaction>
    </listOfReactions>
  </model>
</sbml>
