<?xml version='1.0' encoding='UTF-8' standalone='no'?>
<sbml xmlns="http://www.sbml.org/sbml/level2/version4" level="2" version="4">
  <model id="ddePillis2003___The_dynamics_of_an_optimally_controlled_tumor_model__A_case_study" metaid="COPASI0" name="dePillis2003 - The dynamics of an optimally controlled tumor model: A case study">
    <notes>
      <body xmlns="http://www.w3.org/1999/xhtml">
     <p>&lt;notes xmlns="http://www.sbml.org/sbml/level2/version4">
      &lt;body xmlns="http://www.w3.org/1999/xhtml">
        &lt;pre>The dynamics of an optimally controlled tumor model: A case study
L.GDe Pillisab
ARadunskayaa
https://doi.org/10.1016/S0895-7177(03)00133-X

Abstract

We present a phase-space analysis of a mathematical model of tumor growth with an immune response and chemotherapy. We prove that all orbits are bounded and must converge to one of several possible equilibrium points. Therefore, the long-term behavior of an orbit is classified according to the basin of attraction in which it starts. The addition of a drug term to the system can move the solution trajectory into a desirable basin of attraction. We show that the solutions of the model with a time-varying drug term approach the solutions of the system without the drug once traatment has stopped. We present numerical experiments in which optimal control therapy is able to drive the system into a desirable basin of attraction, whereas traditional pulsed chemotherapy is not.&lt;/pre>
      &lt;/body>
    &lt;/notes></p>
  </body>
    </notes>
    <annotation>
      <rdf:RDF xmlns:rdf="http://www.w3.org/1999/02/22-rdf-syntax-ns#" xmlns:dc="http://purl.org/dc/elements/1.1/" xmlns:dcterms="http://purl.org/dc/terms/" xmlns:vCard="http://www.w3.org/2001/vcard-rdf/3.0#" xmlns:bqbiol="http://biomodels.net/biology-qualifiers/" xmlns:bqmodel="http://biomodels.net/model-qualifiers/">
        <rdf:Description rdf:about="#COPASI0">
	<dc:creator>
	<rdf:Bag>
	<rdf:li rdf:parseType="Resource">
	<vCard:N rdf:parseType="Resource">
	<vCard:Family>Sharif Shohan</vCard:Family>
	<vCard:Given>Mohammad Umer</vCard:Given>
	</vCard:N>
	<vCard:EMAIL>msharifshohan@ebi.ac.uk</vCard:EMAIL>
	<vCard:ORG rdf:parseType="Resource">
	<vCard:Orgname>EMBL-EBI</vCard:Orgname>
	</vCard:ORG>
	</rdf:li>
	</rdf:Bag>
	</dc:creator>
	<dcterms:created rdf:parseType="Resource">
	<dcterms:W3CDTF>2020-01-08T11:31:40Z</dcterms:W3CDTF>
	</dcterms:created>
	<dcterms:modified rdf:parseType="Resource">
	<dcterms:W3CDTF>2020-01-08T11:31:40Z</dcterms:W3CDTF>
	</dcterms:modified>
	<bqmodel:hasInstance>
	<rdf:Bag>
	<rdf:li rdf:resource="http://identifiers.org/mamo/MAMO_0000046"/>
	<rdf:li rdf:resource="http://identifiers.org/taxonomy/9606"/>
	<rdf:li rdf:resource="http://identifiers.org/ncit/C48686"/>
	</rdf:Bag>
	</bqmodel:hasInstance>
	<bqmodel:isDescribedBy>
	<rdf:Bag>
	<rdf:li rdf:resource="http://identifiers.org/ncit/C48686"/>
	<rdf:li rdf:resource="http://identifiers.org/doi/10.1016/S0895-7177(03)00133-X"/>
	</rdf:Bag>
	</bqmodel:isDescribedBy>
	<bqmodel:isDerivedFrom>
	<rdf:Bag>
	<rdf:li rdf:resource="http://identifiers.org/doi/10.1007/bf02460644"/>
	</rdf:Bag>
	</bqmodel:isDerivedFrom>
	<bqbiol:hasTaxon>
	<rdf:Bag>
	<rdf:li rdf:resource="http://identifiers.org/taxonomy/9606"/>
	</rdf:Bag>
	</bqbiol:hasTaxon>
	<bqbiol:hasProperty>
	<rdf:Bag>
	<rdf:li rdf:resource="http://identifiers.org/mamo/MAMO_0000046"/>
	</rdf:Bag>
	</bqbiol:hasProperty>
	<bqmodel:is>
	<rdf:Bag>
	<rdf:li rdf:resource="http://identifiers.org/biomodels.db/MODEL2001080003"/>
	<rdf:li rdf:resource="http://identifiers.org/biomodels.db/BIOMD0000000909"/>
	</rdf:Bag>
	</bqmodel:is>
	</rdf:Description>
	
	
	
      </rdf:RDF>
      <COPASI xmlns="http://www.copasi.org/static/sbml">
        <rdf:RDF xmlns:CopasiMT="http://www.copasi.org/RDF/MiriamTerms#" xmlns:bqbiol="http://biomodels.net/biology-qualifiers/" xmlns:bqmodel="http://biomodels.net/model-qualifiers/" xmlns:dcterms="http://purl.org/dc/terms/" xmlns:rdf="http://www.w3.org/1999/02/22-rdf-syntax-ns#" xmlns:vCard="http://www.w3.org/2001/vcard-rdf/3.0#">
          <rdf:Description rdf:about="#COPASI0">
            <bqbiol:hasProperty rdf:resource="urn:miriam:mamo:MAMO_0000046"/>
            <bqbiol:hasTaxon rdf:resource="urn:miriam:taxonomy:9606"/>
            <bqmodel:isDescribedBy rdf:resource="urn:miriam:ncit:C48686"/>
            <dcterms:bibliographicCitation>
              <rdf:Description>
                <dcterms:description>The dynamics of an optimally controlled tumor model: A case study</dcterms:description>
                <CopasiMT:isDescribedBy rdf:resource="urn:miriam:doi:10.1016/S0895-7177(03)00133-X"/>
              </rdf:Description>
            </dcterms:bibliographicCitation>
            <dcterms:created>
              <rdf:Description>
                <dcterms:W3CDTF>2020-01-08T11:31:40Z</dcterms:W3CDTF>
              </rdf:Description>
            </dcterms:created>
            <dcterms:creator>
              <rdf:Description>
                <vCard:EMAIL>msharifshohan@ebi.ac.uk</vCard:EMAIL>
                <vCard:N>
                  <rdf:Description>
                    <vCard:Family>Sharif Shohan</vCard:Family>
                    <vCard:Given>Mohammad Umer</vCard:Given>
                  </rdf:Description>
                </vCard:N>
                <vCard:ORG>
                  <rdf:Description>
                    <vCard:Orgname>EMBL-EBI</vCard:Orgname>
                  </rdf:Description>
                </vCard:ORG>
              </rdf:Description>
            </dcterms:creator>
          </rdf:Description>
        </rdf:RDF>
      </COPASI>
    </annotation>
      <listOfFunctionDefinitions>
      <functionDefinition id="Function_for_presence_of_normal_cell" metaid="COPASI13" name="Function for presence of normal cell">
        <annotation>
          <COPASI xmlns="http://www.copasi.org/static/sbml">
            <rdf:RDF xmlns:dcterms="http://purl.org/dc/terms/" xmlns:rdf="http://www.w3.org/1999/02/22-rdf-syntax-ns#">
              <rdf:Description rdf:about="#COPASI13">
                <dcterms:created>
                  <rdf:Description>
                    <dcterms:W3CDTF>2020-01-08T12:54:57Z</dcterms:W3CDTF>
                  </rdf:Description>
                </dcterms:created>
              </rdf:Description>
            </rdf:RDF>
          </COPASI>
        </annotation>
        <math xmlns="http://www.w3.org/1998/Math/MathML">        
          <lambda>
            <bvar>
              <ci> r2 </ci>
            </bvar>
            <bvar>
              <ci> N </ci>
            </bvar>
            <bvar>
              <ci> b2 </ci>
            </bvar>
            <apply>
              <times/>
              <ci> r2 </ci>
              <ci> N </ci>
              <apply>
                <minus/>
                <cn> 1 </cn>
                <apply>
                  <times/>
                  <ci> b2 </ci>
                  <ci> N </ci>
                </apply>
              </apply>
            </apply>
          </lambda>
        </math>
            </functionDefinition>
      <functionDefinition id="Function_for_Tumor_cells_removed_by_immune_system" metaid="COPASI14" name="Function for Tumor cells removed by immune system">
        <annotation>
          <COPASI xmlns="http://www.copasi.org/static/sbml">
            <rdf:RDF xmlns:dcterms="http://purl.org/dc/terms/" xmlns:rdf="http://www.w3.org/1999/02/22-rdf-syntax-ns#">
              <rdf:Description rdf:about="#COPASI14">
                <dcterms:created>
                  <rdf:Description>
                    <dcterms:W3CDTF>2020-01-08T13:00:39Z</dcterms:W3CDTF>
                  </rdf:Description>
                </dcterms:created>
              </rdf:Description>
            </rdf:RDF>
          </COPASI>
        </annotation>
        <math xmlns="http://www.w3.org/1998/Math/MathML">        
          <lambda>
            <bvar>
              <ci> c2 </ci>
            </bvar>
            <bvar>
              <ci> I </ci>
            </bvar>
            <bvar>
              <ci> T </ci>
            </bvar>
            <bvar>
              <ci> c3 </ci>
            </bvar>
            <bvar>
              <ci> N </ci>
            </bvar>
            <bvar>
              <ci> a2 </ci>
            </bvar>
            <bvar>
              <ci> u </ci>
            </bvar>
            <apply>
              <plus/>
              <apply>
                <times/>
                <ci> c2 </ci>
                <ci> I </ci>
                <ci> T </ci>
              </apply>
              <apply>
                <times/>
                <ci> c3 </ci>
                <ci> T </ci>
                <ci> N </ci>
              </apply>
              <apply>
                <times/>
                <ci> a2 </ci>
                <apply>
                  <minus/>
                  <cn> 1 </cn>
                  <apply>
                    <exp/>
                    <apply>
                      <minus/>
                      <ci> u </ci>
                    </apply>
                  </apply>
                </apply>
                <ci> T </ci>
              </apply>
            </apply>
          </lambda>
        </math>
            </functionDefinition>
      <functionDefinition id="Function_for_initiation_of_immune_response_against_cancer" metaid="COPASI15" name="Function for initiation of immune response against cancer">
        <annotation>
          <COPASI xmlns="http://www.copasi.org/static/sbml">
            <rdf:RDF xmlns:dcterms="http://purl.org/dc/terms/" xmlns:rdf="http://www.w3.org/1999/02/22-rdf-syntax-ns#">
              <rdf:Description rdf:about="#COPASI15">
                <dcterms:created>
                  <rdf:Description>
                    <dcterms:W3CDTF>2020-01-08T13:11:21Z</dcterms:W3CDTF>
                  </rdf:Description>
                </dcterms:created>
              </rdf:Description>
            </rdf:RDF>
          </COPASI>
        </annotation>
        <math xmlns="http://www.w3.org/1998/Math/MathML">        
          <lambda>
            <bvar>
              <ci> s </ci>
            </bvar>
            <bvar>
              <ci> p </ci>
            </bvar>
            <bvar>
              <ci> I </ci>
            </bvar>
            <bvar>
              <ci> T </ci>
            </bvar>
            <bvar>
              <ci> alpha </ci>
            </bvar>
            <apply>
              <plus/>
              <ci> s </ci>
              <apply>
                <divide/>
                <apply>
                  <times/>
                  <ci> p </ci>
                  <ci> I </ci>
                  <ci> T </ci>
                </apply>
                <apply>
                  <plus/>
                  <ci> alpha </ci>
                  <ci> T </ci>
                </apply>
              </apply>
            </apply>
          </lambda>
        </math>
            </functionDefinition>
      <functionDefinition id="Function_for_normal_cells_attacked_and_removed" metaid="COPASI16" name="Function for normal cells attacked and removed">
        <annotation>
          <COPASI xmlns="http://www.copasi.org/static/sbml">
            <rdf:RDF xmlns:dcterms="http://purl.org/dc/terms/" xmlns:rdf="http://www.w3.org/1999/02/22-rdf-syntax-ns#">
              <rdf:Description rdf:about="#COPASI16">
                <dcterms:created>
                  <rdf:Description>
                    <dcterms:W3CDTF>2020-01-08T12:56:07Z</dcterms:W3CDTF>
                  </rdf:Description>
                </dcterms:created>
              </rdf:Description>
            </rdf:RDF>
          </COPASI>
        </annotation>
        <math xmlns="http://www.w3.org/1998/Math/MathML">        
          <lambda>
            <bvar>
              <ci> c4 </ci>
            </bvar>
            <bvar>
              <ci> T </ci>
            </bvar>
            <bvar>
              <ci> N </ci>
            </bvar>
            <bvar>
              <ci> a3 </ci>
            </bvar>
            <bvar>
              <ci> u </ci>
            </bvar>
            <apply>
              <plus/>
              <apply>
                <times/>
                <ci> c4 </ci>
                <ci> T </ci>
                <ci> N </ci>
              </apply>
              <apply>
                <times/>
                <ci> a3 </ci>
                <apply>
                  <minus/>
                  <cn> 1 </cn>
                  <apply>
                    <exp/>
                    <apply>
                      <minus/>
                      <ci> u </ci>
                    </apply>
                  </apply>
                </apply>
                <ci> N </ci>
              </apply>
            </apply>
          </lambda>
        </math>
            </functionDefinition>
      <functionDefinition id="Function_for_induction_of_tumor_cell" metaid="COPASI17" name="Function for induction of tumor cell">
        <annotation>
          <COPASI xmlns="http://www.copasi.org/static/sbml">
            <rdf:RDF xmlns:dcterms="http://purl.org/dc/terms/" xmlns:rdf="http://www.w3.org/1999/02/22-rdf-syntax-ns#">
              <rdf:Description rdf:about="#COPASI17">
                <dcterms:created>
                  <rdf:Description>
                    <dcterms:W3CDTF>2020-01-08T12:57:35Z</dcterms:W3CDTF>
                  </rdf:Description>
                </dcterms:created>
              </rdf:Description>
            </rdf:RDF>
          </COPASI>
        </annotation>
        <math xmlns="http://www.w3.org/1998/Math/MathML">        
          <lambda>
            <bvar>
              <ci> r1 </ci>
            </bvar>
            <bvar>
              <ci> T </ci>
            </bvar>
            <bvar>
              <ci> b1 </ci>
            </bvar>
            <apply>
              <times/>
              <ci> r1 </ci>
              <ci> T </ci>
              <apply>
                <minus/>
                <cn> 1 </cn>
                <apply>
                  <times/>
                  <ci> b1 </ci>
                  <ci> T </ci>
                </apply>
              </apply>
            </apply>
          </lambda>
        </math>
            </functionDefinition>
      <functionDefinition id="Function_for_increase_in_the_chemotherapeutic_drug_at_tumor_site" metaid="COPASI18" name="Function for increase in the chemotherapeutic drug at tumor site">
        <annotation>
          <COPASI xmlns="http://www.copasi.org/static/sbml">
            <rdf:RDF xmlns:dcterms="http://purl.org/dc/terms/" xmlns:rdf="http://www.w3.org/1999/02/22-rdf-syntax-ns#">
              <rdf:Description rdf:about="#COPASI18">
                <dcterms:created>
                  <rdf:Description>
                    <dcterms:W3CDTF>2020-01-08T13:33:14Z</dcterms:W3CDTF>
                  </rdf:Description>
                </dcterms:created>
              </rdf:Description>
            </rdf:RDF>
          </COPASI>
        </annotation>
        <math xmlns="http://www.w3.org/1998/Math/MathML">        
          <lambda>
            <bvar>
              <ci> v </ci>
            </bvar>
            <ci> v </ci>
          </lambda>
        </math>
            </functionDefinition>
      <functionDefinition id="Function_for_decrease_in_chemotherapeutic_drug_at_tumor_site" metaid="COPASI19" name="Function for decrease in chemotherapeutic drug at tumor site">
        <annotation>
          <COPASI xmlns="http://www.copasi.org/static/sbml">
            <rdf:RDF xmlns:dcterms="http://purl.org/dc/terms/" xmlns:rdf="http://www.w3.org/1999/02/22-rdf-syntax-ns#">
              <rdf:Description rdf:about="#COPASI19">
                <dcterms:created>
                  <rdf:Description>
                    <dcterms:W3CDTF>2020-01-08T13:34:30Z</dcterms:W3CDTF>
                  </rdf:Description>
                </dcterms:created>
              </rdf:Description>
            </rdf:RDF>
          </COPASI>
        </annotation>
        <math xmlns="http://www.w3.org/1998/Math/MathML">        
          <lambda>
            <bvar>
              <ci> d2 </ci>
            </bvar>
            <bvar>
              <ci> u </ci>
            </bvar>
            <apply>
              <times/>
              <ci> d2 </ci>
              <ci> u </ci>
            </apply>
          </lambda>
        </math>
            </functionDefinition>
      <functionDefinition id="Function_for_removal_of_immune_response_components" metaid="COPASI20" name="Function for removal of immune response components">
        <annotation>
          <COPASI xmlns="http://www.copasi.org/static/sbml">
            <rdf:RDF xmlns:dcterms="http://purl.org/dc/terms/" xmlns:rdf="http://www.w3.org/1999/02/22-rdf-syntax-ns#">
              <rdf:Description rdf:about="#COPASI20">
                <dcterms:created>
                  <rdf:Description>
                    <dcterms:W3CDTF>2020-01-08T13:12:57Z</dcterms:W3CDTF>
                  </rdf:Description>
                </dcterms:created>
              </rdf:Description>
            </rdf:RDF>
          </COPASI>
        </annotation>
        <math xmlns="http://www.w3.org/1998/Math/MathML">        
          <lambda>
            <bvar>
              <ci> c1 </ci>
            </bvar>
            <bvar>
              <ci> I </ci>
            </bvar>
            <bvar>
              <ci> T </ci>
            </bvar>
            <bvar>
              <ci> d1 </ci>
            </bvar>
            <bvar>
              <ci> a1 </ci>
            </bvar>
            <bvar>
              <ci> u </ci>
            </bvar>
            <apply>
              <plus/>
              <apply>
                <times/>
                <ci> c1 </ci>
                <ci> I </ci>
                <ci> T </ci>
              </apply>
              <apply>
                <times/>
                <ci> d1 </ci>
                <ci> I </ci>
              </apply>
              <apply>
                <times/>
                <ci> a1 </ci>
                <apply>
                  <minus/>
                  <cn> 1 </cn>
                  <apply>
                    <exp/>
                    <apply>
                      <minus/>
                      <ci> u </ci>
                    </apply>
                  </apply>
                </apply>
                <ci> I </ci>
              </apply>
            </apply>
          </lambda>
        </math>
            </functionDefinition>
    </listOfFunctionDefinitions>
    <listOfUnitDefinitions>
      <unitDefinition id="volume" name="volume">
        <listOfUnits>
          <unit exponent="1" kind="litre" multiplier="1" scale="-3"/>
        </listOfUnits>
      </unitDefinition>
      <unitDefinition id="substance" name="substance">
        <listOfUnits>
          <unit exponent="1" kind="mole" multiplier="1" scale="-3"/>
        </listOfUnits>
      </unitDefinition>
    </listOfUnitDefinitions>
    <listOfCompartments>
      <compartment constant="true" id="compartment" name="compartment" size="1" spatialDimensions="3"/>
    </listOfCompartments>
    <listOfSpecies>
      <species boundaryCondition="false" compartment="compartment" constant="false" id="N" initialConcentration="1" metaid="COPASI1" name="N">
        <annotation>
          <COPASI xmlns="http://www.copasi.org/static/sbml">
            <rdf:RDF xmlns:dcterms="http://purl.org/dc/terms/" xmlns:rdf="http://www.w3.org/1999/02/22-rdf-syntax-ns#">
              <rdf:Description rdf:about="#COPASI1">
                <dcterms:created>
                  <rdf:Description>
                    <dcterms:W3CDTF>2020-01-08T14:44:30Z</dcterms:W3CDTF>
                  </rdf:Description>
                </dcterms:created>
              </rdf:Description>
            </rdf:RDF>
          </COPASI>
        </annotation>
            </species>
      <species boundaryCondition="false" compartment="compartment" constant="false" id="T" initialConcentration="0.25" metaid="COPASI2" name="T">
        <annotation>
          <rdf:RDF xmlns:rdf="http://www.w3.org/1999/02/22-rdf-syntax-ns#" xmlns:dc="http://purl.org/dc/elements/1.1/" xmlns:dcterms="http://purl.org/dc/terms/" xmlns:vCard="http://www.w3.org/2001/vcard-rdf/3.0#" xmlns:bqbiol="http://biomodels.net/biology-qualifiers/" xmlns:bqmodel="http://biomodels.net/model-qualifiers/">
            <rdf:Description rdf:about="#COPASI2">
	<bqmodel:hasInstance>
	<rdf:Bag>
	<rdf:li rdf:resource="http://identifiers.org/ncit/C12922"/>
	</rdf:Bag>
	</bqmodel:hasInstance>
	</rdf:Description>
	
	
	
          </rdf:RDF>
          <COPASI xmlns="http://www.copasi.org/static/sbml">
            <rdf:RDF xmlns:bqmodel="http://biomodels.net/model-qualifiers/" xmlns:dcterms="http://purl.org/dc/terms/" xmlns:rdf="http://www.w3.org/1999/02/22-rdf-syntax-ns#">
              <rdf:Description rdf:about="#COPASI2">
                <bqmodel:isDescribedBy rdf:resource="urn:miriam:ncit:C12922"/>
                <dcterms:created>
                  <rdf:Description>
                    <dcterms:W3CDTF>2020-01-08T14:45:20Z</dcterms:W3CDTF>
                  </rdf:Description>
                </dcterms:created>
              </rdf:Description>
            </rdf:RDF>
          </COPASI>
        </annotation>
            </species>
      <species boundaryCondition="false" compartment="compartment" constant="false" id="I" initialConcentration="0.15" metaid="COPASI3" name="I">
        <annotation>
          <rdf:RDF xmlns:rdf="http://www.w3.org/1999/02/22-rdf-syntax-ns#" xmlns:dc="http://purl.org/dc/elements/1.1/" xmlns:dcterms="http://purl.org/dc/terms/" xmlns:vCard="http://www.w3.org/2001/vcard-rdf/3.0#" xmlns:bqbiol="http://biomodels.net/biology-qualifiers/" xmlns:bqmodel="http://biomodels.net/model-qualifiers/">
            <rdf:Description rdf:about="#COPASI3">
	<bqmodel:hasInstance>
	<rdf:Bag>
	<rdf:li rdf:resource="http://identifiers.org/ncit/C12735"/>
	</rdf:Bag>
	</bqmodel:hasInstance>
	</rdf:Description>
	
	
	
          </rdf:RDF>
          <COPASI xmlns="http://www.copasi.org/static/sbml">
            <rdf:RDF xmlns:bqmodel="http://biomodels.net/model-qualifiers/" xmlns:dcterms="http://purl.org/dc/terms/" xmlns:rdf="http://www.w3.org/1999/02/22-rdf-syntax-ns#">
              <rdf:Description rdf:about="#COPASI3">
                <bqmodel:isDescribedBy rdf:resource="urn:miriam:ncit:C12735"/>
                <dcterms:created>
                  <rdf:Description>
                    <dcterms:W3CDTF>2020-01-08T14:32:07Z</dcterms:W3CDTF>
                  </rdf:Description>
                </dcterms:created>
              </rdf:Description>
            </rdf:RDF>
          </COPASI>
        </annotation>
            </species>
      <species boundaryCondition="false" compartment="compartment" constant="false" id="u" initialConcentration="0" metaid="COPASI4" name="u">
        <annotation>
          <rdf:RDF xmlns:rdf="http://www.w3.org/1999/02/22-rdf-syntax-ns#" xmlns:dc="http://purl.org/dc/elements/1.1/" xmlns:dcterms="http://purl.org/dc/terms/" xmlns:vCard="http://www.w3.org/2001/vcard-rdf/3.0#" xmlns:bqbiol="http://biomodels.net/biology-qualifiers/" xmlns:bqmodel="http://biomodels.net/model-qualifiers/">
            <rdf:Description rdf:about="#COPASI4">
	<bqmodel:hasInstance>
	<rdf:Bag>
	<rdf:li rdf:resource="http://identifiers.org/ncit/C2252"/>
	</rdf:Bag>
	</bqmodel:hasInstance>
	</rdf:Description>
	
	
	
          </rdf:RDF>
          <COPASI xmlns="http://www.copasi.org/static/sbml">
            <rdf:RDF xmlns:bqmodel="http://biomodels.net/model-qualifiers/" xmlns:dcterms="http://purl.org/dc/terms/" xmlns:rdf="http://www.w3.org/1999/02/22-rdf-syntax-ns#">
              <rdf:Description rdf:about="#COPASI4">
                <bqmodel:isDescribedBy rdf:resource="urn:miriam:ncit:C2252"/>
                <dcterms:created>
                  <rdf:Description>
                    <dcterms:W3CDTF>2020-01-08T13:20:35Z</dcterms:W3CDTF>
                  </rdf:Description>
                </dcterms:created>
              </rdf:Description>
            </rdf:RDF>
          </COPASI>
        </annotation>
            </species>
    </listOfSpecies>
    <listOfParameters>
      <parameter constant="true" id="a1" name="a1" value="0.2"/>
      <parameter constant="true" id="a2" name="a2" value="0.3"/>
      <parameter constant="true" id="a3" name="a3" value="0.1"/>
      <parameter constant="true" id="b1" name="b1" value="1"/>
      <parameter constant="true" id="b2" name="b2" value="1"/>
      <parameter constant="true" id="alpha" name="alpha" value="0.3"/>
      <parameter constant="true" id="c1" name="c1" value="1"/>
      <parameter constant="true" id="c2" name="c2" value="0.5"/>
      <parameter constant="true" id="c3" name="c3" value="1"/>
      <parameter constant="true" id="c4" name="c4" value="1"/>
      <parameter constant="true" id="d1" name="d1" value="0.2"/>
      <parameter constant="true" id="d2" name="d2" value="1"/>
      <parameter constant="true" id="r1" name="r1" value="1.5"/>
      <parameter constant="true" id="r2" name="r2" value="1"/>
      <parameter constant="true" id="s" name="s" value="0.33"/>
      <parameter constant="true" id="p" name="p" value="0.01"/>
      <parameter constant="true" id="v" name="v" value="0"/>
    </listOfParameters>
    <listOfReactions>
      <reaction id="Presence_of_Normal_Cell" metaid="COPASI5" name="Presence of Normal Cell" reversible="false">
        <annotation>
          <rdf:RDF xmlns:rdf="http://www.w3.org/1999/02/22-rdf-syntax-ns#" xmlns:dc="http://purl.org/dc/elements/1.1/" xmlns:dcterms="http://purl.org/dc/terms/" xmlns:vCard="http://www.w3.org/2001/vcard-rdf/3.0#" xmlns:bqbiol="http://biomodels.net/biology-qualifiers/" xmlns:bqmodel="http://biomodels.net/model-qualifiers/">
            <rdf:Description rdf:about="#COPASI5">
	<bqmodel:hasInstance>
	<rdf:Bag>
	<rdf:li rdf:resource="http://identifiers.org/ncit/C12508"/>
	</rdf:Bag>
	</bqmodel:hasInstance>
	</rdf:Description>
	
	
	
          </rdf:RDF>
          <COPASI xmlns="http://www.copasi.org/static/sbml">
            <rdf:RDF xmlns:bqmodel="http://biomodels.net/model-qualifiers/" xmlns:dcterms="http://purl.org/dc/terms/" xmlns:rdf="http://www.w3.org/1999/02/22-rdf-syntax-ns#">
              <rdf:Description rdf:about="#COPASI5">
                <bqmodel:isDescribedBy rdf:resource="urn:miriam:ncit:C12508"/>
                <dcterms:created>
                  <rdf:Description>
                    <dcterms:W3CDTF>2020-01-08T12:54:16Z</dcterms:W3CDTF>
                  </rdf:Description>
                </dcterms:created>
              </rdf:Description>
            </rdf:RDF>
          </COPASI>
        </annotation>
              <listOfProducts>
          <speciesReference species="N" stoichiometry="1"/>
        </listOfProducts>
        <kineticLaw>
          <math xmlns="http://www.w3.org/1998/Math/MathML">          
            <apply>
              <times/>
              <ci> compartment </ci>
              <apply>
                <ci> Function_for_presence_of_normal_cell </ci>
                <ci> r2 </ci>
                <ci> N </ci>
                <ci> b2 </ci>
              </apply>
            </apply>
          </math>
                </kineticLaw>
      </reaction>
      <reaction id="Normal_cells_attacked_and_removed" metaid="COPASI6" name="Normal cells attacked and removed" reversible="false">
        <annotation>
          <rdf:RDF xmlns:rdf="http://www.w3.org/1999/02/22-rdf-syntax-ns#" xmlns:dc="http://purl.org/dc/elements/1.1/" xmlns:dcterms="http://purl.org/dc/terms/" xmlns:vCard="http://www.w3.org/2001/vcard-rdf/3.0#" xmlns:bqbiol="http://biomodels.net/biology-qualifiers/" xmlns:bqmodel="http://biomodels.net/model-qualifiers/">
            <rdf:Description rdf:about="#COPASI6">
	<bqmodel:hasInstance>
	<rdf:Bag>
	<rdf:li rdf:resource="http://identifiers.org/ncit/C12508"/>
	</rdf:Bag>
	</bqmodel:hasInstance>
	</rdf:Description>
	
	
	
          </rdf:RDF>
          <COPASI xmlns="http://www.copasi.org/static/sbml">
            <rdf:RDF xmlns:bqmodel="http://biomodels.net/model-qualifiers/" xmlns:dcterms="http://purl.org/dc/terms/" xmlns:rdf="http://www.w3.org/1999/02/22-rdf-syntax-ns#">
              <rdf:Description rdf:about="#COPASI6">
                <bqmodel:isDescribedBy rdf:resource="urn:miriam:ncit:C12508"/>
                <dcterms:created>
                  <rdf:Description>
                    <dcterms:W3CDTF>2020-01-08T12:55:42Z</dcterms:W3CDTF>
                  </rdf:Description>
                </dcterms:created>
              </rdf:Description>
            </rdf:RDF>
          </COPASI>
        </annotation>
              <listOfReactants>
          <speciesReference species="N" stoichiometry="1"/>
        </listOfReactants>
        <listOfModifiers>
          <modifierSpeciesReference species="T"/>
          <modifierSpeciesReference species="u"/>
        </listOfModifiers>
        <kineticLaw>
          <math xmlns="http://www.w3.org/1998/Math/MathML">          
            <apply>
              <times/>
              <ci> compartment </ci>
              <apply>
                <ci> Function_for_normal_cells_attacked_and_removed </ci>
                <ci> c4 </ci>
                <ci> T </ci>
                <ci> N </ci>
                <ci> a3 </ci>
                <ci> u </ci>
              </apply>
            </apply>
          </math>
                </kineticLaw>
      </reaction>
      <reaction id="Induction_of_tumor_cell" metaid="COPASI7" name="Induction of tumor cell" reversible="false">
        <annotation>
          <rdf:RDF xmlns:rdf="http://www.w3.org/1999/02/22-rdf-syntax-ns#" xmlns:dc="http://purl.org/dc/elements/1.1/" xmlns:dcterms="http://purl.org/dc/terms/" xmlns:vCard="http://www.w3.org/2001/vcard-rdf/3.0#" xmlns:bqbiol="http://biomodels.net/biology-qualifiers/" xmlns:bqmodel="http://biomodels.net/model-qualifiers/">
            <rdf:Description rdf:about="#COPASI7">
	<bqmodel:hasInstance>
	<rdf:Bag>
	<rdf:li rdf:resource="http://identifiers.org/go/GO:0002355"/>
	</rdf:Bag>
	</bqmodel:hasInstance>
	</rdf:Description>
	
	
	
          </rdf:RDF>
          <COPASI xmlns="http://www.copasi.org/static/sbml">
            <rdf:RDF xmlns:bqmodel="http://biomodels.net/model-qualifiers/" xmlns:dcterms="http://purl.org/dc/terms/" xmlns:rdf="http://www.w3.org/1999/02/22-rdf-syntax-ns#">
              <rdf:Description rdf:about="#COPASI7">
                <bqmodel:isDescribedBy rdf:resource="urn:miriam:go:GO:0002355"/>
                <dcterms:created>
                  <rdf:Description>
                    <dcterms:W3CDTF>2020-01-08T12:57:07Z</dcterms:W3CDTF>
                  </rdf:Description>
                </dcterms:created>
              </rdf:Description>
            </rdf:RDF>
          </COPASI>
        </annotation>
              <listOfProducts>
          <speciesReference species="T" stoichiometry="1"/>
        </listOfProducts>
        <kineticLaw>
          <math xmlns="http://www.w3.org/1998/Math/MathML">          
            <apply>
              <times/>
              <ci> compartment </ci>
              <apply>
                <ci> Function_for_induction_of_tumor_cell </ci>
                <ci> r1 </ci>
                <ci> T </ci>
                <ci> b1 </ci>
              </apply>
            </apply>
          </math>
                </kineticLaw>
      </reaction>
      <reaction id="Tumor_cells_removed_by_immune_system" metaid="COPASI8" name="Tumor cells removed by immune system" reversible="false">
        <annotation>
          <rdf:RDF xmlns:rdf="http://www.w3.org/1999/02/22-rdf-syntax-ns#" xmlns:dc="http://purl.org/dc/elements/1.1/" xmlns:dcterms="http://purl.org/dc/terms/" xmlns:vCard="http://www.w3.org/2001/vcard-rdf/3.0#" xmlns:bqbiol="http://biomodels.net/biology-qualifiers/" xmlns:bqmodel="http://biomodels.net/model-qualifiers/">
            <rdf:Description rdf:about="#COPASI8">
	<bqmodel:hasInstance>
	<rdf:Bag>
	<rdf:li rdf:resource="http://identifiers.org/go/GO:0002347"/>
	</rdf:Bag>
	</bqmodel:hasInstance>
	</rdf:Description>
	
	
	
          </rdf:RDF>
          <COPASI xmlns="http://www.copasi.org/static/sbml">
            <rdf:RDF xmlns:bqmodel="http://biomodels.net/model-qualifiers/" xmlns:dcterms="http://purl.org/dc/terms/" xmlns:rdf="http://www.w3.org/1999/02/22-rdf-syntax-ns#">
              <rdf:Description rdf:about="#COPASI8">
                <bqmodel:isDescribedBy rdf:resource="urn:miriam:go:GO:0002347"/>
                <dcterms:created>
                  <rdf:Description>
                    <dcterms:W3CDTF>2020-01-08T12:58:04Z</dcterms:W3CDTF>
                  </rdf:Description>
                </dcterms:created>
              </rdf:Description>
            </rdf:RDF>
          </COPASI>
        </annotation>
              <listOfReactants>
          <speciesReference species="T" stoichiometry="1"/>
        </listOfReactants>
        <listOfModifiers>
          <modifierSpeciesReference species="I"/>
          <modifierSpeciesReference species="N"/>
          <modifierSpeciesReference species="u"/>
        </listOfModifiers>
        <kineticLaw>
          <math xmlns="http://www.w3.org/1998/Math/MathML">          
            <apply>
              <times/>
              <ci> compartment </ci>
              <apply>
                <ci> Function_for_Tumor_cells_removed_by_immune_system </ci>
                <ci> c2 </ci>
                <ci> I </ci>
                <ci> T </ci>
                <ci> c3 </ci>
                <ci> N </ci>
                <ci> a2 </ci>
                <ci> u </ci>
              </apply>
            </apply>
          </math>
                </kineticLaw>
      </reaction>
      <reaction id="Initiation_immune_response_against_tumor" metaid="COPASI9" name="Initiation immune response against tumor" reversible="false">
        <annotation>
          <rdf:RDF xmlns:rdf="http://www.w3.org/1999/02/22-rdf-syntax-ns#" xmlns:dc="http://purl.org/dc/elements/1.1/" xmlns:dcterms="http://purl.org/dc/terms/" xmlns:vCard="http://www.w3.org/2001/vcard-rdf/3.0#" xmlns:bqbiol="http://biomodels.net/biology-qualifiers/" xmlns:bqmodel="http://biomodels.net/model-qualifiers/">
            <rdf:Description rdf:about="#COPASI9">
	<bqbiol:isVersionOf>
	<rdf:Bag>
	<rdf:li rdf:resource="http://identifiers.org/go/GO:0031294"/>
	</rdf:Bag>
	</bqbiol:isVersionOf>
	</rdf:Description>
	
	
	
          </rdf:RDF>
          <COPASI xmlns="http://www.copasi.org/static/sbml">
            <rdf:RDF xmlns:CopasiMT="http://www.copasi.org/RDF/MiriamTerms#" xmlns:dcterms="http://purl.org/dc/terms/" xmlns:rdf="http://www.w3.org/1999/02/22-rdf-syntax-ns#">
              <rdf:Description rdf:about="#COPASI9">
                <dcterms:created>
                  <rdf:Description>
                    <dcterms:W3CDTF>2020-01-08T13:11:03Z</dcterms:W3CDTF>
                  </rdf:Description>
                </dcterms:created>
                <CopasiMT:isVersionOf rdf:resource="urn:miriam:go:GO:0031294"/>
              </rdf:Description>
            </rdf:RDF>
          </COPASI>
        </annotation>
              <listOfProducts>
          <speciesReference species="I" stoichiometry="1"/>
        </listOfProducts>
        <listOfModifiers>
          <modifierSpeciesReference species="T"/>
        </listOfModifiers>
        <kineticLaw>
          <math xmlns="http://www.w3.org/1998/Math/MathML">          
            <apply>
              <times/>
              <ci> compartment </ci>
              <apply>
                <ci> Function_for_initiation_of_immune_response_against_cancer </ci>
                <ci> s </ci>
                <ci> p </ci>
                <ci> I </ci>
                <ci> T </ci>
                <ci> alpha </ci>
              </apply>
            </apply>
          </math>
                </kineticLaw>
      </reaction>
      <reaction id="Removal_of_immune_response_components" metaid="COPASI10" name="Removal of immune response components" reversible="false">
        <annotation>
          <rdf:RDF xmlns:rdf="http://www.w3.org/1999/02/22-rdf-syntax-ns#" xmlns:dc="http://purl.org/dc/elements/1.1/" xmlns:dcterms="http://purl.org/dc/terms/" xmlns:vCard="http://www.w3.org/2001/vcard-rdf/3.0#" xmlns:bqbiol="http://biomodels.net/biology-qualifiers/" xmlns:bqmodel="http://biomodels.net/model-qualifiers/">
            <rdf:Description rdf:about="#COPASI10">
	<bqmodel:hasInstance>
	<rdf:Bag>
	<rdf:li rdf:resource="http://identifiers.org/go/GO:0002347"/>
	</rdf:Bag>
	</bqmodel:hasInstance>
	</rdf:Description>
	
	
	
          </rdf:RDF>
          <COPASI xmlns="http://www.copasi.org/static/sbml">
            <rdf:RDF xmlns:bqmodel="http://biomodels.net/model-qualifiers/" xmlns:dcterms="http://purl.org/dc/terms/" xmlns:rdf="http://www.w3.org/1999/02/22-rdf-syntax-ns#">
              <rdf:Description rdf:about="#COPASI10">
                <bqmodel:isDescribedBy rdf:resource="urn:miriam:go:GO:0002347"/>
                <dcterms:created>
                  <rdf:Description>
                    <dcterms:W3CDTF>2020-01-08T13:12:15Z</dcterms:W3CDTF>
                  </rdf:Description>
                </dcterms:created>
              </rdf:Description>
            </rdf:RDF>
          </COPASI>
        </annotation>
              <listOfReactants>
          <speciesReference species="I" stoichiometry="1"/>
        </listOfReactants>
        <listOfModifiers>
          <modifierSpeciesReference species="T"/>
          <modifierSpeciesReference species="u"/>
        </listOfModifiers>
        <kineticLaw>
          <math xmlns="http://www.w3.org/1998/Math/MathML">          
            <apply>
              <times/>
              <ci> compartment </ci>
              <apply>
                <ci> Function_for_removal_of_immune_response_components </ci>
                <ci> c1 </ci>
                <ci> I </ci>
                <ci> T </ci>
                <ci> d1 </ci>
                <ci> a1 </ci>
                <ci> u </ci>
              </apply>
            </apply>
          </math>
                </kineticLaw>
      </reaction>
      <reaction id="Increase_in_amount_of_drug_at_tumor_site" metaid="COPASI11" name="Increase in amount of drug at tumor site" reversible="false">
        <annotation>
          <rdf:RDF xmlns:rdf="http://www.w3.org/1999/02/22-rdf-syntax-ns#" xmlns:dc="http://purl.org/dc/elements/1.1/" xmlns:dcterms="http://purl.org/dc/terms/" xmlns:vCard="http://www.w3.org/2001/vcard-rdf/3.0#" xmlns:bqbiol="http://biomodels.net/biology-qualifiers/" xmlns:bqmodel="http://biomodels.net/model-qualifiers/">
            <rdf:Description rdf:about="#COPASI11">
	<bqmodel:hasInstance>
	<rdf:Bag>
	<rdf:li rdf:resource="http://identifiers.org/go/GO:0008144"/>
	</rdf:Bag>
	</bqmodel:hasInstance>
	</rdf:Description>
	
	
	
          </rdf:RDF>
          <COPASI xmlns="http://www.copasi.org/static/sbml">
            <rdf:RDF xmlns:bqmodel="http://biomodels.net/model-qualifiers/" xmlns:dcterms="http://purl.org/dc/terms/" xmlns:rdf="http://www.w3.org/1999/02/22-rdf-syntax-ns#">
              <rdf:Description rdf:about="#COPASI11">
                <bqmodel:isDescribedBy rdf:resource="urn:miriam:go:GO:0008144"/>
                <dcterms:created>
                  <rdf:Description>
                    <dcterms:W3CDTF>2020-01-08T13:31:08Z</dcterms:W3CDTF>
                  </rdf:Description>
                </dcterms:created>
              </rdf:Description>
            </rdf:RDF>
          </COPASI>
        </annotation>
              <listOfProducts>
          <speciesReference species="u" stoichiometry="1"/>
        </listOfProducts>
        <kineticLaw>
          <math xmlns="http://www.w3.org/1998/Math/MathML">          
            <apply>
              <times/>
              <ci> compartment </ci>
              <apply>
                <ci> Function_for_increase_in_the_chemotherapeutic_drug_at_tumor_site </ci>
                <ci> v </ci>
              </apply>
            </apply>
          </math>
                </kineticLaw>
      </reaction>
      <reaction id="Decrease_of_chemotherapeutic_drug_at_tumor_site" metaid="COPASI12" name="Decrease of chemotherapeutic drug at tumor site" reversible="false">
        <annotation>
          <rdf:RDF xmlns:rdf="http://www.w3.org/1999/02/22-rdf-syntax-ns#" xmlns:dc="http://purl.org/dc/elements/1.1/" xmlns:dcterms="http://purl.org/dc/terms/" xmlns:vCard="http://www.w3.org/2001/vcard-rdf/3.0#" xmlns:bqbiol="http://biomodels.net/biology-qualifiers/" xmlns:bqmodel="http://biomodels.net/model-qualifiers/">
            <rdf:Description rdf:about="#COPASI12">
	<bqmodel:hasInstance>
	<rdf:Bag>
	<rdf:li rdf:resource="http://identifiers.org/go/GO:0008144"/>
	</rdf:Bag>
	</bqmodel:hasInstance>
	</rdf:Description>
	
	
	
          </rdf:RDF>
          <COPASI xmlns="http://www.copasi.org/static/sbml">
            <rdf:RDF xmlns:bqmodel="http://biomodels.net/model-qualifiers/" xmlns:dcterms="http://purl.org/dc/terms/" xmlns:rdf="http://www.w3.org/1999/02/22-rdf-syntax-ns#">
              <rdf:Description rdf:about="#COPASI12">
                <bqmodel:isDescribedBy rdf:resource="urn:miriam:go:GO:0008144"/>
                <dcterms:created>
                  <rdf:Description>
                    <dcterms:W3CDTF>2020-01-08T13:33:55Z</dcterms:W3CDTF>
                  </rdf:Description>
                </dcterms:created>
              </rdf:Description>
            </rdf:RDF>
          </COPASI>
        </annotation>
              <listOfReactants>
          <speciesReference species="u" stoichiometry="1"/>
        </listOfReactants>
        <kineticLaw>
          <math xmlns="http://www.w3.org/1998/Math/MathML">          
            <apply>
              <times/>
              <ci> compartment </ci>
              <apply>
                <ci> Function_for_decrease_in_chemotherapeutic_drug_at_tumor_site </ci>
                <ci> d2 </ci>
                <ci> u </ci>
              </apply>
            </apply>
          </math>
                </kineticLaw>
      </reaction>
    </listOfReactions>
  </model>
</sbml>