<?xml version='1.0' encoding='UTF-8' standalone='no'?>
<sbml xmlns="http://www.sbml.org/sbml/level2/version4" level="2" metaid="e6c3b037-6b59-4fdd-9889-c7d316e39c9a" version="4">
  <model id="restif07" metaid="_264628" name="Restif2007 - Vaccination invasion">
    <notes>
      <body xmlns="http://www.w3.org/1999/xhtml">
    <div class="dc:title">Restif2007 - Vaccination invasion</div>
<div class="dc:bibliographicCitation">
  <p>This model is described in the article:</p>
  <div class="bibo:title">
    <a href="http://identifiers.org/pubmed/17210532" title="Access to this publication">Vaccination and the dynamics
    of immune evasion.</a>
  </div>
  <div class="bibo:authorList">Restif O, Grenfell BT.</div>
  <div class="bibo:Journal">J R Soc Interface 2007 Feb; 4(12):
  143-153</div>
  <p>Abstract:</p>
  <div class="bibo:abstract">
    <p>Vaccines exert strong selective pressures on pathogens,
    favouring the spread of antigenic variants. We propose a simple
    mathematical model to investigate the dynamics of a novel
    pathogenic strain that emerges in a population where a previous
    strain is maintained at low endemic level by a vaccine. We
    compare three methods to assess the ability of the novel strain
    to invade and persist: algebraic rate of invasion;
    deterministic dynamics; and stochastic dynamics. These three
    techniques provide complementary predictions on the fate of the
    system. In particular, we emphasize the importance of
    stochastic simulations, which account for the possibility of
    extinctions of either strain. More specifically, our model
    suggests that the probability of persistence of an invasive
    strain (i) can be minimized for intermediate levels of vaccine
    cross-protection (i.e. immune protection against the novel
    strain) and (ii) is lower if cross-immunity acts through a
    reduced infectious period rather than through reduced
    susceptibility.</p>
  </div>
</div>
<div class="bm:curation">
  <p style="font-size: 12px; color: rgb(0, 0, 0); font-family: helvetica, 'trebuchet MS', arial, sans-serif;">This
  version of the model can be used for both the stochastic and the
  deterministic simulations described in the article. For
  deterministic interpretations with infinite population sizes, set
  the population size 
  <em>N</em> = 1. The model does reproduces the deterministic
  time course. The initial values are set to the steady state
  values for a latent infection with strain 1 with an invading
  infection of strain 2 (I2=1e-06), 100 percent vaccination with a
  susceptibility reduction τ=0.7 at birth (p=1), and all other
  parameters as in figure 3 of the publication. </p>
  <p style="font-size: 12px; color: rgb(0, 0, 0); font-family: helvetica, 'trebuchet MS', arial, sans-serif;">To
  be compatible with older software tools, the english letter names
  instead of the greek symbols were used for parameter names:
  <br/></p>
  <table style="color: rgb(0, 0, 0); font-family: helvetica, 'trebuchet MS', arial, sans-serif; font-size: 12px;">
    <tbody>
      <tr>
        <th>parameter</th>
        <th>symbol</th>
        <th>name</th>
      </tr>
      <tr>
        <td>transmission rate</td>
        <td>β</td>
        <td>beta</td>
      </tr>
      <tr>
        <td>recovery rate</td>
        <td>γ</td>
        <td>gamma</td>
      </tr>
      <tr>
        <td>birth/death rate</td>
        <td>μ</td>
        <td>mu</td>
      </tr>
      <tr>
        <td>rate of loss of natural immunity</td>
        <td>σ</td>
        <td>sigma</td>
      </tr>
      <tr>
        <td>rate of loss of vaccine immunity</td>
        <td>σ
        <sub>v</sub></td>
        <td>sigmaV</td>
      </tr>
      <tr>
        <td>reduction of susceptibility by primary infection</td>
        <td>θ</td>
        <td>theta</td>
      </tr>
      <tr>
        <td>reduction of infection period by primary infection</td>
        <td>ν</td>
        <td>nu</td>
      </tr>
      <tr>
        <td>reduction of susceptibility by vaccination</td>
        <td>τ</td>
        <td>tau</td>
      </tr>
      <tr>
        <td>reduction of infection period by vaccination</td>
        <td>η</td>
        <td>eta</td>
      </tr>
    </tbody>
  </table>
  <p style="font-size: 12px; color: rgb(0, 0, 0); font-family: helvetica, 'trebuchet MS', arial, sans-serif;">Originally
  created by libAntimony v1.4 (using libSBML 3.4.1)</p>
</div>
<div class="dc:publisher">
  <p>This model is hosted on 
  <a href="http://www.ebi.ac.uk/biomodels/">BioModels Database</a>
  and identified by: 
  <a href="http://identifiers.org/biomodels.db/BIOMD0000000294">BIOMD0000000294</a>.</p>
  <p>To cite BioModels Database, please use: 
  <a href="http://identifiers.org/pubmed/20587024" title="Latest BioModels Database publication">BioModels Database:
  An enhanced, curated and annotated resource for published
  quantitative kinetic models</a>.</p>
</div>
<div class="dc:license">
  <p>To the extent possible under law, all copyright and related or
  neighbouring rights to this encoded model have been dedicated to
  the public domain worldwide. Please refer to 
  <a href="http://creativecommons.org/publicdomain/zero/1.0/" title="Access to: CC0 1.0 Universal (CC0 1.0), Public Domain Dedication">CC0
  Public Domain Dedication</a> for more information.</p>
</div>
</body>
    </notes>
    <annotation>
	<rdf:RDF xmlns:rdf="http://www.w3.org/1999/02/22-rdf-syntax-ns#" xmlns:dc="http://purl.org/dc/elements/1.1/" xmlns:vCard="http://www.w3.org/2001/vcard-rdf/3.0#" xmlns:dcterms="http://purl.org/dc/terms/" xmlns:bqmodel="http://biomodels.net/model-qualifiers/" xmlns:bqbiol="http://biomodels.net/biology-qualifiers/">
        <rdf:Description rdf:about="#_264628">
	<dc:creator>
	<rdf:Bag>
	<rdf:li rdf:parseType="Resource">
	<vCard:N rdf:parseType="Resource">
	<vCard:Family>Endler</vCard:Family>
	<vCard:Given>Lukas</vCard:Given>
	</vCard:N>
	<vCard:EMAIL>lukas@ebi.ac.uk</vCard:EMAIL>
	<vCard:ORG rdf:parseType="Resource">
	<vCard:Orgname>EMBL-EBI</vCard:Orgname>
	</vCard:ORG>
	</rdf:li>
	</rdf:Bag>
	</dc:creator>
	<dcterms:created rdf:parseType="Resource">
	<dcterms:W3CDTF>2010-04-20T23:54:23Z</dcterms:W3CDTF>
	</dcterms:created>
	<dcterms:modified rdf:parseType="Resource">
	<dcterms:W3CDTF>2017-05-18T11:16:20Z</dcterms:W3CDTF>
	</dcterms:modified>
	<bqmodel:is>
	<rdf:Bag>
	<rdf:li rdf:resource="http://identifiers.org/biomodels.db/MODEL1012210000"/>
	</rdf:Bag>
	</bqmodel:is>
	<bqmodel:is>
	<rdf:Bag>
	<rdf:li rdf:resource="http://identifiers.org/biomodels.db/BIOMD0000000294"/>
	</rdf:Bag>
	</bqmodel:is>
	<bqmodel:isDescribedBy>
	<rdf:Bag>
	<rdf:li rdf:resource="http://identifiers.org/pubmed/17210532"/>
	</rdf:Bag>
	</bqmodel:isDescribedBy>
	<bqmodel:isDerivedFrom>
	<rdf:Bag>
	<rdf:li rdf:resource="http://identifiers.org/biomodels.db/BIOMD0000000249"/>
	<rdf:li rdf:resource="http://identifiers.org/pubmed/460412"/>
	<rdf:li rdf:resource="http://identifiers.org/pubmed/460424"/>
	</rdf:Bag>
	</bqmodel:isDerivedFrom>
	<bqbiol:hasTaxon>
	<rdf:Bag>
	<rdf:li rdf:resource="http://identifiers.org/taxonomy/520"/>
	<rdf:li rdf:resource="http://identifiers.org/taxonomy/9606"/>
	</rdf:Bag>
	</bqbiol:hasTaxon>
	<bqbiol:hasProperty>
	<rdf:Bag>
	<rdf:li rdf:resource="http://identifiers.org/mamo/MAMO_0000046"/>
	</rdf:Bag>
	</bqbiol:hasProperty>
	<bqbiol:isVersionOf>
	<rdf:Bag>
	<rdf:li rdf:resource="http://identifiers.org/go/GO:0035635"/>
	<rdf:li rdf:resource="http://identifiers.org/go/GO:0009814"/>
	</rdf:Bag>
	</bqbiol:isVersionOf>
	<bqbiol:hasProperty>
	<rdf:Bag>
	<rdf:li rdf:resource="http://identifiers.org/doid/DOID:1116"/>
	</rdf:Bag>
	</bqbiol:hasProperty>
	</rdf:Description>
	
	
	
	
	</rdf:RDF>
	</annotation>
      <listOfUnitDefinitions>
      <unitDefinition id="substance" metaid="metaid_0000071" name="individuals">
        <listOfUnits>
          <unit kind="item" metaid="f182e041-7ce8-4a27-9c15-448f43799d52"/>
        </listOfUnits>
      </unitDefinition>
      <unitDefinition id="time" metaid="metaid_0000072" name="years">
        <listOfUnits>
          <unit kind="second" metaid="_109f7d4a-07f6-49da-941f-7526f3d4c08d" multiplier="31536000"/>
        </listOfUnits>
      </unitDefinition>
      <unitDefinition id="days" metaid="metaid_0000073" name="days">
        <listOfUnits>
          <unit kind="second" metaid="_6fb540f6-724b-484a-a22c-c7270b65fd05" multiplier="86400"/>
        </listOfUnits>
      </unitDefinition>
      <unitDefinition id="per_year" metaid="metaid_0000074" name="per_year">
        <listOfUnits>
          <unit exponent="-1" kind="second" metaid="_0e7fe382-20ec-4fa0-8369-71432984cfc2" multiplier="31536000"/>
        </listOfUnits>
      </unitDefinition>
    </listOfUnitDefinitions>
    <listOfCompartments>
      <compartment id="env" metaid="_264638" name="environment" sboTerm="SBO:0000290" size="1"/>
    </listOfCompartments>
    <listOfSpecies>
      <species compartment="env" hasOnlySubstanceUnits="true" id="N" initialAmount="1" metaid="_264640" sboTerm="SBO:0000240">
        <notes>
      <p xmlns="http://www.w3.org/1999/xhtml">total target population size</p>
    </notes>
        <annotation>
	<rdf:RDF xmlns:rdf="http://www.w3.org/1999/02/22-rdf-syntax-ns#" xmlns:bqmodel="http://biomodels.net/model-qualifiers/" xmlns:bqbiol="http://biomodels.net/biology-qualifiers/">
            <rdf:Description rdf:about="#_264640">
	<bqbiol:isVersionOf>
	<rdf:Bag>
	<rdf:li rdf:resource="http://identifiers.org/taxonomy/9606"/>
	</rdf:Bag>
	</bqbiol:isVersionOf>
	</rdf:Description>
	
	
	
	
	</rdf:RDF>
	</annotation>
            </species>
      <species compartment="env" hasOnlySubstanceUnits="true" id="S" initialAmount="0.0588235" metaid="_264641" sboTerm="SBO:0000240">
        <annotation>
	<rdf:RDF xmlns:rdf="http://www.w3.org/1999/02/22-rdf-syntax-ns#" xmlns:bqmodel="http://biomodels.net/model-qualifiers/" xmlns:bqbiol="http://biomodels.net/biology-qualifiers/">
            <rdf:Description rdf:about="#_264641">
	<bqbiol:isVersionOf>
	<rdf:Bag>
	<rdf:li rdf:resource="http://identifiers.org/taxonomy/9606"/>
	</rdf:Bag>
	</bqbiol:isVersionOf>
	</rdf:Description>
	
	
	
	
	</rdf:RDF>
	</annotation>
            </species>
      <species compartment="env" hasOnlySubstanceUnits="true" id="I1" initialAmount="0.00176967" metaid="_264642" sboTerm="SBO:0000240">
        <annotation>
	<rdf:RDF xmlns:rdf="http://www.w3.org/1999/02/22-rdf-syntax-ns#" xmlns:bqmodel="http://biomodels.net/model-qualifiers/" xmlns:bqbiol="http://biomodels.net/biology-qualifiers/">
            <rdf:Description rdf:about="#_264642">
	<bqbiol:hasVersion>
	<rdf:Bag>
	<rdf:li rdf:resource="http://identifiers.org/taxonomy/9606"/>
	<rdf:li rdf:resource="http://identifiers.org/taxonomy/520"/>
	</rdf:Bag>
	</bqbiol:hasVersion>
	</rdf:Description>
	
	
	
	
	</rdf:RDF>
	</annotation>
            </species>
      <species compartment="env" hasOnlySubstanceUnits="true" id="I2" initialAmount="1E-6" metaid="_264643" sboTerm="SBO:0000240">
        <annotation>
	<rdf:RDF xmlns:rdf="http://www.w3.org/1999/02/22-rdf-syntax-ns#" xmlns:bqmodel="http://biomodels.net/model-qualifiers/" xmlns:bqbiol="http://biomodels.net/biology-qualifiers/">
            <rdf:Description rdf:about="#_264643">
	<bqbiol:hasVersion>
	<rdf:Bag>
	<rdf:li rdf:resource="http://identifiers.org/taxonomy/9606"/>
	<rdf:li rdf:resource="http://identifiers.org/taxonomy/520"/>
	</rdf:Bag>
	</bqbiol:hasVersion>
	</rdf:Description>
	
	
	
	
	</rdf:RDF>
	</annotation>
            </species>
      <species compartment="env" hasOnlySubstanceUnits="true" id="R1" initialAmount="0.439407" metaid="_264646" sboTerm="SBO:0000240">
        <annotation>
	<rdf:RDF xmlns:rdf="http://www.w3.org/1999/02/22-rdf-syntax-ns#" xmlns:bqmodel="http://biomodels.net/model-qualifiers/" xmlns:bqbiol="http://biomodels.net/biology-qualifiers/">
            <rdf:Description rdf:about="#_264646">
	<bqbiol:isVersionOf>
	<rdf:Bag>
	<rdf:li rdf:resource="http://identifiers.org/taxonomy/9606"/>
	</rdf:Bag>
	</bqbiol:isVersionOf>
	</rdf:Description>
	
	
	
	
	</rdf:RDF>
	</annotation>
            </species>
      <species compartment="env" hasOnlySubstanceUnits="true" id="R2" initialAmount="0" metaid="_264647" sboTerm="SBO:0000240">
        <annotation>
	<rdf:RDF xmlns:rdf="http://www.w3.org/1999/02/22-rdf-syntax-ns#" xmlns:bqmodel="http://biomodels.net/model-qualifiers/" xmlns:bqbiol="http://biomodels.net/biology-qualifiers/">
            <rdf:Description rdf:about="#_264647">
	<bqbiol:isVersionOf>
	<rdf:Bag>
	<rdf:li rdf:resource="http://identifiers.org/taxonomy/9606"/>
	</rdf:Bag>
	</bqbiol:isVersionOf>
	</rdf:Description>
	
	
	
	
	</rdf:RDF>
	</annotation>
            </species>
      <species compartment="env" hasOnlySubstanceUnits="true" id="V" initialAmount="0.9" metaid="_264650" sboTerm="SBO:0000240">
        <annotation>
	<rdf:RDF xmlns:rdf="http://www.w3.org/1999/02/22-rdf-syntax-ns#" xmlns:bqmodel="http://biomodels.net/model-qualifiers/" xmlns:bqbiol="http://biomodels.net/biology-qualifiers/">
            <rdf:Description rdf:about="#_264650">
	<bqbiol:isVersionOf>
	<rdf:Bag>
	<rdf:li rdf:resource="http://identifiers.org/taxonomy/9606"/>
	</rdf:Bag>
	</bqbiol:isVersionOf>
	</rdf:Description>
	
	
	
	
	</rdf:RDF>
	</annotation>
            </species>
      <species compartment="env" hasOnlySubstanceUnits="true" id="Iv2" initialAmount="0.5" metaid="_264651" sboTerm="SBO:0000240">
        <annotation>
	<rdf:RDF xmlns:rdf="http://www.w3.org/1999/02/22-rdf-syntax-ns#" xmlns:bqmodel="http://biomodels.net/model-qualifiers/" xmlns:bqbiol="http://biomodels.net/biology-qualifiers/">
            <rdf:Description rdf:about="#_264651">
	<bqbiol:isVersionOf>
	<rdf:Bag>
	<rdf:li rdf:resource="http://identifiers.org/taxonomy/9606"/>
	<rdf:li rdf:resource="http://identifiers.org/taxonomy/520"/>
	</rdf:Bag>
	</bqbiol:isVersionOf>
	</rdf:Description>
	
	
	
	
	</rdf:RDF>
	</annotation>
            </species>
      <species compartment="env" hasOnlySubstanceUnits="true" id="J2" initialAmount="0" metaid="_264654" sboTerm="SBO:0000240">
        <annotation>
	<rdf:RDF xmlns:rdf="http://www.w3.org/1999/02/22-rdf-syntax-ns#" xmlns:bqmodel="http://biomodels.net/model-qualifiers/" xmlns:bqbiol="http://biomodels.net/biology-qualifiers/">
            <rdf:Description rdf:about="#_264654">
	<bqbiol:hasVersion>
	<rdf:Bag>
	<rdf:li rdf:resource="http://identifiers.org/taxonomy/9606"/>
	<rdf:li rdf:resource="http://identifiers.org/taxonomy/520"/>
	</rdf:Bag>
	</bqbiol:hasVersion>
	</rdf:Description>
	
	
	
	
	</rdf:RDF>
	</annotation>
            </species>
      <species compartment="env" hasOnlySubstanceUnits="true" id="J1" initialAmount="0" metaid="_264655" sboTerm="SBO:0000240">
        <annotation>
	<rdf:RDF xmlns:rdf="http://www.w3.org/1999/02/22-rdf-syntax-ns#" xmlns:bqmodel="http://biomodels.net/model-qualifiers/" xmlns:bqbiol="http://biomodels.net/biology-qualifiers/">
            <rdf:Description rdf:about="#_264655">
	<bqbiol:hasVersion>
	<rdf:Bag>
	<rdf:li rdf:resource="http://identifiers.org/taxonomy/9606"/>
	<rdf:li rdf:resource="http://identifiers.org/taxonomy/520"/>
	</rdf:Bag>
	</bqbiol:hasVersion>
	</rdf:Description>
	
	
	
	
	</rdf:RDF>
	</annotation>
            </species>
      <species compartment="env" hasOnlySubstanceUnits="true" id="R" initialAmount="0" metaid="_264658" sboTerm="SBO:0000240">
        <annotation>
	<rdf:RDF xmlns:rdf="http://www.w3.org/1999/02/22-rdf-syntax-ns#" xmlns:bqmodel="http://biomodels.net/model-qualifiers/" xmlns:bqbiol="http://biomodels.net/biology-qualifiers/">
            <rdf:Description rdf:about="#_264658">
	<bqbiol:isVersionOf>
	<rdf:Bag>
	<rdf:li rdf:resource="http://identifiers.org/taxonomy/9606"/>
	</rdf:Bag>
	</bqbiol:isVersionOf>
	</rdf:Description>
	
	
	
	
	</rdf:RDF>
	</annotation>
            </species>
    </listOfSpecies>
    <listOfParameters>
      <parameter constant="false" id="mu" metaid="metaid_0000003" sboTerm="SBO:0000022" units="per_year">
        <notes>
      <p xmlns="http://www.w3.org/1999/xhtml">birth/death rate</p>
    </notes>
      </parameter>
      <parameter id="l_e" metaid="metaid_0000004" name="life expectancy" sboTerm="SBO:0000348" units="time" value="50"/>
      <parameter constant="false" id="beta" metaid="metaid_0000005" sboTerm="SBO:0000023" units="per_year">
        <notes>
      <p xmlns="http://www.w3.org/1999/xhtml">transmission rate</p>
    </notes>
      </parameter>
      <parameter id="R0" metaid="metaid_0000006" sboTerm="SBO:0000002" units="dimensionless" value="17">
        <notes>
      <p xmlns="http://www.w3.org/1999/xhtml">basic reproductive ratio (beta/(gamma+mu)) </p>
    </notes>
      </parameter>
      <parameter constant="false" id="gamma" metaid="metaid_0000007" sboTerm="SBO:0000022" units="per_year">
        <notes>
      <p xmlns="http://www.w3.org/1999/xhtml">recovery rate</p>
    </notes>
      </parameter>
      <parameter id="p" metaid="_264749" sboTerm="SBO:0000380" units="dimensionless" value="1">
        <notes>
      <p xmlns="http://www.w3.org/1999/xhtml">fraction of individuals vaccinated at birth </p>
    </notes>
      </parameter>
      <parameter id="tau" metaid="_264750" sboTerm="SBO:0000380" units="dimensionless" value="0.7"/>
      <parameter id="theta" metaid="_264751" sboTerm="SBO:0000380" units="dimensionless" value="0.5"/>
      <parameter id="nu" metaid="_264752" sboTerm="SBO:0000380" units="dimensionless" value="0.5"/>
      <parameter id="eta" metaid="_264755" sboTerm="SBO:0000380" units="dimensionless" value="0.5"/>
      <parameter constant="false" id="sigma" metaid="metaid_0000013" sboTerm="SBO:0000022" units="per_year">
        <notes>
      <p xmlns="http://www.w3.org/1999/xhtml">rate of immunity loss</p>
    </notes>
      </parameter>
      <parameter constant="false" id="sigmaV" metaid="_264757" sboTerm="SBO:0000022" units="per_year">
        <notes>
      <p xmlns="http://www.w3.org/1999/xhtml">rate of immunity loss of vacinated individuals</p>
    </notes>
      </parameter>
      <parameter id="tInf" metaid="_264758" name="infectious period (d)" sboTerm="SBO:0000348" units="days" value="21"/>
      <parameter id="tImm" metaid="_264759" name="immune period (yr)" sboTerm="SBO:0000348" units="time" value="20"/>
      <parameter id="tImm_V" metaid="_264760" name="vaccine immune period (yr)" sboTerm="SBO:0000348" units="time" value="50"/>
      <parameter constant="false" id="strain1_frac" metaid="_264761" sboTerm="SBO:0000360" units="dimensionless">
        <notes>
      <p xmlns="http://www.w3.org/1999/xhtml">fraction of individuals infected with strain 1</p>
    </notes>
      </parameter>
      <parameter constant="false" id="strain2_frac" metaid="_264762" sboTerm="SBO:0000360" units="dimensionless">
        <notes>
      <p xmlns="http://www.w3.org/1999/xhtml">fraction of individuals infected with strain 2</p>
    </notes>
      </parameter>
      <parameter constant="false" id="S_frac" metaid="_264763" sboTerm="SBO:0000360" units="dimensionless">
        <notes>
      <p xmlns="http://www.w3.org/1999/xhtml">fraction of susceptible individuals</p>
    </notes>
      </parameter>
      <parameter constant="false" id="V_frac" metaid="_264764" sboTerm="SBO:0000360" units="dimensionless">
        <notes>
      <p xmlns="http://www.w3.org/1999/xhtml">fraction of vaccinated uninfected individuals</p>
    </notes>
      </parameter>
      <parameter constant="false" id="R_1_frac" metaid="_264765" sboTerm="SBO:0000360" units="dimensionless">
        <notes>
      <p xmlns="http://www.w3.org/1999/xhtml">fraction of individuals immune against strain 1 exclusively after infection</p>
    </notes>
      </parameter>
      <parameter constant="false" id="R_2_frac" metaid="_264766" sboTerm="SBO:0000360" units="dimensionless">
        <notes>
      <p xmlns="http://www.w3.org/1999/xhtml">fraction of individuals immune against strain 2 exclusively after infection</p>
    </notes>
      </parameter>
      <parameter constant="false" id="R_frac" metaid="_264767" sboTerm="SBO:0000360" units="dimensionless">
        <notes>
      <p xmlns="http://www.w3.org/1999/xhtml">fraction of individuals immune to both strains</p>
    </notes>
      </parameter>
    </listOfParameters>
    <listOfRules>
      <assignmentRule metaid="_264725" variable="mu">
        <math xmlns="http://www.w3.org/1998/Math/MathML">        
          <apply>
            <divide/>
            <cn type="integer"> 1 </cn>
            <ci> l_e </ci>
          </apply>
        </math>
            </assignmentRule>
      <assignmentRule metaid="_264726" variable="beta">
        <math xmlns="http://www.w3.org/1998/Math/MathML">        
          <apply>
            <times/>
            <ci> R0 </ci>
            <apply>
              <plus/>
              <ci> gamma </ci>
              <ci> mu </ci>
            </apply>
          </apply>
        </math>
            </assignmentRule>
      <assignmentRule metaid="_264727" variable="gamma">
        <math xmlns="http://www.w3.org/1998/Math/MathML">        
          <apply>
            <divide/>
            <cn type="integer"> 365 </cn>
            <ci> tInf </ci>
          </apply>
        </math>
            </assignmentRule>
      <assignmentRule metaid="_264728" variable="sigma">
        <math xmlns="http://www.w3.org/1998/Math/MathML">        
          <apply>
            <divide/>
            <cn type="integer"> 1 </cn>
            <ci> tImm </ci>
          </apply>
        </math>
            </assignmentRule>
      <assignmentRule metaid="_264729" variable="sigmaV">
        <math xmlns="http://www.w3.org/1998/Math/MathML">        
          <apply>
            <divide/>
            <cn type="integer"> 1 </cn>
            <ci> tImm_V </ci>
          </apply>
        </math>
            </assignmentRule>
      <assignmentRule metaid="_264732" variable="strain1_frac">
        <math xmlns="http://www.w3.org/1998/Math/MathML">        
          <apply>
            <divide/>
            <apply>
              <plus/>
              <ci> I1 </ci>
              <ci> J1 </ci>
            </apply>
            <ci> N </ci>
          </apply>
        </math>
            </assignmentRule>
      <assignmentRule metaid="_264733" variable="strain2_frac">
        <math xmlns="http://www.w3.org/1998/Math/MathML">        
          <apply>
            <divide/>
            <apply>
              <plus/>
              <ci> I2 </ci>
              <ci> J2 </ci>
              <ci> Iv2 </ci>
            </apply>
            <ci> N </ci>
          </apply>
        </math>
            </assignmentRule>
      <assignmentRule metaid="_264734" variable="S_frac">
        <math xmlns="http://www.w3.org/1998/Math/MathML">        
          <apply>
            <divide/>
            <ci> S </ci>
            <ci> N </ci>
          </apply>
        </math>
            </assignmentRule>
      <assignmentRule metaid="_264737" variable="V_frac">
        <math xmlns="http://www.w3.org/1998/Math/MathML">        
          <apply>
            <divide/>
            <ci> V </ci>
            <ci> N </ci>
          </apply>
        </math>
            </assignmentRule>
      <assignmentRule metaid="_264738" variable="R_1_frac">
        <math xmlns="http://www.w3.org/1998/Math/MathML">        
          <apply>
            <divide/>
            <apply>
              <plus/>
              <ci> R1 </ci>
              <ci> R </ci>
            </apply>
            <ci> N </ci>
          </apply>
        </math>
            </assignmentRule>
      <assignmentRule metaid="_264739" variable="R_2_frac">
        <math xmlns="http://www.w3.org/1998/Math/MathML">        
          <apply>
            <divide/>
            <apply>
              <plus/>
              <ci> R2 </ci>
              <ci> R </ci>
            </apply>
            <ci> N </ci>
          </apply>
        </math>
            </assignmentRule>
      <assignmentRule metaid="_264742" variable="R_frac">
        <math xmlns="http://www.w3.org/1998/Math/MathML">        
          <apply>
            <divide/>
            <ci> R </ci>
            <ci> N </ci>
          </apply>
        </math>
            </assignmentRule>
    </listOfRules>
    <listOfReactions>
      <reaction id="r1" metaid="_264659" name="Birth S (unvaccinated)" reversible="false" sboTerm="SBO:0000375">
        <annotation>
	<rdf:RDF xmlns:rdf="http://www.w3.org/1999/02/22-rdf-syntax-ns#" xmlns:bqmodel="http://biomodels.net/model-qualifiers/" xmlns:bqbiol="http://biomodels.net/biology-qualifiers/">
            <rdf:Description rdf:about="#_264659">
	<bqbiol:isVersionOf>
	<rdf:Bag>
	<rdf:li rdf:resource="http://identifiers.org/go/GO:0007567"/>
	</rdf:Bag>
	</bqbiol:isVersionOf>
	</rdf:Description>
	
	
	
	
	</rdf:RDF>
	</annotation>
              <listOfProducts>
          <speciesReference metaid="_3011e23f-483a-437d-ae5e-07685009d198" species="S"/>
        </listOfProducts>
        <listOfModifiers>
          <modifierSpeciesReference metaid="_8b5d8d53-5992-4c50-84bb-ae01171995d3" species="N"/>
        </listOfModifiers>
        <kineticLaw metaid="f3305081-abe4-4a28-a550-f29b1b4bb6de">
          <math xmlns="http://www.w3.org/1998/Math/MathML">          
            <apply>
              <times/>
              <ci> mu </ci>
              <apply>
                <minus/>
                <cn type="integer"> 1 </cn>
                <ci> p </ci>
              </apply>
              <ci> N </ci>
            </apply>
          </math>
                </kineticLaw>
      </reaction>
      <reaction id="r2" metaid="_264660" name="Birth V (vaccinated)" reversible="false" sboTerm="SBO:0000375">
        <annotation>
	<rdf:RDF xmlns:rdf="http://www.w3.org/1999/02/22-rdf-syntax-ns#" xmlns:bqmodel="http://biomodels.net/model-qualifiers/" xmlns:bqbiol="http://biomodels.net/biology-qualifiers/">
            <rdf:Description rdf:about="#_264660">
	<bqbiol:isVersionOf>
	<rdf:Bag>
	<rdf:li rdf:resource="http://identifiers.org/go/GO:0007567"/>
	</rdf:Bag>
	</bqbiol:isVersionOf>
	</rdf:Description>
	
	
	
	
	</rdf:RDF>
	</annotation>
              <listOfProducts>
          <speciesReference metaid="_5d9f4458-7b83-4110-a1ce-74d8d8a3b03a" species="V"/>
        </listOfProducts>
        <listOfModifiers>
          <modifierSpeciesReference metaid="efd81d80-00ed-4992-965c-e742f096f1ec" species="N"/>
        </listOfModifiers>
        <kineticLaw metaid="f96a85ff-cb15-43fa-b905-3b2d9c9af5d1">
          <math xmlns="http://www.w3.org/1998/Math/MathML">          
            <apply>
              <times/>
              <ci> mu </ci>
              <ci> p </ci>
              <ci> N </ci>
            </apply>
          </math>
                </kineticLaw>
      </reaction>
      <reaction id="r3" metaid="_264661" name="Death in S" reversible="false" sboTerm="SBO:0000375">
        <annotation>
	<rdf:RDF xmlns:rdf="http://www.w3.org/1999/02/22-rdf-syntax-ns#" xmlns:bqmodel="http://biomodels.net/model-qualifiers/" xmlns:bqbiol="http://biomodels.net/biology-qualifiers/">
            <rdf:Description rdf:about="#_264661">
	<bqbiol:isVersionOf>
	<rdf:Bag>
	<rdf:li rdf:resource="http://identifiers.org/go/GO:0016265"/>
	</rdf:Bag>
	</bqbiol:isVersionOf>
	</rdf:Description>
	
	
	
	
	</rdf:RDF>
	</annotation>
              <listOfReactants>
          <speciesReference metaid="_3de5343d-b747-4586-98ba-b9c01395cef9" species="S"/>
        </listOfReactants>
        <kineticLaw metaid="_519c983e-546e-44e8-84ef-ea3efa0365d1">
          <math xmlns="http://www.w3.org/1998/Math/MathML">          
            <apply>
              <times/>
              <ci> mu </ci>
              <ci> S </ci>
            </apply>
          </math>
                </kineticLaw>
      </reaction>
      <reaction id="r4" metaid="_264662" name="Death in V" reversible="false" sboTerm="SBO:0000375">
        <annotation>
	<rdf:RDF xmlns:rdf="http://www.w3.org/1999/02/22-rdf-syntax-ns#" xmlns:bqmodel="http://biomodels.net/model-qualifiers/" xmlns:bqbiol="http://biomodels.net/biology-qualifiers/">
            <rdf:Description rdf:about="#_264662">
	<bqbiol:isVersionOf>
	<rdf:Bag>
	<rdf:li rdf:resource="http://identifiers.org/go/GO:0016265"/>
	</rdf:Bag>
	</bqbiol:isVersionOf>
	</rdf:Description>
	
	
	
	
	</rdf:RDF>
	</annotation>
              <listOfReactants>
          <speciesReference metaid="_55699d90-0878-49e1-91ff-8c18da9b60fc" species="V"/>
        </listOfReactants>
        <kineticLaw metaid="_381278b0-daa7-4876-95aa-55be79738777">
          <math xmlns="http://www.w3.org/1998/Math/MathML">          
            <apply>
              <times/>
              <ci> mu </ci>
              <ci> V </ci>
            </apply>
          </math>
                </kineticLaw>
      </reaction>
      <reaction id="r5" metaid="_264663" name="Death in I1" reversible="false" sboTerm="SBO:0000375">
        <annotation>
	<rdf:RDF xmlns:rdf="http://www.w3.org/1999/02/22-rdf-syntax-ns#" xmlns:bqmodel="http://biomodels.net/model-qualifiers/" xmlns:bqbiol="http://biomodels.net/biology-qualifiers/">
            <rdf:Description rdf:about="#_264663">
	<bqbiol:isVersionOf>
	<rdf:Bag>
	<rdf:li rdf:resource="http://identifiers.org/go/GO:0016265"/>
	</rdf:Bag>
	</bqbiol:isVersionOf>
	</rdf:Description>
	
	
	
	
	</rdf:RDF>
	</annotation>
              <listOfReactants>
          <speciesReference metaid="_1463b407-3a8c-42d8-9dac-f97ad54f37c9" species="I1"/>
        </listOfReactants>
        <kineticLaw metaid="_65af6bdb-f91d-47ad-abde-fa5ec9ee6dc8">
          <math xmlns="http://www.w3.org/1998/Math/MathML">          
            <apply>
              <times/>
              <ci> mu </ci>
              <ci> I1 </ci>
            </apply>
          </math>
                </kineticLaw>
      </reaction>
      <reaction id="r6" metaid="_264664" name="Death in I2" reversible="false" sboTerm="SBO:0000375">
        <annotation>
	<rdf:RDF xmlns:rdf="http://www.w3.org/1999/02/22-rdf-syntax-ns#" xmlns:bqmodel="http://biomodels.net/model-qualifiers/" xmlns:bqbiol="http://biomodels.net/biology-qualifiers/">
            <rdf:Description rdf:about="#_264664">
	<bqbiol:isVersionOf>
	<rdf:Bag>
	<rdf:li rdf:resource="http://identifiers.org/go/GO:0016265"/>
	</rdf:Bag>
	</bqbiol:isVersionOf>
	</rdf:Description>
	
	
	
	
	</rdf:RDF>
	</annotation>
              <listOfReactants>
          <speciesReference metaid="c2f40f99-e5cb-4d5a-bf8f-1326cb2ff5e8" species="I2"/>
        </listOfReactants>
        <kineticLaw metaid="_5f122f21-8d15-4f5b-9940-264509f2d2fd">
          <math xmlns="http://www.w3.org/1998/Math/MathML">          
            <apply>
              <times/>
              <ci> mu </ci>
              <ci> I2 </ci>
            </apply>
          </math>
                </kineticLaw>
      </reaction>
      <reaction id="r7" metaid="_264665" name="Death in Iv2" reversible="false" sboTerm="SBO:0000375">
        <annotation>
	<rdf:RDF xmlns:rdf="http://www.w3.org/1999/02/22-rdf-syntax-ns#" xmlns:bqmodel="http://biomodels.net/model-qualifiers/" xmlns:bqbiol="http://biomodels.net/biology-qualifiers/">
            <rdf:Description rdf:about="#_264665">
	<bqbiol:isVersionOf>
	<rdf:Bag>
	<rdf:li rdf:resource="http://identifiers.org/go/GO:0016265"/>
	</rdf:Bag>
	</bqbiol:isVersionOf>
	</rdf:Description>
	
	
	
	
	</rdf:RDF>
	</annotation>
              <listOfReactants>
          <speciesReference metaid="_1ef2650f-35c1-4c25-98a4-c26ffd6c218f" species="Iv2"/>
        </listOfReactants>
        <kineticLaw metaid="_15a2e54e-f656-4797-91bd-daf16943ea97">
          <math xmlns="http://www.w3.org/1998/Math/MathML">          
            <apply>
              <times/>
              <ci> mu </ci>
              <ci> Iv2 </ci>
            </apply>
          </math>
                </kineticLaw>
      </reaction>
      <reaction id="r8" metaid="_264666" name="Death in R1" reversible="false" sboTerm="SBO:0000375">
        <annotation>
	<rdf:RDF xmlns:rdf="http://www.w3.org/1999/02/22-rdf-syntax-ns#" xmlns:bqmodel="http://biomodels.net/model-qualifiers/" xmlns:bqbiol="http://biomodels.net/biology-qualifiers/">
            <rdf:Description rdf:about="#_264666">
	<bqbiol:isVersionOf>
	<rdf:Bag>
	<rdf:li rdf:resource="http://identifiers.org/go/GO:0016265"/>
	</rdf:Bag>
	</bqbiol:isVersionOf>
	</rdf:Description>
	
	
	
	
	</rdf:RDF>
	</annotation>
              <listOfReactants>
          <speciesReference metaid="d05078ca-0cb7-44ad-8109-88a753a6433f" species="R1"/>
        </listOfReactants>
        <kineticLaw metaid="_0da42561-e4f4-4f16-bfec-e42e725e7b56">
          <math xmlns="http://www.w3.org/1998/Math/MathML">          
            <apply>
              <times/>
              <ci> mu </ci>
              <ci> R1 </ci>
            </apply>
          </math>
                </kineticLaw>
      </reaction>
      <reaction id="r9" metaid="_264669" name="Death in R2" reversible="false" sboTerm="SBO:0000375">
        <annotation>
	<rdf:RDF xmlns:rdf="http://www.w3.org/1999/02/22-rdf-syntax-ns#" xmlns:bqmodel="http://biomodels.net/model-qualifiers/" xmlns:bqbiol="http://biomodels.net/biology-qualifiers/">
            <rdf:Description rdf:about="#_264669">
	<bqbiol:isVersionOf>
	<rdf:Bag>
	<rdf:li rdf:resource="http://identifiers.org/go/GO:0016265"/>
	</rdf:Bag>
	</bqbiol:isVersionOf>
	</rdf:Description>
	
	
	
	
	</rdf:RDF>
	</annotation>
              <listOfReactants>
          <speciesReference metaid="a428f181-875e-4413-98dc-9dcadcc83adc" species="R2"/>
        </listOfReactants>
        <kineticLaw metaid="cc9ae628-d8f9-4872-8024-f52083bb3689">
          <math xmlns="http://www.w3.org/1998/Math/MathML">          
            <apply>
              <times/>
              <ci> mu </ci>
              <ci> R2 </ci>
            </apply>
          </math>
                </kineticLaw>
      </reaction>
      <reaction id="r10" metaid="_264670" name="Death in J1" reversible="false" sboTerm="SBO:0000375">
        <annotation>
	<rdf:RDF xmlns:rdf="http://www.w3.org/1999/02/22-rdf-syntax-ns#" xmlns:bqmodel="http://biomodels.net/model-qualifiers/" xmlns:bqbiol="http://biomodels.net/biology-qualifiers/">
            <rdf:Description rdf:about="#_264670">
	<bqbiol:isVersionOf>
	<rdf:Bag>
	<rdf:li rdf:resource="http://identifiers.org/go/GO:0016265"/>
	</rdf:Bag>
	</bqbiol:isVersionOf>
	</rdf:Description>
	
	
	
	
	</rdf:RDF>
	</annotation>
              <listOfReactants>
          <speciesReference metaid="_99a7a2bf-8c8b-45a2-aa25-b8b971711c06" species="J1"/>
        </listOfReactants>
        <kineticLaw metaid="_8fb12f30-49bd-4312-bbc4-3dd051708487">
          <math xmlns="http://www.w3.org/1998/Math/MathML">          
            <apply>
              <times/>
              <ci> mu </ci>
              <ci> J1 </ci>
            </apply>
          </math>
                </kineticLaw>
      </reaction>
      <reaction id="r11" metaid="_264673" name="Death in J2" reversible="false" sboTerm="SBO:0000375">
        <annotation>
	<rdf:RDF xmlns:rdf="http://www.w3.org/1999/02/22-rdf-syntax-ns#" xmlns:bqmodel="http://biomodels.net/model-qualifiers/" xmlns:bqbiol="http://biomodels.net/biology-qualifiers/">
            <rdf:Description rdf:about="#_264673">
	<bqbiol:isVersionOf>
	<rdf:Bag>
	<rdf:li rdf:resource="http://identifiers.org/go/GO:0016265"/>
	</rdf:Bag>
	</bqbiol:isVersionOf>
	</rdf:Description>
	
	
	
	
	</rdf:RDF>
	</annotation>
              <listOfReactants>
          <speciesReference metaid="_80456785-e7c5-4855-b9b1-79da1049b8e6" species="J2"/>
        </listOfReactants>
        <kineticLaw metaid="_7a2c1cc5-8c6d-475e-8128-9ed22cf300c5">
          <math xmlns="http://www.w3.org/1998/Math/MathML">          
            <apply>
              <times/>
              <ci> mu </ci>
              <ci> J2 </ci>
            </apply>
          </math>
                </kineticLaw>
      </reaction>
      <reaction id="r12" metaid="_264674" name="Death in Rp" reversible="false" sboTerm="SBO:0000375">
        <annotation>
	<rdf:RDF xmlns:rdf="http://www.w3.org/1999/02/22-rdf-syntax-ns#" xmlns:bqmodel="http://biomodels.net/model-qualifiers/" xmlns:bqbiol="http://biomodels.net/biology-qualifiers/">
            <rdf:Description rdf:about="#_264674">
	<bqbiol:isVersionOf>
	<rdf:Bag>
	<rdf:li rdf:resource="http://identifiers.org/go/GO:0016265"/>
	</rdf:Bag>
	</bqbiol:isVersionOf>
	</rdf:Description>
	
	
	
	
	</rdf:RDF>
	</annotation>
              <listOfReactants>
          <speciesReference metaid="e9b324d8-ba77-4452-9661-9d83857f4682" species="R"/>
        </listOfReactants>
        <kineticLaw metaid="_6f9d7a7b-22ae-4cca-b999-f5e14292e662">
          <math xmlns="http://www.w3.org/1998/Math/MathML">          
            <apply>
              <times/>
              <ci> mu </ci>
              <ci> R </ci>
            </apply>
          </math>
                </kineticLaw>
      </reaction>
      <reaction id="r13" metaid="_264677" name="Primary Infection with strain 1" reversible="false" sboTerm="SBO:0000375">
        <listOfReactants>
          <speciesReference metaid="cc150ae7-8406-4b13-9a35-7d138dea9979" species="S"/>
        </listOfReactants>
        <listOfProducts>
          <speciesReference metaid="f5d44b3c-993a-4d06-99d0-bf5eafc33576" species="I1"/>
        </listOfProducts>
        <listOfModifiers>
          <modifierSpeciesReference metaid="_6916bdb1-73b2-476f-aa65-561131d02bcc" species="J1"/>
          <modifierSpeciesReference metaid="_2795b8ed-dc8a-4ab9-a671-0df9300ead5f" species="N"/>
        </listOfModifiers>
        <kineticLaw metaid="_88641004-4c49-46db-a914-d47def5abd6f">
          <math xmlns="http://www.w3.org/1998/Math/MathML">          
            <apply>
              <times/>
              <ci> beta </ci>
              <ci> S </ci>
              <apply>
                <divide/>
                <apply>
                  <plus/>
                  <ci> I1 </ci>
                  <ci> J1 </ci>
                </apply>
                <ci> N </ci>
              </apply>
            </apply>
          </math>
                </kineticLaw>
      </reaction>
      <reaction id="r14" metaid="_264678" name="Primary Infection with strain 2" reversible="false" sboTerm="SBO:0000375">
        <listOfReactants>
          <speciesReference metaid="aa977ec8-a7f4-4804-9507-e82dbebdd4ea" species="S"/>
        </listOfReactants>
        <listOfProducts>
          <speciesReference metaid="eacce3b5-ddd8-4799-bf3d-9afd6977d142" species="I2"/>
        </listOfProducts>
        <listOfModifiers>
          <modifierSpeciesReference metaid="_9496705d-5bbd-4560-ad65-d84a9f0387c6" species="J2"/>
          <modifierSpeciesReference metaid="_11250416-903d-4a45-8721-86c568c8fb07" species="N"/>
          <modifierSpeciesReference metaid="_1229e695-6d8a-41ca-8b9c-7ffd68124ac6" species="Iv2"/>
        </listOfModifiers>
        <kineticLaw metaid="_5786fb2a-99bd-4852-a8e3-0c54cc1d4f17">
          <math xmlns="http://www.w3.org/1998/Math/MathML">          
            <apply>
              <times/>
              <ci> beta </ci>
              <ci> S </ci>
              <apply>
                <divide/>
                <apply>
                  <plus/>
                  <ci> I2 </ci>
                  <ci> J2 </ci>
                  <ci> Iv2 </ci>
                </apply>
                <ci> N </ci>
              </apply>
            </apply>
          </math>
                </kineticLaw>
      </reaction>
      <reaction id="r15" metaid="_264681" name="Primary Infection of V with strain 2" reversible="false" sboTerm="SBO:0000375">
        <listOfReactants>
          <speciesReference metaid="f29a77cf-4f46-4600-aba1-5fdfc0defbfc" species="V"/>
        </listOfReactants>
        <listOfProducts>
          <speciesReference metaid="_195c866f-9799-4701-bc64-7804123ba617" species="Iv2"/>
        </listOfProducts>
        <listOfModifiers>
          <modifierSpeciesReference metaid="_7e3c8fd7-360d-42bf-ab4e-b4e9e0893efd" species="J2"/>
          <modifierSpeciesReference metaid="_5468ad5f-6d6c-4668-986b-5ca6c0217ef3" species="N"/>
          <modifierSpeciesReference metaid="accd21a9-1094-4d13-bbb6-85b1c4969f9f" species="I2"/>
        </listOfModifiers>
        <kineticLaw metaid="d848857c-3a6d-48ca-844b-8b5c69eb9355">
          <math xmlns="http://www.w3.org/1998/Math/MathML">          
            <apply>
              <times/>
              <ci> beta </ci>
              <apply>
                <minus/>
                <cn type="integer"> 1 </cn>
                <ci> tau </ci>
              </apply>
              <ci> V </ci>
              <apply>
                <divide/>
                <apply>
                  <plus/>
                  <ci> I2 </ci>
                  <ci> J2 </ci>
                  <ci> Iv2 </ci>
                </apply>
                <ci> N </ci>
              </apply>
            </apply>
          </math>
                </kineticLaw>
      </reaction>
      <reaction id="r16" metaid="_264682" name="Recovery (I1)" reversible="false" sboTerm="SBO:0000375">
        <listOfReactants>
          <speciesReference metaid="a4aaf4de-ffc3-42e9-b602-092d1c293c0b" species="I1"/>
        </listOfReactants>
        <listOfProducts>
          <speciesReference metaid="_1dfdb7b9-fc25-4dce-b59e-7b36b74da87b" species="R1"/>
        </listOfProducts>
        <kineticLaw metaid="e095d5b0-3ba7-41b3-bfde-7d9357cac239">
          <math xmlns="http://www.w3.org/1998/Math/MathML">          
            <apply>
              <times/>
              <ci> gamma </ci>
              <ci> I1 </ci>
            </apply>
          </math>
                </kineticLaw>
      </reaction>
      <reaction id="r17" metaid="_264685" name="Recovery (I2)" reversible="false" sboTerm="SBO:0000375">
        <listOfReactants>
          <speciesReference metaid="c9401332-3cf3-40db-922c-57ac49d84ab9" species="I2"/>
        </listOfReactants>
        <listOfProducts>
          <speciesReference metaid="_1b351178-8b19-4d45-9a55-43dd084930ac" species="R2"/>
        </listOfProducts>
        <kineticLaw metaid="a21b372a-374f-47b5-8cb7-a9099130f4dc">
          <math xmlns="http://www.w3.org/1998/Math/MathML">          
            <apply>
              <times/>
              <ci> gamma </ci>
              <ci> I2 </ci>
            </apply>
          </math>
                </kineticLaw>
      </reaction>
      <reaction id="r18" metaid="_264686" name="Secondary Infection with strain 1" reversible="false" sboTerm="SBO:0000375">
        <listOfReactants>
          <speciesReference metaid="_715e7b39-5cbb-4a71-85ce-d59395725156" species="R2"/>
        </listOfReactants>
        <listOfProducts>
          <speciesReference metaid="e9b629b7-81e4-4dda-b4f6-272262d3ec82" species="J1"/>
        </listOfProducts>
        <listOfModifiers>
          <modifierSpeciesReference metaid="bfceaaf2-782e-47d7-85f4-62700e0fdcf6" species="N"/>
          <modifierSpeciesReference metaid="_7af89cef-759f-4f01-b2c8-8ad3696b3b9f" species="I1"/>
        </listOfModifiers>
        <kineticLaw metaid="d28596d8-1353-4912-b67c-84e6e3c5a630">
          <math xmlns="http://www.w3.org/1998/Math/MathML">          
            <apply>
              <divide/>
              <apply>
                <times/>
                <ci> beta </ci>
                <apply>
                  <minus/>
                  <cn type="integer"> 1 </cn>
                  <ci> theta </ci>
                </apply>
                <ci> R2 </ci>
                <apply>
                  <plus/>
                  <ci> I1 </ci>
                  <ci> J1 </ci>
                </apply>
              </apply>
              <ci> N </ci>
            </apply>
          </math>
                </kineticLaw>
      </reaction>
      <reaction id="r19" metaid="_264687" name="Secondary Infection with strain 2" reversible="false" sboTerm="SBO:0000375">
        <listOfReactants>
          <speciesReference metaid="_9b82d421-26b4-43bc-b808-7f5c560ca288" species="R1"/>
        </listOfReactants>
        <listOfProducts>
          <speciesReference metaid="_8957d82a-fde2-4a24-9603-8c0aa6dfc8c1" species="J2"/>
        </listOfProducts>
        <listOfModifiers>
          <modifierSpeciesReference metaid="_6d7b1c74-5de1-418f-ba1e-ecfd5cd2f837" species="N"/>
          <modifierSpeciesReference metaid="e1e1abfc-145a-43b8-9726-c1fbdde3ffe8" species="I2"/>
          <modifierSpeciesReference metaid="_969c0235-160e-437a-8a2e-c0dcea8cf9fe" species="Iv2"/>
        </listOfModifiers>
        <kineticLaw metaid="_01f23e21-35b3-4a68-97aa-1da0088710b9">
          <math xmlns="http://www.w3.org/1998/Math/MathML">          
            <apply>
              <divide/>
              <apply>
                <times/>
                <ci> beta </ci>
                <apply>
                  <minus/>
                  <cn type="integer"> 1 </cn>
                  <ci> theta </ci>
                </apply>
                <ci> R1 </ci>
                <apply>
                  <plus/>
                  <ci> I2 </ci>
                  <ci> J2 </ci>
                  <ci> Iv2 </ci>
                </apply>
              </apply>
              <ci> N </ci>
            </apply>
          </math>
                </kineticLaw>
      </reaction>
      <reaction id="r20" metaid="_264690" name="Recovery (J1)" reversible="false" sboTerm="SBO:0000375">
        <listOfReactants>
          <speciesReference metaid="af43d645-4e31-4804-898d-444739ecb4d9" species="J1"/>
        </listOfReactants>
        <listOfProducts>
          <speciesReference metaid="_7613a95e-406f-46be-a2c3-1e454241247e" species="R"/>
        </listOfProducts>
        <kineticLaw metaid="_1ab9da4f-6982-4606-8650-955a2013c47e">
          <math xmlns="http://www.w3.org/1998/Math/MathML">          
            <apply>
              <times/>
              <apply>
                <divide/>
                <ci> gamma </ci>
                <apply>
                  <minus/>
                  <cn type="integer"> 1 </cn>
                  <ci> nu </ci>
                </apply>
              </apply>
              <ci> J1 </ci>
            </apply>
          </math>
                </kineticLaw>
      </reaction>
      <reaction id="r21" metaid="_264691" name="Recovery (J2)" reversible="false" sboTerm="SBO:0000375">
        <listOfReactants>
          <speciesReference metaid="_716e3c80-a330-4257-9485-b1576a8552d2" species="J2"/>
        </listOfReactants>
        <listOfProducts>
          <speciesReference metaid="e3632c13-d03c-417e-bd00-c6456a0eee46" species="R"/>
        </listOfProducts>
        <kineticLaw metaid="a2a230d3-e54f-4799-a012-a1205e063cf4">
          <math xmlns="http://www.w3.org/1998/Math/MathML">          
            <apply>
              <times/>
              <apply>
                <divide/>
                <ci> gamma </ci>
                <apply>
                  <minus/>
                  <cn type="integer"> 1 </cn>
                  <ci> nu </ci>
                </apply>
              </apply>
              <ci> J2 </ci>
            </apply>
          </math>
                </kineticLaw>
      </reaction>
      <reaction id="r22" metaid="_264692" name="Recovery (Iv2)" reversible="false" sboTerm="SBO:0000375">
        <listOfReactants>
          <speciesReference metaid="_0709e332-bebc-4837-aaae-e75ee16bbdb1" species="Iv2"/>
        </listOfReactants>
        <listOfProducts>
          <speciesReference metaid="_3caa73c0-8382-4ae4-97a9-492696a82d12" species="R"/>
        </listOfProducts>
        <kineticLaw metaid="e6936b21-42e9-4e84-acec-d373bc033ef5">
          <math xmlns="http://www.w3.org/1998/Math/MathML">          
            <apply>
              <times/>
              <apply>
                <divide/>
                <ci> gamma </ci>
                <apply>
                  <minus/>
                  <cn type="integer"> 1 </cn>
                  <ci> eta </ci>
                </apply>
              </apply>
              <ci> Iv2 </ci>
            </apply>
          </math>
                </kineticLaw>
      </reaction>
      <reaction id="r23" metaid="_264693" name="Loss of Immunity (R1)" reversible="false" sboTerm="SBO:0000375">
        <listOfReactants>
          <speciesReference metaid="b369bf70-1a14-4819-83e9-6e11ed34426f" species="R1"/>
        </listOfReactants>
        <listOfProducts>
          <speciesReference metaid="_953b4ae7-efff-4ff4-8b99-5b5407638168" species="S"/>
        </listOfProducts>
        <kineticLaw metaid="_98d1658d-0dff-4279-8b13-4c6f7c32cb74">
          <math xmlns="http://www.w3.org/1998/Math/MathML">          
            <apply>
              <times/>
              <ci> sigma </ci>
              <ci> R1 </ci>
            </apply>
          </math>
                </kineticLaw>
      </reaction>
      <reaction id="r24" metaid="_264694" name="Loss of Immunity (R2)" reversible="false" sboTerm="SBO:0000375">
        <listOfReactants>
          <speciesReference metaid="b066212e-b763-419e-846b-b4e4801a2ac2" species="R2"/>
        </listOfReactants>
        <listOfProducts>
          <speciesReference metaid="_5eeb5f8e-0065-4d2a-af20-21a64f964a22" species="S"/>
        </listOfProducts>
        <kineticLaw metaid="f48a3894-fe28-460a-9fdf-7a7394ecae1b">
          <math xmlns="http://www.w3.org/1998/Math/MathML">          
            <apply>
              <times/>
              <ci> sigma </ci>
              <ci> R2 </ci>
            </apply>
          </math>
                </kineticLaw>
      </reaction>
      <reaction id="r25" metaid="_264695" name="Loss of Immunity (Rp)" reversible="false" sboTerm="SBO:0000375">
        <listOfReactants>
          <speciesReference metaid="ef410d49-d8b6-451c-ac1a-030032c1a630" species="R"/>
        </listOfReactants>
        <listOfProducts>
          <speciesReference metaid="_4106ac85-46c7-470f-8526-0eb466bb35e4" species="S"/>
        </listOfProducts>
        <kineticLaw metaid="bb82a509-58b7-41de-8c98-2b449689cf13">
          <math xmlns="http://www.w3.org/1998/Math/MathML">          
            <apply>
              <times/>
              <ci> sigma </ci>
              <ci> R </ci>
            </apply>
          </math>
                </kineticLaw>
      </reaction>
      <reaction id="r26" metaid="_264696" name="Loss of Immunity (V)" reversible="false" sboTerm="SBO:0000375">
        <listOfReactants>
          <speciesReference metaid="_9e93d43c-6750-4c03-8bff-5eddbd801450" species="V"/>
        </listOfReactants>
        <listOfProducts>
          <speciesReference metaid="ca83d195-d221-4c17-ad81-3505174f5814" species="S"/>
        </listOfProducts>
        <kineticLaw metaid="_12d03fa4-b66c-4350-bde7-496e027337ae">
          <math xmlns="http://www.w3.org/1998/Math/MathML">          
            <apply>
              <times/>
              <ci> sigmaV </ci>
              <ci> V </ci>
            </apply>
          </math>
                </kineticLaw>
      </reaction>
    </listOfReactions>
  </model>
</sbml>