{
    "name": "Al-Tuwairqi2020 - Dynamics of cancer virotherapy - Phase I treatment",
    "description": "<notes xmlns=\"http://www.sbml.org/sbml/level2/version4\">      <body xmlns=\"http://www.w3.org/1999/xhtml\">        <pre>This ordinary differential equation model of cancer virotherapy dynamics is described in the publication:Salma M. Al-Tuwairqi, Najwa O. Al-Johani, Eman A. Simbawa,\"Modeling dynamics of cancer radiovirotherapy\",Journal of Theoretical Biology, Volume 506, 2020, 110405, ISSN 0022-5193,DOI: 10.1016/j.jtbi.2020.110405.Comment:This model is represented by the equations in system (2) of the publication manuscript and describes the cancer-virus interactions for the Phase I virotherapy treatment.Abstract:Advances in genetic engineering have paved the way for a new therapy for cancer, which is called virotherapy. This treatment uses genetically engineered viruses which selectively infect, replicate in, and destroy cancer cells without damaging normal cells. Furthermore, current research and clinical trials have indicated that these viruses can be delivered as single agents or in combination with other therapies. In this paper, we propose systems of ordinary differential equations for modeling the dynamics of aggressive tumor growth under radiovirotherapy treatment. We divide the treatment period into two phases; consequently, we present two mathematical models. First, we formulate the virotherapy model as Phase I of the treatment. Then we extend the model to include radiotherapy in combination with virotherapy as Phase II of the treatment. Comprehensive qualitative analyses of both models are conducted. Furthermore, numerical experiments are performed in order to support the analytical results. An analysis of the parameters is also carried out to investigate their effects on the outcome of the treatment. Overall, the analytical results reveal that radiovirotherapy is more effective than, and a good alternative to, virotherapy, as it is capable of eradicating tumors completely.</pre>      </body>    </notes>",
    "format": {
        "name": "SBML",
        "identifier": "SBML",
        "version": "L2V4"
    },
    "publication": {
        "type": "PubMed ID",
        "accession": "32738266",
        "journal": "Journal of theoretical biology",
        "title": "Modeling dynamics of cancer radiovirotherapy.",
        "affiliation": "Mathematics department, King Abdulaziz University, Jeddah, Saudi Arabia. Electronic address: saltuwairqi@kau.edu.sa.",
        "synopsis": "Advances in genetic engineering have paved the way for a new therapy for cancer, which is called virotherapy. This treatment uses genetically engineered viruses which selectively infect, replicate in, and destroy cancer cells without damaging normal cells. Furthermore, current research and clinical trials have indicated that these viruses can be delivered as single agents or in combination with other therapies. In this paper, we propose systems of ordinary differential equations for modeling the dynamics of aggressive tumor growth under radiovirotherapy treatment. We divide the treatment period into two phases; consequently, we present two mathematical models. First, we formulate the virotherapy model as Phase I of the treatment. Then we extend the model to include radiotherapy in combination with virotherapy as Phase II of the treatment. Comprehensive qualitative analyses of both models are conducted. Furthermore, numerical experiments are performed in order to support the analytical results. An analysis of the parameters is also carried out to investigate their effects on the outcome of the treatment. Overall, the analytical results reveal that radiovirotherapy is more effective than, and a good alternative to, virotherapy, as it is capable of eradicating tumors completely.",
        "year": 2020,
        "month": "12",
        "volume": "506",
        "pages": "110405",
        "link": "http://identifiers.org/pubmed/32738266",
        "authors": [
            {
                "name": "Salma M Al-Tuwairqi",
                "institution": "Mathematics department, King Abdulaziz University, Jeddah, Saudi Arabia. Electronic address: saltuwairqi@kau.edu.sa.",
                "orcid": "0000-0001-5038-7950"
            },
            {
                "name": "Najwa O Al-Johani",
                "institution": "Mathematics department, King Abdulaziz University, Jeddah, Saudi Arabia."
            },
            {
                "name": "Eman A Simbawa",
                "institution": "Mathematics department, King Abdulaziz University, Jeddah, Saudi Arabia.",
                "orcid": "0000-0003-4831-1249"
            }
        ]
    },
    "files": {
        "main": [
            {
                "name": "Al-Tuwairqi2020 - Phase I virotherapy.xml",
                "description": "SBML L2V4 representation of Al-Tuwairqi2020 Phae I virotherapy model",
                "fileSize": "26279",
                "mimeType": "application/xml",
                "md5sum": "2aab287ebece333ea8b49ac4f9cc4fa9",
                "sha1sum": "36d06f58d479e49a3290c4e82b3f00bb7c9bc02a",
                "sha256sum": "dbfe75c56df088b0c24a81d13ecb2c01d205568a532fef03fa92f3ff7da524d1"
            }
        ],
        "additional": [
            {
                "name": "Al-Tuwairqi2020 - Fig2a simulation.sedml",
                "description": "SED-ML file for Al-Tuwairqi2020 - Phase I virotherapy model and Figure 2a simulation (additionally CRBM-validated and adjusted).",
                "fileSize": "9510",
                "mimeType": "application/xml",
                "md5sum": "076e5b79798ec46cdb09a4d1cc286775",
                "sha1sum": "bb78f78d258f2965751a4608622fabb7d9b3bc10",
                "sha256sum": "4abd4da5950253f9392a7004b77e34ad23e722322504bfd9aae464e4a9f7af15"
            },
            {
                "name": "Al-Tuwairqi2020 - Fig2b simulation.sedml",
                "description": "SED-ML file for  Al-Tuwairqi2020 - Phase I virotherapy model and Figure 2b simulation (additionally CRBM-validated and adjusted).",
                "fileSize": "8954",
                "mimeType": "application/xml",
                "md5sum": "459e62738bd208a73fe94d7a3379e8ec",
                "sha1sum": "1f2613f9807a1113db19abf08396e6f718be4847",
                "sha256sum": "4ce68937d2ba80120bb5813b19b7a65e75b0923f2d936af8ebb13a9d81683bf5"
            },
            {
                "name": "Al-Tuwairqi2020 - Phase I virotherapy-biopax2.owl",
                "description": "Auto-generated BioPAX (Level 2) file.",
                "fileSize": "12591",
                "mimeType": "application/rdf+xml",
                "md5sum": "c467ad39feac070a23c93aad6abd3d1f",
                "sha1sum": "ad9b280178be2b9ce8b6858b8518d13ca6891ca8",
                "sha256sum": "077a6e29229e0d94db337154020b31e4a3542f93509ac03f97ba6a5538ca7e23"
            },
            {
                "name": "Al-Tuwairqi2020 - Phase I virotherapy-biopax3.owl",
                "description": "Auto-generated BioPAX (Level 3) file.",
                "fileSize": "16180",
                "mimeType": "application/rdf+xml",
                "md5sum": "b587523df216174ac30e68c66d017081",
                "sha1sum": "8580861e83ca649e649360b76e9e617334a703db",
                "sha256sum": "f55f87258af0096ab2667a0baa14ce35ea169b4e33b16ae41ae4593a07315e4f"
            },
            {
                "name": "Al-Tuwairqi2020 - Phase I virotherapy-matlab.m",
                "description": "Auto-generated Matlab file.",
                "fileSize": "4235",
                "mimeType": "text/x-matlab",
                "md5sum": "36662e8e478abd55a68a1e022caece6c",
                "sha1sum": "dedb951a0a71d89b6a45255037e9482b7ef58cb9",
                "sha256sum": "ad2df6b44285753672de96d3ecd4379e0b99f0b10531b5573053ace5f35f61f3"
            },
            {
                "name": "Al-Tuwairqi2020 - Phase I virotherapy-octave.m",
                "description": "Auto-generated Octave file.",
                "fileSize": "4235",
                "mimeType": "text/x-matlab",
                "md5sum": "e87ba5468d4e8c94727edc7694f7ab9b",
                "sha1sum": "7dd182c2f0a31be3fb46aeb1645c4d764adf8213",
                "sha256sum": "3bcf28744d8abfa506e5b7f6cd3d5ab2961c9c8cbb237fe6f9bebe104ba8b04f"
            },
            {
                "name": "Al-Tuwairqi2020 - Phase I virotherapy.cps",
                "description": "COPASI file for Al-Tuwairqi2020 - Phase I virotherapy model and Figure 2 simulation",
                "fileSize": "50336",
                "mimeType": "application/xml",
                "md5sum": "bf1d95284acdf337306068ea0590ced4",
                "sha1sum": "0bbcba1595908091a628619bf1c073c7d90b1c20",
                "sha256sum": "3a2f70b3f8e962e1e13f426271ddafda7046f1e160b629c065a746a3bbb5bc20"
            },
            {
                "name": "Al-Tuwairqi2020 - Phase I virotherapy.ode",
                "description": "Auto-generated ODE file for XPP.",
                "fileSize": "2445",
                "mimeType": "text/plain",
                "md5sum": "75cd6bb5088babdc490a1f93e5bb0d09",
                "sha1sum": "ca571ea85a680a951139911894ed9c8346ee6427",
                "sha256sum": "107c41e9e319d253576c859ed7eaf1a16b1ff95f556e84af5204bfb844293ddf"
            },
            {
                "name": "curation_image.png",
                "description": "Reproduced figure(s) from original curation.",
                "fileSize": "80424",
                "mimeType": "image/png",
                "md5sum": "087e7acd339e6378ca7027f57c8e2c4c",
                "sha1sum": "dbca0a0a1877addfa40a498751f22d8f434eb4a6",
                "sha256sum": "c01c35d6c198abdbc5b4c6c6b237f9801d7c2ac504974b2997d31107bec3b11b"
            },
            {
                "name": "curation_notes.txt",
                "description": "Notes from original curation (describes curation_image).",
                "fileSize": "135",
                "mimeType": "text/plain",
                "md5sum": "68d9c6c8a8e93d156598f7dd1465d210",
                "sha1sum": "4111594fac1d8c59b4bc45d2d557b04bb106df8e",
                "sha256sum": "b2a9b9526508cca30fd5322f17d445630caf82571dff99b05f38888cd8a80bd3"
            },
            {
                "name": "manifest.xml",
                "description": "Auto-generated manifest file for OMEX archives.",
                "fileSize": "1767",
                "mimeType": "application/xml",
                "md5sum": "ca8fd6485d2f6b5358d017610e996349",
                "sha1sum": "f5dee02b5ed28e60f336f9295a77e0c5f93d4ba5",
                "sha256sum": "0a434d44e3bf6863c7cb3e7b34c6f7bb75bc563428caff1ec148e7822ae0daf7"
            },
            {
                "name": "metadata.rdf",
                "description": "Auto-generated annotation metadata file.",
                "fileSize": "3421",
                "mimeType": "application/rdf+xml",
                "md5sum": "d792b7c34e51ece80405fcdc060f9bdc",
                "sha1sum": "d11ddbcdd3e9c80c0fd117c9d1c31ff05bd780df",
                "sha256sum": "6dafc5059518ad4ce274dcd42c93aecee6c669ab3b99431ee71b1d68c83af54c"
            }
        ]
    },
    "history": {
        "revisions": [
            {
                "version": 2,
                "submitted": 1629125358,
                "submitter": "Rahuman S Malik-Sheriff",
                "comment": "Automatically added model identifier BIOMD0000001031"
            },
            {
                "version": 3,
                "submitted": 1724292224,
                "submitter": "Lucian Smith",
                "comment": "CRBM-sponsored manual and automated updates."
            }
        ]
    },
    "firstPublished": 1725282016,
    "submissionId": "MODEL2108160002",
    "publicationId": "BIOMD0000001031",
    "modellingApproach": {
        "accession": "MAMO_0000046",
        "name": "ordinary differential equation model",
        "resource": "http://identifiers.org/mamo/MAMO_0000046"
    },
    "curationStatus": "CURATED",
    "modelTags": [
        "Immuno-oncology"
    ],
    "contributors": {
        "Curator": [
            {
                "name": "Lucian Smith",
                "email": "lpsmith@uw.edu",
                "affiliation": "University of Washington",
                "orcid": "0000-0001-7002-6386",
                "external": false
            }
        ],
        "Modeller": [
            {
                "name": "Rahuman S Malik-Sheriff",
                "email": "sheriff@ebi.ac.uk",
                "affiliation": "European Molecular Biology Laboratory-European Bioinformatics Institute (EMBL-EBI), Wellcome Trust Genome Campus, Hinxton, Cambridge CB10 1SD, UK.",
                "orcid": "0000-0003-0705-9809",
                "external": false
            }
        ]
    },
    "vcsIdentifier": "aaj",
    "modelLevelAnnotations": [
        {
            "qualifier": "bqbiol:hasTaxon",
            "accession": "9606",
            "name": "Homo sapiens",
            "resource": "Taxonomy",
            "uri": "http://identifiers.org/taxonomy/9606"
        },
        {
            "qualifier": "bqbiol:hasProperty",
            "accession": "DOID:162",
            "name": "cancer",
            "resource": "Human Disease Ontology",
            "uri": "http://identifiers.org/doid/DOID:162"
        },
        {
            "qualifier": "bqbiol:hasProperty",
            "accession": "MAMO_0000046",
            "name": "Ordinary differential equation model",
            "resource": "Mathematical Modelling Ontology",
            "uri": "http://identifiers.org/mamo/MAMO_0000046"
        },
        {
            "qualifier": "bqbiol:hasProperty",
            "accession": "GO:0002837",
            "name": "regulation of immune response to tumor cell",
            "resource": "Gene Ontology",
            "uri": "http://identifiers.org/go/GO:0002837"
        },
        {
            "qualifier": "bqbiol:isPropertyOf",
            "accession": "C15438",
            "name": "Cancer Immunotherapy",
            "resource": "NCIt",
            "uri": "http://identifiers.org/ncit/C15438"
        },
        {
            "qualifier": "bqmodel:is",
            "accession": "MODEL2108160002",
            "resource": "BioModels Database",
            "uri": "http://identifiers.org/biomodels.db/MODEL2108160002"
        },
        {
            "qualifier": "bqmodel:is",
            "accession": "BIOMD0000001031",
            "resource": "BioModels Database",
            "uri": "http://identifiers.org/biomodels.db/BIOMD0000001031"
        },
        {
            "qualifier": "bqmodel:isDescribedBy",
            "accession": "32738266",
            "resource": "PubMed",
            "uri": "https://identifiers.org/pubmed:32738266"
        },
        {
            "qualifier": "bqbiol:isPropertyOf",
            "accession": "C62713",
            "name": "Oncolytic Virus Therapy",
            "resource": "NCIt",
            "uri": "http://identifiers.org/ncit/C62713"
        },
        {
            "qualifier": "bqbiol:isDescribedBy",
            "accession": "32738266",
            "resource": "PubMed",
            "uri": "http://identifiers.org/pubmed/32738266"
        }
    ]
}