{
    "name": "Saad2017 - immune checkpoint and BCG in superficial bladder cancer",
    "description": "The paper describes a model on the Dynamics of Immune Checkpoints, Immune System, and BCG in the Treatment of Superficial Bladder Cancer. Created by COPASI 4.25 (Build 207) This model is described in the article: Dynamics of Immune Checkpoints, Immune System, and BCG in the Treatment of Superficial Bladder CancerFarouk Tijjani Saad, Evren Hincal, and Bilgen KaymakamzadeComputational and Mathematical Methods in Medicine, vol. 2017, no. 3573082Abstract: This paper aims to study the dynamics of immune suppressors/checkpoints, immune system, and BCG in the treatment of superficial bladder cancer. Programmed cell death protein-1 (PD-1), cytotoxic T-lymphocyte-associated antigen 4 (CTLA4), and transforming growth factor-beta (TGF-b) are some of the examples of immune suppressors/checkpoints. They are responsible for deactivating the immune system and enhancing immunological tolerance. Moreover, they categorically downregulate and suppress the immune system by preventing and blocking the activation of T-cells, which in turn decreases autoimmunity and enhances self- tolerance. In cancer immunotherapy, the immune checkpoints/suppressors prevent and block the immune cells from attacking, spreading, and killing the cancer cells, which leads to cancer growth and development. We formulate a mathematical model that studies three possible dynamics of the treatment and establish the effects of the immune checkpoints on the immune system and the treatment at large. Although the effect cannot be seen explicitly in the analysis of the model, we show it by numerical simulations.This model is hosted on BioModels Database and identified by: MODEL1907100001.To cite BioModels Database, please use: BioModels Database: An enhanced, curated and annotated resource for published quantitative kinetic models. To the extent possible under law, all copyright and related or neighbouring rights to this encoded model have been dedicated to the public domain worldwide. Please refer to CC0 Public Domain Dedication for more information.",
    "format": {
        "name": "SBML",
        "identifier": "SBML",
        "version": "L3V1"
    },
    "publication": {
        "type": "PubMed ID",
        "accession": "29312460",
        "journal": "Computational and mathematical methods in medicine",
        "title": "Dynamics of Immune Checkpoints, Immune System, and BCG in the Treatment of Superficial Bladder Cancer.",
        "affiliation": "Department of Mathematics, Near East University, North Nicosia, Northern Cyprus, Mersin 10, Turkey.",
        "synopsis": "This paper aims to study the dynamics of immune suppressors/checkpoints, immune system, and BCG in the treatment of superficial bladder cancer. Programmed cell death protein-1 (PD-1), cytotoxic T-lymphocyte-associated antigen 4 (CTLA4), and transforming growth factor-beta (TGF-<i>β</i>) are some of the examples of immune suppressors/checkpoints. They are responsible for deactivating the immune system and enhancing immunological tolerance. Moreover, they categorically downregulate and suppress the immune system by preventing and blocking the activation of T-cells, which in turn decreases autoimmunity and enhances self-tolerance. In cancer immunotherapy, the immune checkpoints/suppressors prevent and block the immune cells from attacking, spreading, and killing the cancer cells, which leads to cancer growth and development. We formulate a mathematical model that studies three possible dynamics of the treatment and establish the effects of the immune checkpoints on the immune system and the treatment at large. Although the effect cannot be seen explicitly in the analysis of the model, we show it by numerical simulations.",
        "year": 2017,
        "month": "0",
        "volume": "2017",
        "pages": "3573082",
        "link": "http://identifiers.org/pubmed/29312460",
        "authors": [
            {
                "name": "Farouk Tijjani Saad",
                "institution": "Department of Mathematics, Near East University, North Nicosia, Northern Cyprus, Mersin 10, Turkey.",
                "orcid": "0000-0002-1570-3038"
            },
            {
                "name": "Evren Hincal",
                "institution": "Department of Mathematics, Near East University, North Nicosia, Northern Cyprus, Mersin 10, Turkey."
            },
            {
                "name": "Bilgen Kaymakamzade",
                "institution": "Department of Mathematics, Near East University, North Nicosia, Northern Cyprus, Mersin 10, Turkey."
            }
        ]
    },
    "files": {
        "main": [
            {
                "name": "Saad2017.xml",
                "description": "SBML L3V1 representation of checkpoint-immune-BCG-bladder cancer model",
                "fileSize": "70413",
                "mimeType": "application/xml",
                "md5sum": "01d657c9cee16027f799f3c645bc9236",
                "sha1sum": "b5e50fb6ed1deebad25b97a3c9b9b0d083e3fff7",
                "sha256sum": "6a94aea492d20afbed51cd49880937ac4bed7a98ae53c7cde011f8025866b935"
            }
        ],
        "additional": [
            {
                "name": "Fig.1A.png",
                "description": "Fig.1 generated in the no treatment submodel",
                "fileSize": "14122",
                "mimeType": "image/png",
                "md5sum": "30a87da22b65c4de7f0b0c2dbe87f564",
                "sha1sum": "4b7971ab2e9b676fe97b675bc07c08114a5a67b1",
                "sha256sum": "23b4d52106f96c2b674cbec598590e6d9f75f43f9155acfadbcc065c9889a1c4"
            },
            {
                "name": "Fig.1B.png",
                "description": "Fig.1 generated in the no treatment submodel",
                "fileSize": "11256",
                "mimeType": "image/png",
                "md5sum": "89bb34207d78cc3d1d6eed79a0e947e0",
                "sha1sum": "3e37f4355432eeb40a98fc97bb00c805e71b5921",
                "sha256sum": "938f42c967d397c639e70502963b8c34bead05ed4bfa97d4f32d4c162bfaf8c6"
            },
            {
                "name": "Fig.2B.png",
                "description": "Fig.2 generated in the no checkpoint submodel",
                "fileSize": "10942",
                "mimeType": "image/png",
                "md5sum": "17f86f24bdd64acb031be71f5608e178",
                "sha1sum": "f91b80d38ab3ed16b04fd4352d8f20cdec9f5120",
                "sha256sum": "0342e2cbc31bf91e08b72757220a55003a511c4bdbb5e5e43dc559d6370108cd"
            },
            {
                "name": "Fig.2C.png",
                "description": "Fig.2 generated in the no checkpoint submodel",
                "fileSize": "11963",
                "mimeType": "image/png",
                "md5sum": "fa51d4f2407e9a56b52b92cef1fd7609",
                "sha1sum": "9e7b5408040fe2751f0f35002b48c906edaaa520",
                "sha256sum": "be04ed5189228931de06551be200099b32b444be383199978adb43a886434409"
            },
            {
                "name": "Fig.2E.png",
                "description": "Fig.2 generated in the no checkpoint submodel",
                "fileSize": "11881",
                "mimeType": "image/png",
                "md5sum": "7f37ab50253fabf3df6232d0c1248452",
                "sha1sum": "e253339941232db217409a924ac2a93cbc62fa80",
                "sha256sum": "cb91165d1dd94085f6d3be9b22a2ddab45f7a013edb825303889057654090dab"
            },
            {
                "name": "Fig.3.png",
                "description": "Fig.3 generated in the main model",
                "fileSize": "11105",
                "mimeType": "image/png",
                "md5sum": "e15bf94fa2fa009f09702abc871dab22",
                "sha1sum": "04ea2c4a43dfd8dee35686ad9eeb22c4ea10124d",
                "sha256sum": "89278b7d9d27ca33b05d3fe62f6a71d55721b1a3d07668493dceb9dc0ad532ad"
            },
            {
                "name": "Saad2017-biopax2.owl",
                "description": "Auto-generated BioPAX (Level 2) file.",
                "fileSize": "17214",
                "mimeType": "application/rdf+xml",
                "md5sum": "011de3948d9846c7dee827a4945a3218",
                "sha1sum": "68dec6d29eb5eb817a9fb93663a634047c3753ca",
                "sha256sum": "e04ef31f0b58b59f7d14ae0d76920f9d095a7a9387ed400e34e7133542632e47"
            },
            {
                "name": "Saad2017-biopax3.owl",
                "description": "Auto-generated BioPAX (Level 3) file.",
                "fileSize": "22912",
                "mimeType": "application/rdf+xml",
                "md5sum": "216e99be1ab8dfe474fbc523d84debc3",
                "sha1sum": "768cde091d1b8bb9053b4b1a4e76ba1a652fc201",
                "sha256sum": "146371e2013c56b603aec4a6c2c54661f8f2033b21cc137a1813f3cbb3c016f8"
            },
            {
                "name": "Saad2017-matlab.m",
                "description": "Auto-generated Matlab file.",
                "fileSize": "5962",
                "mimeType": "text/x-matlab",
                "md5sum": "9f053b629af9d874adb8e448af97a627",
                "sha1sum": "57e8663fa08ba688413f8b20ecf93a7f8924be97",
                "sha256sum": "715248ea2c494a1dff46ca2a0e6f1139a89324abdcedf3b957ec8ad7797ba0a7"
            },
            {
                "name": "Saad2017-no checkpoint-biopax2.owl",
                "description": "Auto-generated BioPAX (Level 2) file.",
                "fileSize": "12493",
                "mimeType": "application/rdf+xml",
                "md5sum": "f4a77cf152682a42db601d2f2fe50f09",
                "sha1sum": "e32b77a4392351e1be438ebfc38cec8d044d0149",
                "sha256sum": "b947e961e539c1f9940019814db8881af20cb2479434bcfebbfbbe3015ac664e"
            },
            {
                "name": "Saad2017-no checkpoint-biopax3.owl",
                "description": "Auto-generated BioPAX (Level 3) file.",
                "fileSize": "17140",
                "mimeType": "application/rdf+xml",
                "md5sum": "8926ff0b2ced1f5b4076f6a35ab354b5",
                "sha1sum": "db63f077b447b7c9f14380001d136283c2227895",
                "sha256sum": "f6d19d9dfdc2025f938b4b15fdb4f04228a8115618ee2ed64e9af165692e63cb"
            },
            {
                "name": "Saad2017-no checkpoint-matlab.m",
                "description": "Auto-generated Matlab file.",
                "fileSize": "5241",
                "mimeType": "text/x-matlab",
                "md5sum": "2fde9a1e4d1b2b170e2ba17f07dd6033",
                "sha1sum": "d4ca3eaccaedd2c3fadc1f7eb78bb249dec61030",
                "sha256sum": "475e596b70646ffbea98333337f2b2101981f8dcc139e3abd4d3e12a42a10c33"
            },
            {
                "name": "Saad2017-no checkpoint-octave.m",
                "description": "Auto-generated Octave file.",
                "fileSize": "5241",
                "mimeType": "text/x-matlab",
                "md5sum": "038f659234ba5df3dd25769333615dd4",
                "sha1sum": "ae928a5a2d6f8f6a7f340a18cbed7eac377e8feb",
                "sha256sum": "e250463ac393f938b8ee35248758653037f358728f243dda482202c6131e23dc"
            },
            {
                "name": "Saad2017-no checkpoint.cps",
                "description": "CPS file of the submodel in COPASI",
                "fileSize": "73245",
                "mimeType": "application/xml",
                "md5sum": "fda14077449314b45c1e28d8f489b9d8",
                "sha1sum": "63c295dce553ff5c3279e064fae036bb5b087d9c",
                "sha256sum": "f468783966114ec75f29e358cd0fbdefc2828748941c45fabd561ca1afd2cd21"
            },
            {
                "name": "Saad2017-no checkpoint.ode",
                "description": "Auto-generated ODE file for XPP.",
                "fileSize": "3339",
                "mimeType": "text/plain",
                "md5sum": "ca86a5a62fac175f412b2e2cdd4f4898",
                "sha1sum": "91c85798ebeea932f2831d8028c85c2621e4c937",
                "sha256sum": "6d6a109f1326c6e7ab9448209fdf5b83bdf1c54e6bd5ca592f028c76a429ac74"
            },
            {
                "name": "Saad2017-no checkpoint.sedml",
                "description": "CRBM-processed SED-ML file, based on original COPASI save file export.",
                "fileSize": "14896",
                "mimeType": "application/xml",
                "md5sum": "4813490b6ffc4a8df55a0518a2aee5f7",
                "sha1sum": "b0e4837fc81021a3aba61d3f0da3e7c87954ffab",
                "sha256sum": "7accf4e4ca264cf0ae4e27c3bd776996682ac3e7098a994befa50c47d5e0c0c2"
            },
            {
                "name": "Saad2017-no checkpoint.xml",
                "description": "submodel-no checkpoint",
                "fileSize": "60464",
                "mimeType": "application/xml",
                "md5sum": "5ab5efdc8fb8a64473bd561a1bed88ba",
                "sha1sum": "3d56a396f3f144f69d1256c01fce1c1bec6587cc",
                "sha256sum": "8bab0f3d7c217007e04713a9eb18e0061abc7510c620cc18e1025b6b77b31e5f"
            },
            {
                "name": "Saad2017-no treatment-biopax2.owl",
                "description": "Auto-generated BioPAX (Level 2) file.",
                "fileSize": "14973",
                "mimeType": "application/rdf+xml",
                "md5sum": "b256a286f9b15bb4c04cc8fa85286a2c",
                "sha1sum": "2a4b0c09263a3376c2efc280cf6da9e9ffc39738",
                "sha256sum": "e2c41b4ce5f7b57b5e000825ed16772cb8254482fc17632265f347454097581c"
            },
            {
                "name": "Saad2017-no treatment-biopax3.owl",
                "description": "Auto-generated BioPAX (Level 3) file.",
                "fileSize": "20167",
                "mimeType": "application/rdf+xml",
                "md5sum": "9905d38e249cfdecb1cfdf7dec85519f",
                "sha1sum": "c755ea671eac1943a7b7538b373a98ab3d63717b",
                "sha256sum": "65fc8e3bc2264c16f0bbd9ba1e882cbd943a6f4535e69d9ae2c73347fa37998f"
            },
            {
                "name": "Saad2017-no treatment-matlab.m",
                "description": "Auto-generated Matlab file.",
                "fileSize": "5747",
                "mimeType": "text/x-matlab",
                "md5sum": "0458c709049472037de6f10d7e0fdfb1",
                "sha1sum": "90d78d8367c33c45e3d322aeb82f3651879a8228",
                "sha256sum": "6d4b4518f96e00bb47a285059625717bf8620723931b8e638a76723fa2bad06f"
            },
            {
                "name": "Saad2017-no treatment-octave.m",
                "description": "Auto-generated Octave file.",
                "fileSize": "5747",
                "mimeType": "text/x-matlab",
                "md5sum": "a0365e0cdac7eb512af503e0394658d6",
                "sha1sum": "b290596dc219da32d8bc1f99b6392ae79c90aadb",
                "sha256sum": "2cc96c9ed33aabc7a142f6e4d9d03297f28f0411edc2ab1e5888721b6f689b82"
            },
            {
                "name": "Saad2017-no treatment.cps",
                "description": "CPS file of the submodel in COPASI",
                "fileSize": "82716",
                "mimeType": "application/xml",
                "md5sum": "87b4b3382595171cee4722e1dce3d112",
                "sha1sum": "574691db1c71ce9584230c624e02ec9ddacfc0d7",
                "sha256sum": "77e70ab4719fa4c5c76e821991546c3296b77f4e1a4642cacac889d8982b6523"
            },
            {
                "name": "Saad2017-no treatment.ode",
                "description": "Auto-generated ODE file for XPP.",
                "fileSize": "3692",
                "mimeType": "text/plain",
                "md5sum": "022429ced8c81cbab921be467ff3b48d",
                "sha1sum": "1fc38880431aa7a17300277d6d54997ec6527610",
                "sha256sum": "875fdb19b4e141a3850a7a7bf261f7867c771c89600a4c0950f291e7ccfa88ce"
            },
            {
                "name": "Saad2017-no treatment.sedml",
                "description": "CRBM-processed SED-ML file, based on original COPASI save file export.",
                "fileSize": "17229",
                "mimeType": "application/xml",
                "md5sum": "2a8045d67e8f6ed272fd74f515825a00",
                "sha1sum": "b7e779a1a78a6c4d6e97093772e1e39fb0f395da",
                "sha256sum": "baec8e6c47839ed63ee86b3e58bb56a3cdd4a0bcc73a1aa617b98e47123af783"
            },
            {
                "name": "Saad2017-no treatment.xml",
                "description": "submodel-no treatment",
                "fileSize": "69552",
                "mimeType": "application/xml",
                "md5sum": "0be5c70437e13a29bfff5209d756f472",
                "sha1sum": "e6d397ba7b0ca0789818cf44e6675cc81673b540",
                "sha256sum": "10dec35a2b3075cc7198ad72506aaa2181ce26ef649f8b18f18db7036cb5df52"
            },
            {
                "name": "Saad2017-octave.m",
                "description": "Auto-generated Octave file.",
                "fileSize": "5962",
                "mimeType": "text/x-matlab",
                "md5sum": "24124ebc64cfce9b86444c847ddb2ebd",
                "sha1sum": "487ad1b23d0fdf66a2c0d436bc9a0751d348a7de",
                "sha256sum": "9cdee32ce9390e80c54a17c3c6ef69f6434a1ae8b5f81406242863536f00e78b"
            },
            {
                "name": "Saad2017.cps",
                "description": "CPS file of the model in COPASI",
                "fileSize": "86297",
                "mimeType": "application/xml",
                "md5sum": "ef08407a6b6e62b2e7a7a78d7b42d16f",
                "sha1sum": "fe634d16a1c6cf50ed370641b4476a47b7ab1994",
                "sha256sum": "a6ddacb070686cdab6f5403c9aca8a4b6fa37f65b413aefda9d17f87ea8c0167"
            },
            {
                "name": "Saad2017.ode",
                "description": "Auto-generated ODE file for XPP.",
                "fileSize": "4018",
                "mimeType": "text/plain",
                "md5sum": "01cdaf0a9662ef12ca2c333253f2e669",
                "sha1sum": "d7e9d36ba09014018c2c1ffe74d0a46c22682cce",
                "sha256sum": "17009666c21cda8a3739aa73227155d1e7548d87a66a27882ceebf1cebdaff08"
            },
            {
                "name": "Saad2017.sedml",
                "description": "CRBM-processed SED-ML file, based on original COPASI save file export.",
                "fileSize": "18298",
                "mimeType": "application/xml",
                "md5sum": "75b70c097d56b40be6a28b7192eceb49",
                "sha1sum": "16ba229912d6e9535b25e6eaee54cd11be802482",
                "sha256sum": "35115700ee9ffb8958314a2025a1bfede348a7f8e60751e3657128fbbb867096"
            },
            {
                "name": "curation_image.png",
                "description": "Reproduced figure(s) from original curation.",
                "fileSize": "15915",
                "mimeType": "image/png",
                "md5sum": "97433e8eb7170cf473055596f7942b87",
                "sha1sum": "e7691d3a8510f4bf22102a43463faa5fd0eb55ea",
                "sha256sum": "ae457cd9110ef1d98aa2ee29b5e9da2b292be864d220ebe0b4caf13bbfccc60f"
            },
            {
                "name": "curation_notes.txt",
                "description": "Notes from original curation (describes curation_image).",
                "fileSize": "151",
                "mimeType": "text/plain",
                "md5sum": "e33d4e42995d906d321b16824012cd21",
                "sha1sum": "b84af7f34ee220a7c2893f5d23a6f5f714404b4b",
                "sha256sum": "1613de6e17bf568a8f1029114b581f746b2e98eadf4d1cbf66eb8964041e1744"
            },
            {
                "name": "manifest.xml",
                "description": "Auto-generated manifest file for OMEX archives.",
                "fileSize": "4044",
                "mimeType": "application/xml",
                "md5sum": "3ba3030510f3df8cd9aa1b3870a9ea54",
                "sha1sum": "fbd3a622cfff3525da4fc8591a7ababe89fb9daa",
                "sha256sum": "646907d6f38e617ecbf5cb41f1256774d04e749ecf8e8e0c03378750955b071f"
            },
            {
                "name": "metadata.rdf",
                "description": "Auto-generated annotation metadata file.",
                "fileSize": "4635",
                "mimeType": "application/rdf+xml",
                "md5sum": "af7393d081f8ddeab7298e931d07f704",
                "sha1sum": "97c61cad753c7aae960820b5296bab649cc4cccd",
                "sha256sum": "0eacfa8f748d670f61782b99512e4f82b3d37c7d58107b686b1e73d233e6169b"
            }
        ]
    },
    "history": {
        "revisions": [
            {
                "version": 4,
                "submitted": 1562759778,
                "submitter": "Jinghao Men",
                "comment": "Automatically added model identifier BIOMD0000000746"
            },
            {
                "version": 5,
                "submitted": 1724285045,
                "submitter": "Lucian Smith",
                "comment": "CRBM-sponsored manual and automated updates."
            }
        ]
    },
    "firstPublished": 1725281838,
    "submissionId": "MODEL1907100001",
    "publicationId": "BIOMD0000000746",
    "modellingApproach": {
        "accession": "MAMO_0000046",
        "name": "ordinary differential equation model",
        "resource": "http://identifiers.org/mamo/MAMO_0000046"
    },
    "curationStatus": "CURATED",
    "modelTags": [
        "Immuno-oncology"
    ],
    "contributors": {
        "Curator": [
            {
                "name": "Lucian Smith",
                "email": "lpsmith@uw.edu",
                "affiliation": "University of Washington",
                "orcid": "0000-0001-7002-6386",
                "external": false
            }
        ],
        "Modeller": [
            {
                "name": "Jinghao Men",
                "email": "jm2187@cam.ac.uk",
                "affiliation": "University of Cambridge",
                "orcid": "0000-0003-4781-8144",
                "external": false
            }
        ]
    },
    "vcsIdentifier": "aah",
    "modelLevelAnnotations": [
        {
            "qualifier": "bqbiol:hasTaxon",
            "accession": "9606",
            "name": "Homo sapiens",
            "resource": "Taxonomy",
            "uri": "http://identifiers.org/taxonomy/9606"
        },
        {
            "qualifier": "bqbiol:hasProperty",
            "accession": "MAMO_0000046",
            "name": "Ordinary differential equation model",
            "resource": "Mathematical Modelling Ontology",
            "uri": "http://identifiers.org/mamo/MAMO_0000046"
        },
        {
            "qualifier": "bqbiol:isVersionOf",
            "accession": "GO:0002418",
            "name": "immune response to tumor cell",
            "resource": "Gene Ontology",
            "uri": "http://identifiers.org/go/GO:0002418"
        },
        {
            "qualifier": "bqmodel:isDescribedBy",
            "accession": "29312460",
            "resource": "PubMed",
            "uri": "http://identifiers.org/pubmed/29312460"
        },
        {
            "qualifier": "bqmodel:is",
            "accession": "BIOMD0000000746",
            "resource": "BioModels Database",
            "uri": "http://identifiers.org/biomodels.db/BIOMD0000000746"
        },
        {
            "qualifier": "bqmodel:is",
            "accession": "MODEL1907100001",
            "resource": "BioModels Database",
            "uri": "http://identifiers.org/biomodels.db/MODEL1907100001"
        },
        {
            "qualifier": "bqbiol:occursIn",
            "accession": "BTO:0001418",
            "name": "urinary bladder",
            "resource": "Brenda Tissue Ontology",
            "uri": "http://identifiers.org/bto/BTO:0001418"
        },
        {
            "qualifier": "bqbiol:hasProperty",
            "accession": "0000292",
            "name": "bladder carcinoma",
            "resource": "Experimental Factor Ontology",
            "uri": "http://identifiers.org/efo/0000292"
        }
    ]
}