{
    "name": "Proctor2012 - Role of Amyloid-beta dimers in aggregation formation",
    "description": "<notes xmlns=\"http://www.sbml.org/sbml/level2/version4\">      <body xmlns=\"http://www.w3.org/1999/xhtml\">        <div class=\"dc:title\">Proctor2012 - Amyloid-beta aggregation</div>            <div class=\"dc:description\">      <p>This model supports the current thinking that levels of dimers are important in initiating the aggregation process.</p>                </div>            <div class=\"dc:bibliographicCitation\">      <p>This model is described in the article:</p>                <div class=\"bibo:title\">        <a href=\"http://identifiers.org/pubmed/22748062\" title=\"Access to this publication\">Aggregation, impaired degradation and immunization targeting of amyloid-beta dimers in Alzheimer's disease: a stochastic modelling approach.</a>                    </div>                <div class=\"bibo:authorList\">Proctor CJ, Pienaar IS, Elson JL, Kirkwood TB</div>                <div class=\"bibo:Journal\">Molecular Neurodegeneration. 2012; 7:32</div>                <p>Abstract:</p>                <div class=\"bibo:abstract\">        <p>          <b>BACKGROUND:</b>              Alzheimer's disease (AD) is the most frequently diagnosed neurodegenerative disorder affecting humans, with advanced age being the most prominent risk factor for developing AD. Despite intense research efforts aimed at elucidating the precise molecular underpinnings of AD, a definitive answer is still lacking. In recent years, consensus has grown that dimerisation of the polypeptide amyloid-beta (Aß), particularly Aß₄₂, plays a crucial role in the neuropathology that characterise AD-affected post-mortem brains, including the large-scale accumulation of fibrils, also referred to as senile plaques. This has led to the realistic hope that targeting Aß₄₂ immunotherapeutically could drastically reduce plaque burden in the ageing brain, thus delaying AD onset or symptom progression. Stochastic modelling is a useful tool for increasing understanding of the processes underlying complex systems-affecting disorders such as AD, providing a rapid and inexpensive strategy for testing putative new therapies. In light of the tool's utility, we developed computer simulation models to examine Aß₄₂ turnover and its aggregation in detail and to test the effect of immunization against Aß dimers.          </p>                    <p>          <b>RESULTS:</b>              Our model demonstrates for the first time that even a slight decrease in the clearance rate of Aß₄₂ monomers is sufficient to increase the chance of dimers forming, which could act as instigators of protofibril and fibril formation, resulting in increased plaque levels. As the process is slow and levels of Aβ are normally low, stochastic effects are important. Our model predicts that reducing the rate of dimerisation leads to a significant reduction in plaque levels and delays onset of plaque formation. The model was used to test the effect of an antibody mediated immunological response. Our results showed that plaque levels were reduced compared to conditions where antibodies are not present.          </p>                    <p>          <b>CONCLUSION:</b>              Our model supports the current thinking that levels of dimers are important in initiating the aggregation process. Although substantial knowledge exists regarding the process, no therapeutic intervention is on offer that reliably decreases disease burden in AD patients. Computer modelling could serve as one of a number of tools to examine both the validity of reliable biomarkers and aid the discovery of successful intervention strategies.          </p>                    </div>                </div>            <div class=\"dc:publisher\">      <p>This model is hosted on        <a href=\"http://www.ebi.ac.uk/biomodels/\">BioModels Database</a>            and identified by:        <a href=\"http://identifiers.org/biomodels.db/BIOMD0000000462\">BIOMD0000000462</a>            .        </p>                <p>To cite BioModels Database, please use:        <a href=\"http://identifiers.org/pubmed/20587024\" title=\"Latest BioModels Database publication\">BioModels Database: An enhanced, curated and annotated resource for published quantitative kinetic models</a>            .        </p>                </div>            <div class=\"dc:license\">      <p>To the extent possible under law, all copyright and related or neighbouring rights to this encoded model have been dedicated to the public domain worldwide. Please refer to        <a href=\"http://creativecommons.org/publicdomain/zero/1.0/\" title=\"Access to: CC0 1.0 Universal (CC0 1.0), Public Domain Dedication\">CC0 Public Domain Dedication</a>            for more information.        </p>                </div>            </body>          </notes>",
    "format": {
        "name": "SBML",
        "identifier": "SBML",
        "version": "L2V4"
    },
    "publication": {
        "type": "PubMed ID",
        "accession": "22748062",
        "journal": "Molecular neurodegeneration",
        "title": "Aggregation, impaired degradation and immunization targeting of amyloid-beta dimers in Alzheimer's disease: a stochastic modelling approach.",
        "affiliation": "Institute for Ageing and Health, Newcastle University, Campus for Ageing and Vitality, Newcastle upon Tyne NE4 5PL, United Kingdom. carole.proctor@ncl.ac.uk",
        "synopsis": "<h4>Background</h4>Alzheimer's disease (AD) is the most frequently diagnosed neurodegenerative disorder affecting humans, with advanced age being the most prominent risk factor for developing AD. Despite intense research efforts aimed at elucidating the precise molecular underpinnings of AD, a definitive answer is still lacking. In recent years, consensus has grown that dimerisation of the polypeptide amyloid-beta (Aß), particularly Aß₄₂, plays a crucial role in the neuropathology that characterise AD-affected post-mortem brains, including the large-scale accumulation of fibrils, also referred to as senile plaques. This has led to the realistic hope that targeting Aß₄₂ immunotherapeutically could drastically reduce plaque burden in the ageing brain, thus delaying AD onset or symptom progression. Stochastic modelling is a useful tool for increasing understanding of the processes underlying complex systems-affecting disorders such as AD, providing a rapid and inexpensive strategy for testing putative new therapies. In light of the tool's utility, we developed computer simulation models to examine Aß₄₂ turnover and its aggregation in detail and to test the effect of immunization against Aß dimers.<h4>Results</h4>Our model demonstrates for the first time that even a slight decrease in the clearance rate of Aß₄₂ monomers is sufficient to increase the chance of dimers forming, which could act as instigators of protofibril and fibril formation, resulting in increased plaque levels. As the process is slow and levels of Aβ are normally low, stochastic effects are important. Our model predicts that reducing the rate of dimerisation leads to a significant reduction in plaque levels and delays onset of plaque formation. The model was used to test the effect of an antibody mediated immunological response. Our results showed that plaque levels were reduced compared to conditions where antibodies are not present.<h4>Conclusion</h4>Our model supports the current thinking that levels of dimers are important in initiating the aggregation process. Although substantial knowledge exists regarding the process, no therapeutic intervention is on offer that reliably decreases disease burden in AD patients. Computer modelling could serve as one of a number of tools to examine both the validity of reliable biomarkers and aid the discovery of successful intervention strategies.",
        "year": 2012,
        "month": "7",
        "volume": "7",
        "pages": "32",
        "link": "http://identifiers.org/pubmed/22748062",
        "authors": [
            {
                "name": "Carole J Proctor",
                "institution": "Institute of Cellular Medicine, Ageing Research Laboratories, Campus for Ageing and Vitality, Newcastle University, Newcastle upon Tyne, United Kingdom.MRC/Arthritis Research UK Centre for Musculoskeletal Ageing (CIMA), United Kingdom.",
                "orcid": "0000-0002-1366-1399"
            },
            {
                "name": "Ilse Sanet Pienaar"
            },
            {
                "name": "Joanna L Elson",
                "orcid": "0000-0002-3551-5624"
            },
            {
                "name": "Thomas B L Kirkwood"
            }
        ]
    },
    "files": {
        "main": [
            {
                "name": "BIOMD0000000462_url.xml",
                "description": "SBML L2V4 representation of Proctor2012 - Role of Amyloid-beta dimers in aggregation formation",
                "fileSize": "18378",
                "mimeType": "application/xml",
                "md5sum": "fd5dae4e8c9cf33aacc3211c12bfde04",
                "sha1sum": "ab7cd49feb96d31cd5076197c4d0e168b0b63ff7",
                "sha256sum": "62f152cb35b73fdcbc0ed20d3f8ac6034e9b3a34e03835d4a8781aa1b0feeb84"
            }
        ],
        "additional": [
            {
                "name": "BIOMD0000000462-biopax2.owl",
                "description": "Auto-generated BioPAX (Level 2)",
                "fileSize": "15842",
                "mimeType": "application/rdf+xml",
                "md5sum": "b9849a488bfeb33ef827faa7165abda3",
                "sha1sum": "fb09dcd7d175d4147c3140544b6d77e7bd736289",
                "sha256sum": "6530de650545914bafa2d9ad5cef8cec1e047de4e37d9f0f75a49ac2ea25cbd4"
            },
            {
                "name": "BIOMD0000000462-biopax3.owl",
                "description": "Auto-generated BioPAX (Level 3)",
                "fileSize": "24487",
                "mimeType": "application/rdf+xml",
                "md5sum": "c3da21a808428931d7c7d68514ca4d05",
                "sha1sum": "ea6d8a7dd169f7e568497da830b55e34bb5d56d8",
                "sha256sum": "fc179bb0d7b59ebe41d2a5917d222acc86d2235b8d38d1498c7e68d7bb7a32d4"
            },
            {
                "name": "BIOMD0000000462-matlab.m",
                "description": "Auto-generated Matlab file.",
                "fileSize": "4864",
                "mimeType": "text/x-matlab",
                "md5sum": "dd9723c1fc8a6a6570286a0a3cf436f2",
                "sha1sum": "7b7d02e9afadf9bef93c1febd501ef5f07a7eed3",
                "sha256sum": "7b8e9822a8fec6b65ecfbccf576745a94efe383877da81a55a27781ace3c677e"
            },
            {
                "name": "BIOMD0000000462-octave.m",
                "description": "Auto-generated Octave file.",
                "fileSize": "4864",
                "mimeType": "text/x-matlab",
                "md5sum": "4b2c2a7ac3e724f081004d308ac8a400",
                "sha1sum": "d95971ffbb5aa57370175d5de066102bfa7db5e0",
                "sha256sum": "0b85c7b5031537802ff0bb9e3af34395fc94754fc12446cf57c1aadeb02d76af"
            },
            {
                "name": "BIOMD0000000462.m",
                "description": "Auto-generated Octave file",
                "fileSize": "4864",
                "mimeType": "text/x-matlab",
                "md5sum": "4b2c2a7ac3e724f081004d308ac8a400",
                "sha1sum": "d95971ffbb5aa57370175d5de066102bfa7db5e0",
                "sha256sum": "0b85c7b5031537802ff0bb9e3af34395fc94754fc12446cf57c1aadeb02d76af"
            },
            {
                "name": "BIOMD0000000462.ode",
                "description": "Auto-generated ODE file for XPP.",
                "fileSize": "2770",
                "mimeType": "text/plain",
                "md5sum": "dece12edf29a55bd92dfaf0779ad5a03",
                "sha1sum": "ffe546802716eaa9597ec9e22f794a396a8fee8b",
                "sha256sum": "f8f557d647c5d1ce895a610ff5c28ca5b773eb85f0555d29f3fed7c9908b0574"
            },
            {
                "name": "BIOMD0000000462.pdf",
                "description": "Auto-generated PDF file",
                "fileSize": "175447",
                "mimeType": "application/pdf",
                "md5sum": "5255f365ab358d1ced161273e4d131f1",
                "sha1sum": "a7aa441db1be95f9156d03fa4a6e508b686c35f1",
                "sha256sum": "4c13a958cddd89852855dce080b4fd1b184a00dfb7071c5a55a65f512b109223"
            },
            {
                "name": "BIOMD0000000462.png",
                "description": "Auto-generated Reaction graph (PNG)",
                "fileSize": "87887",
                "mimeType": "image/png",
                "md5sum": "a737413febc130308ef6b461e92d65f8",
                "sha1sum": "e66e843b5b0e9c5ccc21ccb6a19fb2b4653bff88",
                "sha256sum": "3a4a07642393a5edcac7a421c4d5d928ec64dc9af45da84635f52cd13b865cbc"
            },
            {
                "name": "BIOMD0000000462.sci",
                "description": "Auto-generated Scilab file",
                "fileSize": "2272",
                "mimeType": "text/plain",
                "md5sum": "3b02b5ab9d0b9331f40cd0d3d080d9df",
                "sha1sum": "599cca239f2347b531cc2ce539302815351e2b80",
                "sha256sum": "5a8004c4a20b7e10b006b1092bd3d2d74ae4dd4d676b8f1cab3e631b6e320df7"
            },
            {
                "name": "BIOMD0000000462.svg",
                "description": "Auto-generated Reaction graph (SVG)",
                "fileSize": "26003",
                "mimeType": "image/svg+xml",
                "md5sum": "1858b75e4971d44e67caff2da2b721c1",
                "sha1sum": "d447971899d1d9ca9660af98c66fc100b210e696",
                "sha256sum": "52951ab21cfc5fdb169c73571d66105883bf2e465368736ba1f88d2901f8075d"
            },
            {
                "name": "BIOMD0000000462.vcml",
                "description": "Auto-generated VCML file",
                "fileSize": "28288",
                "mimeType": "application/xml",
                "md5sum": "846375cbc8a2ca566fd416faa335c6d6",
                "sha1sum": "f47c1939d561c7a28d3f6d6b18f56d8852838071",
                "sha256sum": "7d954465097ec9c9bc562d282bb340085530f1b062a48802f18ed0a227d45e6f"
            },
            {
                "name": "BIOMD0000000462_url.sedml",
                "description": "CRBM auto-generated \"template\" SED-ML file.",
                "fileSize": "15532",
                "mimeType": "application/xml",
                "md5sum": "4b3e23862f1fb3bc985e988fbf49c70d",
                "sha1sum": "810109458eec448f555bc4d0339192a26b4cb879",
                "sha256sum": "9a3b45ffedc53be3aa728ff3e5f0c9f89949af03848b24f6f8803b3f83b768f2"
            },
            {
                "name": "curation_image.png",
                "description": "Reproduced figure(s) from original curation.",
                "fileSize": "24749",
                "mimeType": "image/png",
                "md5sum": "5226c3acadbfae6bac0feca854b2e688",
                "sha1sum": "a042be335ad00b8770557268600de6064434ec4a",
                "sha256sum": "de9e00c682561d6d0cc5ad98ef50cbbe8456c2a9d008eac0bb15a5a403c84f77"
            },
            {
                "name": "curation_notes.txt",
                "description": "Notes from original curation (describes curation_image).",
                "fileSize": "223",
                "mimeType": "text/plain",
                "md5sum": "245d7b6c45a0774406eb8516981da1c4",
                "sha1sum": "3c5814f9dbc75d9f7ce95f54fade129f057e90b9",
                "sha256sum": "8698bcadf0bc386a2f029ad8fcedb16d9929e7c90b166d4e2a8b9ac10f857617"
            },
            {
                "name": "manifest.xml",
                "description": "Auto-generated manifest file for OMEX archives.",
                "fileSize": "2033",
                "mimeType": "application/xml",
                "md5sum": "e2fe5a44066847e0ae18d2dfcc13d39a",
                "sha1sum": "b9725147441eec68839997790da092e3a11fa885",
                "sha256sum": "663a3ed79b838cbf7a89d9e17e04e2c32c5ee0723bc1c77ff779012274b8e3c0"
            },
            {
                "name": "metadata.rdf",
                "description": "Auto-generated annotation metadata file.",
                "fileSize": "6747",
                "mimeType": "application/rdf+xml",
                "md5sum": "71a4cf791c6bed645e45867d5282ffc6",
                "sha1sum": "7655ad6b56594e609ace933baaa27b2ede14ae98",
                "sha256sum": "22bd9345187f5b9973ca2e5cdea132715df5f21a18e920c842e5e81f829c2017"
            }
        ]
    },
    "history": {
        "revisions": [
            {
                "version": 1,
                "submitted": 1330522585,
                "submitter": "Carole Proctor",
                "comment": "Original import of BIOMD0000000462.xml.origin"
            },
            {
                "version": 2,
                "submitted": 1412940138,
                "submitter": "Carole Proctor",
                "comment": "Current version of Proctor2012 - Role of Amyloid-beta dimers in aggregation formation"
            },
            {
                "version": 3,
                "submitted": 1724274184,
                "submitter": "Lucian Smith",
                "comment": "CRBM-sponsored manual and automated updates."
            }
        ]
    },
    "firstPublished": 1725281602,
    "submissionId": "MODEL1202290000",
    "publicationId": "BIOMD0000000462",
    "modellingApproach": {
        "accession": "MAMO_0000046",
        "name": "ordinary differential equation model",
        "resource": "http://identifiers.org/mamo/MAMO_0000046"
    },
    "curationStatus": "CURATED",
    "contributors": {
        "Curator": [
            {
                "name": "Lucian Smith",
                "email": "lpsmith@uw.edu",
                "affiliation": "University of Washington",
                "orcid": "0000-0001-7002-6386",
                "external": false
            }
        ],
        "Modeller": [
            {
                "name": "Carole Proctor",
                "email": "carole.proctor@ncl.ac.uk",
                "affiliation": "Newcastle University",
                "external": false
            }
        ]
    },
    "vcsIdentifier": "aaa",
    "modelLevelAnnotations": [
        {
            "qualifier": "bqmodel:is",
            "accession": "MODEL1202290000",
            "resource": "BioModels Database",
            "uri": "http://identifiers.org/biomodels.db/MODEL1202290000"
        },
        {
            "qualifier": "bqmodel:is",
            "accession": "BIOMD0000000462",
            "resource": "BioModels Database",
            "uri": "http://identifiers.org/biomodels.db/BIOMD0000000462"
        },
        {
            "qualifier": "bqmodel:isDescribedBy",
            "accession": "22748062",
            "resource": "PubMed",
            "uri": "http://identifiers.org/pubmed/22748062"
        },
        {
            "qualifier": "bqbiol:hasProperty",
            "accession": "DOID:10652",
            "name": "Alzheimer's disease",
            "resource": "Human Disease Ontology",
            "uri": "http://identifiers.org/doid/DOID:10652"
        },
        {
            "qualifier": "bqbiol:isVersionOf",
            "accession": "GO:0097242",
            "name": "amyloid-beta clearance",
            "resource": "Gene Ontology",
            "uri": "http://identifiers.org/go/GO:0097242"
        },
        {
            "qualifier": "bqbiol:isVersionOf",
            "accession": "GO:0070841",
            "name": "inclusion body assembly",
            "resource": "Gene Ontology",
            "uri": "http://identifiers.org/go/GO:0070841"
        },
        {
            "qualifier": "bqbiol:hasTaxon",
            "accession": "9606",
            "name": "Homo sapiens",
            "resource": "Taxonomy",
            "uri": "http://identifiers.org/taxonomy/9606"
        },
        {
            "qualifier": "bqbiol:hasProperty",
            "accession": "MAMO_0000046",
            "name": "Ordinary differential equation model",
            "resource": "Mathematical Modelling Ontology",
            "uri": "http://identifiers.org/mamo/MAMO_0000046"
        }
    ]
}