{
    "name": "Eftimie2018 - Cancer and Immune biomarkers",
    "description": "<notes xmlns=\"http://www.sbml.org/sbml/level2/version4\">      <body xmlns=\"http://www.w3.org/1999/xhtml\">        <pre>The paper describes a model on the detection of cancer based on cancer and immune biomarkers. Created by COPASI 4.25 (Build 207) This model is described in the article: Improving cancer detection through combinations of cancer and immune biomarkers: a modelling approach Raluca Eftimie and and Esraa Hassanein J Transl Med (2018) 16:73 Abstract: Background: Early cancer diagnosis is one of the most important challenges of cancer research, since in many can- cers it can lead to cure for patients with early stage diseases. For epithelial ovarian cancer (which is the leading cause of death among gynaecologic malignancies) the classical detection approach is based on measurements of CA-125 biomarker. However, the poor sensitivity and specificity of this biomarker impacts the detection of early-stage cancers. Methods: Here we use a computational approach to investigate the effect of combining multiple biomarkers for ovarian cancer (e.g., CA-125 and IL-7), to improve early cancer detection. Results: We show that this combined biomarkers approach could lead indeed to earlier cancer detection. However, the immune response (which influences the level of secreted IL-7 biomarker) plays an important role in improving and/or delaying cancer detection. Moreover, the detection level of IL-7 immune biomarker could be in a range that would not allow to distinguish between a healthy state and a cancerous state. In this case, the construction of solu- tion diagrams in the space generated by the IL-7 and CA-125 biomarkers could allow us predict the long-term evolu- tion of cancer biomarkers, thus allowing us to make predictions on cancer detection times. Conclusions: Combining cancer and immune biomarkers could improve cancer detection times, and any predic- tions that could be made (at least through the use of CA-125/IL-7 biomarkers) are patient specific. Keywords: Ovarian cancer, Mathematical model, CA-125 biomarker, IL-7 biomarker, Cancer detection times This model is hosted on BioModels Database and identified by: MODEL1907050002. To cite BioModels Database, please use: BioModels Database: An enhanced, curated and annotated resource for published quantitative kinetic models. To the extent possible under law, all copyright and related or neighbouring rights to this encoded model have been dedicated to the public domain worldwide. Please refer to CC0 Public Domain Dedication for more information.</pre>      </body>    </notes>",
    "format": {
        "name": "SBML",
        "identifier": "SBML",
        "version": "L3V1"
    },
    "publication": {
        "type": "DOI",
        "accession": "10.1186/s12967-018-1432-8",
        "journal": "Journal of Translational Medicine",
        "title": "Improving cancer detection through combinations of cancer and immune biomarkers: a modelling approach",
        "affiliation": "Correspondence: Raluca Eftimie\r\nE-mail address: r.a.eftimie@dundee.ac.uk\r\nDivision of Mathematics, University of Dundee, Dundee DD1 4HN, UK",
        "synopsis": "Background: Early cancer diagnosis is one of the most important challenges of cancer research, since in many can- cers it can lead to cure for patients with early stage diseases. For epithelial ovarian cancer (which is the leading cause of death among gynaecologic malignancies) the classical detection approach is based on measurements of CA-125 biomarker. However, the poor sensitivity and specificity of this biomarker impacts the detection of early-stage cancers.\r\nMethods: Here we use a computational approach to investigate the effect of combining multiple biomarkers for ovarian cancer (e.g., CA-125 and IL-7), to improve early cancer detection.\r\nResults: We show that this combined biomarkers approach could lead indeed to earlier cancer detection. However, the immune response (which influences the level of secreted IL-7 biomarker) plays an important role in improving and/or delaying cancer detection. Moreover, the detection level of IL-7 immune biomarker could be in a range that would not allow to distinguish between a healthy state and a cancerous state. In this case, the construction of solu- tion diagrams in the space generated by the IL-7 and CA-125 biomarkers could allow us predict the long-term evolu- tion of cancer biomarkers, thus allowing us to make predictions on cancer detection times.\r\nConclusions: Combining cancer and immune biomarkers could improve cancer detection times, and any predic- tions that could be made (at least through the use of CA-125/IL-7 biomarkers) are patient specific.\r\nKeywords: Ovarian cancer, Mathematical model, CA-125 biomarker, IL-7 biomarker, Cancer detection times",
        "year": 2018,
        "month": "3",
        "issue": "16:73",
        "link": "http://identifiers.org/doi/10.1186/s12967-018-1432-8",
        "authors": [
            {
                "name": "Raluca Eftimie"
            },
            {
                "name": "Esraa Hassanein"
            }
        ]
    },
    "files": {
        "main": [
            {
                "name": "Eftimie2018.xml",
                "description": "SBML L2V4 representation of cancer-immune biomarkers model",
                "fileSize": "80908",
                "mimeType": "application/xml",
                "md5sum": "2ada7768e6c1bdeac64a9cdd25891f08",
                "sha1sum": "fbf133447e16ab701a8d6de9e5bd82735dd4c48b",
                "sha256sum": "9d72a5cfaba7899cec9774dbd45ab36daa015a75a18bc0f427e9d241c8645bd8"
            }
        ],
        "additional": [
            {
                "name": "Eftimie2018-biopax2.owl",
                "description": "Auto-generated BioPAX (Level 2) file.",
                "fileSize": "14907",
                "mimeType": "application/rdf+xml",
                "md5sum": "5794c79d0dd9e712d57d7ac5e09924cd",
                "sha1sum": "5854f48abee831cc067ac80d77d03971a35ca932",
                "sha256sum": "895721c8a2058e5759ddf2188185d42b0f53cc8d0c799a54e1a6f5a111faa380"
            },
            {
                "name": "Eftimie2018-biopax3.owl",
                "description": "Auto-generated BioPAX (Level 3) file.",
                "fileSize": "20083",
                "mimeType": "application/rdf+xml",
                "md5sum": "5859fe9b4ed77a53d11ea75bec7051d5",
                "sha1sum": "8b10717579f5cc124191d6c73488981c9cf61cf3",
                "sha256sum": "ccc88a612cb2dc74ece7bec7e15254b93dde7d3f5b53dc23d47a6dfea4651456"
            },
            {
                "name": "Eftimie2018-matlab.m",
                "description": "Auto-generated Matlab file.",
                "fileSize": "6930",
                "mimeType": "text/x-matlab",
                "md5sum": "d6f78e91801cb30fa8b59b6a4d0ce50d",
                "sha1sum": "01967adaff0ccd5f5bc4f90ef63722ed93849585",
                "sha256sum": "289c1bf9e947eb34f6f9079972e7323afaa32665c6bddb823d1e4367583b94c8"
            },
            {
                "name": "Eftimie2018-octave.m",
                "description": "Auto-generated Octave file.",
                "fileSize": "6930",
                "mimeType": "text/x-matlab",
                "md5sum": "a603b6d8c2feff1bf6f5f9f62f5aedf8",
                "sha1sum": "b4d3828749cdfd6a55703b68839b08ba83475e8f",
                "sha256sum": "f5cf379135536baa3b78af91d0aaf909e91ec07acbdd7b22c0d94b5dbb8f096a"
            },
            {
                "name": "Eftimie2018.cps",
                "description": "CPS file of the model in COPASI",
                "fileSize": "89437",
                "mimeType": "application/xml",
                "md5sum": "5e96c9fc67fba4b8908c387b60d97c12",
                "sha1sum": "cb05e210f155e08ae02c1b3cf034fc213d67f268",
                "sha256sum": "567df3b188946a1e6e8c51541b5c36799365864d6a6e6a2a5d4c2fcaaafedea9"
            },
            {
                "name": "Eftimie2018.ode",
                "description": "Auto-generated ODE file for XPP.",
                "fileSize": "5304",
                "mimeType": "text/plain",
                "md5sum": "68be18f10be8c2368970a77881262bfa",
                "sha1sum": "8b3147d922beef7a8236d7ad17ebbae6b57860e4",
                "sha256sum": "0178ac42852c2db00313107d4220813031e40e498fcac9c270e5aca273ddbe43"
            },
            {
                "name": "Eftimie2018.sedml",
                "description": "CRBM-processed SED-ML file, based on original COPASI save file export.",
                "fileSize": "25390",
                "mimeType": "application/xml",
                "md5sum": "51901cd52a1323e22397ac4ad0a9608c",
                "sha1sum": "0352d50f9c990db525f178dac98bf11606d999eb",
                "sha256sum": "3caaf9d9c2bd1db0b31b0f80bff21030ea22eab7b2a52ac6a367199e7fa1b7d7"
            },
            {
                "name": "Fig3a.png",
                "description": "PNG file of the model simulation Fig3a&#39;&#39;",
                "fileSize": "15483",
                "mimeType": "image/png",
                "md5sum": "c846fefddb78e69462e15c168242e4a2",
                "sha1sum": "c706600d9b8dd87257d5c04373e4ab9393903702",
                "sha256sum": "61f2189da441299485025d2cbf48713d1c0c40ab25850a655aee5519ddefffb8"
            },
            {
                "name": "curation_image.png",
                "description": "Reproduced figure(s) from original curation.",
                "fileSize": "15278",
                "mimeType": "image/png",
                "md5sum": "625d9f4b9b9ddd6bcbb83ffc60a4e3c7",
                "sha1sum": "60ee2d6de4b1c00b7e1d4dc037e8147201fee0c6",
                "sha256sum": "cf424c6e68229f998fc3f9e7ef43693dba485f6e3abc274ffc703e9edfe4cfad"
            },
            {
                "name": "curation_notes.txt",
                "description": "Notes from original curation (describes curation_image).",
                "fileSize": "174",
                "mimeType": "text/plain",
                "md5sum": "fe4a4932427710c472ebdedc6d5b7a92",
                "sha1sum": "a026b5ad8d2fd1f7693d43eae63a9b8ac8ae3322",
                "sha256sum": "95c9c949e328a11688bb64281a1789cbfba513581055a43cf4b6e8d0633184d6"
            },
            {
                "name": "manifest.xml",
                "description": "Auto-generated manifest file for OMEX archives.",
                "fileSize": "1519",
                "mimeType": "application/xml",
                "md5sum": "5a96fe032a6409c0521f414f7cbfc4c4",
                "sha1sum": "9b4a58d54db6c6b422f2ef43f20430fae91b6b9d",
                "sha256sum": "56e3bc09318f9e08d52b09301ba231e6a29215234e61d10960491f37a3d80e73"
            },
            {
                "name": "metadata.rdf",
                "description": "Auto-generated annotation metadata file.",
                "fileSize": "4275",
                "mimeType": "application/rdf+xml",
                "md5sum": "9667a4593998f2e36af067a6c34bfd72",
                "sha1sum": "85153276e184fe086f3a830eeafc9fb4add44cfa",
                "sha256sum": "e1e55345b57ef6f7f35e4bcf6c02083d10acf370533d6f909fb7541aae6ba2bb"
            }
        ]
    },
    "history": {
        "revisions": [
            {
                "version": 7,
                "submitted": 1562681222,
                "submitter": "Jinghao Men",
                "comment": "Automatically added model identifier BIOMD0000000741"
            },
            {
                "version": 8,
                "submitted": 1724284863,
                "submitter": "Lucian Smith",
                "comment": "CRBM-sponsored manual and automated updates."
            }
        ]
    },
    "firstPublished": 1725281836,
    "submissionId": "MODEL1907050002",
    "publicationId": "BIOMD0000000741",
    "modellingApproach": {
        "accession": "MAMO_0000046",
        "name": "ordinary differential equation model",
        "resource": "http://identifiers.org/mamo/MAMO_0000046"
    },
    "curationStatus": "CURATED",
    "modelTags": [
        "Immuno-oncology"
    ],
    "contributors": {
        "Curator": [
            {
                "name": "Lucian Smith",
                "email": "lpsmith@uw.edu",
                "affiliation": "University of Washington",
                "orcid": "0000-0001-7002-6386",
                "external": false
            }
        ],
        "Modeller": [
            {
                "name": "Jinghao Men",
                "email": "jm2187@cam.ac.uk",
                "affiliation": "University of Cambridge",
                "orcid": "0000-0003-4781-8144",
                "external": false
            }
        ]
    },
    "vcsIdentifier": "aah",
    "modelLevelAnnotations": [
        {
            "qualifier": "bqbiol:hasTaxon",
            "accession": "9606",
            "name": "Homo sapiens",
            "resource": "Taxonomy",
            "uri": "http://identifiers.org/taxonomy/9606"
        },
        {
            "qualifier": "bqbiol:hasProperty",
            "accession": "MAMO_0000046",
            "name": "Ordinary differential equation model",
            "resource": "Mathematical Modelling Ontology",
            "uri": "http://identifiers.org/mamo/MAMO_0000046"
        },
        {
            "qualifier": "bqmodel:is",
            "accession": "BIOMD0000000741",
            "resource": "BioModels Database",
            "uri": "http://identifiers.org/biomodels.db/BIOMD0000000741"
        },
        {
            "qualifier": "bqmodel:is",
            "accession": "MODEL1907050002",
            "resource": "BioModels Database",
            "uri": "http://identifiers.org/biomodels.db/MODEL1907050002"
        },
        {
            "qualifier": "bqmodel:isDescribedBy",
            "accession": "29554938",
            "resource": "PubMed",
            "uri": "http://identifiers.org/pubmed/29554938"
        },
        {
            "qualifier": "bqmodel:isDescribedBy",
            "accession": "10.1186/s12967-018-1432-8",
            "resource": "DOI",
            "uri": "https://identifiers.org/doi:10.1186/s12967-018-1432-8"
        },
        {
            "qualifier": "bqbiol:isVersionOf",
            "accession": "GO:0002418",
            "name": "immune response to tumor cell",
            "resource": "Gene Ontology",
            "uri": "http://identifiers.org/go/GO:0002418"
        },
        {
            "qualifier": "bqbiol:occursIn",
            "accession": "BTO:0000975",
            "name": "ovary",
            "resource": "Brenda Tissue Ontology",
            "uri": "http://identifiers.org/bto/BTO:0000975"
        },
        {
            "qualifier": "bqbiol:hasProperty",
            "accession": "0001075",
            "name": "ovarian carcinoma",
            "resource": "Experimental Factor Ontology",
            "uri": "http://identifiers.org/efo/0001075"
        }
    ]
}