{
    "name": "Babbs2012 - immunotherapy",
    "description": "The paper describes a simple model of tumor immunotherapy. Created by COPASI 4.25 (Build 207) This model is described in the article: Predicting success or failure of immunotherapy for cancer: insights from a clinically applicable mathematical model Charles F BabbsAm J Cancer Res 2012;2(2):204-213Abstract: The objective of this study was to create a clinically applicable mathematical model of immunotherapy for cancer and use it to explore differences between successful and unsuccessful treatment scenarios. The simplified predator-prey model includes four lumped parameters: tumor growth rate, g; immune cell killing efficiency, k; immune cell signaling factor, λ; and immune cell half-life decay, μ. The predator-prey equations as functions of time, t, for nor- malized tumor cell numbers, y, (the prey) and immunocyte numbers, x, (the predators) are: dy/dt = gy – kx and dx/dt = λxy – μx. A parameter estimation procedure that capitalizes on available clinical data and the timing of clinically observable phenomena gives mid-range benchmarks for parameters representing the unstable equilibrium case in which the tumor neither grows nor shrinks. Departure from this equilibrium results in oscillations in tumor cell num- bers and in many cases complete elimination of the tumor. Several paradoxical phenomena are predicted, including increasing tumor cell numbers prior to a population crash, apparent cure with late recurrence, one or more cycles of tumor growth prior to eventual tumor elimination, and improved tumor killing with initially weaker immune parame- ters or smaller initial populations of immune cells. The model and the parameter estimation techniques are easily adapted to various human cancers that evoke an immune response. They may help clinicians understand and predict certain strange and unexpected effects in the world of tumor immunity and lead to the design of clinical trials to test improved treatment protocols for patients.To cite BioModels Database, please use: BioModels Database: An enhanced, curated and annotated resource for published quantitative kinetic models . To the extent possible under law, all copyright and related or neighbouring rights to this encoded model have been dedicated to the public domain worldwide. Please refer to CC0 Public Domain Dedication for more information.",
    "format": {
        "name": "SBML",
        "identifier": "SBML",
        "version": "L3V1"
    },
    "publication": {
        "type": "PubMed ID",
        "accession": "22432059",
        "journal": "American journal of cancer research",
        "title": "Predicting success or failure of immunotherapy for cancer: insights from a clinically applicable mathematical model.",
        "affiliation": "Department of Basic Medical Sciences and Weldon School of Biomedical Engineering, Purdue University West Lafayette, Indiana. babbs@purdue.edu",
        "synopsis": "The objective of this study was to create a clinically applicable mathematical model of immunotherapy for cancer and use it to explore differences between successful and unsuccessful treatment scenarios. The simplified predator-prey model includes four lumped parameters: tumor growth rate, g; immune cell killing efficiency, k; immune cell signaling factor, λ; and immune cell half-life decay, μ. The predator-prey equations as functions of time, t, for normalized tumor cell numbers, y, (the prey) and immunocyte numbers, ×, (the predators) are: dy/dt = gy - kx and dx/dt = λxy - μx. A parameter estimation procedure that capitalizes on available clinical data and the timing of clinically observable phenomena gives mid-range benchmarks for parameters representing the unstable equilibrium case in which the tumor neither grows nor shrinks. Departure from this equilibrium results in oscillations in tumor cell numbers and in many cases complete elimination of the tumor. Several paradoxical phenomena are predicted, including increasing tumor cell numbers prior to a population crash, apparent cure with late recurrence, one or more cycles of tumor growth prior to eventual tumor elimination, and improved tumor killing with initially weaker immune parameters or smaller initial populations of immune cells. The model and the parameter estimation techniques are easily adapted to various human cancers that evoke an immune response. They may help clinicians understand and predict certain strange and unexpected effects in the world of tumor immunity and lead to the design of clinical trials to test improved treatment protocols for patients.",
        "year": 2012,
        "month": "0",
        "volume": "2",
        "issue": "2",
        "pages": "204-213",
        "link": "http://identifiers.org/pubmed/22432059",
        "authors": [
            {
                "name": "Charles F Babbs",
                "institution": "Department of Basic Medical Sciences and Weldon School of Biomedical Engineering, Purdue University West Lafayette, Indiana. babbs@purdue.edu"
            }
        ]
    },
    "files": {
        "main": [
            {
                "name": "Babbs2012.xml",
                "description": "SBML L3V1 representation of the cancer immunotherapy model",
                "fileSize": "32484",
                "mimeType": "application/xml",
                "md5sum": "0b61dc3a3c02ff25a78cd08c70874825",
                "sha1sum": "6493332a75c782dffa0de08012a29445fe7a8a23",
                "sha256sum": "dc7977405c78dc730e2675ab82739a1632fc0bd46a307fbab36f50c554700ca5"
            }
        ],
        "additional": [
            {
                "name": "Babbs2012-biopax2.owl",
                "description": "Auto-generated BioPAX (Level 2) file.",
                "fileSize": "9157",
                "mimeType": "application/rdf+xml",
                "md5sum": "b2fe92fe27c243ea63446931d8729ba3",
                "sha1sum": "2104a566d8465198de6d7348be2f1938d1e3e6f1",
                "sha256sum": "cd86ae86c2863530d81cd64622444ec89f8ce45b9c7b88a20d511f4bd14b08bf"
            },
            {
                "name": "Babbs2012-biopax3.owl",
                "description": "Auto-generated BioPAX (Level 3) file.",
                "fileSize": "11259",
                "mimeType": "application/rdf+xml",
                "md5sum": "12e613c14cfb3395bf855b94c5154478",
                "sha1sum": "6c545fdf3d9390230c4e8dee65f1d0956ebcba8f",
                "sha256sum": "181ae99933c9ce5b5185adef7a1d43382ba8170353218bbdf4612ceeba458253"
            },
            {
                "name": "Babbs2012-matlab.m",
                "description": "Auto-generated Matlab file.",
                "fileSize": "3598",
                "mimeType": "text/x-matlab",
                "md5sum": "831abdd6345d7fd097449418e11d0b4f",
                "sha1sum": "e21558afd71e5f345126bf5054601cd27d960464",
                "sha256sum": "39fdec9f40bd6940e7a32b5a40dcd3295c4270ec2c6f346312c2345a3ad79a7c"
            },
            {
                "name": "Babbs2012-octave.m",
                "description": "Auto-generated Octave file.",
                "fileSize": "3598",
                "mimeType": "text/x-matlab",
                "md5sum": "e71e7e29ae414ca481c5db230f970304",
                "sha1sum": "1ec48aca7509e064e223ba0d30e50f47695ac9f8",
                "sha256sum": "26e5f86def4870137ae26251c3f4157355556c19c0695da83983daa8e829dcf3"
            },
            {
                "name": "Babbs2012.cps",
                "description": "CPS file of the model in COPASI",
                "fileSize": "49342",
                "mimeType": "application/xml",
                "md5sum": "fa23b153110ef27c5c3a64c4b1d04f08",
                "sha1sum": "5ec21a4b14501151d4376e433782acc39c016a93",
                "sha256sum": "ec2b806d10915bd94548fb7e3b6ba92f98c6d98a64d9b6c9114d9ab9a5cd4954"
            },
            {
                "name": "Babbs2012.ode",
                "description": "Auto-generated ODE file for XPP.",
                "fileSize": "1852",
                "mimeType": "text/plain",
                "md5sum": "ed6a5850f6ca40d1d29feaa029ad99a1",
                "sha1sum": "9506edf90814dfb12a726bd49633f434aae48fec",
                "sha256sum": "5ce63f767619ecc77795aa9d80b3be6129e2d6c2afd8f69d05abe9bfc13961d9"
            },
            {
                "name": "Babbs2012.sedml",
                "description": "CRBM-processed SED-ML file, based on original COPASI save file export.",
                "fileSize": "8118",
                "mimeType": "application/xml",
                "md5sum": "f9394f23326c9c62a25fe8f5205871ac",
                "sha1sum": "8664665ec55312608e24cb28c01e92a3c8760138",
                "sha256sum": "4a04de762843460180c6dbfed3413bbf2a2bae9dfa67ab1b43e6e8fc93bf8f91"
            },
            {
                "name": "curation_image.png",
                "description": "Reproduced figure(s) from original curation.",
                "fileSize": "17129",
                "mimeType": "image/png",
                "md5sum": "bc9a5a61f7fa67ba5b6866b53772190f",
                "sha1sum": "599f1a63de8619d4a54f85059c9148fae1c6d7e5",
                "sha256sum": "8d3c91d156f1e57d26c7566f44173d96f55eafefd6a7e1b9c3b231ce218c9ee4"
            },
            {
                "name": "curation_notes.txt",
                "description": "Notes from original curation (describes curation_image).",
                "fileSize": "170",
                "mimeType": "text/plain",
                "md5sum": "c4ef1a171c44325a8111d368047e0103",
                "sha1sum": "21ade1ca7c3f15b7c579c3603f7c5c3b098d2b1c",
                "sha256sum": "480d8fdc97324f85cb877fc960094090fd1993cf439ac3b4f44af9237e2e982d"
            },
            {
                "name": "manifest.xml",
                "description": "Auto-generated manifest file for OMEX archives.",
                "fileSize": "1403",
                "mimeType": "application/xml",
                "md5sum": "af3d70ec1e64d75aa4eb4d42c2ff5e33",
                "sha1sum": "5564d099c05dde1654299025a4cecd8e64386f6d",
                "sha256sum": "6c1c2ffa059c9963f143656462f8af96ee3caa9fb67f1d44666e49b93d39925f"
            },
            {
                "name": "metadata.rdf",
                "description": "Auto-generated annotation metadata file.",
                "fileSize": "4029",
                "mimeType": "application/rdf+xml",
                "md5sum": "a51d6ee7d97cedc83f2b433598050f05",
                "sha1sum": "5668787edd9e51bcab99db89234c1865b4f07884",
                "sha256sum": "14433ab5bca9ca3989205d45426ca321634d85c553898d301ef3f39c3647099d"
            }
        ]
    },
    "history": {
        "revisions": [
            {
                "version": 3,
                "submitted": 1563959611,
                "submitter": "Jinghao Men",
                "comment": "Automatically added model identifier BIOMD0000000758"
            },
            {
                "version": 4,
                "submitted": 1724285379,
                "submitter": "Lucian Smith",
                "comment": "CRBM-sponsored manual and automated updates."
            }
        ]
    },
    "firstPublished": 1725281845,
    "submissionId": "MODEL1907240002",
    "publicationId": "BIOMD0000000758",
    "modellingApproach": {
        "accession": "MAMO_0000046",
        "name": "ordinary differential equation model",
        "resource": "http://identifiers.org/mamo/MAMO_0000046"
    },
    "curationStatus": "CURATED",
    "modelTags": [
        "Immuno-oncology"
    ],
    "contributors": {
        "Curator": [
            {
                "name": "Lucian Smith",
                "email": "lpsmith@uw.edu",
                "affiliation": "University of Washington",
                "orcid": "0000-0001-7002-6386",
                "external": false
            }
        ],
        "Modeller": [
            {
                "name": "Jinghao Men",
                "email": "jm2187@cam.ac.uk",
                "affiliation": "University of Cambridge",
                "orcid": "0000-0003-4781-8144",
                "external": false
            }
        ]
    },
    "vcsIdentifier": "aai",
    "modelLevelAnnotations": [
        {
            "qualifier": "bqbiol:hasTaxon",
            "accession": "9606",
            "name": "Homo sapiens",
            "resource": "Taxonomy",
            "uri": "http://identifiers.org/taxonomy/9606"
        },
        {
            "qualifier": "bqbiol:hasProperty",
            "accession": "MAMO_0000046",
            "name": "Ordinary differential equation model",
            "resource": "Mathematical Modelling Ontology",
            "uri": "http://identifiers.org/mamo/MAMO_0000046"
        },
        {
            "qualifier": "bqbiol:hasProperty",
            "accession": "GO:0002418",
            "name": "immune response to tumor cell",
            "resource": "Gene Ontology",
            "uri": "http://identifiers.org/go/GO:0002418"
        },
        {
            "qualifier": "bqmodel:isDescribedBy",
            "accession": "22432059",
            "resource": "PubMed",
            "uri": "http://identifiers.org/pubmed/22432059"
        },
        {
            "qualifier": "bqmodel:is",
            "accession": "BIOMD0000000758",
            "resource": "BioModels Database",
            "uri": "http://identifiers.org/biomodels.db/BIOMD0000000758"
        },
        {
            "qualifier": "bqmodel:is",
            "accession": "MODEL1907240002",
            "resource": "BioModels Database",
            "uri": "http://identifiers.org/biomodels.db/MODEL1907240002"
        },
        {
            "qualifier": "bqbiol:hasProperty",
            "accession": "C15438",
            "name": "Cancer Immunotherapy",
            "resource": "NCIt",
            "uri": "http://identifiers.org/ncit/C15438"
        }
    ]
}