{
    "name": "Liu2011_Complement_System",
    "description": "<notes xmlns=\"http://www.sbml.org/sbml/level2/version4\">      <html xmlns=\"http://www.w3.org/1999/xhtml\">        <head>          <meta http-equiv=\"Content-Style-Type\" content=\"text/css\" />          <title>Model of the Complement System</title>          <meta name=\"qrichtext\" content=\"1\" />        </head>        <body style=\"font-size:13pt;font-family:Lucida Grande\">          <p>This is the continuous deterministic (ODE) model of the complement system described in the article:<br />          <b>Computational and Experimental Study of the Regulatory Mechanisms of the Complement System.</b>          <br />Liu B, Zhang J, Tan PY, Hsu D, Blom AM, Leong B, Sethi S, Ho B, Ding JL and Thiagarajan PS. PLoS Comp. Bio. 2011 Jan. 7:1; doi:<a href=\"http://dx.doi.org/10.1371/journal.pcbi.1001059\">10.1371/journal.pcbi.1001059</a>        </p>        <p>Abstract:<br />The complement system is key to innate immunity and its activation is necessary for the clearance of bacteria and apoptotic cells. However, insufficient or excessive complement activation will lead to immune-related diseases. It is so far unknown how the complement activity is up- or down- regulated and what the associated pathophysiological mechanisms are. To quantitatively understand the modulatory mechanisms of the complement system, we built a computational model involving the enhancement and suppression mechanisms that regulate complement activity. Our model consists of a large system of Ordinary Differential Equations (ODEs) accompanied by a dynamic Bayesian network as a probabilistic approximation of the ODE dynamics. Applying Bayesian inference techniques, this approximation was used to perform parameter estimation and sensitivity analysis. Our combined computational and experimental study showed that the antimicrobial response is sensitive to changes in pH and calcium levels, which determines the strength of the crosstalk between CRP and L-ficolin. Our study also revealed differential regulatory effects of C4BP. While C4BP delays but does not decrease the classical complement activation, it attenuates but does not significantly delay the lectin pathway activation. We also found that the major inhibitory role of C4BP is to facilitate the decay of C3 convertase. In summary, the present work elucidates the regulatory mechanisms of the complement system and demonstrates how the bio-pathway machinery maintains the balance between activation and inhibition. The insights we have gained could contribute to the development of therapies targeting the complement system.</p>        <p>Comment:<br />          Reproduction of figures in the article:<br />          Figure 5: the effects of C4BP<br />          Fig 5A: set initial concentrations PC=0.0327796, GlcNac=0, vary the initial concentration of C4BP from 2.6 to 2600 using parameter scan<br />          Fig 5B: set initial concentrations PC=0, GlcNac=0.0327796, vary the initial concentration of C4BP from 2.6 to 2600 using parameter scan<br />          Figure 6: knockout simulations<br />          Set PC=0.0327796, GlcNac=0<br />          Fig 6A: kf01=0, kf02=0<br />          Fig 6B: kf04=0, kf06=0, kf07=0<br />          Fig 6C: kf05=0<br />          Fig 6D: kf03=0</p>        <p>This model originates from BioModels Database: A Database of Annotated Published Models (http://www.ebi.ac.uk/biomodels/). It is copyright (c) 2005-2011 The BioModels.net Team.<br />For more information see the <a href=\"http://www.ebi.ac.uk/biomodels/legal.html\" target=\"_blank\">terms of use</a>.<br />To cite BioModels Database, please use: <a href=\"http://www.ncbi.nlm.nih.gov/pubmed/20587024\" target=\"_blank\">Li C, Donizelli M, Rodriguez N, Dharuri H, Endler L, Chelliah V, Li L, He E, Henry A, Stefan MI, Snoep JL, Hucka M, Le Novère N, Laibe C (2010) BioModels Database: An enhanced, curated and annotated resource for published quantitative kinetic models. BMC Syst Biol., 4:92.</a>      </p>    </body>  </html></notes>",
    "format": {
        "name": "SBML",
        "identifier": "SBML",
        "version": "L2V4"
    },
    "publication": {
        "type": "PubMed ID",
        "accession": "21283780",
        "journal": "PLoS computational biology",
        "title": "A computational and experimental study of the regulatory mechanisms of the complement system.",
        "affiliation": "School of Computing, National University of Singapore, Singapore.",
        "synopsis": "The complement system is key to innate immunity and its activation is necessary for the clearance of bacteria and apoptotic cells. However, insufficient or excessive complement activation will lead to immune-related diseases. It is so far unknown how the complement activity is up- or down- regulated and what the associated pathophysiological mechanisms are. To quantitatively understand the modulatory mechanisms of the complement system, we built a computational model involving the enhancement and suppression mechanisms that regulate complement activity. Our model consists of a large system of Ordinary Differential Equations (ODEs) accompanied by a dynamic Bayesian network as a probabilistic approximation of the ODE dynamics. Applying Bayesian inference techniques, this approximation was used to perform parameter estimation and sensitivity analysis. Our combined computational and experimental study showed that the antimicrobial response is sensitive to changes in pH and calcium levels, which determines the strength of the crosstalk between CRP and L-ficolin. Our study also revealed differential regulatory effects of C4BP. While C4BP delays but does not decrease the classical complement activation, it attenuates but does not significantly delay the lectin pathway activation. We also found that the major inhibitory role of C4BP is to facilitate the decay of C3 convertase. In summary, the present work elucidates the regulatory mechanisms of the complement system and demonstrates how the bio-pathway machinery maintains the balance between activation and inhibition. The insights we have gained could contribute to the development of therapies targeting the complement system.",
        "year": 2011,
        "month": "1",
        "volume": "7",
        "issue": "1",
        "pages": "e1001059",
        "link": "http://identifiers.org/pubmed/21283780",
        "authors": [
            {
                "name": "Bing Liu",
                "institution": "School of Computing, National University of Singapore, Singapore.",
                "orcid": "0000-0002-7257-2441"
            },
            {
                "name": "Jing Zhang",
                "orcid": "0000-0003-0391-7298"
            },
            {
                "name": "Pei Yi Tan"
            },
            {
                "name": "David Hsu"
            },
            {
                "name": "Anna M Blom",
                "orcid": "0000-0002-1348-1734"
            },
            {
                "name": "Benjamin Leong"
            },
            {
                "name": "Sunil Sethi"
            },
            {
                "name": "Bow Ho"
            },
            {
                "name": "Jeak Ling Ding"
            },
            {
                "name": "P S Thiagarajan"
            }
        ]
    },
    "files": {
        "main": [
            {
                "name": "BIOMD0000000303_url.xml",
                "description": "SBML L2V4 representation of Liu2011_Complement_System",
                "fileSize": "100817",
                "mimeType": "application/xml",
                "md5sum": "6fbe835cad04175aa3aebaaaad41a4b6",
                "sha1sum": "20282e6a644b14699a59738cc0f4c4ba31c1e0ab",
                "sha256sum": "da802f0ad32016eb70ff961f20d1eb1f0df2c3d540059c80500d7e37f35c5677"
            }
        ],
        "additional": [
            {
                "name": "BIOMD0000000303-biopax2.owl",
                "description": "Auto-generated BioPAX (Level 2)",
                "fileSize": "81265",
                "mimeType": "application/rdf+xml",
                "md5sum": "01873520ae5a715e70ce936fd3f3236c",
                "sha1sum": "4a31d11cb7d567f809c11a2e97641e24e86dcc79",
                "sha256sum": "21984f91d7142f8ca33dd6237b0da486007bd4312b020e1251782076cdabc972"
            },
            {
                "name": "BIOMD0000000303-biopax3.owl",
                "description": "Auto-generated BioPAX (Level 3)",
                "fileSize": "134909",
                "mimeType": "application/rdf+xml",
                "md5sum": "bf1b851f9a5bc2172ec2d03f1882e1ad",
                "sha1sum": "ebe2f15868a86629236372a9f463f878d3ea1ce4",
                "sha256sum": "d4bf8494622e54628da5f3e7efab895ef6f7dfa66235331519ede65f5d8302ba"
            },
            {
                "name": "BIOMD0000000303-matlab.m",
                "description": "Auto-generated Matlab file.",
                "fileSize": "23974",
                "mimeType": "text/x-matlab",
                "md5sum": "841115fe2d1d65cbf1e24ae2eac495b1",
                "sha1sum": "dcc84f0edc8a01a28725afecefb9954068c01508",
                "sha256sum": "5046543cedf71636786552842e6a1041be6ebe363917a5ae638c320e4f74e2ee"
            },
            {
                "name": "BIOMD0000000303.m",
                "description": "Auto-generated Octave file",
                "fileSize": "23974",
                "mimeType": "text/x-matlab",
                "md5sum": "7852b2da426ddef9c198327cadd76ddc",
                "sha1sum": "302261606a50e5425c6ca3e3b02662b0608a7e8c",
                "sha256sum": "c22bbf7564c5632728ff6e6bb8f43bcfcc9d7afc15e313d7a1b337a0a57c79d2"
            },
            {
                "name": "BIOMD0000000303.ode",
                "description": "Auto-generated ODE file for XPP.",
                "fileSize": "19395",
                "mimeType": "text/plain",
                "md5sum": "7b1a0ab5c87e18a433d2929e7b444e0c",
                "sha1sum": "5056094c97d5031fb3e22877cf5b4a425303e99f",
                "sha256sum": "ad29e119f9c4a29df6dbaff9ed24836cdf084d481082bfd954e60895b26ccb44"
            },
            {
                "name": "BIOMD0000000303.pdf",
                "description": "Auto-generated PDF file",
                "fileSize": "410183",
                "mimeType": "application/pdf",
                "md5sum": "0dadaf94963cca6afc2e7ceaa845f3cd",
                "sha1sum": "c7b8ee392e9b43c266c368531c65eea9f584605d",
                "sha256sum": "679b07eccb3513c356bfa325c7b6d5a688c3a923f4bbdffb4205a324861a50ff"
            },
            {
                "name": "BIOMD0000000303.png",
                "description": "Auto-generated Reaction graph (PNG)",
                "fileSize": "675049",
                "mimeType": "image/png",
                "md5sum": "4c719f0d5153e2d55007d862a8326148",
                "sha1sum": "638fdd518e2f6c2df61f54fc66ce76f48b46d30c",
                "sha256sum": "488683b98ca0557f2755ba529f0527e2fde4e57d4ff445eea7f1b16c6ace3fe2"
            },
            {
                "name": "BIOMD0000000303.svg",
                "description": "Auto-generated Reaction graph (SVG)",
                "fileSize": "139509",
                "mimeType": "image/svg+xml",
                "md5sum": "76f96b3b4406b409c71f6bc6aac87716",
                "sha1sum": "d55400302d85b2b565bcc4ff0a00af19b39259f0",
                "sha256sum": "2b3e1c5d843b4dbc6524b1dc3143d17871aa225abc782344cf1265df19a7731f"
            },
            {
                "name": "BIOMD0000000303.vcml",
                "description": "Auto-generated VCML file",
                "fileSize": "126507",
                "mimeType": "application/xml",
                "md5sum": "344e5299c94181ba887f4ee381650fb9",
                "sha1sum": "c41ec63aebe13f666d297126fb7a40e5b978ecea",
                "sha256sum": "127b461fc846bf9a5e756da834ad4d668d0b7f3149c225368b21a5f24a9cbc61"
            },
            {
                "name": "BIOMD0000000303_url.sedml",
                "description": "CRBM auto-generated \"template\" SED-ML file.",
                "fileSize": "97547",
                "mimeType": "application/xml",
                "md5sum": "055fd4c3df4c3627a9fcbdc990bb458d",
                "sha1sum": "c257d1fae1090f9a8960903d91901d13ede033b4",
                "sha256sum": "17954df034827b9d211e0d5f54addaa5c331f587f672afd6d27793a66e6a048e"
            },
            {
                "name": "curation_image.png",
                "description": "Reproduced figure(s) from original curation.",
                "fileSize": "9179",
                "mimeType": "image/png",
                "md5sum": "f76daede67e33aaee3a1cd8aaf80a03d",
                "sha1sum": "fe4f84fcdd94ef1828c48452c01fe340bf3ebb62",
                "sha256sum": "fa38a6d4765b2fc0f8cee0ecbd88f68d88fdd38fe67c492235e5dad225debb83"
            },
            {
                "name": "curation_notes.txt",
                "description": "Notes from original curation (describes curation_image).",
                "fileSize": "110",
                "mimeType": "text/plain",
                "md5sum": "0ebcaa8291a83ba01798db1059eadd6f",
                "sha1sum": "f764f89907d6bfc0a9cad39d227c7728d3b80003",
                "sha256sum": "394d1c34aa55019278cc91c9706b4a2ac264ece61f316221cad80595f06a958a"
            },
            {
                "name": "manifest.xml",
                "description": "Auto-generated manifest file for OMEX archives.",
                "fileSize": "1793",
                "mimeType": "application/xml",
                "md5sum": "3aa40d311926e5083309f9842a6d1104",
                "sha1sum": "23fcffe2a22a0508edc09d50605165996b3e2b63",
                "sha256sum": "51ec072b7d05febd5f69f7b4c9d6916c5e039e03b69e8b5da403f303e7cac9fc"
            },
            {
                "name": "metadata.rdf",
                "description": "Auto-generated annotation metadata file.",
                "fileSize": "5904",
                "mimeType": "application/rdf+xml",
                "md5sum": "8a1d410ff49de9571462c9d11276a598",
                "sha1sum": "86dfbdbe48412f5da5525ded7082cac3f02605e2",
                "sha256sum": "bbe4a87adeef6eeef8ef40cefd5196a897412f4da60714084bf2be4b8dd3f86e"
            }
        ]
    },
    "history": {
        "revisions": [
            {
                "version": 1,
                "submitted": 1296015849,
                "submitter": "Lukas Endler",
                "comment": "Original import of Complement System"
            },
            {
                "version": 2,
                "submitted": 1412938599,
                "submitter": "Lukas Endler",
                "comment": "Current version of Liu2011_Complement_System"
            },
            {
                "version": 3,
                "submitted": 1724269447,
                "submitter": "Lucian Smith",
                "comment": "CRBM-sponsored manual and automated updates."
            }
        ]
    },
    "firstPublished": 1725281418,
    "submissionId": "MODEL1101260000",
    "publicationId": "BIOMD0000000303",
    "modellingApproach": {
        "accession": "MAMO_0000046",
        "name": "ordinary differential equation model",
        "resource": "http://identifiers.org/mamo/MAMO_0000046"
    },
    "curationStatus": "CURATED",
    "contributors": {
        "Curator": [
            {
                "name": "Lucian Smith",
                "email": "lpsmith@uw.edu",
                "affiliation": "University of Washington",
                "orcid": "0000-0001-7002-6386",
                "external": false
            }
        ],
        "Modeller": [
            {
                "name": "Lukas Endler",
                "email": "lukas@ebi.ac.uk",
                "affiliation": "EMBL-EBI",
                "external": false
            }
        ]
    },
    "vcsIdentifier": "aaa",
    "modelLevelAnnotations": [
        {
            "qualifier": "bqbiol:hasTaxon",
            "accession": "9606",
            "name": "Homo sapiens",
            "resource": "Taxonomy",
            "uri": "http://identifiers.org/taxonomy/9606"
        },
        {
            "qualifier": "bqmodel:is",
            "accession": "MODEL1101260000",
            "resource": "BioModels Database",
            "uri": "http://identifiers.org/biomodels.db/MODEL1101260000"
        },
        {
            "qualifier": "bqmodel:is",
            "accession": "BIOMD0000000303",
            "resource": "BioModels Database",
            "uri": "http://identifiers.org/biomodels.db/BIOMD0000000303"
        },
        {
            "qualifier": "bqmodel:isDescribedBy",
            "accession": "21283780",
            "resource": "PubMed",
            "uri": "http://identifiers.org/pubmed/21283780"
        },
        {
            "qualifier": "bqbiol:isPartOf",
            "accession": "hsa04610",
            "name": "Complement and coagulation cascades - Homo sapiens (human)",
            "resource": "KEGG Pathway",
            "uri": "http://identifiers.org/kegg.pathway/hsa04610"
        },
        {
            "qualifier": "bqbiol:isVersionOf",
            "accession": "REACT_6932.3",
            "name": "Complement cascade",
            "resource": "Reactome",
            "uri": "http://identifiers.org/reactome/REACT_6932.3"
        },
        {
            "qualifier": "bqbiol:isVersionOf",
            "accession": "GO:0006956",
            "name": "complement activation",
            "resource": "Gene Ontology",
            "uri": "http://identifiers.org/go/GO:0006956"
        },
        {
            "qualifier": "bqbiol:hasVersion",
            "accession": "GO:0006958",
            "name": "complement activation, classical pathway",
            "resource": "Gene Ontology",
            "uri": "http://identifiers.org/go/GO:0006958"
        },
        {
            "qualifier": "bqbiol:hasVersion",
            "accession": "GO:0001867",
            "name": "complement activation, lectin pathway",
            "resource": "Gene Ontology",
            "uri": "http://identifiers.org/go/GO:0001867"
        },
        {
            "qualifier": "bqbiol:hasProperty",
            "accession": "DOID:104",
            "name": "bacterial infectious disease",
            "resource": "Human Disease Ontology",
            "uri": "http://identifiers.org/doid/DOID:104"
        },
        {
            "qualifier": "bqbiol:hasProperty",
            "accession": "MAMO_0000046",
            "name": "Ordinary differential equation model",
            "resource": "Mathematical Modelling Ontology",
            "uri": "http://identifiers.org/mamo/MAMO_0000046"
        }
    ]
}