{
    "name": "Bakshi2020 - Minimal model of alternative pathway of complement system",
    "description": "<notes xmlns=\"http://www.sbml.org/sbml/level2/version4\">      <body xmlns=\"http://www.w3.org/1999/xhtml\">        <pre>This model is based on the publication:\"Mathematical Modelling of Alternative Pathway of Complement System\".Suruchi Bakshi, Fraser Cunningham, Eva-Maria Nichols, Marta Biedzka-Sarek, Jessica Neisen, Sebastien Petit-Frere, Christina Bessant, Loveleena Bansal, Lambertus A Peletier, Stefano Zamuner, Piet H van der GraafDOI: 10.1007/s11538-020-00708-zComment:This model is based on the truncated minimal model equations (Eq. B.1) from the manuscript, which simulate depletion of factor H.Abstract:The complement system (CS) is an integral part of innate immunity and can be activated via three different pathways. The alternative pathway (AP) has a central role in the function of the CS. The AP of complement system is implicated in several human disease pathologies. In the absence of triggers, the AP exists in a time-invariant resting state (physiological steady state). It is capable of rapid, potent and transient activation response upon challenge with a trigger. Previous models of AP have focused on the activation response. In order to understand the molecular machinery necessary for AP activation and regulation of a physiological steady state, we built parsimonious AP models using experimentally supported kinetic parameters. The models further allowed us to test quantitative roles played by negative and positive regulators of the pathway in order to test hypotheses regarding their mechanisms of action, thus providing more insight into the complex regulation of AP.</pre>      </body>    </notes>",
    "format": {
        "name": "SBML",
        "identifier": "SBML",
        "version": "L2V4"
    },
    "publication": {
        "type": "PubMed ID",
        "accession": "32062771",
        "journal": "Bulletin of mathematical biology",
        "title": "Mathematical Modelling of Alternative Pathway of Complement System.",
        "affiliation": "Division of Systems Biomedicine and Pharmacology, LACDR, Leiden University, P.O. Box 9502, 2300 RA, Leiden, The Netherlands. suruchi.bakshi@certara.com.",
        "synopsis": "The complement system (CS) is an integral part of innate immunity and can be activated via three different pathways. The alternative pathway (AP) has a central role in the function of the CS. The AP of complement system is implicated in several human disease pathologies. In the absence of triggers, the AP exists in a time-invariant resting state (physiological steady state). It is capable of rapid, potent and transient activation response upon challenge with a trigger. Previous models of AP have focused on the activation response. In order to understand the molecular machinery necessary for AP activation and regulation of a physiological steady state, we built parsimonious AP models using experimentally supported kinetic parameters. The models further allowed us to test quantitative roles played by negative and positive regulators of the pathway in order to test hypotheses regarding their mechanisms of action, thus providing more insight into the complex regulation of AP.",
        "year": 2020,
        "month": "2",
        "volume": "82",
        "issue": "2",
        "pages": "33",
        "link": "http://identifiers.org/pubmed/32062771",
        "authors": [
            {
                "name": "Suruchi Bakshi",
                "institution": "Division of Systems Biomedicine and Pharmacology, LACDR, Leiden University, P.O. Box 9502, 2300 RA, Leiden, The Netherlands. suruchi.bakshi@certara.com.Certara QSP, 4818 SJ, Breda, The Netherlands. suruchi.bakshi@certara.com.",
                "orcid": "0000-0002-7767-1705"
            },
            {
                "name": "Fraser Cunningham",
                "institution": "Cytokine, Chemokine and Complement DPU, Immunoinflammation TA Unit, GSK, Stevenage, UK.",
                "orcid": "0000-0001-6436-7555"
            },
            {
                "name": "Eva-Maria Nichols",
                "institution": "Cytokine, Chemokine and Complement DPU, Immunoinflammation TA Unit, GSK, Stevenage, UK."
            },
            {
                "name": "Marta Biedzka-Sarek",
                "institution": "Cytokine, Chemokine and Complement DPU, Immunoinflammation TA Unit, GSK, Stevenage, UK."
            },
            {
                "name": "Jessica Neisen",
                "institution": "Cytokine, Chemokine and Complement DPU, Immunoinflammation TA Unit, GSK, Stevenage, UK."
            },
            {
                "name": "Sebastien Petit-Frere",
                "institution": "Cytokine, Chemokine and Complement DPU, Immunoinflammation TA Unit, GSK, Stevenage, UK."
            },
            {
                "name": "Christina Bessant",
                "institution": "Cytokine, Chemokine and Complement DPU, Immunoinflammation TA Unit, GSK, Stevenage, UK."
            },
            {
                "name": "Loveleena Bansal",
                "institution": "Computational and Modelling Sciences, Platform Technology Sciences, GSK, Collegeville, Pennsylvania, USA."
            },
            {
                "name": "Lambertus A Peletier",
                "institution": "Mathematical Institute, Leiden University, P.O. Box 9512, 2300 RA, Leiden, The Netherlands."
            },
            {
                "name": "Stefano Zamuner",
                "institution": "Clinical Pharmacology, Modelling and Simulation, GSK, Stevenage, UK."
            },
            {
                "name": "Piet H van der Graaf",
                "institution": "Division of Systems Biomedicine and Pharmacology, LACDR, Leiden University, P.O. Box 9502, 2300 RA, Leiden, The Netherlands.Certara QSP, Canterbury, CT2 7FG, UK."
            }
        ]
    },
    "files": {
        "main": [
            {
                "name": "Bakshi2020 minimal model.xml",
                "description": "SBML level 2 version 4 representation of the model",
                "fileSize": "71046",
                "mimeType": "application/xml",
                "md5sum": "237a4477fd1962fd4b9f8fdebf196c04",
                "sha1sum": "44cc2f722d96297cca1a20010a72f7c1ddcf1446",
                "sha256sum": "d3549af17db2d29b36d39754c61d65e7d1c99ef29650834880939b57c6ce9e90"
            }
        ],
        "additional": [
            {
                "name": "Bakshi2020 minimal model-biopax2.owl",
                "description": "Auto-generated BioPAX (Level 2) file.",
                "fileSize": "27597",
                "mimeType": "application/rdf+xml",
                "md5sum": "f2e8011f0393573e684586d7b09fb415",
                "sha1sum": "d08fd25c1eb3b441886438e29eec29998e7f728e",
                "sha256sum": "2a40c5ce99d6eed9a92999b3846f5ae971200dd0ae11edfbfc7562299da3d931"
            },
            {
                "name": "Bakshi2020 minimal model-biopax3.owl",
                "description": "Auto-generated BioPAX (Level 3) file.",
                "fileSize": "43423",
                "mimeType": "application/rdf+xml",
                "md5sum": "5ee03c07c759df92412deb45d70be5fd",
                "sha1sum": "2d35fc922b2fdd4b961bb3d8e55b6f036e9f6290",
                "sha256sum": "fdb2a8f9767b29fa6a001993f109113603787f9e14a275a5ebed4c8899a00fbf"
            },
            {
                "name": "Bakshi2020 minimal model-matlab.m",
                "description": "Auto-generated Matlab file.",
                "fileSize": "8970",
                "mimeType": "text/x-matlab",
                "md5sum": "037221eb38832c865de28004872e68da",
                "sha1sum": "6a880c2b0933fc6b06153ac01146ebf6449b16eb",
                "sha256sum": "99574c6c74f50eb462fe338db597c492a13d5a209cb169282df24497f1bd94f7"
            },
            {
                "name": "Bakshi2020 minimal model.cps",
                "description": "COPASI file",
                "fileSize": "110162",
                "mimeType": "application/xml",
                "md5sum": "8236fa57858376b959e30439e5950d80",
                "sha1sum": "ea1a9a29f8e270cf7d40844be1ce7d68dd811aef",
                "sha256sum": "cba6af852eaeb1b125f2d98b02740a1411e2801d1cb7d8f7d4980347fdf3fc5c"
            },
            {
                "name": "Bakshi2020 minimal model.ode",
                "description": "Auto-generated ODE file for XPP.",
                "fileSize": "6568",
                "mimeType": "text/plain",
                "md5sum": "fd9fe4a008046a210b1324ec9444f9cd",
                "sha1sum": "5d9fefaa448a7073afb58564f0555c242de5697b",
                "sha256sum": "a503d582f01030482436c7998700dcab7aefb1d8ad3358fc9f08b0936df7f037"
            },
            {
                "name": "Bakshi2020 minimal model.sedml",
                "description": "SEDML file (additionally CRBM-validated and adjusted).",
                "fileSize": "30828",
                "mimeType": "application/xml",
                "md5sum": "2b65ed2e26ca4c87eaf422c1bd55307a",
                "sha1sum": "c0e609005d92afe82a96661c1c79411f51f6dbe4",
                "sha256sum": "2a8b3ae63107e19051cfc238c7a94187a06bc33fb7f88809fc3a7201aabb7277"
            },
            {
                "name": "curation_image.png",
                "description": "Reproduced figure(s) from original curation.",
                "fileSize": "158263",
                "mimeType": "image/png",
                "md5sum": "640ad6659984cdade18dfb0c511a6988",
                "sha1sum": "d6ff780758adab5672bb8a1e64657a7c2a1d2a67",
                "sha256sum": "f40aa4c0789c6c1626941e51bba359f3b53c148536de23803aa21cbdd6a90112"
            },
            {
                "name": "curation_notes.txt",
                "description": "Notes from original curation (describes curation_image).",
                "fileSize": "139",
                "mimeType": "text/plain",
                "md5sum": "c64111f7a5e625347ef663a4a90de85f",
                "sha1sum": "1d7e4d028ee6a0363c0abd763e9b408192c7f2c8",
                "sha256sum": "c74b7630101e462b6b597bb6008c2718a62fbda6b3d16fe80cf85f452ae205e6"
            },
            {
                "name": "manifest.xml",
                "description": "Auto-generated manifest file for OMEX archives.",
                "fileSize": "1395",
                "mimeType": "application/xml",
                "md5sum": "8bfbcd2ef2b22d01e8a9660fb7edb4e5",
                "sha1sum": "f7c450c3e6e6abfc3948020bc9be402b4fd6955a",
                "sha256sum": "27fdd3ed225316933272a845c63df344f3e1f5ca54a2cffaa2bb5d6bfc64cd81"
            },
            {
                "name": "metadata.rdf",
                "description": "Auto-generated annotation metadata file.",
                "fileSize": "3306",
                "mimeType": "application/rdf+xml",
                "md5sum": "56664b595e24ad50839bf5af83b9a46e",
                "sha1sum": "6ec005d3b4e33b01f539b4accc74ceb32ac7d69e",
                "sha256sum": "c09f0fe2feb886766d61621921533eafcfcb0c93c23eda54d383523102287692"
            }
        ]
    },
    "history": {
        "revisions": [
            {
                "version": 3,
                "submitted": 1626723838,
                "submitter": "Emilia Chen",
                "comment": "Model revised without commit message"
            },
            {
                "version": 4,
                "submitted": 1626773470,
                "submitter": "Emilia Chen",
                "comment": "Automatically added model identifier BIOMD0000001017"
            },
            {
                "version": 6,
                "submitted": 1626774582,
                "submitter": "Emilia Chen",
                "comment": "Automatically added model identifier BIOMD0000001017"
            },
            {
                "version": 7,
                "submitted": 1724291817,
                "submitter": "Lucian Smith",
                "comment": "CRBM-sponsored manual and automated updates."
            }
        ]
    },
    "firstPublished": 1725282014,
    "submissionId": "MODEL2107190001",
    "publicationId": "BIOMD0000001017",
    "modellingApproach": {
        "accession": "MAMO_0000046",
        "name": "ordinary differential equation model",
        "resource": "http://identifiers.org/mamo/MAMO_0000046"
    },
    "curationStatus": "CURATED",
    "contributors": {
        "Curator": [
            {
                "name": "Lucian Smith",
                "email": "lpsmith@uw.edu",
                "affiliation": "University of Washington",
                "orcid": "0000-0001-7002-6386",
                "external": false
            }
        ],
        "Modeller": [
            {
                "name": "Emilia Chen",
                "email": "emiliachen1@gmail.com",
                "affiliation": "University of Cambridge",
                "external": false
            }
        ]
    },
    "vcsIdentifier": "aaj",
    "modelLevelAnnotations": [
        {
            "qualifier": "bqbiol:hasTaxon",
            "accession": "9606",
            "name": "Homo sapiens",
            "resource": "Taxonomy",
            "uri": "http://identifiers.org/taxonomy/9606"
        },
        {
            "qualifier": "bqbiol:hasProperty",
            "accession": "MAMO_0000046",
            "name": "Ordinary differential equation model",
            "resource": "Mathematical Modelling Ontology",
            "uri": "http://identifiers.org/mamo/MAMO_0000046"
        },
        {
            "qualifier": "bqbiol:occursIn",
            "accession": "BTO:0000131",
            "name": "blood plasma",
            "resource": "Brenda Tissue Ontology",
            "uri": "http://identifiers.org/bto/BTO:0000131"
        },
        {
            "qualifier": "bqmodel:isDescribedBy",
            "accession": "32062771",
            "resource": "PubMed",
            "uri": "https://identifiers.org/pubmed:32062771"
        },
        {
            "qualifier": "bqbiol:isPropertyOf",
            "accession": "PW:0000505",
            "resource": "Pathway Ontology",
            "uri": "http://identifiers.org/pw/PW:0000505"
        },
        {
            "qualifier": "bqbiol:isPropertyOf",
            "accession": "GO:0045087",
            "name": "innate immune response",
            "resource": "Gene Ontology",
            "uri": "http://identifiers.org/go/GO:0045087"
        },
        {
            "qualifier": "bqbiol:isDescribedBy",
            "accession": "32062771",
            "resource": "PubMed",
            "uri": "http://identifiers.org/pubmed/32062771"
        },
        {
            "qualifier": "bqbiol:hasProperty",
            "accession": "GO:0030451",
            "name": "regulation of complement activation, alternative pathway",
            "resource": "Gene Ontology",
            "uri": "http://identifiers.org/go/GO:0030451"
        },
        {
            "qualifier": "bqmodel:is",
            "accession": "MODEL2107190001",
            "resource": "BioModels Database",
            "uri": "http://identifiers.org/biomodels.db/MODEL2107190001"
        },
        {
            "qualifier": "bqmodel:is",
            "accession": "BIOMD0000001017",
            "resource": "BioModels Database",
            "uri": "http://identifiers.org/biomodels.db/BIOMD0000001017"
        }
    ]
}