{
    "name": "Kirschner1998_Immunotherapy_Tumour",
    "description": "<notes xmlns=\"http://www.sbml.org/sbml/level2/version4\">      <body xmlns=\"http://www.w3.org/1999/xhtml\">        <p>This a model from the article:      <br />        <strong>Modeling immunotherapy of the tumor-immune interaction.</strong>        <br />          Kirschner D, Panetta JC.      <em>J Math Biol</em>          1998 Sep;37(3):235-52      <a href=\"http://www.ncbi.nlm.nih.gov/pubmed/9785481\">9785481</a>          ,      <br />        <strong>Abstract:</strong>        <br />          A number of lines of evidence suggest that immunotherapy with the cytokineinterleukin-2 (IL-2) may boost the immune system to fight tumors. CD4+ T cells,the cells that orchestrate the immune response, use these cytokines as signalingmechanisms for immune-response stimulation as well as lymphocyte stimulation,growth, and differentiation. Because tumor cells begin as 'self', the immunesystem may not respond in an effective way to eradicate them. Adoptive cellularimmunotherapy can potentially restore or enhance these effects. We illustratethrough mathematical modeling the dynamics between tumor cells, immune-effectorcells, and IL-2. These efforts are able to explain both short tumor oscillationsin tumor sizes as well as long-term tumor relapse. We then explore the effectsof adoptive cellular immunotherapy on the model and describe under whatcircumstances the tumor can be eliminated.      </p>      <p>This model was taken from the      <a href=\"http://www.cellml.org/models\">CellML repository</a>          and automatically converted to SBML.      <br />          The original model was:      <a href=\"http://models.cellml.org/exposure/c874a5761a29400a77c0d4a4c8ee4eab\">        <strong>Kirschner D, Panetta JC. (1998) - version=1.0</strong>      </a>      <br />          The original CellML model was created by:      <br />      <strong>Catherine Lloyd</strong>      <br />          c.lloyd@auckland.ac.nz      <br />          The University of Auckland      <br /></p>    <p>This model originates from BioModels Database: A Database of Annotated Published Models (http://www.ebi.ac.uk/biomodels/). It is copyright (c) 2005-2011 The BioModels.net Team.      <br />          To the extent possible under law, all copyright and related or neighbouring rights to this encoded model have been dedicated to the public domain worldwide. Please refer to      <a href=\"http://creativecommons.org/publicdomain/zero/1.0/\" title=\"Creative Commons CC0\">CC0 Public Domain Dedication</a>          for more information.      </p>  <p>In summary, you are entitled to use this encoded model in absolutely any manner you deem suitable, verbatim, or with modification, alone or embedded it in a larger context, redistribute it, commercially or not, in a restricted way or not..      <br />  <br />          To cite BioModels Database, please use:      <a href=\"http://www.ncbi.nlm.nih.gov/pubmed/20587024\" target=\"_blank\">Li C, Donizelli M, Rodriguez N, Dharuri H, Endler L, Chelliah V, Li L, He E, Henry A, Stefan MI, Snoep JL, Hucka M, Le Novère N, Laibe C (2010) BioModels Database: An enhanced, curated and annotated resource for published quantitative kinetic models. BMC Syst Biol., 4:92.</a></p></body></notes>",
    "format": {
        "name": "SBML",
        "identifier": "SBML",
        "version": "L2V4"
    },
    "publication": {
        "type": "PubMed ID",
        "accession": "9785481",
        "journal": "Journal of mathematical biology",
        "title": "Modeling immunotherapy of the tumor-immune interaction.",
        "affiliation": "Department of Microbiology and Immunology, University of Michigan Medical School, Ann Arbor 48109-0620, USA.",
        "synopsis": "A number of lines of evidence suggest that immunotherapy with the cytokine interleukin-2 (IL-2) may boost the immune system to fight tumors. CD4+ T cells, the cells that orchestrate the immune response, use these cytokines as signaling mechanisms for immune-response stimulation as well as lymphocyte stimulation, growth, and differentiation. Because tumor cells begin as 'self', the immune system may not respond in an effective way to eradicate them. Adoptive cellular immunotherapy can potentially restore or enhance these effects. We illustrate through mathematical modeling the dynamics between tumor cells, immune-effector cells, and IL-2. These efforts are able to explain both short tumor oscillations in tumor sizes as well as long-term tumor relapse. We then explore the effects of adoptive cellular immunotherapy on the model and describe under what circumstances the tumor can be eliminated.",
        "year": 1998,
        "month": "9",
        "volume": "37",
        "issue": "3",
        "pages": "235-252",
        "link": "http://identifiers.org/pubmed/9785481",
        "authors": [
            {
                "name": "D Kirschner",
                "institution": "Department of Microbiology and Immunology, University of Michigan Medical School, Ann Arbor 48109-0620, USA."
            },
            {
                "name": "J C Panetta",
                "orcid": "0000-0003-1308-7208"
            }
        ]
    },
    "files": {
        "main": [
            {
                "name": "Kirschner_1998.xml",
                "description": "SBML L2V4 representation of Kirschner1998_Immunotherapy_Tumour",
                "fileSize": "43735",
                "mimeType": "application/xml",
                "md5sum": "6fc274441ab732233706200c0a8223da",
                "sha1sum": "7447db18458568c200dda2420826a0c3e7f2bf0e",
                "sha256sum": "12a023ba2cfaca76e406323c3d28e517681d245bde9ed1852511bf34e548de47"
            }
        ],
        "additional": [
            {
                "name": "Kirschner_1998-biopax2.owl",
                "description": "Auto-generated BioPAX (Level 2) file.",
                "fileSize": "13075",
                "mimeType": "application/rdf+xml",
                "md5sum": "57048a25bca4190db392207bef98b117",
                "sha1sum": "7bd4c6f3b85488ee5f770c8b30769ed61c4285f4",
                "sha256sum": "a6b7390846cb443dec90a2b60b034aa1727d70c460b96270c400871807b38851"
            },
            {
                "name": "Kirschner_1998-biopax3.owl",
                "description": "Auto-generated BioPAX (Level 3) file.",
                "fileSize": "19080",
                "mimeType": "application/rdf+xml",
                "md5sum": "b6f2aa282f23fa8cd1cf1de887a56e4b",
                "sha1sum": "86faea497d659196ae71ab5ea51650fa0967ea0e",
                "sha256sum": "531f20e64c912564ad1e659448e8c5e6540a8b2f2ffb8ec7e24ab1bcf74c8e9b"
            },
            {
                "name": "Kirschner_1998-matlab.m",
                "description": "Auto-generated Matlab file.",
                "fileSize": "5156",
                "mimeType": "text/x-matlab",
                "md5sum": "c6fa3c87fbbea0dd89d4c0ea8dc08914",
                "sha1sum": "1500cf32ee0bd356b9c3930e6f11fc06929bd024",
                "sha256sum": "9dff5c13ccdc47461370a4035b2f42b95759367f7518c9d01065adec7715a29a"
            },
            {
                "name": "Kirschner_1998-octave.m",
                "description": "Auto-generated Octave file.",
                "fileSize": "5156",
                "mimeType": "text/x-matlab",
                "md5sum": "87886343b8fd77893795de8959ed9266",
                "sha1sum": "c7307a1286d00508586f364ba2466709b13aab1a",
                "sha256sum": "99e0e25830c7fa7b37cf830493f7a813b77affeb203c0bef8956e912a796a87e"
            },
            {
                "name": "Kirschner_1998.cps",
                "description": "COPASI 4.24 (build196) file",
                "fileSize": "70005",
                "mimeType": "application/xml",
                "md5sum": "6b38e87041c37c07d9436166247ad334",
                "sha1sum": "95b169262d26895361e9097a8a84f0c58a0648ba",
                "sha256sum": "b735581a08634aff8ad29645281936622a7449383762400855f9a33f0084d29f"
            },
            {
                "name": "Kirschner_1998.ode",
                "description": "Auto-generated ODE file for XPP.",
                "fileSize": "3350",
                "mimeType": "text/plain",
                "md5sum": "992fdb3de2b09914fcb45c16ea159513",
                "sha1sum": "ce096853004897204368c99f1e8059af24f6b336",
                "sha256sum": "0f47932eadc181ec82c8c0f8a943edc547088d81d1aaf7d6403228c7f43dadc9"
            },
            {
                "name": "Kirschner_1998.sedml",
                "description": "SEDML file (additionally CRBM-validated and adjusted).",
                "fileSize": "16955",
                "mimeType": "application/xml",
                "md5sum": "70c8bd23c12da8ac67d7e898fda790a9",
                "sha1sum": "f5585d675f08abee47f240cbcfecfd288dfd6182",
                "sha256sum": "b47af21c07c5907a1e263f8080373fbb96a8c81274e3ce9813d6a00362cfe4dd"
            },
            {
                "name": "MODEL1006230038-biopax2.owl",
                "description": "Auto-generated BioPAX (Level 2)",
                "fileSize": "1101",
                "mimeType": "application/rdf+xml",
                "md5sum": "16ceb6e9de5a0ed23977bd4b6161fc04",
                "sha1sum": "066949fb0da5ce6c7e281cec09955a87b1b66d28",
                "sha256sum": "21b549894e8a85d08afeca0682096c863728be0242e3374c0a2faeef6b9387cc"
            },
            {
                "name": "MODEL1006230038-biopax3.owl",
                "description": "Auto-generated BioPAX (Level 3)",
                "fileSize": "2086",
                "mimeType": "application/rdf+xml",
                "md5sum": "26e064df0e18d413730b90deb7384d85",
                "sha1sum": "a0a9f6e90e325b4c268cb0cb7b39c3cd727c7608",
                "sha256sum": "3894a7b073096f2bc5a65321b0730994a9cf5bc7e7a9027bb96348f99fd38ebb"
            },
            {
                "name": "MODEL1006230038.m",
                "description": "Auto-generated Octave file",
                "fileSize": "2993",
                "mimeType": "text/x-matlab",
                "md5sum": "5b95fcb6ff6586a9ecae03702795bb77",
                "sha1sum": "bb66e6891c52a7046168c047b411dfa684ea79fa",
                "sha256sum": "50cc255d317ec8c23c6f2fe175f2c292ac7b72faab5fabd5b231a3e940d05d1a"
            },
            {
                "name": "MODEL1006230038.ode",
                "description": "Auto-generated ODE file for XPP.",
                "fileSize": "1823",
                "mimeType": "text/plain",
                "md5sum": "6b200de327be2a7317d3a8f019076249",
                "sha1sum": "cd4506be0c0327c9b6c041d60dfc6fa9a2945376",
                "sha256sum": "ad3dc1e8e6d1e102ee34d8331e360cfa19d043b4af6f3de4dfa87e5f5e1b8c41"
            },
            {
                "name": "MODEL1006230038.pdf",
                "description": "Auto-generated PDF file",
                "fileSize": "137092",
                "mimeType": "application/pdf",
                "md5sum": "6ccf533ff5917fa7bc6d9bf9e6ae9fff",
                "sha1sum": "c78cbb3ddfc5d69a622607ce441136dc1a755fe8",
                "sha256sum": "27c074b127e87985638e238f40e4ac02e181c32b4c9c3a69b17cb9a3d4308f1d"
            },
            {
                "name": "MODEL1006230038.png",
                "description": "Auto-generated Reaction graph (PNG)",
                "fileSize": "5164",
                "mimeType": "image/png",
                "md5sum": "c30b7d56ea47c3843c82b135d7d61387",
                "sha1sum": "29aaa040058418305071301e82afe443bf2be038",
                "sha256sum": "5fda4a6ecf6f2bffcaae62525ab174b281c1fd8500d928e26c38e127a4bb8b70"
            },
            {
                "name": "MODEL1006230038.svg",
                "description": "Auto-generated Reaction graph (SVG)",
                "fileSize": "868",
                "mimeType": "image/svg+xml",
                "md5sum": "24be42d8086ccb62699e8e5aa9319cf0",
                "sha1sum": "6edffc291715c4657200f33e72e8c453d616a6ed",
                "sha256sum": "3545c85a1ad33a0ce132486ba2cf1b3d42693f8c6ab22de9baaca3e2eef2e649"
            },
            {
                "name": "MODEL1006230038_urn.xml",
                "description": "Auto-generated SBML file with URNs",
                "fileSize": "12418",
                "mimeType": "application/xml",
                "md5sum": "ef1cd2a78190ca6528799b7642bd7ee0",
                "sha1sum": "4845ea954358672861009a3b863a882030136648",
                "sha256sum": "c6260161b7a9ee6bad701ef208659e775ff1a434860890d172dac50c0015dabe"
            },
            {
                "name": "curation_image.png",
                "description": "Reproduced figure(s) from original curation.",
                "fileSize": "26464",
                "mimeType": "image/png",
                "md5sum": "cf20b38cb90148958f044bf45279e19f",
                "sha1sum": "3379a1e1f9ef6d5860cbbe40becf2473451ea219",
                "sha256sum": "78a255aa0238c31e9e505ec3b15a95a6bae8f3532c42c0d8733ad1014c971353"
            },
            {
                "name": "curation_notes.txt",
                "description": "Notes from original curation (describes curation_image).",
                "fileSize": "568",
                "mimeType": "text/plain",
                "md5sum": "2be326cec00fe15f17c2dd7c3446d964",
                "sha1sum": "8adcb778c8a1a7002a5ddc95477c38c33ea473c5",
                "sha256sum": "d462a494d156147f22c10ce70c47ff7c3fc5d0a502a261c77d6f59277d89ba7c"
            },
            {
                "name": "manifest.xml",
                "description": "Auto-generated manifest file for OMEX archives.",
                "fileSize": "2386",
                "mimeType": "application/xml",
                "md5sum": "9d719696b843d0b4d29b6c2062c0722d",
                "sha1sum": "fc0192061265770cbfe1041918462ed7a2c9dd80",
                "sha256sum": "71785bb3bf001bcc6d19c84eb1f3bd9253e0f2edd21a0368ec7dab6c64a4536e"
            },
            {
                "name": "metadata.rdf",
                "description": "Auto-generated annotation metadata file.",
                "fileSize": "1557",
                "mimeType": "application/rdf+xml",
                "md5sum": "200c3703e0febbe7172b71e6ce5b8a4b",
                "sha1sum": "7a4e3b5bdb8fbc026842fd080002508e794ff9b3",
                "sha256sum": "5bbf70f988a900ab54488d7346b5c01e9e4669e39b309ce0a508be7d680407fb"
            }
        ]
    },
    "history": {
        "revisions": [
            {
                "version": 1,
                "submitted": 1277284328,
                "submitter": "Camille Laibe",
                "comment": "Original import of Kirschner1998_Immunotherapy_Tumour"
            },
            {
                "version": 2,
                "submitted": 1277469802,
                "submitter": "Camille Laibe",
                "comment": "Current version of Kirschner1998_Immunotherapy_Tumour"
            },
            {
                "version": 5,
                "submitted": 1548774255,
                "submitter": "Krishna Kumar Tiwari",
                "comment": "Automatically added model identifier BIOMD0000000732"
            },
            {
                "version": 6,
                "submitted": 1724284519,
                "submitter": "Lucian Smith",
                "comment": "CRBM-sponsored manual and automated updates."
            }
        ]
    },
    "firstPublished": 1725281831,
    "submissionId": "MODEL1006230038",
    "publicationId": "BIOMD0000000732",
    "modellingApproach": {
        "accession": "MAMO_0000046",
        "name": "ordinary differential equation model",
        "resource": "http://identifiers.org/mamo/MAMO_0000046"
    },
    "curationStatus": "CURATED",
    "contributors": {
        "Curator": [
            {
                "name": "Lucian Smith",
                "email": "lpsmith@uw.edu",
                "affiliation": "University of Washington",
                "orcid": "0000-0001-7002-6386",
                "external": false
            }
        ],
        "Modeller": [
            {
                "name": "Camille Laibe",
                "email": "laibe@ebi.ac.uk",
                "affiliation": "EMBL-EBI",
                "orcid": "0000-0002-4625-743X",
                "external": false
            },
            {
                "name": "Krishna Kumar Tiwari",
                "email": "ktiwari@ebi.ac.uk",
                "affiliation": "EMBL-EBI",
                "orcid": "0000-0002-3699-0937",
                "external": false
            }
        ]
    },
    "vcsIdentifier": "aab",
    "modelLevelAnnotations": [
        {
            "qualifier": "bqbiol:hasTaxon",
            "accession": "9606",
            "name": "Homo sapiens",
            "resource": "Taxonomy",
            "uri": "http://identifiers.org/taxonomy/9606"
        },
        {
            "qualifier": "bqbiol:hasProperty",
            "accession": "MAMO_0000046",
            "name": "Ordinary differential equation model",
            "resource": "Mathematical Modelling Ontology",
            "uri": "http://identifiers.org/mamo/MAMO_0000046"
        },
        {
            "qualifier": "bqbiol:hasPart",
            "accession": "C153548",
            "name": "Tumor-Infiltrating Immune Cell",
            "resource": "NCIt",
            "uri": "http://identifiers.org/ncit/C153548"
        },
        {
            "qualifier": "bqmodel:is",
            "accession": "BIOMD0000000732",
            "resource": "BioModels Database",
            "uri": "http://identifiers.org/biomodels.db/BIOMD0000000732"
        },
        {
            "qualifier": "bqmodel:is",
            "accession": "MODEL1006230038",
            "resource": "BioModels Database",
            "uri": "http://identifiers.org/biomodels.db/MODEL1006230038"
        },
        {
            "qualifier": "bqmodel:isDescribedBy",
            "accession": "9785481",
            "resource": "PubMed",
            "uri": "https://identifiers.org/pubmed:9785481"
        },
        {
            "qualifier": "bqbiol:is",
            "accession": "MODEL1006230038",
            "resource": "BioModels Database",
            "uri": "http://identifiers.org/biomodels.db/MODEL1006230038"
        },
        {
            "qualifier": "bqbiol:isVersionOf",
            "accession": "GO:0002347",
            "name": "response to tumor cell",
            "resource": "Gene Ontology",
            "uri": "http://identifiers.org/go/GO:0002347"
        },
        {
            "qualifier": "bqbiol:isDescribedBy",
            "accession": "9785481",
            "resource": "PubMed",
            "uri": "http://identifiers.org/pubmed/9785481"
        }
    ]
}