<?xml version='1.0' encoding='UTF-8' standalone='no'?>
<sbml xmlns="http://www.sbml.org/sbml/level2/version4" level="2" version="4">
  <model id="Kirschner1998_Immunotherapy_Tumour" metaid="COPASI0" name="Kirschner1998_Immunotherapy_Tumour">
    <annotation>
      <rdf:RDF xmlns:rdf="http://www.w3.org/1999/02/22-rdf-syntax-ns#" xmlns:dc="http://purl.org/dc/elements/1.1/" xmlns:dcterms="http://purl.org/dc/terms/" xmlns:vCard="http://www.w3.org/2001/vcard-rdf/3.0#" xmlns:bqbiol="http://biomodels.net/biology-qualifiers/" xmlns:bqmodel="http://biomodels.net/model-qualifiers/">
        <rdf:Description rdf:about="#COPASI0">
	<dc:creator>
	<rdf:Bag>
	<rdf:li rdf:parseType="Resource">
	<vCard:N rdf:parseType="Resource">
	<vCard:Family>Tiwari</vCard:Family>
	<vCard:Given>Krishna</vCard:Given>
	</vCard:N>
	<vCard:EMAIL>tiwarik@babraham.ac.uk</vCard:EMAIL>
	<vCard:ORG rdf:parseType="Resource">
	<vCard:Orgname>Babraham Institute</vCard:Orgname>
	</vCard:ORG>
	</rdf:li>
	</rdf:Bag>
	</dc:creator>
	<dcterms:created rdf:parseType="Resource">
	<dcterms:W3CDTF>2010-06-25T12:43:22Z</dcterms:W3CDTF>
	</dcterms:created>
	<dcterms:modified rdf:parseType="Resource">
	<dcterms:W3CDTF>2010-06-25T12:43:22Z</dcterms:W3CDTF>
	</dcterms:modified>
	<bqmodel:is>
	<rdf:Bag>
	<rdf:li rdf:resource="http://identifiers.org/biomodels.db/MODEL1006230038"/>
	<rdf:li rdf:resource="http://identifiers.org/biomodels.db/BIOMD0000000732"/>
	</rdf:Bag>
	</bqmodel:is>
	<bqbiol:hasPart>
	<rdf:Bag>
	<rdf:li rdf:resource="http://identifiers.org/ncit/C153548"/>
	</rdf:Bag>
	</bqbiol:hasPart>
	<bqbiol:is>
	<rdf:Bag>
	<rdf:li rdf:resource="http://identifiers.org/biomodels.db/MODEL1006230038"/>
	</rdf:Bag>
	</bqbiol:is>
	<bqbiol:isVersionOf>
	<rdf:Bag>
	<rdf:li rdf:resource="http://identifiers.org/go/GO:0002347"/>
	</rdf:Bag>
	</bqbiol:isVersionOf>
	<bqbiol:hasProperty>
	<rdf:Bag>
	<rdf:li rdf:resource="http://identifiers.org/mamo/MAMO_0000046"/>
	</rdf:Bag>
	</bqbiol:hasProperty>
	<bqbiol:hasTaxon>
	<rdf:Bag>
	<rdf:li rdf:resource="http://identifiers.org/taxonomy/9606"/>
	</rdf:Bag>
	</bqbiol:hasTaxon>
	<bqbiol:isDescribedBy>
	<rdf:Bag>
	<rdf:li rdf:resource="http://identifiers.org/pubmed/9785481"/>
	</rdf:Bag>
	</bqbiol:isDescribedBy>
	<bqmodel:isDescribedBy>
	<rdf:Bag>
	<rdf:li rdf:resource="https://identifiers.org/pubmed:9785481"/>
	</rdf:Bag>
	</bqmodel:isDescribedBy>
	</rdf:Description>
	
	
      </rdf:RDF>
      <COPASI xmlns="http://www.copasi.org/static/sbml">
        <rdf:RDF xmlns:CopasiMT="http://www.copasi.org/RDF/MiriamTerms#" xmlns:bqbiol="http://biomodels.net/biology-qualifiers/" xmlns:dcterms="http://purl.org/dc/terms/" xmlns:rdf="http://www.w3.org/1999/02/22-rdf-syntax-ns#" xmlns:vCard="http://www.w3.org/2001/vcard-rdf/3.0#">
          <rdf:Description rdf:about="#COPASI0">
            <bqbiol:hasProperty rdf:resource="urn:miriam:mamo:MAMO_0000046"/>
            <bqbiol:hasTaxon>
              <rdf:Bag>
                <rdf:li rdf:resource="http://identifiers.org/taxonomy/9606"/>
              </rdf:Bag>
            </bqbiol:hasTaxon>
            <dcterms:bibliographicCitation>
              <rdf:Bag>
                <rdf:li>
                  <rdf:Description>
                    <CopasiMT:isDescribedBy rdf:resource="http://identifiers.org/pubmed/9785481"/>
                  </rdf:Description>
                </rdf:li>
              </rdf:Bag>
            </dcterms:bibliographicCitation>
            <dcterms:created>
              <rdf:Description>
                <dcterms:W3CDTF>2010-06-25T12:43:22Z</dcterms:W3CDTF>
              </rdf:Description>
            </dcterms:created>
            <dcterms:creator>
              <rdf:Bag>
                <rdf:li>
                  <rdf:Description>
                    <vCard:EMAIL>tiwarik@babraham.ac.uk</vCard:EMAIL>
                    <vCard:N>
                      <rdf:Description>
                        <vCard:Family>Tiwari</vCard:Family>
                        <vCard:Given>Krishna</vCard:Given>
                      </rdf:Description>
                    </vCard:N>
                    <vCard:ORG>
                      <rdf:Description>
                        <vCard:Orgname>Babraham Institute</vCard:Orgname>
                      </rdf:Description>
                    </vCard:ORG>
                  </rdf:Description>
                </rdf:li>
              </rdf:Bag>
            </dcterms:creator>
            <CopasiMT:hasPart rdf:resource="urn:miriam:ncit:C153548"/>
            <CopasiMT:is>
              <rdf:Bag>
                <rdf:li rdf:resource="http://identifiers.org/biomodels.db/MODEL1006230038"/>
              </rdf:Bag>
            </CopasiMT:is>
            <CopasiMT:isVersionOf>
              <rdf:Bag>
                <rdf:li rdf:resource="http://identifiers.org/go/GO:0002347"/>
              </rdf:Bag>
            </CopasiMT:isVersionOf>
          </rdf:Description>
        </rdf:RDF>
      </COPASI>
    </annotation>
      <listOfFunctionDefinitions>
      <functionDefinition id="equation_for_Tumor_Growth" metaid="COPASI27" name="equation for Tumor Growth">
        <annotation>
          <COPASI xmlns="http://www.copasi.org/static/sbml">
            <rdf:RDF xmlns:dcterms="http://purl.org/dc/terms/" xmlns:rdf="http://www.w3.org/1999/02/22-rdf-syntax-ns#">
              <rdf:Description rdf:about="#COPASI27">
                <dcterms:created>
                  <rdf:Description>
                    <dcterms:W3CDTF>2019-01-28T12:26:29Z</dcterms:W3CDTF>
                  </rdf:Description>
                </dcterms:created>
              </rdf:Description>
            </rdf:RDF>
          </COPASI>
        </annotation>
        <math xmlns="http://www.w3.org/1998/Math/MathML">        
          <lambda>
            <bvar>
              <ci> r2 </ci>
            </bvar>
            <bvar>
              <ci> b </ci>
            </bvar>
            <bvar>
              <ci> Tumor </ci>
            </bvar>
            <apply>
              <times/>
              <ci> r2 </ci>
              <apply>
                <minus/>
                <cn> 1 </cn>
                <apply>
                  <times/>
                  <ci> b </ci>
                  <ci> Tumor </ci>
                </apply>
              </apply>
              <ci> Tumor </ci>
            </apply>
          </lambda>
        </math>
            </functionDefinition>
      <functionDefinition id="equation_for_Tumor_Killing" metaid="COPASI28" name="equation for Tumor Killing">
        <annotation>
          <COPASI xmlns="http://www.copasi.org/static/sbml">
            <rdf:RDF xmlns:dcterms="http://purl.org/dc/terms/" xmlns:rdf="http://www.w3.org/1999/02/22-rdf-syntax-ns#">
              <rdf:Description rdf:about="#COPASI28">
                <dcterms:created>
                  <rdf:Description>
                    <dcterms:W3CDTF>2019-01-28T12:31:59Z</dcterms:W3CDTF>
                  </rdf:Description>
                </dcterms:created>
              </rdf:Description>
            </rdf:RDF>
          </COPASI>
        </annotation>
        <math xmlns="http://www.w3.org/1998/Math/MathML">        
          <lambda>
            <bvar>
              <ci> a </ci>
            </bvar>
            <bvar>
              <ci> E </ci>
            </bvar>
            <bvar>
              <ci> T </ci>
            </bvar>
            <bvar>
              <ci> g2 </ci>
            </bvar>
            <apply>
              <divide/>
              <apply>
                <times/>
                <ci> a </ci>
                <ci> E </ci>
                <ci> T </ci>
              </apply>
              <apply>
                <plus/>
                <ci> g2 </ci>
                <ci> T </ci>
              </apply>
            </apply>
          </lambda>
        </math>
            </functionDefinition>
      <functionDefinition id="equation_for_immune_cell_activation" metaid="COPASI29" name="equation for immune cell activation">
        <annotation>
          <COPASI xmlns="http://www.copasi.org/static/sbml">
            <rdf:RDF xmlns:dcterms="http://purl.org/dc/terms/" xmlns:rdf="http://www.w3.org/1999/02/22-rdf-syntax-ns#">
              <rdf:Description rdf:about="#COPASI29">
                <dcterms:created>
                  <rdf:Description>
                    <dcterms:W3CDTF>2019-01-28T12:36:11Z</dcterms:W3CDTF>
                  </rdf:Description>
                </dcterms:created>
              </rdf:Description>
            </rdf:RDF>
          </COPASI>
        </annotation>
        <math xmlns="http://www.w3.org/1998/Math/MathML">        
          <lambda>
            <bvar>
              <ci> s1 </ci>
            </bvar>
            <bvar>
              <ci> c </ci>
            </bvar>
            <bvar>
              <ci> T </ci>
            </bvar>
            <bvar>
              <ci> p1 </ci>
            </bvar>
            <bvar>
              <ci> E </ci>
            </bvar>
            <bvar>
              <ci> IL </ci>
            </bvar>
            <bvar>
              <ci> g1_IL </ci>
            </bvar>
            <apply>
              <plus/>
              <ci> s1 </ci>
              <apply>
                <times/>
                <ci> c </ci>
                <ci> T </ci>
              </apply>
              <apply>
                <divide/>
                <apply>
                  <times/>
                  <ci> p1 </ci>
                  <ci> E </ci>
                  <ci> IL </ci>
                </apply>
                <ci> g1_IL </ci>
              </apply>
            </apply>
          </lambda>
        </math>
            </functionDefinition>
      <functionDefinition id="Euuation_for_IL2_Production" metaid="COPASI30" name="Euuation for IL2 Production">
        <annotation>
          <COPASI xmlns="http://www.copasi.org/static/sbml">
            <rdf:RDF xmlns:dcterms="http://purl.org/dc/terms/" xmlns:rdf="http://www.w3.org/1999/02/22-rdf-syntax-ns#">
              <rdf:Description rdf:about="#COPASI30">
                <dcterms:created>
                  <rdf:Description>
                    <dcterms:W3CDTF>2019-01-28T12:38:56Z</dcterms:W3CDTF>
                  </rdf:Description>
                </dcterms:created>
              </rdf:Description>
            </rdf:RDF>
          </COPASI>
        </annotation>
        <math xmlns="http://www.w3.org/1998/Math/MathML">        
          <lambda>
            <bvar>
              <ci> s2 </ci>
            </bvar>
            <bvar>
              <ci> p2 </ci>
            </bvar>
            <bvar>
              <ci> E </ci>
            </bvar>
            <bvar>
              <ci> T </ci>
            </bvar>
            <bvar>
              <ci> g3 </ci>
            </bvar>
            <apply>
              <plus/>
              <ci> s2 </ci>
              <apply>
                <divide/>
                <apply>
                  <times/>
                  <ci> p2 </ci>
                  <ci> E </ci>
                  <ci> T </ci>
                </apply>
                <apply>
                  <plus/>
                  <ci> g3 </ci>
                  <ci> T </ci>
                </apply>
              </apply>
            </apply>
          </lambda>
        </math>
            </functionDefinition>
    </listOfFunctionDefinitions>
    <listOfUnitDefinitions>
      <unitDefinition id="time" name="time">
        <listOfUnits>
          <unit exponent="1" kind="second" multiplier="86400" scale="0"/>
        </listOfUnits>
      </unitDefinition>
      <unitDefinition id="unit_0" name="1/d">
        <listOfUnits>
          <unit exponent="-1" kind="second" multiplier="86400" scale="-1"/>
        </listOfUnits>
      </unitDefinition>
      <unitDefinition id="unit_1" name="l">
        <listOfUnits>
          <unit exponent="1" kind="litre" multiplier="1" scale="0"/>
        </listOfUnits>
      </unitDefinition>
    </listOfUnitDefinitions>
    <listOfCompartments>
      <compartment constant="true" id="COMpartment" metaid="COPASI1" name="Microenvr" size="1" spatialDimensions="3">
        <annotation>
          <rdf:RDF xmlns:rdf="http://www.w3.org/1999/02/22-rdf-syntax-ns#" xmlns:dc="http://purl.org/dc/elements/1.1/" xmlns:dcterms="http://purl.org/dc/terms/" xmlns:vCard="http://www.w3.org/2001/vcard-rdf/3.0#" xmlns:bqbiol="http://biomodels.net/biology-qualifiers/" xmlns:bqmodel="http://biomodels.net/model-qualifiers/">
            <rdf:Description rdf:about="#COPASI1">
	<bqbiol:isVersionOf>
	<rdf:Bag>
	<rdf:li rdf:resource="http://identifiers.org/ncit/C94498"/>
	</rdf:Bag>
	</bqbiol:isVersionOf>
	</rdf:Description>
	
	
          </rdf:RDF>
          <COPASI xmlns="http://www.copasi.org/static/sbml">
            <rdf:RDF xmlns:CopasiMT="http://www.copasi.org/RDF/MiriamTerms#" xmlns:dcterms="http://purl.org/dc/terms/" xmlns:rdf="http://www.w3.org/1999/02/22-rdf-syntax-ns#">
              <rdf:Description rdf:about="#COPASI1">
                <dcterms:created>
                  <rdf:Description>
                    <dcterms:W3CDTF>2019-01-28T12:25:50Z</dcterms:W3CDTF>
                  </rdf:Description>
                </dcterms:created>
                <CopasiMT:isVersionOf rdf:resource="urn:miriam:ncit:C94498"/>
              </rdf:Description>
            </rdf:RDF>
          </COPASI>
        </annotation>
            </compartment>
    </listOfCompartments>
    <listOfSpecies>
      <species boundaryCondition="true" compartment="COMpartment" constant="true" id="Source" initialConcentration="0" metaid="COPASI2" name="Source">
        <annotation>
          <rdf:RDF xmlns:rdf="http://www.w3.org/1999/02/22-rdf-syntax-ns#" xmlns:dc="http://purl.org/dc/elements/1.1/" xmlns:dcterms="http://purl.org/dc/terms/" xmlns:vCard="http://www.w3.org/2001/vcard-rdf/3.0#" xmlns:bqbiol="http://biomodels.net/biology-qualifiers/" xmlns:bqmodel="http://biomodels.net/model-qualifiers/">
            <rdf:Description rdf:about="#COPASI2">
	<bqbiol:isVersionOf>
	<rdf:Bag>
	<rdf:li rdf:resource="http://identifiers.org/sbo/SBO:0000291"/>
	</rdf:Bag>
	</bqbiol:isVersionOf>
	</rdf:Description>
	
	
          </rdf:RDF>
          <COPASI xmlns="http://www.copasi.org/static/sbml">
            <rdf:RDF xmlns:CopasiMT="http://www.copasi.org/RDF/MiriamTerms#" xmlns:dcterms="http://purl.org/dc/terms/" xmlns:rdf="http://www.w3.org/1999/02/22-rdf-syntax-ns#">
              <rdf:Description rdf:about="#COPASI2">
                <dcterms:created>
                  <rdf:Description>
                    <dcterms:W3CDTF>2019-01-28T12:20:38Z</dcterms:W3CDTF>
                  </rdf:Description>
                </dcterms:created>
                <CopasiMT:isVersionOf rdf:resource="urn:miriam:sbo:SBO:0000291"/>
              </rdf:Description>
            </rdf:RDF>
          </COPASI>
        </annotation>
            </species>
      <species boundaryCondition="false" compartment="COMpartment" constant="false" id="Tumor" initialConcentration="1" metaid="COPASI3" name="Tumor">
        <annotation>
          <rdf:RDF xmlns:rdf="http://www.w3.org/1999/02/22-rdf-syntax-ns#" xmlns:dc="http://purl.org/dc/elements/1.1/" xmlns:dcterms="http://purl.org/dc/terms/" xmlns:vCard="http://www.w3.org/2001/vcard-rdf/3.0#" xmlns:bqbiol="http://biomodels.net/biology-qualifiers/" xmlns:bqmodel="http://biomodels.net/model-qualifiers/">
            <rdf:Description rdf:about="#COPASI3">
	<bqbiol:isVersionOf>
	<rdf:Bag>
	<rdf:li rdf:resource="http://identifiers.org/efo/EFO:0000616"/>
	</rdf:Bag>
	</bqbiol:isVersionOf>
	</rdf:Description>
	
	
          </rdf:RDF>
          <COPASI xmlns="http://www.copasi.org/static/sbml">
            <rdf:RDF xmlns:CopasiMT="http://www.copasi.org/RDF/MiriamTerms#" xmlns:dcterms="http://purl.org/dc/terms/" xmlns:rdf="http://www.w3.org/1999/02/22-rdf-syntax-ns#">
              <rdf:Description rdf:about="#COPASI3">
                <dcterms:created>
                  <rdf:Description>
                    <dcterms:W3CDTF>2019-01-28T12:20:38Z</dcterms:W3CDTF>
                  </rdf:Description>
                </dcterms:created>
                <CopasiMT:isVersionOf rdf:resource="urn:miriam:efo:EFO:0000616"/>
              </rdf:Description>
            </rdf:RDF>
          </COPASI>
        </annotation>
            </species>
      <species boundaryCondition="true" compartment="COMpartment" constant="true" id="Sink" initialConcentration="0" metaid="COPASI4" name="Sink">
        <annotation>
          <rdf:RDF xmlns:rdf="http://www.w3.org/1999/02/22-rdf-syntax-ns#" xmlns:dc="http://purl.org/dc/elements/1.1/" xmlns:dcterms="http://purl.org/dc/terms/" xmlns:vCard="http://www.w3.org/2001/vcard-rdf/3.0#" xmlns:bqbiol="http://biomodels.net/biology-qualifiers/" xmlns:bqmodel="http://biomodels.net/model-qualifiers/">
            <rdf:Description rdf:about="#COPASI4">
	<bqbiol:isVersionOf>
	<rdf:Bag>
	<rdf:li rdf:resource="http://identifiers.org/sbo/SBO:0000291"/>
	</rdf:Bag>
	</bqbiol:isVersionOf>
	</rdf:Description>
	
	
          </rdf:RDF>
          <COPASI xmlns="http://www.copasi.org/static/sbml">
            <rdf:RDF xmlns:CopasiMT="http://www.copasi.org/RDF/MiriamTerms#" xmlns:dcterms="http://purl.org/dc/terms/" xmlns:rdf="http://www.w3.org/1999/02/22-rdf-syntax-ns#">
              <rdf:Description rdf:about="#COPASI4">
                <dcterms:created>
                  <rdf:Description>
                    <dcterms:W3CDTF>2019-01-28T12:25:09Z</dcterms:W3CDTF>
                  </rdf:Description>
                </dcterms:created>
                <CopasiMT:isVersionOf rdf:resource="urn:miriam:sbo:SBO:0000291"/>
              </rdf:Description>
            </rdf:RDF>
          </COPASI>
        </annotation>
            </species>
      <species boundaryCondition="false" compartment="COMpartment" constant="false" id="IL2" initialConcentration="0" metaid="COPASI5" name="IL2">
        <annotation>
          <rdf:RDF xmlns:rdf="http://www.w3.org/1999/02/22-rdf-syntax-ns#" xmlns:dc="http://purl.org/dc/elements/1.1/" xmlns:dcterms="http://purl.org/dc/terms/" xmlns:vCard="http://www.w3.org/2001/vcard-rdf/3.0#" xmlns:bqbiol="http://biomodels.net/biology-qualifiers/" xmlns:bqmodel="http://biomodels.net/model-qualifiers/">
            <rdf:Description rdf:about="#COPASI5">
	<bqbiol:is>
	<rdf:Bag>
	<rdf:li rdf:resource="http://identifiers.org/uniprot/P60568"/>
	</rdf:Bag>
	</bqbiol:is>
	</rdf:Description>
	
	
          </rdf:RDF>
          <COPASI xmlns="http://www.copasi.org/static/sbml">
            <rdf:RDF xmlns:CopasiMT="http://www.copasi.org/RDF/MiriamTerms#" xmlns:dcterms="http://purl.org/dc/terms/" xmlns:rdf="http://www.w3.org/1999/02/22-rdf-syntax-ns#">
              <rdf:Description rdf:about="#COPASI5">
                <dcterms:created>
                  <rdf:Description>
                    <dcterms:W3CDTF>2019-01-28T12:20:02Z</dcterms:W3CDTF>
                  </rdf:Description>
                </dcterms:created>
                <CopasiMT:is rdf:resource="urn:miriam:uniprot:P60568"/>
              </rdf:Description>
            </rdf:RDF>
          </COPASI>
        </annotation>
            </species>
      <species boundaryCondition="false" compartment="COMpartment" constant="false" id="Immune_cells" initialConcentration="0" metaid="COPASI6" name="Immune_cells">
        <annotation>
          <rdf:RDF xmlns:rdf="http://www.w3.org/1999/02/22-rdf-syntax-ns#" xmlns:dc="http://purl.org/dc/elements/1.1/" xmlns:dcterms="http://purl.org/dc/terms/" xmlns:vCard="http://www.w3.org/2001/vcard-rdf/3.0#" xmlns:bqbiol="http://biomodels.net/biology-qualifiers/" xmlns:bqmodel="http://biomodels.net/model-qualifiers/">
            <rdf:Description rdf:about="#COPASI6">
              <bqbiol:hasPart>
	<rdf:Bag>
	<rdf:li rdf:resource="http://identifiers.org/bto/BTO:0000801"/>
	</rdf:Bag>
	</bqbiol:hasPart>
	<bqbiol:hasPart>
	<rdf:Bag>
	<rdf:li rdf:resource="http://identifiers.org/bto/BTO:0000914"/>
	</rdf:Bag>
	</bqbiol:hasPart>
	<bqbiol:hasPart>
	<rdf:Bag>
	<rdf:li rdf:resource="http://identifiers.org/bto/BTO:0000289"/>
	</rdf:Bag>
	</bqbiol:hasPart>
	
	<bqbiol:isVersionOf>
	<rdf:Bag>
	<rdf:li rdf:resource="http://identifiers.org/ncit/C132890"/>
	</rdf:Bag>
	</bqbiol:isVersionOf>
	</rdf:Description>
	
	
          </rdf:RDF>
          <COPASI xmlns="http://www.copasi.org/static/sbml">
            <rdf:RDF xmlns:CopasiMT="http://www.copasi.org/RDF/MiriamTerms#" xmlns:dcterms="http://purl.org/dc/terms/" xmlns:rdf="http://www.w3.org/1999/02/22-rdf-syntax-ns#">
              <rdf:Description rdf:about="#COPASI6">
                <dcterms:created>
                  <rdf:Description>
                    <dcterms:W3CDTF>2019-01-28T12:20:37Z</dcterms:W3CDTF>
                  </rdf:Description>
                </dcterms:created>
                <CopasiMT:hasPart rdf:resource="urn:miriam:bto:BTO:0000289"/>
                <CopasiMT:hasPart rdf:resource="urn:miriam:bto:BTO:0000801"/>
                <CopasiMT:hasPart rdf:resource="urn:miriam:bto:BTO:0000914"/>
                <CopasiMT:isVersionOf rdf:resource="urn:miriam:ncit:C132890"/>
              </rdf:Description>
            </rdf:RDF>
          </COPASI>
        </annotation>
            </species>
    </listOfSpecies>
    <listOfParameters>
      <parameter constant="true" id="tau" metaid="COPASI7" name="tau" units="unit_0" value="1">
        <annotation>
          <COPASI xmlns="http://www.copasi.org/static/sbml">
            <rdf:RDF xmlns:dcterms="http://purl.org/dc/terms/" xmlns:rdf="http://www.w3.org/1999/02/22-rdf-syntax-ns#">
              <rdf:Description rdf:about="#COPASI7">
                <dcterms:created>
                  <rdf:Description>
                    <dcterms:W3CDTF>2019-01-28T11:31:21Z</dcterms:W3CDTF>
                  </rdf:Description>
                </dcterms:created>
              </rdf:Description>
            </rdf:RDF>
          </COPASI>
        </annotation>
            </parameter>
      <parameter constant="true" id="mu2" metaid="COPASI8" name="mu2" units="unit_0" value="0.03">
        <annotation>
          <COPASI xmlns="http://www.copasi.org/static/sbml">
            <rdf:RDF xmlns:dcterms="http://purl.org/dc/terms/" xmlns:rdf="http://www.w3.org/1999/02/22-rdf-syntax-ns#">
              <rdf:Description rdf:about="#COPASI8">
                <dcterms:created>
                  <rdf:Description>
                    <dcterms:W3CDTF>2019-01-28T11:31:10Z</dcterms:W3CDTF>
                  </rdf:Description>
                </dcterms:created>
              </rdf:Description>
            </rdf:RDF>
          </COPASI>
        </annotation>
            </parameter>
      <parameter constant="true" id="c" metaid="COPASI9" name="c" units="unit_0" value="0.035">
        <annotation>
          <COPASI xmlns="http://www.copasi.org/static/sbml">
            <rdf:RDF xmlns:dcterms="http://purl.org/dc/terms/" xmlns:rdf="http://www.w3.org/1999/02/22-rdf-syntax-ns#">
              <rdf:Description rdf:about="#COPASI9">
                <dcterms:created>
                  <rdf:Description>
                    <dcterms:W3CDTF>2019-01-28T11:31:07Z</dcterms:W3CDTF>
                  </rdf:Description>
                </dcterms:created>
              </rdf:Description>
            </rdf:RDF>
          </COPASI>
        </annotation>
            </parameter>
      <parameter constant="true" id="p1" metaid="COPASI10" name="p1" units="unit_0" value="0.1245">
        <annotation>
          <COPASI xmlns="http://www.copasi.org/static/sbml">
            <rdf:RDF xmlns:dcterms="http://purl.org/dc/terms/" xmlns:rdf="http://www.w3.org/1999/02/22-rdf-syntax-ns#">
              <rdf:Description rdf:about="#COPASI10">
                <dcterms:created>
                  <rdf:Description>
                    <dcterms:W3CDTF>2019-01-28T11:31:12Z</dcterms:W3CDTF>
                  </rdf:Description>
                </dcterms:created>
              </rdf:Description>
            </rdf:RDF>
          </COPASI>
        </annotation>
            </parameter>
      <parameter constant="true" id="g1" metaid="COPASI11" name="g1" units="unit_1" value="20000000">
        <annotation>
          <COPASI xmlns="http://www.copasi.org/static/sbml">
            <rdf:RDF xmlns:dcterms="http://purl.org/dc/terms/" xmlns:rdf="http://www.w3.org/1999/02/22-rdf-syntax-ns#">
              <rdf:Description rdf:about="#COPASI11">
                <dcterms:created>
                  <rdf:Description>
                    <dcterms:W3CDTF>2019-01-28T11:31:08Z</dcterms:W3CDTF>
                  </rdf:Description>
                </dcterms:created>
              </rdf:Description>
            </rdf:RDF>
          </COPASI>
        </annotation>
            </parameter>
      <parameter constant="true" id="s1" metaid="COPASI12" name="s1" units="unit_0" value="0">
        <annotation>
          <COPASI xmlns="http://www.copasi.org/static/sbml">
            <rdf:RDF xmlns:dcterms="http://purl.org/dc/terms/" xmlns:rdf="http://www.w3.org/1999/02/22-rdf-syntax-ns#">
              <rdf:Description rdf:about="#COPASI12">
                <dcterms:created>
                  <rdf:Description>
                    <dcterms:W3CDTF>2019-01-28T11:31:20Z</dcterms:W3CDTF>
                  </rdf:Description>
                </dcterms:created>
              </rdf:Description>
            </rdf:RDF>
          </COPASI>
        </annotation>
            </parameter>
      <parameter constant="true" id="r2" metaid="COPASI13" name="r2" units="unit_0" value="0.18">
        <annotation>
          <COPASI xmlns="http://www.copasi.org/static/sbml">
            <rdf:RDF xmlns:dcterms="http://purl.org/dc/terms/" xmlns:rdf="http://www.w3.org/1999/02/22-rdf-syntax-ns#">
              <rdf:Description rdf:about="#COPASI13">
                <dcterms:created>
                  <rdf:Description>
                    <dcterms:W3CDTF>2019-01-28T11:31:19Z</dcterms:W3CDTF>
                  </rdf:Description>
                </dcterms:created>
              </rdf:Description>
            </rdf:RDF>
          </COPASI>
        </annotation>
            </parameter>
      <parameter constant="true" id="a" metaid="COPASI14" name="a" units="unit_0" value="1">
        <annotation>
          <COPASI xmlns="http://www.copasi.org/static/sbml">
            <rdf:RDF xmlns:dcterms="http://purl.org/dc/terms/" xmlns:rdf="http://www.w3.org/1999/02/22-rdf-syntax-ns#">
              <rdf:Description rdf:about="#COPASI14">
                <dcterms:created>
                  <rdf:Description>
                    <dcterms:W3CDTF>2019-01-28T11:31:03Z</dcterms:W3CDTF>
                  </rdf:Description>
                </dcterms:created>
              </rdf:Description>
            </rdf:RDF>
          </COPASI>
        </annotation>
            </parameter>
      <parameter constant="true" id="b" metaid="COPASI15" name="b" units="unit_1" value="1E-9">
        <annotation>
          <COPASI xmlns="http://www.copasi.org/static/sbml">
            <rdf:RDF xmlns:dcterms="http://purl.org/dc/terms/" xmlns:rdf="http://www.w3.org/1999/02/22-rdf-syntax-ns#">
              <rdf:Description rdf:about="#COPASI15">
                <dcterms:created>
                  <rdf:Description>
                    <dcterms:W3CDTF>2019-01-28T11:31:06Z</dcterms:W3CDTF>
                  </rdf:Description>
                </dcterms:created>
              </rdf:Description>
            </rdf:RDF>
          </COPASI>
        </annotation>
            </parameter>
      <parameter constant="true" id="g2" metaid="COPASI16" name="g2" units="unit_1" value="100000">
        <annotation>
          <COPASI xmlns="http://www.copasi.org/static/sbml">
            <rdf:RDF xmlns:dcterms="http://purl.org/dc/terms/" xmlns:rdf="http://www.w3.org/1999/02/22-rdf-syntax-ns#">
              <rdf:Description rdf:about="#COPASI16">
                <dcterms:created>
                  <rdf:Description>
                    <dcterms:W3CDTF>2019-01-28T11:31:09Z</dcterms:W3CDTF>
                  </rdf:Description>
                </dcterms:created>
              </rdf:Description>
            </rdf:RDF>
          </COPASI>
        </annotation>
            </parameter>
      <parameter constant="true" id="mu3" metaid="COPASI17" name="mu3" units="unit_0" value="10">
        <annotation>
          <COPASI xmlns="http://www.copasi.org/static/sbml">
            <rdf:RDF xmlns:dcterms="http://purl.org/dc/terms/" xmlns:rdf="http://www.w3.org/1999/02/22-rdf-syntax-ns#">
              <rdf:Description rdf:about="#COPASI17">
                <dcterms:created>
                  <rdf:Description>
                    <dcterms:W3CDTF>2019-01-28T11:31:12Z</dcterms:W3CDTF>
                  </rdf:Description>
                </dcterms:created>
              </rdf:Description>
            </rdf:RDF>
          </COPASI>
        </annotation>
            </parameter>
      <parameter constant="true" id="p2" metaid="COPASI18" name="p2" units="unit_0" value="5">
        <annotation>
          <COPASI xmlns="http://www.copasi.org/static/sbml">
            <rdf:RDF xmlns:dcterms="http://purl.org/dc/terms/" xmlns:rdf="http://www.w3.org/1999/02/22-rdf-syntax-ns#">
              <rdf:Description rdf:about="#COPASI18">
                <dcterms:created>
                  <rdf:Description>
                    <dcterms:W3CDTF>2019-01-28T11:31:17Z</dcterms:W3CDTF>
                  </rdf:Description>
                </dcterms:created>
              </rdf:Description>
            </rdf:RDF>
          </COPASI>
        </annotation>
            </parameter>
      <parameter constant="true" id="g3" metaid="COPASI19" name="g3" units="unit_1" value="1000">
        <annotation>
          <COPASI xmlns="http://www.copasi.org/static/sbml">
            <rdf:RDF xmlns:dcterms="http://purl.org/dc/terms/" xmlns:rdf="http://www.w3.org/1999/02/22-rdf-syntax-ns#">
              <rdf:Description rdf:about="#COPASI19">
                <dcterms:created>
                  <rdf:Description>
                    <dcterms:W3CDTF>2019-01-28T11:31:09Z</dcterms:W3CDTF>
                  </rdf:Description>
                </dcterms:created>
              </rdf:Description>
            </rdf:RDF>
          </COPASI>
        </annotation>
            </parameter>
      <parameter constant="true" id="s2" metaid="COPASI20" name="s2" units="unit_0" value="0">
        <annotation>
          <COPASI xmlns="http://www.copasi.org/static/sbml">
            <rdf:RDF xmlns:dcterms="http://purl.org/dc/terms/" xmlns:rdf="http://www.w3.org/1999/02/22-rdf-syntax-ns#">
              <rdf:Description rdf:about="#COPASI20">
                <dcterms:created>
                  <rdf:Description>
                    <dcterms:W3CDTF>2019-01-28T11:31:20Z</dcterms:W3CDTF>
                  </rdf:Description>
                </dcterms:created>
              </rdf:Description>
            </rdf:RDF>
          </COPASI>
        </annotation>
            </parameter>
    </listOfParameters>
    <listOfReactions>
      <reaction id="Tumor_growth" metaid="COPASI21" name="Tumor_growth" reversible="false">
        <annotation>
          <rdf:RDF xmlns:rdf="http://www.w3.org/1999/02/22-rdf-syntax-ns#" xmlns:dc="http://purl.org/dc/elements/1.1/" xmlns:dcterms="http://purl.org/dc/terms/" xmlns:vCard="http://www.w3.org/2001/vcard-rdf/3.0#" xmlns:bqbiol="http://biomodels.net/biology-qualifiers/" xmlns:bqmodel="http://biomodels.net/model-qualifiers/">
            <rdf:Description rdf:about="#COPASI21">
	<bqbiol:hasProperty>
	<rdf:Bag>
	<rdf:li rdf:resource="http://identifiers.org/sbo/SBO:0000610"/>
	</rdf:Bag>
	</bqbiol:hasProperty>
	</rdf:Description>
	
	
          </rdf:RDF>
          <COPASI xmlns="http://www.copasi.org/static/sbml">
            <rdf:RDF xmlns:bqbiol="http://biomodels.net/biology-qualifiers/" xmlns:dcterms="http://purl.org/dc/terms/" xmlns:rdf="http://www.w3.org/1999/02/22-rdf-syntax-ns#">
              <rdf:Description rdf:about="#COPASI21">
                <bqbiol:hasProperty rdf:resource="urn:miriam:sbo:SBO:0000610"/>
                <dcterms:created>
                  <rdf:Description>
                    <dcterms:W3CDTF>2019-01-28T12:16:25Z</dcterms:W3CDTF>
                  </rdf:Description>
                </dcterms:created>
              </rdf:Description>
            </rdf:RDF>
          </COPASI>
        </annotation>
              <listOfReactants>
          <speciesReference species="Source" stoichiometry="1"/>
        </listOfReactants>
        <listOfProducts>
          <speciesReference species="Tumor" stoichiometry="1"/>
        </listOfProducts>
        <kineticLaw>
          <math xmlns="http://www.w3.org/1998/Math/MathML">          
            <apply>
              <times/>
              <ci> COMpartment </ci>
              <apply>
                <ci> equation_for_Tumor_Growth </ci>
                <ci> r2 </ci>
                <ci> b </ci>
                <ci> Tumor </ci>
              </apply>
            </apply>
          </math>
                </kineticLaw>
      </reaction>
      <reaction id="Tumor_Killing" metaid="COPASI22" name="Tumor Killing" reversible="false">
        <annotation>
          <rdf:RDF xmlns:rdf="http://www.w3.org/1999/02/22-rdf-syntax-ns#" xmlns:dc="http://purl.org/dc/elements/1.1/" xmlns:dcterms="http://purl.org/dc/terms/" xmlns:vCard="http://www.w3.org/2001/vcard-rdf/3.0#" xmlns:bqbiol="http://biomodels.net/biology-qualifiers/" xmlns:bqmodel="http://biomodels.net/model-qualifiers/">
            <rdf:Description rdf:about="#COPASI22">
	<bqbiol:hasProperty>
	<rdf:Bag>
	<rdf:li rdf:resource="http://identifiers.org/go/GO:0001906"/>
	</rdf:Bag>
	</bqbiol:hasProperty>
	</rdf:Description>
	
	
          </rdf:RDF>
          <COPASI xmlns="http://www.copasi.org/static/sbml">
            <rdf:RDF xmlns:bqbiol="http://biomodels.net/biology-qualifiers/" xmlns:dcterms="http://purl.org/dc/terms/" xmlns:rdf="http://www.w3.org/1999/02/22-rdf-syntax-ns#">
              <rdf:Description rdf:about="#COPASI22">
                <bqbiol:hasProperty rdf:resource="urn:miriam:go.ref:GO:0001906"/>
                <dcterms:created>
                  <rdf:Description>
                    <dcterms:W3CDTF>2019-01-28T12:16:50Z</dcterms:W3CDTF>
                  </rdf:Description>
                </dcterms:created>
              </rdf:Description>
            </rdf:RDF>
          </COPASI>
        </annotation>
              <listOfReactants>
          <speciesReference species="Tumor" stoichiometry="1"/>
        </listOfReactants>
        <listOfProducts>
          <speciesReference species="Sink" stoichiometry="1"/>
        </listOfProducts>
        <listOfModifiers>
          <modifierSpeciesReference species="Immune_cells"/>
        </listOfModifiers>
        <kineticLaw>
          <math xmlns="http://www.w3.org/1998/Math/MathML">          
            <apply>
              <times/>
              <ci> COMpartment </ci>
              <apply>
                <ci> equation_for_Tumor_Killing </ci>
                <ci> a </ci>
                <ci> Immune_cells </ci>
                <ci> Tumor </ci>
                <ci> g2 </ci>
              </apply>
            </apply>
          </math>
                </kineticLaw>
      </reaction>
      <reaction id="Immune_cell_Activation" metaid="COPASI23" name="Immune cell Activation" reversible="false">
        <annotation>
          <rdf:RDF xmlns:rdf="http://www.w3.org/1999/02/22-rdf-syntax-ns#" xmlns:dc="http://purl.org/dc/elements/1.1/" xmlns:dcterms="http://purl.org/dc/terms/" xmlns:vCard="http://www.w3.org/2001/vcard-rdf/3.0#" xmlns:bqbiol="http://biomodels.net/biology-qualifiers/" xmlns:bqmodel="http://biomodels.net/model-qualifiers/">
            <rdf:Description rdf:about="#COPASI23">
	<bqbiol:hasProperty>
	<rdf:Bag>
	<rdf:li rdf:resource="http://identifiers.org/sbo/SBO:0000656"/>
	</rdf:Bag>
	</bqbiol:hasProperty>
	</rdf:Description>
	
	
          </rdf:RDF>
          <COPASI xmlns="http://www.copasi.org/static/sbml">
            <rdf:RDF xmlns:bqbiol="http://biomodels.net/biology-qualifiers/" xmlns:dcterms="http://purl.org/dc/terms/" xmlns:rdf="http://www.w3.org/1999/02/22-rdf-syntax-ns#">
              <rdf:Description rdf:about="#COPASI23">
                <bqbiol:hasProperty rdf:resource="urn:miriam:sbo:SBO:0000656"/>
                <dcterms:created>
                  <rdf:Description>
                    <dcterms:W3CDTF>2019-01-28T12:17:03Z</dcterms:W3CDTF>
                  </rdf:Description>
                </dcterms:created>
              </rdf:Description>
            </rdf:RDF>
          </COPASI>
        </annotation>
              <listOfReactants>
          <speciesReference species="Source" stoichiometry="1"/>
        </listOfReactants>
        <listOfProducts>
          <speciesReference species="Immune_cells" stoichiometry="1"/>
        </listOfProducts>
        <listOfModifiers>
          <modifierSpeciesReference species="Tumor"/>
          <modifierSpeciesReference species="IL2"/>
        </listOfModifiers>
        <kineticLaw>
          <math xmlns="http://www.w3.org/1998/Math/MathML">          
            <apply>
              <times/>
              <ci> COMpartment </ci>
              <apply>
                <ci> equation_for_immune_cell_activation </ci>
                <ci> s1 </ci>
                <ci> c </ci>
                <ci> Tumor </ci>
                <ci> p1 </ci>
                <ci> Immune_cells </ci>
                <ci> IL2 </ci>
                <ci> g1 </ci>
              </apply>
            </apply>
          </math>
                </kineticLaw>
      </reaction>
      <reaction id="Immune_cell_Utilization" metaid="COPASI24" name="Immune cell Utilization" reversible="false">
        <annotation>
          <rdf:RDF xmlns:rdf="http://www.w3.org/1999/02/22-rdf-syntax-ns#" xmlns:dc="http://purl.org/dc/elements/1.1/" xmlns:dcterms="http://purl.org/dc/terms/" xmlns:vCard="http://www.w3.org/2001/vcard-rdf/3.0#" xmlns:bqbiol="http://biomodels.net/biology-qualifiers/" xmlns:bqmodel="http://biomodels.net/model-qualifiers/">
            <rdf:Description rdf:about="#COPASI24">
	<bqbiol:hasProperty>
	<rdf:Bag>
	<rdf:li rdf:resource="http://identifiers.org/sbo/SBO:0000394"/>
	</rdf:Bag>
	</bqbiol:hasProperty>
	</rdf:Description>
	
	
          </rdf:RDF>
          <COPASI xmlns="http://www.copasi.org/static/sbml">
            <rdf:RDF xmlns:bqbiol="http://biomodels.net/biology-qualifiers/" xmlns:dcterms="http://purl.org/dc/terms/" xmlns:rdf="http://www.w3.org/1999/02/22-rdf-syntax-ns#">
              <rdf:Description rdf:about="#COPASI24">
                <bqbiol:hasProperty rdf:resource="urn:miriam:sbo:SBO:0000394"/>
                <dcterms:created>
                  <rdf:Description>
                    <dcterms:W3CDTF>2019-01-28T12:17:27Z</dcterms:W3CDTF>
                  </rdf:Description>
                </dcterms:created>
              </rdf:Description>
            </rdf:RDF>
          </COPASI>
        </annotation>
              <listOfReactants>
          <speciesReference species="Immune_cells" stoichiometry="1"/>
        </listOfReactants>
        <listOfProducts>
          <speciesReference species="Sink" stoichiometry="1"/>
        </listOfProducts>
        <kineticLaw>
          <math xmlns="http://www.w3.org/1998/Math/MathML">          
            <apply>
              <times/>
              <ci> COMpartment </ci>
              <ci> mu2 </ci>
              <ci> Immune_cells </ci>
            </apply>
          </math>
                </kineticLaw>
      </reaction>
      <reaction id="IL2_Synthesis" metaid="COPASI25" name="IL2 Synthesis" reversible="false">
        <annotation>
          <rdf:RDF xmlns:rdf="http://www.w3.org/1999/02/22-rdf-syntax-ns#" xmlns:dc="http://purl.org/dc/elements/1.1/" xmlns:dcterms="http://purl.org/dc/terms/" xmlns:vCard="http://www.w3.org/2001/vcard-rdf/3.0#" xmlns:bqbiol="http://biomodels.net/biology-qualifiers/" xmlns:bqmodel="http://biomodels.net/model-qualifiers/">
            <rdf:Description rdf:about="#COPASI25">
	<bqbiol:hasProperty>
	<rdf:Bag>
	<rdf:li rdf:resource="http://identifiers.org/sbo/SBO:0000393"/>
	</rdf:Bag>
	</bqbiol:hasProperty>
	</rdf:Description>
	
	
          </rdf:RDF>
          <COPASI xmlns="http://www.copasi.org/static/sbml">
            <rdf:RDF xmlns:bqbiol="http://biomodels.net/biology-qualifiers/" xmlns:dcterms="http://purl.org/dc/terms/" xmlns:rdf="http://www.w3.org/1999/02/22-rdf-syntax-ns#">
              <rdf:Description rdf:about="#COPASI25">
                <bqbiol:hasProperty rdf:resource="urn:miriam:sbo:SBO:0000393"/>
                <dcterms:created>
                  <rdf:Description>
                    <dcterms:W3CDTF>2019-01-28T12:17:02Z</dcterms:W3CDTF>
                  </rdf:Description>
                </dcterms:created>
              </rdf:Description>
            </rdf:RDF>
          </COPASI>
        </annotation>
              <listOfReactants>
          <speciesReference species="Source" stoichiometry="1"/>
        </listOfReactants>
        <listOfProducts>
          <speciesReference species="IL2" stoichiometry="1"/>
        </listOfProducts>
        <listOfModifiers>
          <modifierSpeciesReference species="Immune_cells"/>
          <modifierSpeciesReference species="Tumor"/>
        </listOfModifiers>
        <kineticLaw>
          <math xmlns="http://www.w3.org/1998/Math/MathML">          
            <apply>
              <times/>
              <ci> COMpartment </ci>
              <apply>
                <ci> Euuation_for_IL2_Production </ci>
                <ci> s2 </ci>
                <ci> p2 </ci>
                <ci> Immune_cells </ci>
                <ci> Tumor </ci>
                <ci> g3 </ci>
              </apply>
            </apply>
          </math>
                </kineticLaw>
      </reaction>
      <reaction id="IL2_Degradation" metaid="COPASI26" name="IL2 Degradation" reversible="false">
        <annotation>
          <rdf:RDF xmlns:rdf="http://www.w3.org/1999/02/22-rdf-syntax-ns#" xmlns:dc="http://purl.org/dc/elements/1.1/" xmlns:dcterms="http://purl.org/dc/terms/" xmlns:vCard="http://www.w3.org/2001/vcard-rdf/3.0#" xmlns:bqbiol="http://biomodels.net/biology-qualifiers/" xmlns:bqmodel="http://biomodels.net/model-qualifiers/">
            <rdf:Description rdf:about="#COPASI26">
	<bqbiol:hasProperty>
	<rdf:Bag>
	<rdf:li rdf:resource="http://identifiers.org/sbo/SBO:0000179"/>
	</rdf:Bag>
	</bqbiol:hasProperty>
	</rdf:Description>
	
	
          </rdf:RDF>
          <COPASI xmlns="http://www.copasi.org/static/sbml">
            <rdf:RDF xmlns:bqbiol="http://biomodels.net/biology-qualifiers/" xmlns:dcterms="http://purl.org/dc/terms/" xmlns:rdf="http://www.w3.org/1999/02/22-rdf-syntax-ns#">
              <rdf:Description rdf:about="#COPASI26">
                <bqbiol:hasProperty rdf:resource="urn:miriam:sbo:SBO:0000179"/>
                <dcterms:created>
                  <rdf:Description>
                    <dcterms:W3CDTF>2019-01-28T12:18:01Z</dcterms:W3CDTF>
                  </rdf:Description>
                </dcterms:created>
              </rdf:Description>
            </rdf:RDF>
          </COPASI>
        </annotation>
              <listOfReactants>
          <speciesReference species="IL2" stoichiometry="1"/>
        </listOfReactants>
        <listOfProducts>
          <speciesReference species="Sink" stoichiometry="1"/>
        </listOfProducts>
        <kineticLaw>
          <math xmlns="http://www.w3.org/1998/Math/MathML">          
            <apply>
              <times/>
              <ci> COMpartment </ci>
              <ci> mu3 </ci>
              <ci> IL2 </ci>
            </apply>
          </math>
                </kineticLaw>
      </reaction>
    </listOfReactions>
  </model>
</sbml>