{
    "name": "Leon-Triana2021 - Competition between tumour cells and single-target CAR T-cells",
    "description": "<notes xmlns=\"http://www.sbml.org/sbml/level2/version4\">      <body xmlns=\"http://www.w3.org/1999/xhtml\">        <pre>This model of the use of chimeric antigen receptor (CAR)-T cell therapy in the treatment of solid tumours is described in the article:\"Dual-Target CAR-Ts with On- and Off-Tumour Activity May Override Immune Suppression in Solid Cancers: A Mathematical Proof of Concept\"Odelaisy León-Triana, Antonio Pérez-Martínez, Manuel Ramírez-Orellana and Víctor M. Pérez-GarcíaCancers 2021, 13, 703.; doi: 10.3390/cancers13040703Comment:This is the first mathematical model, derived from equations 1 and 2, used in the paper.Reproduction of Fig. 5a was achieved by setting alpha_1 = 0.04, different to the value quoted in the article caption for Fig. 5.Abstract:Chimeric antigen receptor (CAR)-T cell-based therapies have achieved substantial success against B-cell malignancies, which has led to a growing scientific and clinical interest in extending their use to solid cancers. However, results for solid tumours have been limited up to now, in part due to the immunosuppressive tumour microenvironment, which is able to inactivate CAR-T cell clones. In this paper we put forward a mathematical model describing the competition of CAR-T and tumour cells, taking into account their immunosuppressive capacity. Using the mathematical model, we show that the use of large numbers of CAR-T cells targetting the solid tumour antigens could overcome the immunosuppressive potential of cancer. To achieve such high levels of CAR-T cells we propose, and study computationally, the manufacture and injection of CAR-T cells targetting two antigens: CD19 and a tumour-associated antigen. We study in silico the resulting dynamics of the disease after the injection of this product and find that the expansion of the CAR-T cell population in the blood and lymphopoietic organs could lead to the massive production of an army of CAR-T cells targetting the solid tumour, and potentially overcoming its immune suppression capabilities. This strategy could benefit from the combination with PD-1 inhibitors and low tumour loads. Our computational results provide theoretical support for the treatment of different types of solid tumours using T cells engineered with combination treatments of dual CARs with on- and off-tumour activity and anti-PD-1 drugs after completion of classical cytoreductive treatments.</pre>      </body>    </notes>",
    "format": {
        "name": "SBML",
        "identifier": "SBML",
        "version": "L2V4"
    },
    "publication": {
        "type": "PubMed ID",
        "accession": "33572301",
        "journal": "Cancers",
        "title": "Dual-Target CAR-Ts with On- and Off-Tumour Activity May Override Immune Suppression in Solid Cancers: A Mathematical Proof of Concept.",
        "affiliation": "Mathematical Oncology Laboratory (MOLAB), Department of Mathematics, Instituto de Matemática Aplicada a la Ciencia y la Ingeniería, Universidad de Castilla-La Mancha, Avda. Camilo José Cela, 3, 13071 Ciudad Real, Spain.",
        "synopsis": "Chimeric antigen receptor (CAR)-T cell-based therapies have achieved substantial success against B-cell malignancies, which has led to a growing scientific and clinical interest in extending their use to solid cancers. However, results for solid tumours have been limited up to now, in part due to the immunosuppressive tumour microenvironment, which is able to inactivate CAR-T cell clones. In this paper we put forward a mathematical model describing the competition of CAR-T and tumour cells, taking into account their immunosuppressive capacity. Using the mathematical model, we show that the use of large numbers of CAR-T cells targetting the solid tumour antigens could overcome the immunosuppressive potential of cancer. To achieve such high levels of CAR-T cells we propose, and study computationally, the manufacture and injection of CAR-T cells targetting two antigens: CD19 and a tumour-associated antigen. We study in silico the resulting dynamics of the disease after the injection of this product and find that the expansion of the CAR-T cell population in the blood and lymphopoietic organs could lead to the massive production of an army of CAR-T cells targetting the solid tumour, and potentially overcoming its immune suppression capabilities. This strategy could benefit from the combination with PD-1 inhibitors and low tumour loads. Our computational results provide theoretical support for the treatment of different types of solid tumours using T cells engineered with combination treatments of dual CARs with on- and off-tumour activity and anti-PD-1 drugs after completion of classical cytoreductive treatments.",
        "year": 2021,
        "month": "2",
        "volume": "13",
        "issue": "4",
        "pages": "703",
        "link": "http://identifiers.org/pubmed/33572301",
        "authors": [
            {
                "name": "Odelaisy León-Triana",
                "institution": "Mathematical Oncology Laboratory (MOLAB), Department of Mathematics, Instituto de Matemática Aplicada a la Ciencia y la Ingeniería, Universidad de Castilla-La Mancha, Avda. Camilo José Cela, 3, 13071 Ciudad Real, Spain.",
                "orcid": "0000-0002-7509-7754"
            },
            {
                "name": "Antonio Pérez-Martínez",
                "institution": "Paediatric Haemato-Oncology Department, Hospital Universitario La Paz, 28046 Madrid, Spain.",
                "orcid": "0000-0002-6436-9195"
            },
            {
                "name": "Manuel Ramírez-Orellana",
                "institution": "Translational Research Unit in Paediatric Haemato-Oncology, Haematopoietic Stem Cell Transplantation and Cell Therapy, Hospital Infantil Universitario Niño Jesús, 28009 Madrid, Spain.",
                "orcid": "0000-0003-0332-6973"
            },
            {
                "name": "Víctor M Pérez-García",
                "institution": "Mathematical Oncology Laboratory (MOLAB), Department of Mathematics, Instituto de Matemática Aplicada a la Ciencia y la Ingeniería, Universidad de Castilla-La Mancha, Avda. Camilo José Cela, 3, 13071 Ciudad Real, Spain.",
                "orcid": "0000-0002-6575-495X"
            }
        ]
    },
    "files": {
        "main": [
            {
                "name": "Leon-Triana2021 - eqs 1 and 2.xml",
                "description": "SBML level 2 version 4 representation of the model",
                "fileSize": "30439",
                "mimeType": "application/xml",
                "md5sum": "f9b499c7b256282b1ce674b7b844f96c",
                "sha1sum": "10d9ae747e5b3b2d593588b4b114489ecf542f3a",
                "sha256sum": "8f92298964f77c9521899c6179538b6fcc686e8b4649084296a9a0dcd74d1f49"
            }
        ],
        "additional": [
            {
                "name": "Fig 3a - CAR-T cells.png",
                "description": "PNG file - Fig. 3(a) reproduction",
                "fileSize": "11607",
                "mimeType": "image/png",
                "md5sum": "710526dd8001abde1628778d1ed0a96f",
                "sha1sum": "495832868cec6fabcee49b4e3e9fc87ba34d0083",
                "sha256sum": "12e501b16ff83b05682379b078fa2f0ab2c447f9ea517c6df830f88fca69ba06"
            },
            {
                "name": "Fig 3a - tumour cells.png",
                "description": "PNG file - Fig. 3(a) reproduction",
                "fileSize": "11297",
                "mimeType": "image/png",
                "md5sum": "e0fc08653b14e7e6737d8c4b9d139179",
                "sha1sum": "c2780d23ec363dee3362803e36f803c340824b3c",
                "sha256sum": "a7021bf11c25a1779062106a4fab109907593345140d6caa0cedf1cf85b7d378"
            },
            {
                "name": "Fig 3b - CAR-T cells.png",
                "description": "PNG file - Fig. 3(b) reproduction",
                "fileSize": "13307",
                "mimeType": "image/png",
                "md5sum": "98800093cd63bee3c3b3e198c15c7663",
                "sha1sum": "855aafb479769c83171107bd616065b8e8f1a76f",
                "sha256sum": "d8318fa321af38fa0a0039998ee8b0962f4237ce5a0388c8cba8e71f0e3ba85e"
            },
            {
                "name": "Fig 3b - tumour cells.png",
                "description": "PNG file - Fig. 3(b) reproduction",
                "fileSize": "12130",
                "mimeType": "image/png",
                "md5sum": "548e99766ca43303fb27ef4d402ea617",
                "sha1sum": "1f0f9380d4f0f0560e334cac65b082f6e6aa1e4e",
                "sha256sum": "1d62f75d77b55fa6d5e15c42fe923a808682d7ec3bc83437684c90cdb32e9d04"
            },
            {
                "name": "Fig 4a - CAR-T cells.png",
                "description": "PNG file - Fig. 4(a) reproduction",
                "fileSize": "9028",
                "mimeType": "image/png",
                "md5sum": "14eb18e49469712301c4f03c55a32b52",
                "sha1sum": "23dafdfd168d578db9c68c0bd1ae6c6f8bbbfb77",
                "sha256sum": "4064f63b21e7c6d4bda230170ca6f4b75007acc8702be608d6b1adc1fdbe027c"
            },
            {
                "name": "Fig 4a - tumour cells.png",
                "description": "PNG file - Fig. 4(a) reproduction",
                "fileSize": "10492",
                "mimeType": "image/png",
                "md5sum": "e1b4d41bb1e41b3acbf79a5f54ba1a5d",
                "sha1sum": "108e2f078bd5d47835888b48045866a2f49979f0",
                "sha256sum": "2eb9deebd205138de466bea66627611e001b12e907ec7a61ee115b1c3da7c908"
            },
            {
                "name": "Fig 4b - CAR-T cells.png",
                "description": "PNG file - Fig. 4(b) reproduction",
                "fileSize": "11583",
                "mimeType": "image/png",
                "md5sum": "bfd27f50924467c55b538e28b5440cf5",
                "sha1sum": "63086113938a0c856fdcc539b94d05abdca9a092",
                "sha256sum": "2acfc4be47401bece6f367293e9038fb9f42e325cfa0f2c17f9946ed00a974b4"
            },
            {
                "name": "Fig 4b - tumour cells.png",
                "description": "PNG file - Fig. 4(b) reproduction",
                "fileSize": "10024",
                "mimeType": "image/png",
                "md5sum": "90ee0b53ac7e450ee3d5fbbb9c539c74",
                "sha1sum": "54e68470e8b6eb6c5535458564a37d2d07831918",
                "sha256sum": "2a399588edfacd874ce96fe86a8d6169e339b08591b09f0cf518a46431f40643"
            },
            {
                "name": "Fig 4c - CAR-T cells.png",
                "description": "PNG file - Fig. 4(c) reproduction",
                "fileSize": "10789",
                "mimeType": "image/png",
                "md5sum": "fe34c0ed847020290f0ce79f55e0d9d1",
                "sha1sum": "4b2551b115f944a6e7f80ce60ce1cebe19c07040",
                "sha256sum": "99fde07b4c01d216a8b1cfc289471715621ee731f9e78e651ee0b1757d0d2b71"
            },
            {
                "name": "Fig 4c - tumour cells.png",
                "description": "PNG file - Fig. 4(c) reproduction",
                "fileSize": "9609",
                "mimeType": "image/png",
                "md5sum": "6416a51d9138613771d5531b1e4eccf8",
                "sha1sum": "759df3ce2464f1276a275393eb61d262ffe9a1e5",
                "sha256sum": "3516dd9c003e507a53cb3d55f7c879d87932c4b76eae8df8635d75c05782385e"
            },
            {
                "name": "Leon-Triana2021 - eqs 1 and 2 - fig 1 - a and c.sedml",
                "description": "SEDML file - Fig. 1(a, c) simulation (Additionally CRBM-validated and adjusted.)",
                "fileSize": "11055",
                "mimeType": "application/xml",
                "md5sum": "bd472fa12deba6c04b218b5a1dd61353",
                "sha1sum": "4cccc4ae701007f1aa359917eebf35eb9a2ecd60",
                "sha256sum": "1b14a83c076584e1cdc14195edd215e15ebcfaf81042ee1c35cada302019d794"
            },
            {
                "name": "Leon-Triana2021 - eqs 1 and 2 - fig 1 - b and d.sedml",
                "description": "SEDML file - Fig. 1(b, d) simulation (Additionally CRBM-validated and adjusted.)",
                "fileSize": "10634",
                "mimeType": "application/xml",
                "md5sum": "0e94b367a888ec44f23553e833c4f58d",
                "sha1sum": "1589021b3f64860a9bf7294115036b9fe07985d4",
                "sha256sum": "8d0be5d4ccb2b6f4c8f631e9149c6abed774bfaec8298719b24d4b9c2b45dce3"
            },
            {
                "name": "Leon-Triana2021 - eqs 1 and 2 - fig 3a.sedml",
                "description": "SEDML file - Fig. 3(a) simulation (Additionally CRBM-validated and adjusted.)",
                "fileSize": "10649",
                "mimeType": "application/xml",
                "md5sum": "964d8be3b702debd1d0a618948bdb40d",
                "sha1sum": "04ca0ec7b9ef95bdb1f6144026c7608cd7ed7bef",
                "sha256sum": "b6ec3178ae0120156b46862e9c69832061105c9d2b72d89c7bc0ba34b2472ab0"
            },
            {
                "name": "Leon-Triana2021 - eqs 1 and 2 - fig 3b.sedml",
                "description": "SEDML file - Fig. 3(b) simulation (Additionally CRBM-validated and adjusted.)",
                "fileSize": "10651",
                "mimeType": "application/xml",
                "md5sum": "33b65064e39ce8f7ec6c40a403db4757",
                "sha1sum": "5823daf03f36128bf44752be36cfc665951bcc33",
                "sha256sum": "f4487fa1ee0bdac316fbce58fce48dd15c8fa1121aedf8f8300731a48c87a43c"
            },
            {
                "name": "Leon-Triana2021 - eqs 1 and 2 - fig 4a.sedml",
                "description": "SEDML file - Fig. 4(a) simulation (Additionally CRBM-validated and adjusted.)",
                "fileSize": "10637",
                "mimeType": "application/xml",
                "md5sum": "831d4579bc90c2a380a10f3b2a76081e",
                "sha1sum": "7f20c546e9b2c5ba3f547de3faf58665d13f794a",
                "sha256sum": "57fddd0cb038a117cb364bd17081328798e8fae5ec861e219b7b3cc996e60616"
            },
            {
                "name": "Leon-Triana2021 - eqs 1 and 2 - fig 4b.sedml",
                "description": "SEDML file - Fig. 4(b) simulation (Additionally CRBM-validated and adjusted.)",
                "fileSize": "10637",
                "mimeType": "application/xml",
                "md5sum": "4272b1ec2e8cc51587d14226de76f6c6",
                "sha1sum": "e6317da306e8149b882a98f0b31eb23a1b6111d2",
                "sha256sum": "f3ac94daaf354d5099e7893f69b8072635bb7f710b0681cbfc1b2650c51dc987"
            },
            {
                "name": "Leon-Triana2021 - eqs 1 and 2 - fig 4c.sedml",
                "description": "SEDML file - Fig. 4(c) simulation (Additionally CRBM-validated and adjusted.)",
                "fileSize": "10637",
                "mimeType": "application/xml",
                "md5sum": "f5bc2807d278ec35c2a8f1593ddc1737",
                "sha1sum": "61e3423c1fc5b7f1008709c21e76f97b9d7a5f67",
                "sha256sum": "f38541bf6aa2947929392001dcf7775dd8ef076ae8afcf20fd7af2410ab35243"
            },
            {
                "name": "Leon-Triana2021 - eqs 1 and 2 - fig 5a.sedml",
                "description": "SEDML file - Fig. 5(a) simulation (Additionally CRBM-validated and adjusted.)",
                "fileSize": "9926",
                "mimeType": "application/xml",
                "md5sum": "a4ef19662d7765920100a81c8b13d32b",
                "sha1sum": "9be452ca2846804991a67c30ca49a42454aa8a6a",
                "sha256sum": "ccd60355dc7bbe99fe58f402774f985e7297a68dbf0d138e5ac9e024259eb14d"
            },
            {
                "name": "Leon-Triana2021 - eqs 1 and 2-biopax2.owl",
                "description": "Auto-generated BioPAX (Level 2) file.",
                "fileSize": "11470",
                "mimeType": "application/rdf+xml",
                "md5sum": "b6cadfe030bbd641601edca7fa9482df",
                "sha1sum": "ed9284e01c5734148e1b76cc61cd040e475c897f",
                "sha256sum": "9274ba56d2940702395efcf3e141f37d4fe419b66e669ea927f6b5e97942d31e"
            },
            {
                "name": "Leon-Triana2021 - eqs 1 and 2-biopax3.owl",
                "description": "Auto-generated BioPAX (Level 3) file.",
                "fileSize": "13817",
                "mimeType": "application/rdf+xml",
                "md5sum": "900653d0a7249b05bc5a03a491b4cba8",
                "sha1sum": "5cae22663a2e52bec11d5ab645e87c9765b6b9a8",
                "sha256sum": "bdb5523d9c046c1725f078f4733c93e8f257e322fb6b1031bc30cf7880be4288"
            },
            {
                "name": "Leon-Triana2021 - eqs 1 and 2-matlab.m",
                "description": "Auto-generated Matlab file.",
                "fileSize": "4251",
                "mimeType": "text/x-matlab",
                "md5sum": "034088df220d4638ccf94709ab13cd9d",
                "sha1sum": "ecc284e58ee3f2a72147d814c1f269eb32cf1d40",
                "sha256sum": "519c636f96fbca88b200acb4374c18cdea59ee22fb2f09ab36f0f42233f1aa2e"
            },
            {
                "name": "Leon-Triana2021 - eqs 1 and 2-octave.m",
                "description": "Auto-generated Octave file.",
                "fileSize": "4251",
                "mimeType": "text/x-matlab",
                "md5sum": "485dc19a5f118d56126eaed5ef950e9a",
                "sha1sum": "e44f019f58366273fa7ebf37f85b5bebd9829ef1",
                "sha256sum": "4996792fb1bb758caca2de1400200b0fba10272a28dc79a562595ad08baaf608"
            },
            {
                "name": "Leon-Triana2021 - eqs 1 and 2.cps",
                "description": "COPASI file",
                "fileSize": "57110",
                "mimeType": "application/xml",
                "md5sum": "be64cd467c861c3229da331e0d4e3d07",
                "sha1sum": "e1ea3cc176ca3cb015d6c8dd8fe8ab322e5ba6a4",
                "sha256sum": "631f7d58f0cdbd1aa4b881246253157587a3f9185c54ed4801f0ff90cd56d7ca"
            },
            {
                "name": "Leon-Triana2021 - eqs 1 and 2.ode",
                "description": "Auto-generated ODE file for XPP.",
                "fileSize": "2648",
                "mimeType": "text/plain",
                "md5sum": "3f88f66cbe57fb59c5dd462fd373f54b",
                "sha1sum": "e1a5c1343279fd1848f785d367ce7bb23f30928a",
                "sha256sum": "d17eb81809b67e94fee824f5b463f2c39d9ecd1bbc100a953b990fb65f0dfe00"
            },
            {
                "name": "Leon-Triana2021 Fig 1a.png",
                "description": "PNG file - Fig. 1(a) reproduction",
                "fileSize": "131974",
                "mimeType": "image/png",
                "md5sum": "71b135e108be2cc555965d8748d0e703",
                "sha1sum": "a6a87974f6c87ceb10395881573937047adf12e6",
                "sha256sum": "fa23e3144d7341fe97f555b2b3d8f9c1f3b75489ce5df1979058ffbc5fb1e74d"
            },
            {
                "name": "Leon-Triana2021 Fig 1b.png",
                "description": "PNG file - Fig. 1(b) reproduction",
                "fileSize": "135120",
                "mimeType": "image/png",
                "md5sum": "d20291ba285337ac3f337a8df641e2b8",
                "sha1sum": "d0055a162673d56318d8da5bebed99ff6e7b9ac0",
                "sha256sum": "c4acfec73ee7ff65b21648bc824f9254b7bfa8a6b16c5f8a652db5fe05009fad"
            },
            {
                "name": "Leon-Triana2021 Fig 1c.png",
                "description": "PNG file - Fig. 1(c) reproduction",
                "fileSize": "140085",
                "mimeType": "image/png",
                "md5sum": "953066bfcb313362ed542c5b5e9e94c7",
                "sha1sum": "ea5b7b089d50a545e5cbeacbc5d7c03e8f3f7972",
                "sha256sum": "938f79f1b7297df581609ac5b39dcef1d7347e85d09a4fac9cd6a17522107d8d"
            },
            {
                "name": "Leon-Triana2021 Fig 1d.png",
                "description": "PNG file - Fig. 1(d) reproduction",
                "fileSize": "114508",
                "mimeType": "image/png",
                "md5sum": "1a14d9685927990c373393f72d869682",
                "sha1sum": "19d44c0728d0feeab6a4dc3d672c80b422eab4c5",
                "sha256sum": "1dd7c8f448f99462d98e9e11e1c80c02d32cb5b8fac4b2434cfb8bdd9c6adeca"
            },
            {
                "name": "Leon-Triana2021 Fig 5a - CAR T-cells.png",
                "description": "PNG file - Fig. 5(a) reproduction",
                "fileSize": "112371",
                "mimeType": "image/png",
                "md5sum": "b67d2889d19b76fcc9ea6ed0712dec12",
                "sha1sum": "a6ee6c4bfe91ba02d64ef3afa934cd310a67bdf5",
                "sha256sum": "67c9f17434ec7e6dc9872493321d22ab50384288ed82bc14e6ec082f8cd7ac3d"
            },
            {
                "name": "Leon-Triana2021 Fig 5a - tumour cells.png",
                "description": "PNG file - Fig. 5(a) reproduction",
                "fileSize": "121564",
                "mimeType": "image/png",
                "md5sum": "2567d5a63394e8a2bdc29560d370befb",
                "sha1sum": "43973c6154ec875d2360e4e100d9e3c715dffaf6",
                "sha256sum": "3e67d5afe56b2fd0c6147b37d58fbe781e9fdcaf048e93f4e370272397a8d635"
            },
            {
                "name": "curation_image.png",
                "description": "Reproduced figure(s) from original curation.",
                "fileSize": "116799",
                "mimeType": "image/png",
                "md5sum": "68114fd83a5db8f3355384c8b16768de",
                "sha1sum": "a19b57913cf5a790b60b480e7244237d7bc0f768",
                "sha256sum": "5af19f883055ad5d7056a117e4a35b349e9bad5aadd40a0b3b46d2d0d3fced70"
            },
            {
                "name": "curation_notes.txt",
                "description": "Notes from original curation (describes curation_image).",
                "fileSize": "225",
                "mimeType": "text/plain",
                "md5sum": "40b7b75e87e283a5ced9129a38b2f9d0",
                "sha1sum": "be4ab4e4cbbfa5cd7102fa6033aa085b3f3928aa",
                "sha256sum": "5e82c185d56e866be5758f4e0901bf8e5bb358b8c66da6397c519eb7c8de99f0"
            },
            {
                "name": "manifest.xml",
                "description": "Auto-generated manifest file for OMEX archives.",
                "fileSize": "4505",
                "mimeType": "application/xml",
                "md5sum": "da5d3971aa60af0e1e9bd0ca71625dbd",
                "sha1sum": "b48da495a67499fca168b51981272406caaeecc4",
                "sha256sum": "e7ee64a8712bb846799875c2b1d705326553979425152f668e8a2d06e3b90a4a"
            },
            {
                "name": "metadata.rdf",
                "description": "Auto-generated annotation metadata file.",
                "fileSize": "6699",
                "mimeType": "application/rdf+xml",
                "md5sum": "3388eda0a6e3122d496e37f5d401f83e",
                "sha1sum": "6ec687ede45f933120025e333f7e1df40fa10b80",
                "sha256sum": "1f1f59aba1eb2f965cf7096369fa8179d5f2a5f54964c6c29d72a8427699a231"
            }
        ]
    },
    "history": {
        "revisions": [
            {
                "version": 2,
                "submitted": 1626108862,
                "submitter": "Emilia Chen",
                "comment": "Automatically added model identifier BIOMD0000001013"
            },
            {
                "version": 4,
                "submitted": 1626169423,
                "submitter": "Emilia Chen",
                "comment": "Automatically added model identifier BIOMD0000001013"
            },
            {
                "version": 6,
                "submitted": 1627051179,
                "submitter": "Emilia Chen",
                "comment": "Automatically added model identifier BIOMD0000001013"
            },
            {
                "version": 7,
                "submitted": 1724291734,
                "submitter": "Lucian Smith",
                "comment": "CRBM-sponsored manual and automated updates."
            }
        ]
    },
    "firstPublished": 1725282013,
    "submissionId": "MODEL2107120003",
    "publicationId": "BIOMD0000001013",
    "modellingApproach": {
        "accession": "MAMO_0000046",
        "name": "ordinary differential equation model",
        "resource": "http://identifiers.org/mamo/MAMO_0000046"
    },
    "curationStatus": "CURATED",
    "modelTags": [
        "Immuno-oncology"
    ],
    "contributors": {
        "Curator": [
            {
                "name": "Lucian Smith",
                "email": "lpsmith@uw.edu",
                "affiliation": "University of Washington",
                "orcid": "0000-0001-7002-6386",
                "external": false
            }
        ],
        "Modeller": [
            {
                "name": "Emilia Chen",
                "email": "emiliachen1@gmail.com",
                "affiliation": "University of Cambridge",
                "external": false
            }
        ]
    },
    "vcsIdentifier": "aaj",
    "modelLevelAnnotations": [
        {
            "qualifier": "bqbiol:hasTaxon",
            "accession": "9606",
            "name": "Homo sapiens",
            "resource": "Taxonomy",
            "uri": "http://identifiers.org/taxonomy/9606"
        },
        {
            "qualifier": "bqbiol:hasProperty",
            "accession": "DOID:162",
            "name": "cancer",
            "resource": "Human Disease Ontology",
            "uri": "http://identifiers.org/doid/DOID:162"
        },
        {
            "qualifier": "bqbiol:hasProperty",
            "accession": "MAMO_0000046",
            "name": "Ordinary differential equation model",
            "resource": "Mathematical Modelling Ontology",
            "uri": "http://identifiers.org/mamo/MAMO_0000046"
        },
        {
            "qualifier": "bqbiol:hasProperty",
            "accession": "GO:0002837",
            "name": "regulation of immune response to tumor cell",
            "resource": "Gene Ontology",
            "uri": "http://identifiers.org/go/GO:0002837"
        },
        {
            "qualifier": "bqbiol:hasProperty",
            "accession": "C15438",
            "name": "Cancer Immunotherapy",
            "resource": "NCIt",
            "uri": "http://identifiers.org/ncit/C15438"
        },
        {
            "qualifier": "bqbiol:hasProperty",
            "accession": "NCIT:C126102",
            "name": "Chimeric Antigen Receptor T-Cell Therapy",
            "resource": "NCIt",
            "uri": "http://identifiers.org/ncit/C126102"
        },
        {
            "qualifier": "bqbiol:occursIn",
            "accession": "C94498",
            "name": "Tumor Microenvironment",
            "resource": "NCIt",
            "uri": "http://identifiers.org/ncit/C94498"
        },
        {
            "qualifier": "bqmodel:is",
            "accession": "BIOMD0000001013",
            "resource": "BioModels Database",
            "uri": "http://identifiers.org/biomodels.db/BIOMD0000001013"
        },
        {
            "qualifier": "bqmodel:is",
            "accession": "MODEL2107120003",
            "resource": "BioModels Database",
            "uri": "http://identifiers.org/biomodels.db/MODEL2107120003"
        },
        {
            "qualifier": "bqmodel:isDescribedBy",
            "accession": "33572301",
            "resource": "PubMed",
            "uri": "https://identifiers.org/pubmed:33572301"
        },
        {
            "qualifier": "bqbiol:isDescribedBy",
            "accession": "33572301",
            "resource": "PubMed",
            "uri": "http://identifiers.org/pubmed/33572301"
        }
    ]
}