{
    "name": "Li2016 - Model for pancreatic cancer patients receiving immunotherapy",
    "description": "<notes xmlns=\"http://www.sbml.org/sbml/level2/version4\">      <body xmlns=\"http://www.w3.org/1999/xhtml\">        <pre>immunotherapy offers a better prognosis for pancreatic cancer patients. As a direct extension of this work, various new therapy methods that are under exploration and clinical trials could be assessed or evaluated using the newly developed mathematical prognosis model.</pre>      </body>    </notes>",
    "format": {
        "name": "SBML",
        "identifier": "SBML",
        "version": "L2V4"
    },
    "publication": {
        "type": "PubMed ID",
        "accession": "27338302",
        "journal": "Journal of theoretical biology",
        "title": "A mathematical prognosis model for pancreatic cancer patients receiving immunotherapy.",
        "affiliation": "Department of Electrical and Computer Engineering, National University of Singapore, Singapore 117576, Singapore.",
        "synopsis": "Pancreatic cancer is one of the most deadly types of cancer since it typically spreads rapidly and can seldom be detected in its early stage. Pancreatic cancer therapy is thus a challenging task, and appropriate prognosis or assessment for pancreatic cancer therapy is of critical importance. In this work, based on available clinical data in Niu et al. (2013) we develop a mathematical prognosis model that can predict the overall survival of pancreatic cancer patients who receive immunotherapy. The mathematical model incorporates pancreatic cancer cells, pancreatic stellate cells, three major classes of immune effector cells CD8+ T cells, natural killer cells, helper T cells, and two major classes of cytokines interleukin-2 (IL-2) and interferon-γ (IFN-γ). The proposed model describes the dynamic interaction between tumor and immune cells. In order for the model to be able to generate appropriate prognostic results for disease progression, the distribution and stability properties of equilibria in the mathematical model are computed and analysed in absence of treatments. In addition, numerical simulations for disease progression with or without treatments are performed. It turns out that the median overall survival associated with CIK immunotherapy is prolonged from 7 to 13months compared with the survival without treatment, this is consistent with the clinical data observed in Niu et al. (2013). The validity of the proposed mathematical prognosis model is thus verified. Our study confirms that immunotherapy offers a better prognosis for pancreatic cancer patients. As a direct extension of this work, various new therapy methods that are under exploration and clinical trials could be assessed or evaluated using the newly developed mathematical prognosis model.",
        "year": 2016,
        "month": "10",
        "volume": "406",
        "pages": "42-51",
        "link": "http://identifiers.org/pubmed/27338302",
        "authors": [
            {
                "name": "Xuefang Li",
                "institution": "Department of Electrical and Computer Engineering, National University of Singapore, Singapore 117576, Singapore."
            },
            {
                "name": "Jian-Xin Xu",
                "institution": "Department of Electrical and Computer Engineering, National University of Singapore, Singapore 117576, Singapore."
            }
        ]
    },
    "files": {
        "main": [
            {
                "name": "Li2016.xml",
                "description": "SBML V2.4 file for the model",
                "fileSize": "115654",
                "mimeType": "application/xml",
                "md5sum": "7b008870e9c156e3f8759d168dcc20f4",
                "sha1sum": "1bb329865b82b6f7f964e12a79ef232c49a8c436",
                "sha256sum": "7936e5990eeb795c077a25c75463e80583db697af064c33535b0541f96acd5dc"
            }
        ],
        "additional": [
            {
                "name": "Li2016-biopax2.owl",
                "description": "Auto-generated BioPAX (Level 2) file.",
                "fileSize": "28244",
                "mimeType": "application/rdf+xml",
                "md5sum": "97b234a246bb17c3b5354ba42699805d",
                "sha1sum": "a3e494466e753bb97b03286b8c855b687462bd7e",
                "sha256sum": "372bf81ff9f783fcff63971595eaa9690ea0fe1206c02f0e218a7391aa34540d"
            },
            {
                "name": "Li2016-biopax3.owl",
                "description": "Auto-generated BioPAX (Level 3) file.",
                "fileSize": "43569",
                "mimeType": "application/rdf+xml",
                "md5sum": "ff14e1985c633445000a65c037265c0b",
                "sha1sum": "2380f29e22cb3d0489d4707fb3964dd19903dd6e",
                "sha256sum": "2a4a98ec302625d3d17acf9fad09a8fbec33a7c062b92cc2e7cbb1940f8422fb"
            },
            {
                "name": "Li2016-matlab.m",
                "description": "Auto-generated Matlab file.",
                "fileSize": "13382",
                "mimeType": "text/x-matlab",
                "md5sum": "b1adaf55f82cd4b85968e15a7c858a9e",
                "sha1sum": "88bf95bc70b066ee2eef5fbd2193e2547e1a0b40",
                "sha256sum": "05383df4ecff3527d9d3958a8c8be12f87e4a73bdef72adc35df628ac8bf5ae5"
            },
            {
                "name": "Li2016-octave.m",
                "description": "Auto-generated Octave file.",
                "fileSize": "13382",
                "mimeType": "text/x-matlab",
                "md5sum": "f68e9f1bfb9f9ab102d77b50c77e77dc",
                "sha1sum": "9bffe5e1140a0ce328ef59cac55bf695e95df109",
                "sha256sum": "0bbcfcd50f950c5c663e64acb55ae70931d9971d6584e339fcbccd02d5a1ec6d"
            },
            {
                "name": "Li2016.cps",
                "description": "COPASI 4.27(built217) file for the model",
                "fileSize": "173715",
                "mimeType": "application/xml",
                "md5sum": "4712a9bf9549d63cda3d215b673147a6",
                "sha1sum": "64991a2fca0d8f13d5145e889c17f0e1c324d38f",
                "sha256sum": "d32ef5fc684982e47ecf4674a8817f84cb93ffe2123fa97c2efdc27b692c956c"
            },
            {
                "name": "Li2016.ode",
                "description": "Auto-generated ODE file for XPP.",
                "fileSize": "10608",
                "mimeType": "text/plain",
                "md5sum": "4460d3d137ef6e74abb4fe06a6054795",
                "sha1sum": "2ea7502b2b07c9607539e073863b9cbe45926b25",
                "sha256sum": "adbecd26a12497e58e36be35f79ff03a49fffbfb358d413955c9c10f5f67beef"
            },
            {
                "name": "Li2016.sedml",
                "description": "SEDML file for the model (additionally CRBM-validated and adjusted).",
                "fileSize": "45010",
                "mimeType": "application/xml",
                "md5sum": "04369443e733d7d360a70341af48565b",
                "sha1sum": "b937c5ef5ca16bdd9b7924ce734d3317c16d12c6",
                "sha256sum": "2f6b98fa71a5bd157c0178aee7d0464c56bee6fd92a7c4272174d1ba30acfacf"
            },
            {
                "name": "curation_image.png",
                "description": "Reproduced figure(s) from original curation.",
                "fileSize": "25798",
                "mimeType": "image/png",
                "md5sum": "2a8c19269329ff69f359f2419c03be9d",
                "sha1sum": "7136bf7b92de6a4c75ca2954d66f07e4ab8186f7",
                "sha256sum": "50f9d17c6b09a8593842d6be9f6f53903fb3e3d39c7821c687f24352c56a5f8c"
            },
            {
                "name": "curation_notes.txt",
                "description": "Notes from original curation (describes curation_image).",
                "fileSize": "187",
                "mimeType": "text/plain",
                "md5sum": "e1430b77bb92c73c85739c6fc3b319ab",
                "sha1sum": "83a670a74e018ea5c600cd2078e2db81d4f0d890",
                "sha256sum": "f907ee386040fdc78fa89d32b2f19465ec60669c82079fe117fe84f8779fe0a7"
            },
            {
                "name": "manifest.xml",
                "description": "Auto-generated manifest file for OMEX archives.",
                "fileSize": "1379",
                "mimeType": "application/xml",
                "md5sum": "4aa0e83d8b5ad2dc48ef4f34a92fc9f4",
                "sha1sum": "faa3dcc327ee064c2891de02633ac7c4adb1951b",
                "sha256sum": "9d3c7e943279215b7a7befda279816abbaccff57bf41854b6bc5db2457c33907"
            },
            {
                "name": "metadata.rdf",
                "description": "Auto-generated annotation metadata file.",
                "fileSize": "1903",
                "mimeType": "application/rdf+xml",
                "md5sum": "e17b03b311fffedc3697985cdd150391",
                "sha1sum": "6421d898dca0edef3bbdf6dbbdb494a45ae67f48",
                "sha256sum": "ce891fb1fc9cee96c80aabe041549e5542b005ad765e559d329e46621df7cbd1"
            }
        ]
    },
    "history": {
        "revisions": [
            {
                "version": 3,
                "submitted": 1586192873,
                "submitter": "Krishna Kumar Tiwari",
                "comment": "Automatically added model identifier BIOMD0000000929"
            },
            {
                "version": 5,
                "submitted": 1586194427,
                "submitter": "Krishna Kumar Tiwari",
                "comment": "Automatically added model identifier BIOMD0000000929"
            },
            {
                "version": 6,
                "submitted": 1724289632,
                "submitter": "Lucian Smith",
                "comment": "CRBM-sponsored manual and automated updates."
            }
        ]
    },
    "firstPublished": 1725281939,
    "submissionId": "MODEL2004060001",
    "publicationId": "BIOMD0000000929",
    "modellingApproach": {
        "accession": "MAMO_0000046",
        "name": "ordinary differential equation model",
        "resource": "http://identifiers.org/mamo/MAMO_0000046"
    },
    "curationStatus": "CURATED",
    "contributors": {
        "Curator": [
            {
                "name": "Lucian Smith",
                "email": "lpsmith@uw.edu",
                "affiliation": "University of Washington",
                "orcid": "0000-0001-7002-6386",
                "external": false
            }
        ],
        "Modeller": [
            {
                "name": "Krishna Kumar Tiwari",
                "email": "ktiwari@ebi.ac.uk",
                "affiliation": "EMBL-EBI",
                "orcid": "0000-0002-3699-0937",
                "external": false
            }
        ]
    },
    "vcsIdentifier": "aai",
    "modelLevelAnnotations": [
        {
            "qualifier": "bqbiol:hasTaxon",
            "accession": "9606",
            "name": "Homo sapiens",
            "resource": "Taxonomy",
            "uri": "http://identifiers.org/taxonomy/9606"
        },
        {
            "qualifier": "bqbiol:hasProperty",
            "accession": "DOID:162",
            "name": "cancer",
            "resource": "Human Disease Ontology",
            "uri": "http://identifiers.org/doid/DOID:162"
        },
        {
            "qualifier": "bqbiol:hasProperty",
            "accession": "MAMO_0000046",
            "name": "Ordinary differential equation model",
            "resource": "Mathematical Modelling Ontology",
            "uri": "http://identifiers.org/mamo/MAMO_0000046"
        },
        {
            "qualifier": "bqbiol:hasProperty",
            "accession": "C15438",
            "name": "Cancer Immunotherapy",
            "resource": "NCIt",
            "uri": "http://identifiers.org/ncit/C15438"
        },
        {
            "qualifier": "bqmodel:isDescribedBy",
            "accession": "27338302",
            "resource": "PubMed",
            "uri": "http://identifiers.org/pubmed/27338302"
        },
        {
            "qualifier": "bqmodel:is",
            "accession": "BIOMD0000000929",
            "resource": "BioModels Database",
            "uri": "http://identifiers.org/biomodels.db/BIOMD0000000929"
        },
        {
            "qualifier": "bqmodel:is",
            "accession": "MODEL2004060001",
            "resource": "BioModels Database",
            "uri": "http://identifiers.org/biomodels.db/MODEL2004060001"
        },
        {
            "qualifier": "bqbiol:hasProperty",
            "accession": "DOID:1793",
            "name": "pancreatic cancer",
            "resource": "Human Disease Ontology",
            "uri": "http://identifiers.org/doid/DOID:1793"
        }
    ]
}