{
    "name": "Malkov2020 - SEIRS model of COVID-19 transmission with time-varying R values and reinfection",
    "description": "Epidemiological models of COVID-19 transmission assume that recovered individuals have a fully pro- tected immunity. To date, there is no definite answer about whether people who recover from COVID-19 can be reinfected with the severe acute respiratory syndrome coronavirus 2 (SARS-CoV-2). In the absence of a clear answer about the risk of reinfection, it is instructive to consider the possible scenarios. To study the epidemiological dynamics with the possibility of reinfection, I use a Susceptible-Exposed-Infectious- Resistant-Susceptible model with the time-varying transmission rate. I consider three different ways of modeling reinfection. The crucial feature of this study is that I explore both the difference between the reinfection and no-reinfection scenarios and how the mitigation measures affect this difference. The principal results are the following. First, the dynamics of the reinfection and no-reinfection scenarios are in- distinguishable before the infection peak. Second, the mitigation measures delay not only the infection peak, but also the moment when the difference between the reinfection and no-reinfection scenarios becomes prominent. These results are robust to various modeling assumptions.",
    "format": {
        "name": "SBML",
        "identifier": "SBML",
        "version": "L3V1"
    },
    "publication": {
        "type": "PubMed ID",
        "accession": "32982082",
        "journal": "Chaos, solitons, and fractals",
        "title": "Simulation of coronavirus disease 2019 (COVID-19) scenarios with possibility of reinfection.",
        "affiliation": "Department of Economics, University of Minnesota, 1925 Fourth Street South, Minneapolis, MN 55455, USA.",
        "synopsis": "Epidemiological models of COVID-19 transmission assume that recovered individuals have a fully protected immunity. To date, there is no definite answer about whether people who recover from COVID-19 can be reinfected with the severe acute respiratory syndrome coronavirus 2 (SARS-CoV-2). In the absence of a clear answer about the risk of reinfection, it is instructive to consider the possible scenarios. To study the epidemiological dynamics with the possibility of reinfection, I use a Susceptible-Exposed-Infectious-Resistant-Susceptible model with the time-varying transmission rate. I consider three different ways of modeling reinfection. The crucial feature of this study is that I explore both the difference between the reinfection and no-reinfection scenarios and how the mitigation measures affect this difference. The principal results are the following. First, the dynamics of the reinfection and no-reinfection scenarios are indistinguishable before the infection peak. Second, the mitigation measures delay not only the infection peak, but also the moment when the difference between the reinfection and no-reinfection scenarios becomes prominent. These results are robust to various modeling assumptions.",
        "year": 2020,
        "month": "10",
        "volume": "139",
        "pages": "110296",
        "link": "http://identifiers.org/pubmed/32982082",
        "authors": [
            {
                "name": "Egor Malkov",
                "institution": "Department of Economics, University of Minnesota, 1925 Fourth Street South, Minneapolis, MN 55455, USA.Federal Reserve Bank of Minneapolis, 90 Hennepin Ave, Minneapolis, MN 55401, USA.",
                "orcid": "0000-0002-4566-5853"
            }
        ]
    },
    "files": {
        "main": [
            {
                "name": "Malkov2020.xml",
                "description": "SBML L3V1 file of SEIRS model of COVID-19 transmission with time-varying R values and reinfection",
                "fileSize": "39956",
                "mimeType": "application/xml",
                "md5sum": "7d40c4b6524c74b6c6a4a080e288b88d",
                "sha1sum": "30cd17053409c1780ecbb398808b4244a5e61a3a",
                "sha256sum": "b0eba66ad69cf5de9c8da218dd8ba4a9495629fa49cec16b6209d531b5b61d0b"
            }
        ],
        "additional": [
            {
                "name": "Malkov2020-biopax2.owl",
                "description": "Auto-generated BioPAX (Level 2) file.",
                "fileSize": "10678",
                "mimeType": "application/rdf+xml",
                "md5sum": "c78cf254107ca0688c51bdfbb0393cd7",
                "sha1sum": "66ceefc4156c8d82fc7d87f332b0c71965d1a85c",
                "sha256sum": "b5b74ab79802960464cccee6ace54527e1c29e88cb1b5725178c371126766ef3"
            },
            {
                "name": "Malkov2020-biopax3.owl",
                "description": "Auto-generated BioPAX (Level 3) file.",
                "fileSize": "15133",
                "mimeType": "application/rdf+xml",
                "md5sum": "da04c08bbe188cd4ec298159336108d6",
                "sha1sum": "9a42c2a37ec5de7216c3008ad11ffa08262611d6",
                "sha256sum": "6cffff0d7f689a50f9fbb37b0de17076cc5ec6281ea17d369e94f8a018b54a09"
            },
            {
                "name": "Malkov2020-matlab.m",
                "description": "Auto-generated Matlab file.",
                "fileSize": "5371",
                "mimeType": "text/x-matlab",
                "md5sum": "405e564dc81f75d1220b0350b11efc6a",
                "sha1sum": "bc291e22f9be266e22a5458c37171d319d336003",
                "sha256sum": "995475495432093f7ded63226dc5afe4da7dbcec5f20a2c3d3a20d4a905c6deb"
            },
            {
                "name": "Malkov2020.cps",
                "description": "COPASI 4.29 (Build 228) file of SEIRS model of COVID-19 transmission with time-varying R values and reinfection",
                "fileSize": "64246",
                "mimeType": "application/xml",
                "md5sum": "bc80db614c8eecb1c3b91ea722cb6436",
                "sha1sum": "700ca9945b324bb03a473eeba35ac034fe9e4c80",
                "sha256sum": "48ce4af352e30bf52105b610a890481a1c4b9332f0ca3658e8fea1eb9a92e29d"
            },
            {
                "name": "Malkov2020.ode",
                "description": "Auto-generated ODE file for XPP.",
                "fileSize": "3512",
                "mimeType": "text/plain",
                "md5sum": "0f57259dd8e2ad5f2452d401a0821cbe",
                "sha1sum": "94bfddeb42243f4782d7b481a91fffd208390115",
                "sha256sum": "89a62df0eef1e1de56731c3b826887c29521c65d8bfff83cb7c9e8cf3f9482c7"
            },
            {
                "name": "Malkov2020.sedml",
                "description": "SED-ML file of SEIRS model of COVID-19 transmission with time-varying R values and reinfection (additionally CRBM-validated and adjusted).",
                "fileSize": "16259",
                "mimeType": "application/xml",
                "md5sum": "e01646742f6cc7ca68a4e9310d8734a7",
                "sha1sum": "873a03a27ffa05294396a8b96e25ebb259fbd1cf",
                "sha256sum": "28900746e916f229585da76fd0ab43460da6fc8edefa56c380cf4465120a2e69"
            },
            {
                "name": "curation_image.png",
                "description": "Reproduced figure(s) from original curation.",
                "fileSize": "76665",
                "mimeType": "image/png",
                "md5sum": "d9726a34f420dcecefe937e46e5b4613",
                "sha1sum": "bf5026dcd5ee7b4caeb7d7cb2989f133c1346ac5",
                "sha256sum": "75ae8e24e510d88abcfb5ff3dfdb18a80b1ebca45e724da2696647fcabe69e43"
            },
            {
                "name": "curation_notes.txt",
                "description": "Notes from original curation (describes curation_image).",
                "fileSize": "92",
                "mimeType": "text/plain",
                "md5sum": "394ed5b8f8391d761defebe2bb1d4235",
                "sha1sum": "c225b0376ada176957c77dd42c7604645d3f69a2",
                "sha256sum": "4c3ded5131d73a08d7ade2a38b151d3829bac5c19b53f621982411019a7d5374"
            },
            {
                "name": "manifest.xml",
                "description": "Auto-generated manifest file for OMEX archives.",
                "fileSize": "1297",
                "mimeType": "application/xml",
                "md5sum": "b463a872013b3ae3328d40f6684ba636",
                "sha1sum": "dd66882a785c3218b33054491dcd531253e77496",
                "sha256sum": "41eb96f9fc20640f68fc4c7716dbd76263840d49e1d80aa82d030fe022163d97"
            },
            {
                "name": "metadata.rdf",
                "description": "Auto-generated annotation metadata file.",
                "fileSize": "2856",
                "mimeType": "application/rdf+xml",
                "md5sum": "c1678cd50336011069987dd580c21502",
                "sha1sum": "379151fca9b98356dca4f97a0bf707af18c49b89",
                "sha256sum": "c63ce3ee9ced6e1efcb8a36212ed996b372c947b861c97637a2a6ea2d75e1286"
            }
        ]
    },
    "history": {
        "revisions": [
            {
                "version": 3,
                "submitted": 1607325356,
                "submitter": "Kausthubh Ramachandran",
                "comment": "Automatically added model identifier BIOMD0000000980"
            },
            {
                "version": 4,
                "submitted": 1724290826,
                "submitter": "Lucian Smith",
                "comment": "CRBM-sponsored manual and automated updates."
            }
        ]
    },
    "firstPublished": 1725281952,
    "submissionId": "MODEL2012070001",
    "publicationId": "BIOMD0000000980",
    "modellingApproach": {
        "accession": "MAMO_0000028",
        "name": "population model",
        "resource": "http://identifiers.org/mamo/MAMO_0000028"
    },
    "curationStatus": "CURATED",
    "modelTags": [
        "COVID-19"
    ],
    "contributors": {
        "Curator": [
            {
                "name": "Lucian Smith",
                "email": "lpsmith@uw.edu",
                "affiliation": "University of Washington",
                "orcid": "0000-0001-7002-6386",
                "external": false
            }
        ],
        "Modeller": [
            {
                "name": "Kausthubh Ramachandran",
                "email": "rkausthubh@gmail.com",
                "affiliation": "EMBL-EBI",
                "orcid": "0000-0002-6221-8166",
                "external": false
            }
        ]
    },
    "vcsIdentifier": "aaj",
    "modelLevelAnnotations": [
        {
            "qualifier": "bqbiol:hasTaxon",
            "accession": "9606",
            "name": "Homo sapiens",
            "resource": "Taxonomy",
            "uri": "http://identifiers.org/taxonomy/9606"
        },
        {
            "qualifier": "bqbiol:hasTaxon",
            "accession": "2697049",
            "name": "Severe acute respiratory syndrome coronavirus 2",
            "resource": "Taxonomy",
            "uri": "http://identifiers.org/taxonomy/2697049"
        },
        {
            "qualifier": "bqbiol:hasProperty",
            "accession": "MAMO_0000028",
            "name": "population model",
            "resource": "Mathematical Modelling Ontology",
            "uri": "http://identifiers.org/mamo/MAMO_0000028"
        },
        {
            "qualifier": "bqbiol:is",
            "accession": "DOID:0080600",
            "name": "COVID-19",
            "resource": "\nHuman Disease Ontology",
            "uri": "http://identifiers.org/doid/DOID:0080600"
        },
        {
            "qualifier": "bqmodel:isDescribedBy",
            "accession": "32982082",
            "resource": "PubMed",
            "uri": "http://identifiers.org/pubmed/32982082"
        },
        {
            "qualifier": "bqmodel:is",
            "accession": "BIOMD0000000980",
            "resource": "BioModels Database",
            "uri": "http://identifiers.org/biomodels.db/BIOMD0000000980"
        },
        {
            "qualifier": "bqmodel:is",
            "accession": "MODEL2012070001",
            "resource": "BioModels Database",
            "uri": "http://identifiers.org/biomodels.db/MODEL2012070001"
        }
    ]
}