<?xml version='1.0' encoding='UTF-8' standalone='no'?>
<sbml xmlns="http://www.sbml.org/sbml/level2/version4" level="2" version="4">
  <model id="Leon_Triana2020___CAR_T_cell_therapy_in_B_cell_acute_lymphoblastic_leukaemia" metaid="COPASI0" name="Leon-Triana2020 - CAR T-cell therapy in B-cell acute lymphoblastic leukaemia">
    <notes>
      <body xmlns="http://www.w3.org/1999/xhtml">
        <pre>This model is based on the publication:
"CAR T cell therapy in B-cell acute lymphoblastic leukaemia: Insights from mathematical models".
Odelaisy León-Triana, Soukaina Sabir, Gabriel F. Calvo, Juan Belmonte-Beitia, Salvador Chulián, Álvaro Martínez-Rubio, María Rosa, Antonio Pérez-Martínez, Manuel Ramirez-Orellana, Víctor M. Pérez-García
doi: 10.1016/j.cnsns.2020.105570 

Comment:
This model is based on equations (4a)-(4c).

Abstract: 
Immunotherapies use components of the patient immune system to selectively target can- cer cells. The use of chimeric antigenic receptor (CAR) T cells to treat B-cell malignancies –leukaemias and lymphomas–is one of the most successful examples, with many patients experiencing long-lasting full responses to this therapy. This treatment works by extract- ing the patient’s T cells and transducing them with the CAR, enabling them to recognize and target cells carrying the antigen CD19 + , which is expressed in these haematological cancers. Here we put forward a mathematical model describing the time response of leukaemias to the injection of CAR T cells. The model accounts for mature and progenitor B-cells, leukaemic cells, CAR T cells and side effects by including the main biological processes involved. The model explains the early post-injection dynamics of the different compart- ments and the fact that the number of CAR T cells injected does not critically affect the treatment outcome. An explicit formula is found that gives the maximum CAR T cell ex- pansion in vivo and the severity of side effects. Our mathematical model captures other known features of the response to this immunotherapy. It also predicts that CD19 + cancer relapses could be the result of competition between leukaemic and CAR T cells, analogous to predator-prey dynamics. We discuss this in the light of the available evidence and the possibility of controlling relapses by early re-challenging of the leukaemia cells with stored CAR T cells.</pre>
      </body>
    </notes>
    <annotation>
      <rdf:RDF xmlns:rdf="http://www.w3.org/1999/02/22-rdf-syntax-ns#" xmlns:dc="http://purl.org/dc/elements/1.1/" xmlns:dcterms="http://purl.org/dc/terms/" xmlns:vCard="http://www.w3.org/2001/vcard-rdf/3.0#" xmlns:bqbiol="http://biomodels.net/biology-qualifiers/" xmlns:bqmodel="http://biomodels.net/model-qualifiers/">
        <rdf:Description rdf:about="#COPASI0">
	<dc:creator>
	<rdf:Bag>
	<rdf:li rdf:parseType="Resource">
	<vCard:N rdf:parseType="Resource">
	<vCard:Family>Chen</vCard:Family>
	<vCard:Given>Emilia</vCard:Given>
	</vCard:N>
	<vCard:EMAIL>eblc2@cam.ac.uk</vCard:EMAIL>
	<vCard:ORG rdf:parseType="Resource">
	<vCard:Orgname>University of Cambridge</vCard:Orgname>
	</vCard:ORG>
	</rdf:li>
	<rdf:li rdf:parseType="Resource">
	<vCard:N rdf:parseType="Resource">
	<vCard:Family>Sheriff</vCard:Family>
	<vCard:Given>Rahuman</vCard:Given>
	</vCard:N>
	<vCard:EMAIL>sheriff@ebi.ac.uk</vCard:EMAIL>
	<vCard:ORG rdf:parseType="Resource">
	<vCard:Orgname>EMBL-EBI</vCard:Orgname>
	</vCard:ORG>
	</rdf:li>
	</rdf:Bag>
	</dc:creator>
	<dcterms:created rdf:parseType="Resource">
	<dcterms:W3CDTF>2021-07-07T09:22:30Z</dcterms:W3CDTF>
	</dcterms:created>
	<dcterms:modified rdf:parseType="Resource">
	<dcterms:W3CDTF>2021-07-07T09:22:30Z</dcterms:W3CDTF>
	</dcterms:modified>
	<bqmodel:is>
	<rdf:Bag>
	<rdf:li rdf:resource="http://identifiers.org/biomodels.db/MODEL2107120001"/>
	<rdf:li rdf:resource="http://identifiers.org/biomodels.db/BIOMD0000001011"/>
	</rdf:Bag>
	</bqmodel:is>
	<bqbiol:occursIn>
	<rdf:Bag>
	<rdf:li rdf:resource="http://identifiers.org/bto/BTO:0000089"/>
	</rdf:Bag>
	</bqbiol:occursIn>
	<bqbiol:hasTaxon>
	<rdf:Bag>
	<rdf:li rdf:resource="http://identifiers.org/taxonomy/9606"/>
	</rdf:Bag>
	</bqbiol:hasTaxon>
	<bqbiol:isDescribedBy>
	<rdf:Bag>
	<rdf:li rdf:resource="http://identifiers.org/doi/10.1016/j.cnsns.2020.105570"/>
	</rdf:Bag>
	</bqbiol:isDescribedBy>
	<bqbiol:hasProperty>
	<rdf:Bag>
	<rdf:li rdf:resource="http://identifiers.org/doid/DOID:1037"/>
	<rdf:li rdf:resource="http://identifiers.org/hp/HP:0004812"/>
	<rdf:li rdf:resource="http://identifiers.org/go/GO:0002376"/>
	<rdf:li rdf:resource="http://identifiers.org/ncit/C126102"/>
	<rdf:li rdf:resource="http://identifiers.org/ncit/C15262"/>
	<rdf:li rdf:resource="http://identifiers.org/mamo/MAMO_0000046"/>
	</rdf:Bag>
	</bqbiol:hasProperty>
	<bqmodel:isDescribedBy>
	<rdf:Bag>
	<rdf:li rdf:resource="https://identifiers.org/doi:10.1016/j.cnsns.2020.105570"/>
	</rdf:Bag>
	</bqmodel:isDescribedBy>
	</rdf:Description>
	
	
	
	
	
      </rdf:RDF>
      <COPASI xmlns="http://www.copasi.org/static/sbml">
        <rdf:RDF xmlns:CopasiMT="http://www.copasi.org/RDF/MiriamTerms#" xmlns:bqbiol="http://biomodels.net/biology-qualifiers/" xmlns:dcterms="http://purl.org/dc/terms/" xmlns:rdf="http://www.w3.org/1999/02/22-rdf-syntax-ns#" xmlns:vCard="http://www.w3.org/2001/vcard-rdf/3.0#">
          <rdf:Description rdf:about="#COPASI0">
            <bqbiol:hasProperty rdf:resource="urn:miriam:doid:DOID:1037"/>
            <bqbiol:hasProperty rdf:resource="urn:miriam:go:GO:0002376"/>
            <bqbiol:hasProperty rdf:resource="urn:miriam:hp:HP:0004812"/>
            <bqbiol:hasProperty rdf:resource="urn:miriam:mamo:MAMO_0000046"/>
            <bqbiol:hasProperty rdf:resource="urn:miriam:ncit:C126102"/>
            <bqbiol:hasProperty rdf:resource="urn:miriam:ncit:C15262"/>
            <bqbiol:hasTaxon rdf:resource="urn:miriam:taxonomy:9606"/>
            <dcterms:bibliographicCitation>
              <rdf:Description>
                <CopasiMT:isDescribedBy rdf:resource="urn:miriam:doi:10.1016/j.cnsns.2020.105570"/>
              </rdf:Description>
            </dcterms:bibliographicCitation>
            <dcterms:created>
              <rdf:Description>
                <dcterms:W3CDTF>2021-07-07T09:22:30Z</dcterms:W3CDTF>
              </rdf:Description>
            </dcterms:created>
            <dcterms:creator>
              <rdf:Description>
                <vCard:EMAIL>sheriff@ebi.ac.uk</vCard:EMAIL>
                <vCard:N>
                  <rdf:Description>
                    <vCard:Family>Sheriff</vCard:Family>
                    <vCard:Given>Rahuman</vCard:Given>
                  </rdf:Description>
                </vCard:N>
                <vCard:ORG>
                  <rdf:Description>
                    <vCard:Orgname>EMBL-EBI</vCard:Orgname>
                  </rdf:Description>
                </vCard:ORG>
              </rdf:Description>
            </dcterms:creator>
            <dcterms:creator>
              <rdf:Description>
                <vCard:EMAIL>eblc2@cam.ac.uk</vCard:EMAIL>
                <vCard:N>
                  <rdf:Description>
                    <vCard:Family>Chen</vCard:Family>
                    <vCard:Given>Emilia</vCard:Given>
                  </rdf:Description>
                </vCard:N>
                <vCard:ORG>
                  <rdf:Description>
                    <vCard:Orgname>University of Cambridge</vCard:Orgname>
                  </rdf:Description>
                </vCard:ORG>
              </rdf:Description>
            </dcterms:creator>
            <CopasiMT:occursIn rdf:resource="urn:miriam:bto:BTO:0000089"/>
          </rdf:Description>
        </rdf:RDF>
      </COPASI>
    </annotation>
      <listOfFunctionDefinitions>
      <functionDefinition id="Rate_Law_for_CARTcell_proliferation" metaid="COPASI15" name="Rate Law for CARTcell_proliferation">
        <annotation>
          <COPASI xmlns="http://www.copasi.org/static/sbml">
            <rdf:RDF xmlns:rdf="http://www.w3.org/1999/02/22-rdf-syntax-ns#"/>
          </COPASI>
        </annotation>
        <math xmlns="http://www.w3.org/1998/Math/MathML">        
          <lambda>
            <bvar>
              <ci> rho_c </ci>
            </bvar>
            <bvar>
              <ci> L </ci>
            </bvar>
            <bvar>
              <ci> B </ci>
            </bvar>
            <bvar>
              <ci> C </ci>
            </bvar>
            <apply>
              <times/>
              <ci> rho_c </ci>
              <apply>
                <plus/>
                <ci> L </ci>
                <ci> B </ci>
              </apply>
              <ci> C </ci>
            </apply>
          </lambda>
        </math>
            </functionDefinition>
      <functionDefinition id="Rate_Law_for_CARTcell_death" metaid="COPASI16" name="Rate Law for CARTcell_death">
        <annotation>
          <COPASI xmlns="http://www.copasi.org/static/sbml">
            <rdf:RDF xmlns:rdf="http://www.w3.org/1999/02/22-rdf-syntax-ns#"/>
          </COPASI>
        </annotation>
        <math xmlns="http://www.w3.org/1998/Math/MathML">        
          <lambda>
            <bvar>
              <ci> tao_c </ci>
            </bvar>
            <bvar>
              <ci> C </ci>
            </bvar>
            <apply>
              <times/>
              <apply>
                <divide/>
                <cn> 1 </cn>
                <ci> tao_c </ci>
              </apply>
              <ci> C </ci>
            </apply>
          </lambda>
        </math>
            </functionDefinition>
      <functionDefinition id="Rate_Law_for_Leukaemia_death" metaid="COPASI17" name="Rate Law for Leukaemia_death">
        <annotation>
          <COPASI xmlns="http://www.copasi.org/static/sbml">
            <rdf:RDF xmlns:rdf="http://www.w3.org/1999/02/22-rdf-syntax-ns#"/>
          </COPASI>
        </annotation>
        <math xmlns="http://www.w3.org/1998/Math/MathML">        
          <lambda>
            <bvar>
              <ci> alpha </ci>
            </bvar>
            <bvar>
              <ci> L </ci>
            </bvar>
            <bvar>
              <ci> C </ci>
            </bvar>
            <apply>
              <times/>
              <ci> alpha </ci>
              <ci> L </ci>
              <ci> C </ci>
            </apply>
          </lambda>
        </math>
            </functionDefinition>
      <functionDefinition id="Rate_Law_for_Bcell_death" metaid="COPASI18" name="Rate Law for Bcell_death">
        <annotation>
          <COPASI xmlns="http://www.copasi.org/static/sbml">
            <rdf:RDF xmlns:rdf="http://www.w3.org/1999/02/22-rdf-syntax-ns#"/>
          </COPASI>
        </annotation>
        <math xmlns="http://www.w3.org/1998/Math/MathML">        
          <lambda>
            <bvar>
              <ci> alpha </ci>
            </bvar>
            <bvar>
              <ci> B </ci>
            </bvar>
            <bvar>
              <ci> C </ci>
            </bvar>
            <bvar>
              <ci> tao_B </ci>
            </bvar>
            <apply>
              <plus/>
              <apply>
                <times/>
                <ci> alpha </ci>
                <ci> B </ci>
                <ci> C </ci>
              </apply>
              <apply>
                <times/>
                <apply>
                  <divide/>
                  <cn> 1 </cn>
                  <ci> tao_B </ci>
                </apply>
                <ci> B </ci>
              </apply>
            </apply>
          </lambda>
        </math>
            </functionDefinition>
      <functionDefinition id="Rate_Law_for_Leukaemia_proliferation" metaid="COPASI19" name="Rate Law for Leukaemia_proliferation">
        <annotation>
          <COPASI xmlns="http://www.copasi.org/static/sbml">
            <rdf:RDF xmlns:rdf="http://www.w3.org/1999/02/22-rdf-syntax-ns#"/>
          </COPASI>
        </annotation>
        <math xmlns="http://www.w3.org/1998/Math/MathML">        
          <lambda>
            <bvar>
              <ci> rho_L </ci>
            </bvar>
            <bvar>
              <ci> L </ci>
            </bvar>
            <apply>
              <times/>
              <ci> rho_L </ci>
              <ci> L </ci>
            </apply>
          </lambda>
        </math>
            </functionDefinition>
    </listOfFunctionDefinitions>
    <listOfUnitDefinitions>
      <unitDefinition id="length" name="length">
        <listOfUnits>
          <unit exponent="1" kind="metre" multiplier="1" scale="0"/>
        </listOfUnits>
      </unitDefinition>
      <unitDefinition id="area" name="area">
        <listOfUnits>
          <unit exponent="2" kind="metre" multiplier="1" scale="0"/>
        </listOfUnits>
      </unitDefinition>
      <unitDefinition id="volume" name="volume">
        <listOfUnits>
          <unit exponent="1" kind="litre" multiplier="1" scale="0"/>
        </listOfUnits>
      </unitDefinition>
      <unitDefinition id="time" name="time">
        <listOfUnits>
          <unit exponent="1" kind="second" multiplier="86400" scale="0"/>
        </listOfUnits>
      </unitDefinition>
      <unitDefinition id="substance" name="substance">
        <listOfUnits>
          <unit exponent="1" kind="item" multiplier="1" scale="0"/>
        </listOfUnits>
      </unitDefinition>
      <unitDefinition id="unit_0" name="d">
        <listOfUnits>
          <unit exponent="1" kind="second" multiplier="86400" scale="0"/>
        </listOfUnits>
      </unitDefinition>
      <unitDefinition id="unit_1" name="1/(d)">
        <listOfUnits>
          <unit exponent="-1" kind="second" multiplier="86400" scale="0"/>
        </listOfUnits>
      </unitDefinition>
      <unitDefinition id="unit_2" name="1/d">
        <listOfUnits>
          <unit exponent="-1" kind="second" multiplier="86400" scale="0"/>
        </listOfUnits>
      </unitDefinition>
    </listOfUnitDefinitions>
    <listOfCompartments>
      <compartment constant="true" id="compartment" metaid="COPASI1" name="Whole_organism_blood" size="1" spatialDimensions="3">
        <annotation>
          <rdf:RDF xmlns:rdf="http://www.w3.org/1999/02/22-rdf-syntax-ns#" xmlns:dc="http://purl.org/dc/elements/1.1/" xmlns:dcterms="http://purl.org/dc/terms/" xmlns:vCard="http://www.w3.org/2001/vcard-rdf/3.0#" xmlns:bqbiol="http://biomodels.net/biology-qualifiers/" xmlns:bqmodel="http://biomodels.net/model-qualifiers/">
            <rdf:Description rdf:about="#COPASI1">
              <bqbiol:isVersionOf>
	<rdf:Bag>
	<rdf:li rdf:resource="http://identifiers.org/bto/BTO:0000089"/>
	</rdf:Bag>
	</bqbiol:isVersionOf>
	
	<bqbiol:isVersionOf>
	<rdf:Bag>
	<rdf:li rdf:resource="http://identifiers.org/ncit/C13413"/>
	</rdf:Bag>
	</bqbiol:isVersionOf>
	</rdf:Description>
	
	
	
	
	
          </rdf:RDF>
          <COPASI xmlns="http://www.copasi.org/static/sbml">
            <rdf:RDF xmlns:CopasiMT="http://www.copasi.org/RDF/MiriamTerms#" xmlns:rdf="http://www.w3.org/1999/02/22-rdf-syntax-ns#">
              <rdf:Description rdf:about="#COPASI1">
                <CopasiMT:isVersionOf rdf:resource="urn:miriam:bto:BTO:0000089"/>
                <CopasiMT:isVersionOf rdf:resource="urn:miriam:ncit:C13413"/>
              </rdf:Description>
            </rdf:RDF>
          </COPASI>
        </annotation>
            </compartment>
    </listOfCompartments>
    <listOfSpecies>
      <species boundaryCondition="false" compartment="compartment" constant="false" id="CAR_T_cells" initialConcentration="10000000" metaid="COPASI2" name="CAR_T-cells">
        <annotation>
          <rdf:RDF xmlns:rdf="http://www.w3.org/1999/02/22-rdf-syntax-ns#" xmlns:dc="http://purl.org/dc/elements/1.1/" xmlns:dcterms="http://purl.org/dc/terms/" xmlns:vCard="http://www.w3.org/2001/vcard-rdf/3.0#" xmlns:bqbiol="http://biomodels.net/biology-qualifiers/" xmlns:bqmodel="http://biomodels.net/model-qualifiers/">
            <rdf:Description rdf:about="#COPASI2">
              <bqbiol:isVersionOf>
	<rdf:Bag>
	<rdf:li rdf:resource="http://identifiers.org/ncit/C137999"/>
	</rdf:Bag>
	</bqbiol:isVersionOf>
	
	<bqbiol:isVersionOf>
	<rdf:Bag>
	<rdf:li rdf:resource="http://identifiers.org/cl/CL:0000084"/>
	</rdf:Bag>
	</bqbiol:isVersionOf>
	</rdf:Description>
	
	
	
	
	
          </rdf:RDF>
          <COPASI xmlns="http://www.copasi.org/static/sbml">
            <rdf:RDF xmlns:CopasiMT="http://www.copasi.org/RDF/MiriamTerms#" xmlns:rdf="http://www.w3.org/1999/02/22-rdf-syntax-ns#">
              <rdf:Description rdf:about="#COPASI2">
                <CopasiMT:isVersionOf rdf:resource="urn:miriam:cl:CL:0000084"/>
                <CopasiMT:isVersionOf rdf:resource="urn:miriam:ncit:C137999"/>
              </rdf:Description>
            </rdf:RDF>
          </COPASI>
        </annotation>
            </species>
      <species boundaryCondition="false" compartment="compartment" constant="false" id="Leukaemic_B_cells" initialConcentration="5E10" metaid="COPASI3" name="Leukaemic_B_cells">
        <annotation>
          <rdf:RDF xmlns:rdf="http://www.w3.org/1999/02/22-rdf-syntax-ns#" xmlns:dc="http://purl.org/dc/elements/1.1/" xmlns:dcterms="http://purl.org/dc/terms/" xmlns:vCard="http://www.w3.org/2001/vcard-rdf/3.0#" xmlns:bqbiol="http://biomodels.net/biology-qualifiers/" xmlns:bqmodel="http://biomodels.net/model-qualifiers/">
            <rdf:Description rdf:about="#COPASI3">
              <bqbiol:isVersionOf>
	<rdf:Bag>
	<rdf:li rdf:resource="http://identifiers.org/ncit/C41073"/>
	</rdf:Bag>
	</bqbiol:isVersionOf>
	
	<bqbiol:hasProperty>
	<rdf:Bag>
	<rdf:li rdf:resource="http://identifiers.org/ncit/C18128"/>
	</rdf:Bag>
	</bqbiol:hasProperty>
	</rdf:Description>
	
	
	
	
	
          </rdf:RDF>
          <COPASI xmlns="http://www.copasi.org/static/sbml">
            <rdf:RDF xmlns:CopasiMT="http://www.copasi.org/RDF/MiriamTerms#" xmlns:bqbiol="http://biomodels.net/biology-qualifiers/" xmlns:rdf="http://www.w3.org/1999/02/22-rdf-syntax-ns#">
              <rdf:Description rdf:about="#COPASI3">
                <bqbiol:hasProperty rdf:resource="urn:miriam:ncit:C18128"/>
                <CopasiMT:isVersionOf rdf:resource="urn:miriam:ncit:C41073"/>
              </rdf:Description>
            </rdf:RDF>
          </COPASI>
        </annotation>
            </species>
      <species boundaryCondition="false" compartment="compartment" constant="false" id="B_cells_healthy" initialConcentration="2.5E10" metaid="COPASI4" name="B_cells_healthy">
        <annotation>
          <rdf:RDF xmlns:rdf="http://www.w3.org/1999/02/22-rdf-syntax-ns#" xmlns:dc="http://purl.org/dc/elements/1.1/" xmlns:dcterms="http://purl.org/dc/terms/" xmlns:vCard="http://www.w3.org/2001/vcard-rdf/3.0#" xmlns:bqbiol="http://biomodels.net/biology-qualifiers/" xmlns:bqmodel="http://biomodels.net/model-qualifiers/">
            <rdf:Description rdf:about="#COPASI4">
              <bqbiol:isVersionOf>
	<rdf:Bag>
	<rdf:li rdf:resource="http://identifiers.org/cl/CL:0000785"/>
	</rdf:Bag>
	</bqbiol:isVersionOf>
	
	<bqbiol:hasProperty>
	<rdf:Bag>
	<rdf:li rdf:resource="http://identifiers.org/ncit/C115935"/>
	</rdf:Bag>
	</bqbiol:hasProperty>
	</rdf:Description>
	
	
	
	
	
          </rdf:RDF>
          <COPASI xmlns="http://www.copasi.org/static/sbml">
            <rdf:RDF xmlns:CopasiMT="http://www.copasi.org/RDF/MiriamTerms#" xmlns:bqbiol="http://biomodels.net/biology-qualifiers/" xmlns:rdf="http://www.w3.org/1999/02/22-rdf-syntax-ns#">
              <rdf:Description rdf:about="#COPASI4">
                <bqbiol:hasProperty rdf:resource="urn:miriam:ncit:C115935"/>
                <CopasiMT:isVersionOf rdf:resource="urn:miriam:cl:CL:0000785"/>
              </rdf:Description>
            </rdf:RDF>
          </COPASI>
        </annotation>
            </species>
    </listOfSpecies>
    <listOfParameters>
      <parameter constant="true" id="tao_B" metaid="COPASI5" name="tao_B" units="unit_0" value="60">
        <annotation>
          <COPASI xmlns="http://www.copasi.org/static/sbml">
            <rdf:RDF xmlns:rdf="http://www.w3.org/1999/02/22-rdf-syntax-ns#"/>
          </COPASI>
        </annotation>
            </parameter>
      <parameter constant="true" id="rho_L" metaid="COPASI6" name="rho_L" units="unit_1" value="0.03333333333">
        <annotation>
          <COPASI xmlns="http://www.copasi.org/static/sbml">
            <rdf:RDF xmlns:rdf="http://www.w3.org/1999/02/22-rdf-syntax-ns#"/>
          </COPASI>
        </annotation>
            </parameter>
      <parameter constant="true" id="tao_C" metaid="COPASI7" name="tao_C" units="unit_0" value="14">
        <annotation>
          <COPASI xmlns="http://www.copasi.org/static/sbml">
            <rdf:RDF xmlns:rdf="http://www.w3.org/1999/02/22-rdf-syntax-ns#"/>
          </COPASI>
        </annotation>
            </parameter>
      <parameter constant="false" id="rho_C" metaid="COPASI8" name="rho_C" units="unit_2" value="1.125E-11">
        <annotation>
          <COPASI xmlns="http://www.copasi.org/static/sbml">
            <rdf:RDF xmlns:rdf="http://www.w3.org/1999/02/22-rdf-syntax-ns#"/>
          </COPASI>
        </annotation>
            </parameter>
      <parameter constant="true" id="alpha" metaid="COPASI9" name="alpha" units="unit_1" value="4.5E-11">
        <annotation>
          <COPASI xmlns="http://www.copasi.org/static/sbml">
            <rdf:RDF xmlns:rdf="http://www.w3.org/1999/02/22-rdf-syntax-ns#"/>
          </COPASI>
        </annotation>
            </parameter>
    </listOfParameters>
    <listOfRules>
      <assignmentRule variable="rho_C">
        <math xmlns="http://www.w3.org/1998/Math/MathML">        
          <apply>
            <times/>
            <cn> 0.25 </cn>
            <ci> alpha </ci>
          </apply>
        </math>
            </assignmentRule>
    </listOfRules>
    <listOfReactions>
      <reaction id="CARTcell_proliferation" metaid="COPASI10" name="CARTcell_proliferation" reversible="false">
        <annotation>
          <rdf:RDF xmlns:rdf="http://www.w3.org/1999/02/22-rdf-syntax-ns#" xmlns:dc="http://purl.org/dc/elements/1.1/" xmlns:dcterms="http://purl.org/dc/terms/" xmlns:vCard="http://www.w3.org/2001/vcard-rdf/3.0#" xmlns:bqbiol="http://biomodels.net/biology-qualifiers/" xmlns:bqmodel="http://biomodels.net/model-qualifiers/">
            <rdf:Description rdf:about="#COPASI10">
              <bqbiol:isVersionOf>
	<rdf:Bag>
	<rdf:li rdf:resource="http://identifiers.org/sbo/SBO:0000393"/>
	</rdf:Bag>
	</bqbiol:isVersionOf>
	
	<bqbiol:isVersionOf>
	<rdf:Bag>
	<rdf:li rdf:resource="http://identifiers.org/go/GO:0042098"/>
	</rdf:Bag>
	</bqbiol:isVersionOf>
	</rdf:Description>
	
	
	
	
	
          </rdf:RDF>
          <COPASI xmlns="http://www.copasi.org/static/sbml">
            <rdf:RDF xmlns:CopasiMT="http://www.copasi.org/RDF/MiriamTerms#" xmlns:rdf="http://www.w3.org/1999/02/22-rdf-syntax-ns#">
              <rdf:Description rdf:about="#COPASI10">
                <CopasiMT:isVersionOf rdf:resource="urn:miriam:go:GO:0042098"/>
                <CopasiMT:isVersionOf rdf:resource="urn:miriam:sbo:SBO:0000393"/>
              </rdf:Description>
            </rdf:RDF>
          </COPASI>
        </annotation>
              <listOfProducts>
          <speciesReference species="CAR_T_cells" stoichiometry="1"/>
        </listOfProducts>
        <listOfModifiers>
          <modifierSpeciesReference species="Leukaemic_B_cells"/>
          <modifierSpeciesReference species="B_cells_healthy"/>
        </listOfModifiers>
        <kineticLaw>
          <math xmlns="http://www.w3.org/1998/Math/MathML">          
            <apply>
              <times/>
              <ci> compartment </ci>
              <apply>
                <ci> Rate_Law_for_CARTcell_proliferation </ci>
                <ci> rho_C </ci>
                <ci> Leukaemic_B_cells </ci>
                <ci> B_cells_healthy </ci>
                <ci> CAR_T_cells </ci>
              </apply>
            </apply>
          </math>
                </kineticLaw>
      </reaction>
      <reaction id="CARTcell_death" metaid="COPASI11" name="CARTcell_death" reversible="false">
        <annotation>
          <rdf:RDF xmlns:rdf="http://www.w3.org/1999/02/22-rdf-syntax-ns#" xmlns:dc="http://purl.org/dc/elements/1.1/" xmlns:dcterms="http://purl.org/dc/terms/" xmlns:vCard="http://www.w3.org/2001/vcard-rdf/3.0#" xmlns:bqbiol="http://biomodels.net/biology-qualifiers/" xmlns:bqmodel="http://biomodels.net/model-qualifiers/">
            <rdf:Description rdf:about="#COPASI11">
	<bqbiol:isVersionOf>
	<rdf:Bag>
	<rdf:li rdf:resource="http://identifiers.org/go/GO:0008219"/>
	</rdf:Bag>
	</bqbiol:isVersionOf>
	</rdf:Description>
	
	
	
	
	
          </rdf:RDF>
          <COPASI xmlns="http://www.copasi.org/static/sbml">
            <rdf:RDF xmlns:CopasiMT="http://www.copasi.org/RDF/MiriamTerms#" xmlns:rdf="http://www.w3.org/1999/02/22-rdf-syntax-ns#">
              <rdf:Description rdf:about="#COPASI11">
                <CopasiMT:isVersionOf rdf:resource="urn:miriam:go:GO:0008219"/>
              </rdf:Description>
            </rdf:RDF>
          </COPASI>
        </annotation>
              <listOfReactants>
          <speciesReference species="CAR_T_cells" stoichiometry="1"/>
        </listOfReactants>
        <kineticLaw>
          <math xmlns="http://www.w3.org/1998/Math/MathML">          
            <apply>
              <times/>
              <ci> compartment </ci>
              <apply>
                <ci> Rate_Law_for_CARTcell_death </ci>
                <ci> tao_C </ci>
                <ci> CAR_T_cells </ci>
              </apply>
            </apply>
          </math>
                </kineticLaw>
      </reaction>
      <reaction id="Leukaemia_proliferation" metaid="COPASI12" name="Leukaemia_proliferation" reversible="false">
        <annotation>
          <rdf:RDF xmlns:rdf="http://www.w3.org/1999/02/22-rdf-syntax-ns#" xmlns:dc="http://purl.org/dc/elements/1.1/" xmlns:dcterms="http://purl.org/dc/terms/" xmlns:vCard="http://www.w3.org/2001/vcard-rdf/3.0#" xmlns:bqbiol="http://biomodels.net/biology-qualifiers/" xmlns:bqmodel="http://biomodels.net/model-qualifiers/">
            <rdf:Description rdf:about="#COPASI12">
              <bqbiol:isVersionOf>
	<rdf:Bag>
	<rdf:li rdf:resource="http://identifiers.org/sbo/SBO:0000393"/>
	</rdf:Bag>
	</bqbiol:isVersionOf>
	
	<bqbiol:isVersionOf>
	<rdf:Bag>
	<rdf:li rdf:resource="http://identifiers.org/ncit/C28378"/>
	</rdf:Bag>
	</bqbiol:isVersionOf>
	</rdf:Description>
	
	
	
	
	
          </rdf:RDF>
          <COPASI xmlns="http://www.copasi.org/static/sbml">
            <rdf:RDF xmlns:CopasiMT="http://www.copasi.org/RDF/MiriamTerms#" xmlns:rdf="http://www.w3.org/1999/02/22-rdf-syntax-ns#">
              <rdf:Description rdf:about="#COPASI12">
                <CopasiMT:isVersionOf rdf:resource="urn:miriam:ncit:C28378"/>
                <CopasiMT:isVersionOf rdf:resource="urn:miriam:sbo:SBO:0000393"/>
              </rdf:Description>
            </rdf:RDF>
          </COPASI>
        </annotation>
              <listOfProducts>
          <speciesReference species="Leukaemic_B_cells" stoichiometry="1"/>
        </listOfProducts>
        <kineticLaw>
          <math xmlns="http://www.w3.org/1998/Math/MathML">          
            <apply>
              <times/>
              <ci> compartment </ci>
              <apply>
                <ci> Rate_Law_for_Leukaemia_proliferation </ci>
                <ci> rho_L </ci>
                <ci> Leukaemic_B_cells </ci>
              </apply>
            </apply>
          </math>
                </kineticLaw>
      </reaction>
      <reaction id="Leukaemia_death" metaid="COPASI13" name="Leukaemia_death" reversible="false">
        <annotation>
          <rdf:RDF xmlns:rdf="http://www.w3.org/1999/02/22-rdf-syntax-ns#" xmlns:dc="http://purl.org/dc/elements/1.1/" xmlns:dcterms="http://purl.org/dc/terms/" xmlns:vCard="http://www.w3.org/2001/vcard-rdf/3.0#" xmlns:bqbiol="http://biomodels.net/biology-qualifiers/" xmlns:bqmodel="http://biomodels.net/model-qualifiers/">
            <rdf:Description rdf:about="#COPASI13">
	<bqbiol:isVersionOf>
	<rdf:Bag>
	<rdf:li rdf:resource="http://identifiers.org/go/GO:0008219"/>
	</rdf:Bag>
	</bqbiol:isVersionOf>
	</rdf:Description>
	
	
	
	
	
          </rdf:RDF>
          <COPASI xmlns="http://www.copasi.org/static/sbml">
            <rdf:RDF xmlns:CopasiMT="http://www.copasi.org/RDF/MiriamTerms#" xmlns:rdf="http://www.w3.org/1999/02/22-rdf-syntax-ns#">
              <rdf:Description rdf:about="#COPASI13">
                <CopasiMT:isVersionOf rdf:resource="urn:miriam:go:GO:0008219"/>
              </rdf:Description>
            </rdf:RDF>
          </COPASI>
        </annotation>
              <listOfReactants>
          <speciesReference species="Leukaemic_B_cells" stoichiometry="1"/>
        </listOfReactants>
        <listOfModifiers>
          <modifierSpeciesReference species="CAR_T_cells"/>
        </listOfModifiers>
        <kineticLaw>
          <math xmlns="http://www.w3.org/1998/Math/MathML">          
            <apply>
              <times/>
              <ci> compartment </ci>
              <apply>
                <ci> Rate_Law_for_Leukaemia_death </ci>
                <ci> alpha </ci>
                <ci> Leukaemic_B_cells </ci>
                <ci> CAR_T_cells </ci>
              </apply>
            </apply>
          </math>
                </kineticLaw>
      </reaction>
      <reaction id="Bcell_death" metaid="COPASI14" name="Bcell_death" reversible="false">
        <annotation>
          <rdf:RDF xmlns:rdf="http://www.w3.org/1999/02/22-rdf-syntax-ns#" xmlns:dc="http://purl.org/dc/elements/1.1/" xmlns:dcterms="http://purl.org/dc/terms/" xmlns:vCard="http://www.w3.org/2001/vcard-rdf/3.0#" xmlns:bqbiol="http://biomodels.net/biology-qualifiers/" xmlns:bqmodel="http://biomodels.net/model-qualifiers/">
            <rdf:Description rdf:about="#COPASI14">
	<bqbiol:isVersionOf>
	<rdf:Bag>
	<rdf:li rdf:resource="http://identifiers.org/go/GO:0008219"/>
	</rdf:Bag>
	</bqbiol:isVersionOf>
	</rdf:Description>
	
	
	
	
	
          </rdf:RDF>
          <COPASI xmlns="http://www.copasi.org/static/sbml">
            <rdf:RDF xmlns:CopasiMT="http://www.copasi.org/RDF/MiriamTerms#" xmlns:rdf="http://www.w3.org/1999/02/22-rdf-syntax-ns#">
              <rdf:Description rdf:about="#COPASI14">
                <CopasiMT:isVersionOf rdf:resource="urn:miriam:go:GO:0008219"/>
              </rdf:Description>
            </rdf:RDF>
          </COPASI>
        </annotation>
              <listOfReactants>
          <speciesReference species="B_cells_healthy" stoichiometry="1"/>
        </listOfReactants>
        <listOfModifiers>
          <modifierSpeciesReference species="CAR_T_cells"/>
        </listOfModifiers>
        <kineticLaw>
          <math xmlns="http://www.w3.org/1998/Math/MathML">          
            <apply>
              <times/>
              <ci> compartment </ci>
              <apply>
                <ci> Rate_Law_for_Bcell_death </ci>
                <ci> alpha </ci>
                <ci> B_cells_healthy </ci>
                <ci> CAR_T_cells </ci>
                <ci> tao_B </ci>
              </apply>
            </apply>
          </math>
                </kineticLaw>
      </reaction>
    </listOfReactions>
  </model>
</sbml>