{
    "name": "Aavani2019 - The role of CD4 T cells in immune system activation and viral reproduction in a simple model for HIV infection",
    "description": "<notes xmlns=\"http://www.sbml.org/sbml/level2/version4\">      <body xmlns=\"http://www.w3.org/1999/xhtml\">        <pre>This is a mathematical model comprised of a simple system of four ordinary differential equations that account for the two opposing roles of infected and healthy cytotoxic T lymphocytes within the context of HIV infection, with each type responsible for the production of virus and the activation and stimulation of immune responses, respectively.</pre>      </body>    </notes>",
    "format": {
        "name": "SBML",
        "identifier": "SBML",
        "version": "L2V4"
    },
    "publication": {
        "type": "DOI",
        "accession": "10.1016/j.apm.2019.05.028",
        "journal": "Applied Mathematical Modelling",
        "title": "The role of CD4 T cells in immune system activation and viral reproduction in a simple model for HIV infection",
        "affiliation": "Department of Biological Sciences, Texas Tech University, 2901 Main St., Lubbock, TX 79409, United States",
        "synopsis": "CD4 T cells play a fundamental role in the adaptive immune response including the stimulation of cytotoxic lymphocytes (CTLs). Human immunodeficiency virus (HIV) which infects and kills CD4 T cells causes progressive failure of the immune system. However, HIV particles are also reproduced by the infected CD4 T cells. Therefore, during HIV infection, infected and healthy CD4 T cells act in opposition to each other, reproducing virus particles and activating and stimulating cellular immune responses, respectively. In this investigation, we develop and analyze a simple system of four ordinary differential equations that accounts for these two opposing roles of CD4 T cells. The model illustrates the importance of the CTL immune response during the asymptomatic stage of HIV infection. In addition, the solution behavior exhibits the two stages of infection, asymptomatic and final AIDS stages. In the model, a weak immune response results in a short asymptomatic stage and faster development of AIDS, whereas a strong immune response illustrates the long asymptomatic stage. A model with a latent stage for infected CD4 T cells is also investigated and compared numerically with the original model. The model shows that strong stimulation of CTLs by CD4 T cells is necessary to prevent progression to the AIDS stage.",
        "year": 2019,
        "month": "11",
        "volume": "75",
        "pages": "210-222",
        "link": "http://identifiers.org/doi/10.1016/j.apm.2019.05.028",
        "authors": [
            {
                "name": "Aavani, P.",
                "institution": "Department of Biological Sciences, Texas Tech University, 2901 Main St., Lubbock, TX 79409, United States"
            },
            {
                "name": "Allen, L.J.S.",
                "institution": "Department of Mathematics & Statistics, Texas Tech University, Broadway and Boston, Lubbock, TX 79409-1042, United States"
            }
        ]
    },
    "files": {
        "main": [
            {
                "name": "Aavani2019.xml",
                "description": "SBML L2V4 Representation of Aavani2019 - The role of CD4 T cells in immune system activation and viral reproduction in a simple model for HIV infection",
                "fileSize": "40965",
                "mimeType": "application/xml",
                "md5sum": "fcaf58444aa00fdfe8fcb47c1c1cd1bc",
                "sha1sum": "2a9ef21996ba23574aa77c7f1737493dda4f275b",
                "sha256sum": "8148138862d55607ae42f2a3460449e2cf2171bfa7588242d856d20a8b0dcbe5"
            }
        ],
        "additional": [
            {
                "name": "Aavani2019-biopax2.owl",
                "description": "Auto-generated BioPAX (Level 2) file.",
                "fileSize": "14959",
                "mimeType": "application/rdf+xml",
                "md5sum": "4f5fa660852678b394c66bdf56158f73",
                "sha1sum": "801dd1577c89178ba9ebddfe9bc96a5fd5a3b706",
                "sha256sum": "6f705ed3b26e2bfd33501ea7e289663ad2d654d7d9f3593ea9b3f201c0b06c22"
            },
            {
                "name": "Aavani2019-biopax3.owl",
                "description": "Auto-generated BioPAX (Level 3) file.",
                "fileSize": "20522",
                "mimeType": "application/rdf+xml",
                "md5sum": "bf5af45f2179a12e2983683f168a715d",
                "sha1sum": "bc91f054f9fe9dd0f2e95a1532504ab7676e5baf",
                "sha256sum": "53543aa154d0aa2e41c5904af61dbdb5a4314ad1fdc3479da0a20482469d6a27"
            },
            {
                "name": "Aavani2019-matlab.m",
                "description": "Auto-generated Matlab file.",
                "fileSize": "5927",
                "mimeType": "text/x-matlab",
                "md5sum": "c034108c0bdde5d70864f7ed6e2755d0",
                "sha1sum": "ccb727913493f76184389ae12edfd88c39e072dd",
                "sha256sum": "aad85ac2d6c276249a0b9b138e117e594555106c961b229881eb4e601d3b65e9"
            },
            {
                "name": "Aavani2019-octave.m",
                "description": "Auto-generated Octave file.",
                "fileSize": "5927",
                "mimeType": "text/x-matlab",
                "md5sum": "a0dbb87415db0da3266f4d357895ee7e",
                "sha1sum": "f3cdf1e0030dbefcb0a53420a6a98c9983039860",
                "sha256sum": "7bd10bec3402799fdd564631cebf3ec4bf7d96ae92ec84a918bde33ef2780594"
            },
            {
                "name": "Aavani2019.cps",
                "description": "COPASI file of Aavani2019 - The role of CD4 T cells in immune system activation and viral reproduction in a simple model for HIV infection",
                "fileSize": "73739",
                "mimeType": "application/xml",
                "md5sum": "cfa1680e9f76541a95a765148b81d192",
                "sha1sum": "7c4d098478593bfba12ba830b64990660c61974d",
                "sha256sum": "634ae19ce022844364b890ab04d6aa20e0b6d01bc1d067c8d544425f8873eb1e"
            },
            {
                "name": "Aavani2019.ode",
                "description": "Auto-generated ODE file for XPP.",
                "fileSize": "4022",
                "mimeType": "text/plain",
                "md5sum": "c50033663e9c5f36d7064cd6491be69e",
                "sha1sum": "3b94598b7134860f9beb30ff2649a49907ec0263",
                "sha256sum": "1e6bee1f37478824f638533af8bb05213bdb0973d0c5a26ea4ad38ada9b91e65"
            },
            {
                "name": "Aavani2019.sedml",
                "description": "SED-ML file of Aavani2019 - The role of CD4 T cells in immune system activation and viral reproduction in a simple model for HIV infection (additionally CRBM-validated and adjusted).",
                "fileSize": "16388",
                "mimeType": "application/xml",
                "md5sum": "1783ab7b68f2a80cb8478b11452c7bab",
                "sha1sum": "e8a513902ae285a159239144980196f17844029e",
                "sha256sum": "ee965f8c6eb2ae7f245dba4af00985ec493aa793317682cc5d643512c039cdb2"
            },
            {
                "name": "curation_image.png",
                "description": "Reproduced figure(s) from original curation.",
                "fileSize": "140221",
                "mimeType": "image/png",
                "md5sum": "c0dcb4975e666874f8ccfbb53771dc33",
                "sha1sum": "70a82c2bcf6b8ed11725ef595ca84d7e3d4e23a1",
                "sha256sum": "538a68403c2635a59d5c5791197cb26f992cccea3c68bab67fa377f7eb1afcd2"
            },
            {
                "name": "curation_notes.txt",
                "description": "Notes from original curation (describes curation_image).",
                "fileSize": "153",
                "mimeType": "text/plain",
                "md5sum": "4589e6788952df176d445e4f87f6f9b4",
                "sha1sum": "b667ff304275d0d8b0a5d6d73c3145832a8732db",
                "sha256sum": "32319f15470529fec2c995cc57358cde996875afd971a88cb10b5b3cb92e5cb4"
            },
            {
                "name": "manifest.xml",
                "description": "Auto-generated manifest file for OMEX archives.",
                "fileSize": "1411",
                "mimeType": "application/xml",
                "md5sum": "a991f5b9bcd9285eca36a8363b852e76",
                "sha1sum": "948cccfccdc231d23a1592e16c71095ce8b4e0fc",
                "sha256sum": "2924919ae922e93aa2fc9ad0f5d7e7058ced4b6c9ebd715c3f53ba8153322f80"
            },
            {
                "name": "metadata.rdf",
                "description": "Auto-generated annotation metadata file.",
                "fileSize": "2561",
                "mimeType": "application/rdf+xml",
                "md5sum": "52fb544256efcd8b3e4701462382fb3f",
                "sha1sum": "3315ce0c5b25e9fa877f38fd435bb5420877f505",
                "sha256sum": "a4b36c3601b191daed0d46aff598dce5e4bcffca0f954d2174032ff6adbbd98d"
            }
        ]
    },
    "history": {
        "revisions": [
            {
                "version": 1,
                "submitted": 1574868078,
                "submitter": "Johannes Meyer",
                "comment": "Import of Aavani2019 - The role of CD4 T cells in immune system activation and viral reproduction in a simple model for HIV infection"
            },
            {
                "version": 2,
                "submitted": 1574868254,
                "submitter": "Johannes Meyer",
                "comment": "Automatically added model identifier BIOMD0000000876"
            },
            {
                "version": 4,
                "submitted": 1633460570,
                "submitter": "Rahuman S Malik-Sheriff",
                "comment": "Automatically added model identifier BIOMD0000000876"
            },
            {
                "version": 5,
                "submitted": 1724288286,
                "submitter": "Lucian Smith",
                "comment": "CRBM-sponsored manual and automated updates."
            }
        ]
    },
    "firstPublished": 1725281919,
    "submissionId": "MODEL1911270003",
    "publicationId": "BIOMD0000000876",
    "modellingApproach": {
        "accession": "MAMO_0000046",
        "name": "ordinary differential equation model",
        "resource": "http://identifiers.org/mamo/MAMO_0000046"
    },
    "curationStatus": "CURATED",
    "contributors": {
        "Curator": [
            {
                "name": "Lucian Smith",
                "email": "lpsmith@uw.edu",
                "affiliation": "University of Washington",
                "orcid": "0000-0001-7002-6386",
                "external": false
            }
        ],
        "Modeller": [
            {
                "name": "Johannes Meyer",
                "email": "johannes.p.meyer@gmail.com",
                "affiliation": "EMBL-EBI",
                "external": false
            },
            {
                "name": "Rahuman S Malik-Sheriff",
                "email": "sheriff@ebi.ac.uk",
                "affiliation": "European Molecular Biology Laboratory-European Bioinformatics Institute (EMBL-EBI), Wellcome Trust Genome Campus, Hinxton, Cambridge CB10 1SD, UK.",
                "orcid": "0000-0003-0705-9809",
                "external": false
            }
        ]
    },
    "vcsIdentifier": "aai",
    "modelLevelAnnotations": [
        {
            "qualifier": "bqbiol:hasTaxon",
            "accession": "9606",
            "name": "Homo sapiens",
            "resource": "Taxonomy",
            "uri": "http://identifiers.org/taxonomy/9606"
        },
        {
            "qualifier": "bqbiol:hasProperty",
            "accession": "MAMO_0000046",
            "name": "Ordinary differential equation model",
            "resource": "Mathematical Modelling Ontology",
            "uri": "http://identifiers.org/mamo/MAMO_0000046"
        },
        {
            "qualifier": "bqbiol:hasProperty",
            "accession": "C17930",
            "name": "Immune Response Process",
            "resource": "NCIt",
            "uri": "http://identifiers.org/ncit/C17930"
        },
        {
            "qualifier": "bqmodel:isDescribedBy",
            "accession": "10.1016/j.apm.2019.05.028",
            "resource": "DOI",
            "uri": "http://identifiers.org/doi/10.1016/j.apm.2019.05.028"
        },
        {
            "qualifier": "bqmodel:isDerivedFrom",
            "accession": "10588728",
            "resource": "PubMed",
            "uri": "http://identifiers.org/pubmed/10588728"
        },
        {
            "qualifier": "bqmodel:is",
            "accession": "BIOMD0000000876",
            "resource": "BioModels Database",
            "uri": "http://identifiers.org/biomodels.db/BIOMD0000000876"
        },
        {
            "qualifier": "bqmodel:is",
            "accession": "MODEL1911270003",
            "resource": "BioModels Database",
            "uri": "http://identifiers.org/biomodels.db/MODEL1911270003"
        },
        {
            "qualifier": "bqbiol:hasProperty",
            "accession": "C14219",
            "name": "Human Immunodeficiency Virus",
            "resource": "NCIt",
            "uri": "http://identifiers.org/ncit/C14219"
        },
        {
            "qualifier": "bqbiol:hasProperty",
            "accession": "NCIT:C12543",
            "name": "Cytotoxic T-Lymphocyte",
            "resource": "NCIt",
            "uri": "http://identifiers.org/ncit/C12543"
        }
    ]
}