{
    "name": "Restif2006 - Whooping cough",
    "description": "<notes xmlns=\"http://www.sbml.org/sbml/level2/version4\">      <body xmlns=\"http://www.w3.org/1999/xhtml\">    <div class=\"dc:title\">Restif2006 - Whooping cough</div><div class=\"dc:bibliographicCitation\">  <p>This model is described in the article:</p>  <div class=\"bibo:title\">    <a href=\"http://identifiers.org/pubmed/16615206\" title=\"Access to this publication\">Integrating life history and    cross-immunity into the evolutionary dynamics of pathogens.</a>  </div>  <div class=\"bibo:authorList\">Restif O, Grenfell BT.</div>  <div class=\"bibo:Journal\">Proc. Biol. Sci. 2006 Feb; 273(1585):  409-416</div>  <p>Abstract:</p>  <div class=\"bibo:abstract\">    <p>Models for the diversity and evolution of pathogens have    branched into two main directions: the adaptive dynamics of    quantitative life-history traits (notably virulence) and the    maintenance and invasion of multiple, antigenically diverse    strains that interact with the host's immune memory. In a first    attempt to reconcile these two approaches, we developed a    simple modelling framework where two strains of pathogens,    defined by a pair of life-history traits (infectious period and    infectivity), interfere through a given level of    cross-immunity. We used whooping cough as a potential example,    but the framework proposed here could be applied to other acute    infectious diseases. Specifically, we analysed the effects of    these parameters on the invasion dynamics of one strain into a    population, where the second strain is endemic. Whereas the    deterministic version of the model converges towards stable    coexistence of the two strains in most cases, stochastic    simulations showed that transient epidemic dynamics can cause    the extinction of either strain. Thus ecological dynamics,    modulated by the immune parameters, eventually determine the    adaptive value of different pathogen genotypes. We advocate an    integrative view of pathogen dynamics at the crossroads of    immunology, epidemiology and evolution, as a way towards    efficient control of infectious diseases.</p>  </div></div><div class=\"bm:curation\">  <p style=\"font-size: 12px; color: rgb(0, 0, 0); font-family: helvetica, 'trebuchet MS', arial, sans-serif;\">This  version of the model can be used for both the stochastic and the  deterministic simulations described in the article. For  deterministic interpretations with infinite population sizes, set  the population size   <em>N</em> = 1. The model reproduces the deterministic time  courses. Stochastic interpretation with Copasi UI gave results  similar to the article, but was not extensively tested. The  initial conditions for competition simulations can be derived by  equilibrating the system for one pathogen and then adding a  starting concentration for the other.</p>  <p style=\"font-size: 12px; color: rgb(0, 0, 0); font-family: helvetica, 'trebuchet MS', arial, sans-serif;\">Originally  created by libAntimony v1.3 (using libSBML 4.1.0-b1)</p></div><div class=\"dc:publisher\">  <p>This model is hosted on   <a href=\"http://www.ebi.ac.uk/biomodels/\">BioModels Database</a>  and identified by:   <a href=\"http://identifiers.org/biomodels.db/BIOMD0000000249\">BIOMD0000000249</a>.</p>  <p>To cite BioModels Database, please use:   <a href=\"http://identifiers.org/pubmed/20587024\" title=\"Latest BioModels Database publication\">BioModels Database:  An enhanced, curated and annotated resource for published  quantitative kinetic models</a>.</p></div><div class=\"dc:license\">  <p>To the extent possible under law, all copyright and related or  neighbouring rights to this encoded model have been dedicated to  the public domain worldwide. Please refer to   <a href=\"http://creativecommons.org/publicdomain/zero/1.0/\" title=\"Access to: CC0 1.0 Universal (CC0 1.0), Public Domain Dedication\">CC0  Public Domain Dedication</a> for more information.</p></div></body>    </notes>",
    "format": {
        "name": "SBML",
        "identifier": "SBML",
        "version": "L2V4"
    },
    "publication": {
        "type": "PubMed ID",
        "accession": "16615206",
        "journal": "Proceedings. Biological sciences",
        "title": "Integrating life history and cross-immunity into the evolutionary dynamics of pathogens.",
        "affiliation": "Cambridge Infectious Diseases Consortium, Department of Veterinary Medicine, University of Cambridge, Madingley Road, Cambridge CB3 0ES, UK. olivier.restif@m4x.org",
        "synopsis": "Models for the diversity and evolution of pathogens have branched into two main directions: the adaptive dynamics of quantitative life-history traits (notably virulence) and the maintenance and invasion of multiple, antigenically diverse strains that interact with the host's immune memory. In a first attempt to reconcile these two approaches, we developed a simple modelling framework where two strains of pathogens, defined by a pair of life-history traits (infectious period and infectivity), interfere through a given level of cross-immunity. We used whooping cough as a potential example, but the framework proposed here could be applied to other acute infectious diseases. Specifically, we analysed the effects of these parameters on the invasion dynamics of one strain into a population, where the second strain is endemic. Whereas the deterministic version of the model converges towards stable coexistence of the two strains in most cases, stochastic simulations showed that transient epidemic dynamics can cause the extinction of either strain. Thus ecological dynamics, modulated by the immune parameters, eventually determine the adaptive value of different pathogen genotypes. We advocate an integrative view of pathogen dynamics at the crossroads of immunology, epidemiology and evolution, as a way towards efficient control of infectious diseases.",
        "year": 2006,
        "month": "2",
        "volume": "273",
        "issue": "1585",
        "pages": "409-416",
        "link": "http://identifiers.org/pubmed/16615206",
        "authors": [
            {
                "name": "Olivier Restif",
                "institution": "Department of Veterinary Medicine, University of Cambridge, Cambridge Infectious Diseases Consortium, Madingley Road, Cambridge CB3 0ES, UK. or226@cam.ac.uk",
                "orcid": "0000-0001-9158-853X"
            },
            {
                "name": "Bryan T Grenfell",
                "orcid": "0000-0003-3227-5909"
            }
        ]
    },
    "files": {
        "main": [
            {
                "name": "BIOMD0000000249_url.xml",
                "description": "SBML L2V4 representation of Restif2006 - Whooping cough",
                "fileSize": "42813",
                "mimeType": "application/xml",
                "md5sum": "756a515f1194d514e169a93d5f80d3c7",
                "sha1sum": "82c7ae014c01e5cd3dc81a4d26fda7a80b77d20e",
                "sha256sum": "57992e967083389e212472285dda2312803c4b25e93de4566168fd0b7a32cc0f"
            }
        ],
        "additional": [
            {
                "name": "BIOMD0000000249-biopax2.owl",
                "description": "Auto-generated BioPAX (Level 2)",
                "fileSize": "23621",
                "mimeType": "application/rdf+xml",
                "md5sum": "a97dbe5d7a5d47136361abdf65545a57",
                "sha1sum": "6333c66523badc46a627acf10f38e575bdcbc8ff",
                "sha256sum": "36e382d8a996dc0b47b7b74b223fb594ccb6fbb9fd978a37fd900b8386b300d1"
            },
            {
                "name": "BIOMD0000000249-biopax3.owl",
                "description": "Auto-generated BioPAX (Level 3)",
                "fileSize": "36838",
                "mimeType": "application/rdf+xml",
                "md5sum": "f9e0c2431e61e32e4eff5251817d55b3",
                "sha1sum": "4dada5bca11f5996d60b9f33d8b6ba22f4ff3797",
                "sha256sum": "f092e6f66a4a43d790023751cd436f18c3dc339647df2b7729bb6959e5222502"
            },
            {
                "name": "BIOMD0000000249-matlab.m",
                "description": "Auto-generated Matlab file.",
                "fileSize": "8016",
                "mimeType": "text/x-matlab",
                "md5sum": "8c125c2a89d6dd9b191984538ac73a74",
                "sha1sum": "6e1501e2a8f3a34988fbff2e2ea2ab94615bb660",
                "sha256sum": "8c0b5768192986a9b782cfbe5fb7d8358f8f15689e9dff172051df5f096210bc"
            },
            {
                "name": "BIOMD0000000249.m",
                "description": "Auto-generated Octave file",
                "fileSize": "8016",
                "mimeType": "text/x-matlab",
                "md5sum": "a470a79d6daed3b3a2b5cc2308d21c15",
                "sha1sum": "0b76e8fbd0f1fb65e2d34fdf1b54245955013bb1",
                "sha256sum": "74b9eebe720fddad1dc2b08571d4da88709b5536079df9d33a799e488cb62f01"
            },
            {
                "name": "BIOMD0000000249.ode",
                "description": "Auto-generated ODE file for XPP.",
                "fileSize": "5961",
                "mimeType": "text/plain",
                "md5sum": "eb51af98456c6a4dcc2e63f3d4d7db17",
                "sha1sum": "f82818003e868ca08c42b03110798a0184bb2e47",
                "sha256sum": "d24133a04a9907ae578b0567f8f81d085355cd20bda29abbf9b88df572853875"
            },
            {
                "name": "BIOMD0000000249.pdf",
                "description": "Auto-generated PDF file",
                "fileSize": "227866",
                "mimeType": "application/pdf",
                "md5sum": "33897659eaf6ed9f40bf0d7d1d1f211b",
                "sha1sum": "767548f75b1e126d8640240833d0ca4008579fa4",
                "sha256sum": "edf730433d12a0151a2ffb7038e3d65043458112c7c696e95ab5bc8efc406c83"
            },
            {
                "name": "BIOMD0000000249.png",
                "description": "Auto-generated Reaction graph (PNG)",
                "fileSize": "152975",
                "mimeType": "image/png",
                "md5sum": "2349ba9b2fe8ae5e1d84593ae9a26c55",
                "sha1sum": "060eca1691b1c204d01bbf5be37d770f1123eb38",
                "sha256sum": "aa466a96de4660459e66b179e083325eb4e6392eb78b800cc333f03867adc0c6"
            },
            {
                "name": "BIOMD0000000249.svg",
                "description": "Auto-generated Reaction graph (SVG)",
                "fileSize": "37534",
                "mimeType": "image/svg+xml",
                "md5sum": "6c9f684794d84c2eb1201a0c63f36901",
                "sha1sum": "f3862a513daa2cb2eb06f382b8bbccad70e2bbda",
                "sha256sum": "cb047445c5a71ec04c05b4cd2798b3e5469bc6834484b71f87916a22a7d6a8ea"
            },
            {
                "name": "BIOMD0000000249.vcml",
                "description": "Auto-generated VCML file",
                "fileSize": "52484",
                "mimeType": "application/xml",
                "md5sum": "82e38829eb9a97aa90581979631110ae",
                "sha1sum": "b52dab59b94502ceaa041a8230eacb7bd04dc1b6",
                "sha256sum": "9e317d65563a1e7d1f7b4181b70df5cf12f08c780a0fbed6681322ddaa2893e6"
            },
            {
                "name": "BIOMD0000000249_url.sedml",
                "description": "CRBM auto-generated \"template\" SED-ML file.",
                "fileSize": "28575",
                "mimeType": "application/xml",
                "md5sum": "9c2dac9f9f97863ffd6359d663fa6158",
                "sha1sum": "eed6edf8601dd1bd6e0da239b057fedd8334cd83",
                "sha256sum": "57de376b31570b88a581c4eacd678d06a65aa3dd0c7098f0af1cf49ecc71081e"
            },
            {
                "name": "curation_image.png",
                "description": "Reproduced figure(s) from original curation.",
                "fileSize": "28843",
                "mimeType": "image/png",
                "md5sum": "8d65b41b9c3f34d932d57c4b6fc354ca",
                "sha1sum": "8e9fd7d1a9ca75f4c58685824bdbef9b02f0662c",
                "sha256sum": "60a3740e42a1c0f90c455d8e3836df6fadabeef02416341086f0cad7d611852a"
            },
            {
                "name": "curation_notes.txt",
                "description": "Notes from original curation (describes curation_image).",
                "fileSize": "227",
                "mimeType": "text/plain",
                "md5sum": "3760159102c905e79ae84bd468b87fbc",
                "sha1sum": "08d9a842e5914f8363dd648447d04991cac82762",
                "sha256sum": "3ef1f5eefaedba3e7075b6404f4186a5288ee013dca3256b50d573a7df4a0eab"
            },
            {
                "name": "manifest.xml",
                "description": "Auto-generated manifest file for OMEX archives.",
                "fileSize": "1793",
                "mimeType": "application/xml",
                "md5sum": "d3f780cf832f078a082f0e632c18a07a",
                "sha1sum": "a224b1247010f1e5be504bc5d06b4b89dfbd2893",
                "sha256sum": "bec88e94bdcfe19d4cd46c767480f25db0e760eb669c041f2c0bced11915d8bc"
            },
            {
                "name": "metadata.rdf",
                "description": "Auto-generated annotation metadata file.",
                "fileSize": "7001",
                "mimeType": "application/rdf+xml",
                "md5sum": "4e6bd9d0db3b186ec2136cf65f450aa8",
                "sha1sum": "0fabf9cb39f1b0627b4d2062fff671131861c953",
                "sha256sum": "f35c1fdee33669311595e5f8088fe13337613e46fcc389dfddc47b3f0adb5a0f"
            }
        ]
    },
    "history": {
        "revisions": [
            {
                "version": 1,
                "submitted": 1269827178,
                "submitter": "Lukas Endler",
                "comment": "Original import of Restif2006_Whooping_Cough_Dynamics"
            },
            {
                "version": 2,
                "submitted": 1495105970,
                "submitter": "Lukas Endler",
                "comment": "Current version of Restif2006 - Whooping cough"
            },
            {
                "version": 3,
                "submitted": 1724267903,
                "submitter": "Lucian Smith",
                "comment": "CRBM-sponsored manual and automated updates."
            }
        ]
    },
    "firstPublished": 1725281370,
    "submissionId": "MODEL1003290000",
    "publicationId": "BIOMD0000000249",
    "modellingApproach": {
        "accession": "MAMO_0000046",
        "name": "ordinary differential equation model",
        "resource": "http://identifiers.org/mamo/MAMO_0000046"
    },
    "curationStatus": "CURATED",
    "contributors": {
        "Curator": [
            {
                "name": "Lucian Smith",
                "email": "lpsmith@uw.edu",
                "affiliation": "University of Washington",
                "orcid": "0000-0001-7002-6386",
                "external": false
            }
        ],
        "Modeller": [
            {
                "name": "Lukas Endler",
                "email": "lukas@ebi.ac.uk",
                "affiliation": "EMBL-EBI",
                "external": false
            }
        ]
    },
    "vcsIdentifier": "aaa",
    "modelLevelAnnotations": [
        {
            "qualifier": "bqbiol:hasTaxon",
            "accession": "9606",
            "name": "Homo sapiens",
            "resource": "Taxonomy",
            "uri": "http://identifiers.org/taxonomy/9606"
        },
        {
            "qualifier": "bqmodel:is",
            "accession": "MODEL1003290000",
            "resource": "BioModels Database",
            "uri": "http://identifiers.org/biomodels.db/MODEL1003290000"
        },
        {
            "qualifier": "bqmodel:is",
            "accession": "BIOMD0000000249",
            "resource": "BioModels Database",
            "uri": "http://identifiers.org/biomodels.db/BIOMD0000000249"
        },
        {
            "qualifier": "bqmodel:isDescribedBy",
            "accession": "16615206",
            "resource": "PubMed",
            "uri": "http://identifiers.org/pubmed/16615206"
        },
        {
            "qualifier": "bqmodel:isDerivedFrom",
            "accession": "460424",
            "resource": "PubMed",
            "uri": "http://identifiers.org/pubmed/460424"
        },
        {
            "qualifier": "bqmodel:isDerivedFrom",
            "accession": "460412",
            "resource": "PubMed",
            "uri": "http://identifiers.org/pubmed/460412"
        },
        {
            "qualifier": "bqbiol:hasTaxon",
            "accession": "520",
            "name": "Bordetella pertussis",
            "resource": "Taxonomy",
            "uri": "http://identifiers.org/taxonomy/520"
        },
        {
            "qualifier": "bqbiol:hasProperty",
            "accession": "DOID:1116",
            "name": "pertussis",
            "resource": "Human Disease Ontology",
            "uri": "http://identifiers.org/doid/DOID:1116"
        },
        {
            "qualifier": "bqbiol:isVersionOf",
            "accession": "GO:0044403",
            "name": "symbiosis, encompassing mutualism through parasitism",
            "resource": "Gene Ontology",
            "uri": "http://identifiers.org/go/GO:0044403"
        },
        {
            "qualifier": "bqbiol:isVersionOf",
            "accession": "GO:0009814",
            "name": "defense response, incompatible interaction",
            "resource": "Gene Ontology",
            "uri": "http://identifiers.org/go/GO:0009814"
        },
        {
            "qualifier": "bqbiol:hasProperty",
            "accession": "MAMO_0000046",
            "name": "Ordinary differential equation model",
            "resource": "Mathematical Modelling Ontology",
            "uri": "http://identifiers.org/mamo/MAMO_0000046"
        }
    ]
}