<?xml version="1.0" encoding="UTF-8"?>
<sbml xmlns="http://www.sbml.org/sbml/level2/version4" metaid="_625753" level="2" version="4">
  <model metaid="metaid_0000002" id="Wodarz2003_CTLcrosspriming" name="Wodarz2003_CTLcrosspriming">
    <notes>
      <body xmlns="http://www.w3.org/1999/xhtml">
        <p>This a model from the article:      <br/>
        <strong>A dynamical perspective of CTL cross-priming and regulation: implications for
cancer immunology.</strong>
        <br/>
          Wodarz D, Jansen VA.      <em>Immunol Lett</em>
          2003 May 1;86(3):213-27      <a href="http://www.ncbi.nlm.nih.gov/pubmed/12706524">12706524</a>
          ,      <br/>
        <strong>Abstract:</strong>
        <br/>
          Cytotoxic T lymphocytes (CTL) responses are required to fight many diseases such
as viral infections and tumors. At the same time, they can cause disease when
induced inappropriately. Which factors regulate CTL and decide whether they
should remain silent or react is open to debate. The phenomenon called
cross-priming has received attention in this respect. That is, CTL expansion
occurs if antigen is recognized on the surface of professional antigen
presenting cells (APCs). This is in contrast to direct presentation where
antigen is seen on the surface of the target cells (e.g. infected cells or tumor
cells). Here we introduce a mathematical model, which takes the phenomenon of
cross-priming into account. We propose a new mechanism of regulation which is
implicit in the dynamics of the CTL: According to the model, the ability of a
CTL response to become established depends on the ratio of cross-presentation to
direct presentation of the antigen. If this ratio is relatively high, CTL
responses are likely to become established. If this ratio is relatively low,
tolerance is the likely outcome. The behavior of the model includes a parameter
region where the outcome depends on the initial conditions. We discuss our
results with respect to the idea of self/non-self discrimination and the danger
signal hypothesis. We apply the model to study the role of CTL in cancer
initiation, cancer evolution/progression, and therapeutic vaccination against
cancers.      </p>
      <p>This model was taken from the      <a href="http://www.cellml.org/models">CellML repository</a>
          and automatically converted to SBML.      <br/>
          The original model was:      <a href="http://models.cellml.org/exposure/7113cad8414646c526728e1a7d68e13b">
        <strong>Wodarz D, Jansen VA. (2003) - version=1.0</strong>
      </a>
      <br/>
          The original CellML model was created by:      <br/>
      <strong>Catherine Lloyd</strong>
      <br/>
          c.lloyd@auckland.ac.nz      <br/>
          The University of Auckland      <br/></p>
    <p>This model originates from BioModels Database: A Database of Annotated Published Models (http://www.ebi.ac.uk/biomodels/). It is copyright (c) 2005-2011 The BioModels.net Team.      <br/>
          To the extent possible under law, all copyright and related or neighbouring rights to this encoded model have been dedicated to the public domain worldwide. Please refer to      <a href="http://creativecommons.org/publicdomain/zero/1.0/" title="Creative Commons CC0">CC0 Public Domain Dedication</a>
          for more information.      </p>
  <p>In summary, you are entitled to use this encoded model in absolutely any manner you deem suitable, verbatim, or with modification, alone or embedded it in a larger context, redistribute it, commercially or not, in a restricted way or not..      <br/>
  <br/>
          To cite BioModels Database, please use:      <a href="http://www.ncbi.nlm.nih.gov/pubmed/20587024" target="_blank">Li C, Donizelli M, Rodriguez N, Dharuri H, Endler L, Chelliah V, Li L, He E, Henry A, Stefan MI, Snoep JL, Hucka M, Le Novère N, Laibe C (2010) BioModels Database: An enhanced, curated and annotated resource for published quantitative kinetic models. BMC Syst Biol., 4:92.</a>
</p>
</body>
</notes><annotation>
  <rdf:RDF xmlns:rdf="http://www.w3.org/1999/02/22-rdf-syntax-ns#" xmlns:bqmodel="http://biomodels.net/model-qualifiers/" xmlns:vCard="http://www.w3.org/2001/vcard-rdf/3.0#" xmlns:dc="http://purl.org/dc/elements/1.1/" xmlns:dcterms="http://purl.org/dc/terms/" xmlns:bqbiol="http://biomodels.net/biology-qualifiers/">
    <rdf:Description rdf:about="#metaid_0000002">
      <dc:creator>
        <rdf:Bag>
          <rdf:li rdf:parseType="Resource">
            <vCard:N rdf:parseType="Resource">
              <vCard:Family>Lloyd</vCard:Family>
              <vCard:Given>Catherine</vCard:Given>
            </vCard:N>
            <vCard:EMAIL>c.lloyd@auckland.ac.nz</vCard:EMAIL>
            <vCard:ORG rdf:parseType="Resource">
              <vCard:Orgname>University of Auckland</vCard:Orgname>
            </vCard:ORG>
          </rdf:li>
          <rdf:li rdf:parseType="Resource">
            <vCard:N rdf:parseType="Resource">
              <vCard:Family>Lloyd</vCard:Family>
              <vCard:Given>Catherine</vCard:Given>
            </vCard:N>
            <vCard:EMAIL>c.lloyd@auckland.ac.nz</vCard:EMAIL>
            <vCard:ORG rdf:parseType="Resource">
              <vCard:Orgname>University of Auckland</vCard:Orgname>
            </vCard:ORG>
          </rdf:li>
          <rdf:li rdf:parseType="Resource">
            <vCard:N rdf:parseType="Resource">
              <vCard:Family>Lloyd</vCard:Family>
              <vCard:Given>Catherine</vCard:Given>
            </vCard:N>
            <vCard:EMAIL>c.lloyd@auckland.ac.nz</vCard:EMAIL>
            <vCard:ORG rdf:parseType="Resource">
              <vCard:Orgname>University of Auckland</vCard:Orgname>
            </vCard:ORG>
          </rdf:li>
        </rdf:Bag>
      </dc:creator>
      <dcterms:created rdf:parseType="Resource">
        <dcterms:W3CDTF>2010-06-25T13:46:40Z</dcterms:W3CDTF>
      </dcterms:created>
      <dcterms:modified rdf:parseType="Resource">
        <dcterms:W3CDTF>2010-06-25T13:46:40Z</dcterms:W3CDTF>
      </dcterms:modified>
      <dcterms:modified rdf:parseType="Resource">
        <dcterms:W3CDTF>2010-06-25T13:46:40Z</dcterms:W3CDTF>
      </dcterms:modified>
      <dcterms:modified rdf:parseType="Resource">
        <dcterms:W3CDTF>2010-06-25T13:46:40Z</dcterms:W3CDTF>
      </dcterms:modified>
      <bqmodel:is>
        <rdf:Bag>
          <rdf:li rdf:resource="http://identifiers.org/biomodels.db/MODEL1006230094"/>
        </rdf:Bag>
      </bqmodel:is>
      <bqmodel:isDescribedBy>
        <rdf:Bag>
          <rdf:li rdf:resource="http://identifiers.org/pubmed/12706524"/>
        </rdf:Bag>
      </bqmodel:isDescribedBy>
      <bqbiol:hasTaxon>
        <rdf:Bag>
          <rdf:li rdf:resource="http://identifiers.org/taxonomy/9606"/>
        </rdf:Bag>
      </bqbiol:hasTaxon>
      <bqbiol:isVersionOf>
        <rdf:Bag>
          <rdf:li rdf:resource="http://identifiers.org/go/GO:0002250"/>
        </rdf:Bag>
      </bqbiol:isVersionOf>
    </rdf:Description>
  </rdf:RDF>
</annotation><listOfUnitDefinitions>
  <unitDefinition metaid="_625765" id="day" name="day">
    <listOfUnits>
      <unit metaid="_625777" kind="second" multiplier="86400"/>
    </listOfUnits>
  </unitDefinition>
  <unitDefinition metaid="_625789" id="first_order_rate_constant" name="first_order_rate_constant">
    <listOfUnits>
      <unit metaid="_625801" kind="second" exponent="-1" multiplier="86400"/>
    </listOfUnits>
  </unitDefinition>
  <unitDefinition metaid="_625813" id="time" name="time">
    <listOfUnits>
      <unit metaid="_625825" kind="second" multiplier="86400"/>
    </listOfUnits>
  </unitDefinition>
</listOfUnitDefinitions><listOfCompartments>
  <compartment metaid="_999458" id="COMpartment" size="1" units="litre"/>
</listOfCompartments><listOfParameters>
  <parameter metaid="_999469" id="T" name="T" value="0.1" constant="false"/>
  <parameter metaid="_999470" id="k" name="k" value="10"/>
  <parameter metaid="_999471" id="r" name="r" value="0.5"/>
  <parameter metaid="_999472" id="d" name="d" value="0.1"/>
  <parameter metaid="_999474" id="gamma" name="gamma" value="1"/>
  <parameter metaid="_999475" id="A" name="A" value="1" constant="false"/>
  <parameter metaid="_999476" id="lambda" name="lambda" value="1"/>
  <parameter metaid="_999478" id="delta_1" name="delta_1" value="0.1"/>
  <parameter metaid="_999479" id="A_star" name="A_star" value="2" constant="false"/>
  <parameter metaid="_999480" id="delta_2" name="delta_2" value="1.5"/>
  <parameter metaid="_999482" id="C" name="C" value="0.015" constant="false"/>
  <parameter metaid="_999483" id="eta" name="eta" value="2"/>
  <parameter metaid="_999484" id="epsilon" name="epsilon" value="1"/>
  <parameter metaid="_999486" id="q" name="q" value="0.5"/>
  <parameter metaid="_999487" id="mu" name="mu" value="0.1"/>
  <parameter metaid="_999488" id="R" name="R" constant="false"/>
  <parameter metaid="_999490" id="alpha" name="alpha" value="0.05"/>
</listOfParameters><listOfRules>
  <rateRule metaid="_999462" variable="T">
    <math xmlns="http://www.w3.org/1998/Math/MathML">
      <apply>
        <minus/>
        <apply>
          <minus/>
          <apply>
            <times/>
            <ci> r </ci>
            <ci> T </ci>
            <apply>
              <minus/>
              <cn> 1 </cn>
              <apply>
                <divide/>
                <apply>
                  <times/>
                  <ci> T </ci>
                  <cn> 1 </cn>
                </apply>
                <ci> k </ci>
              </apply>
            </apply>
          </apply>
          <apply>
            <times/>
            <ci> d </ci>
            <ci> T </ci>
          </apply>
        </apply>
        <apply>
          <times/>
          <ci> gamma </ci>
          <ci> T </ci>
          <ci> C </ci>
        </apply>
      </apply>
    </math>
  </rateRule>
  <rateRule metaid="_999463" variable="A">
    <math xmlns="http://www.w3.org/1998/Math/MathML">
      <apply>
        <minus/>
        <apply>
          <minus/>
          <ci> lambda </ci>
          <apply>
            <times/>
            <ci> delta_1 </ci>
            <ci> A </ci>
          </apply>
        </apply>
        <apply>
          <times/>
          <ci> alpha </ci>
          <ci> A </ci>
          <ci> T </ci>
        </apply>
      </apply>
    </math>
  </rateRule>
  <rateRule metaid="_999464" variable="A_star">
    <math xmlns="http://www.w3.org/1998/Math/MathML">
      <apply>
        <minus/>
        <apply>
          <times/>
          <ci> alpha </ci>
          <ci> A </ci>
          <ci> T </ci>
        </apply>
        <apply>
          <times/>
          <ci> delta_2 </ci>
          <ci> A_star </ci>
        </apply>
      </apply>
    </math>
  </rateRule>
  <rateRule metaid="_999466" variable="C">
    <math xmlns="http://www.w3.org/1998/Math/MathML">
      <apply>
        <minus/>
        <apply>
          <minus/>
          <apply>
            <divide/>
            <apply>
              <times/>
              <ci> eta </ci>
              <ci> A_star </ci>
              <ci> C </ci>
            </apply>
            <apply>
              <plus/>
              <apply>
                <times/>
                <ci> epsilon </ci>
                <ci> C </ci>
              </apply>
              <cn> 1 </cn>
            </apply>
          </apply>
          <apply>
            <times/>
            <ci> q </ci>
            <ci> T </ci>
            <ci> C </ci>
          </apply>
        </apply>
        <apply>
          <times/>
          <ci> mu </ci>
          <ci> C </ci>
        </apply>
      </apply>
    </math>
  </rateRule>
  <assignmentRule metaid="_999467" variable="R">
    <math xmlns="http://www.w3.org/1998/Math/MathML">
      <apply>
        <divide/>
        <apply>
          <times/>
          <ci> C </ci>
          <ci> A_star </ci>
        </apply>
        <apply>
          <times/>
          <ci> q </ci>
          <cn> 1 </cn>
          <ci> T </ci>
        </apply>
      </apply>
    </math>
  </assignmentRule>
</listOfRules>
</model>
</sbml>
