{
    "name": "Chaudhury2020 - Lotka-Volterra mathematical model of CAR-T cell and tumour kinetics",
    "description": "<notes xmlns=\"http://www.sbml.org/sbml/level2/version4\">      <body xmlns=\"http://www.w3.org/1999/xhtml\">        <pre>This ordinary differential equation model of the cellular kinetics and pharmacodynamics of CAR-T cell therapy is described in the publication:Chaudhury, A., Zhu, X., Chu, L., Goliaei, A., June, C., Kearns, J. and Stein, A., 2020. Chimeric Antigen Receptor T Cell Therapies: A Review of Cellular Kinetic‐Pharmacodynamic Modeling Approaches. The Journal of Clinical Pharmacology, 60(S1).DOI: 10.1002/jcph.1691Comment:This model is based on equations 4-5 from the manuscript.Abstract:Chimeric antigen receptor T cell (CAR-T cell) therapies have shown significant efficacy in CD19+ leukemias and lymphomas. There remain many challenges and questions for improving next-generation CAR-T cell therapies, and mathematical modeling of CAR-T cells may play a role in supporting further development. In this review, we introduce a mathematical modeling taxonomy for a set of relatively simple cellular kinetic-pharmacodynamic models that describe the in vivo dynamics of CAR-T cell and their interactions with cancer cells. We then discuss potential extensions of this model to include target binding, tumor distribution, cytokine-release syndrome, immunophenotype differentiation, and genotypic heterogeneity.</pre>      </body>    </notes>",
    "format": {
        "name": "SBML",
        "identifier": "SBML",
        "version": "L2V4"
    },
    "publication": {
        "type": "PubMed ID",
        "accession": "33205434",
        "journal": "Journal of clinical pharmacology",
        "title": "Chimeric Antigen Receptor T Cell Therapies: A Review of Cellular Kinetic-Pharmacodynamic Modeling Approaches.",
        "affiliation": "Pharmacometrics, Novartis Institutes of BioMedical Research, Cambridge, Massachusetts, USA.",
        "synopsis": "Chimeric antigen receptor T cell (CAR-T cell) therapies have shown significant efficacy in CD19+ leukemias and lymphomas. There remain many challenges and questions for improving next-generation CAR-T cell therapies, and mathematical modeling of CAR-T cells may play a role in supporting further development. In this review, we introduce a mathematical modeling taxonomy for a set of relatively simple cellular kinetic-pharmacodynamic models that describe the in vivo dynamics of CAR-T cell and their interactions with cancer cells. We then discuss potential extensions of this model to include target binding, tumor distribution, cytokine-release syndrome, immunophenotype differentiation, and genotypic heterogeneity.",
        "year": 2020,
        "month": "10",
        "volume": "60 Suppl 1",
        "pages": "S147-S159",
        "link": "http://identifiers.org/pubmed/33205434",
        "authors": [
            {
                "name": "Anwesha Chaudhury",
                "institution": "Pharmacometrics, Novartis Institutes of BioMedical Research, Cambridge, Massachusetts, USA."
            },
            {
                "name": "Xu Zhu",
                "institution": "PK Sciences Oncology, Novartis Institutes of BioMedical Research, Cambridge, Massachusetts, USA."
            },
            {
                "name": "Lulu Chu",
                "institution": "PK Sciences Modeling & Simulation, Novartis Institutes of BioMedical Research, Cambridge, Massachusetts, USA."
            },
            {
                "name": "Ardeshir Goliaei",
                "institution": "PK Sciences Modeling & Simulation, Novartis Institutes of BioMedical Research, Cambridge, Massachusetts, USA."
            },
            {
                "name": "Carl H June",
                "institution": "Department of Pathology and Laboratory Medicine, Perelman School of Medicine, University of Pennsylvania, Philadelphia, Pennsylvania, USA."
            },
            {
                "name": "Jeffrey D Kearns",
                "institution": "PK Sciences Modeling & Simulation, Novartis Institutes of BioMedical Research, Cambridge, Massachusetts, USA."
            },
            {
                "name": "Andrew M Stein",
                "institution": "Pharmacometrics, Novartis Institutes of BioMedical Research, Cambridge, Massachusetts, USA."
            }
        ]
    },
    "files": {
        "main": [
            {
                "name": "Chaudhury2020 Eq 4-5.xml",
                "description": "SBML level 2 version 4 representation of the model",
                "fileSize": "25531",
                "mimeType": "application/xml",
                "md5sum": "eacc61d8e6c4e475eca57ebe785c15ae",
                "sha1sum": "c6acb56e0a0bfa0b43ed329880e16f7fffb8adb3",
                "sha256sum": "aa1f66fa5d66dc978688b6aee0cb2f4d33525db43a8800fc6b6d8038b13ca429"
            }
        ],
        "additional": [
            {
                "name": "Chaudhury2020 Eq 4-5 - Fig 3(C) simulation.sedml",
                "description": "SEDML file - Fig. 3(C) simulation (additionally CRBM-validated and adjusted).",
                "fileSize": "9019",
                "mimeType": "application/xml",
                "md5sum": "626d33cf5f3283721e8bc736f1a00b6d",
                "sha1sum": "fd9148182059ab5a4af692f2dacd9581cb274eb4",
                "sha256sum": "de85d6649d73498bf360ec066b7cd3700fa3d914d03b5b24ecf0d3c343ad15c3"
            },
            {
                "name": "Chaudhury2020 Eq 4-5-biopax2.owl",
                "description": "Auto-generated BioPAX (Level 2) file.",
                "fileSize": "11626",
                "mimeType": "application/rdf+xml",
                "md5sum": "4eb1b1a02513aa35803b7aaa9860f92d",
                "sha1sum": "aeb078ec79afe60f00288d94169991ab4fb8f96e",
                "sha256sum": "0edba3b5dcafad747a2e9f90b18d8b0f2103dfcdfd98416d64f2e6a627ccbbd5"
            },
            {
                "name": "Chaudhury2020 Eq 4-5-biopax3.owl",
                "description": "Auto-generated BioPAX (Level 3) file.",
                "fileSize": "14150",
                "mimeType": "application/rdf+xml",
                "md5sum": "a43897ee2b13fa7a04cd08746da24255",
                "sha1sum": "3adf04a490362ca9d5d82c079a9d28543ef67a5d",
                "sha256sum": "58a62789ee3fa27bc7bc3c63d0710c05429408cbbbcfeb8b573b628940e4d9e4"
            },
            {
                "name": "Chaudhury2020 Eq 4-5-matlab.m",
                "description": "Auto-generated Matlab file.",
                "fileSize": "3992",
                "mimeType": "text/x-matlab",
                "md5sum": "805dd6fe0984f18dbe88b10f8d4823bf",
                "sha1sum": "827e62c37ebd6cae2934f27f7466258777302a9c",
                "sha256sum": "58c2a92b9eb7214a8d0ec3b5cd153eb1778bbdb7270572440fb01063c5415229"
            },
            {
                "name": "Chaudhury2020 Eq 4-5-octave.m",
                "description": "Auto-generated Octave file.",
                "fileSize": "3992",
                "mimeType": "text/x-matlab",
                "md5sum": "5f806d9d51656502db02c068001b8c48",
                "sha1sum": "9ea456c02e1d495aa2c53df20b1bb7de840ce07b",
                "sha256sum": "990835226004755e20a0efcf0ca5c975badc1c676b1bdbd07a3b8ccee41009aa"
            },
            {
                "name": "Chaudhury2020 Eq 4-5.cps",
                "description": "COPASI file",
                "fileSize": "49653",
                "mimeType": "application/xml",
                "md5sum": "bf1c8fe6d17a2df08f2451172da27bb9",
                "sha1sum": "c51d1defe5571c4f2de6eb5880e2ebcf904073df",
                "sha256sum": "14e3a6d01418440814bbf153c3615ef525b2b60d2c98b84938a0db73df2acf1e"
            },
            {
                "name": "Chaudhury2020 Eq 4-5.ode",
                "description": "Auto-generated ODE file for XPP.",
                "fileSize": "2265",
                "mimeType": "text/plain",
                "md5sum": "5d7f4f67330ae5a838eb446f908ad070",
                "sha1sum": "f8716c5cef478fae163628715930a9a79e671121",
                "sha256sum": "6db0bebe6a27d5a7e1588276e4f48dd64a4b258b3f295e99f13631ff70b3a51e"
            },
            {
                "name": "Fig 3(C) - Cyclic behaviour.png",
                "description": "PNG file - Fig. 3(C) reproduction",
                "fileSize": "15546",
                "mimeType": "image/png",
                "md5sum": "c9041eb1bfcd7a26693efa70e0d880e6",
                "sha1sum": "964fe12e82041b39f6f3e0c84721bebf1fafe95f",
                "sha256sum": "d6fdd210731a88e30cc84305dfe0c5dcd6601e0b4b9e6fea0baa8962ac0235a5"
            },
            {
                "name": "curation_image.png",
                "description": "Reproduced figure(s) from original curation.",
                "fileSize": "15546",
                "mimeType": "image/png",
                "md5sum": "c9041eb1bfcd7a26693efa70e0d880e6",
                "sha1sum": "964fe12e82041b39f6f3e0c84721bebf1fafe95f",
                "sha256sum": "d6fdd210731a88e30cc84305dfe0c5dcd6601e0b4b9e6fea0baa8962ac0235a5"
            },
            {
                "name": "curation_notes.txt",
                "description": "Notes from original curation (describes curation_image).",
                "fileSize": "118",
                "mimeType": "text/plain",
                "md5sum": "6f1f87c9dc13dd6d56ca98339db36d4c",
                "sha1sum": "cdbb87b77566fbdae8e0b21b8a832a4abe853f19",
                "sha256sum": "38a78b89e750221ede3b4809cda218eb33ebc0b9ba5eaee6a96e70faf8cc8db2"
            },
            {
                "name": "manifest.xml",
                "description": "Auto-generated manifest file for OMEX archives.",
                "fileSize": "1635",
                "mimeType": "application/xml",
                "md5sum": "931b10757bf360c97a0fcb5fb6480f89",
                "sha1sum": "950d961d737c104de10f304465b12dd918cd020f",
                "sha256sum": "fcbdbe0da9443ff16bb46759ae339edc507364c13a6d33365b2941c2340557db"
            },
            {
                "name": "metadata.rdf",
                "description": "Auto-generated annotation metadata file.",
                "fileSize": "3146",
                "mimeType": "application/rdf+xml",
                "md5sum": "1bf278637eff1d1f47eb8955582086ed",
                "sha1sum": "15e4d09edf184207d981bccead43529f99fe7c60",
                "sha256sum": "6a567263cb8be4e6165f44b85f5f7594799ed56d2c1f7ec0967a39ac46fb75e9"
            }
        ]
    },
    "history": {
        "revisions": [
            {
                "version": 1,
                "submitted": 1628164631,
                "submitter": "Emilia Chen",
                "comment": "Import of Chaudhury2020 - Lotka-Volterra mathematical model of CAR-T cell and tumour kinetics"
            },
            {
                "version": 2,
                "submitted": 1628164755,
                "submitter": "Emilia Chen",
                "comment": "Automatically added model identifier BIOMD0000001024"
            },
            {
                "version": 4,
                "submitted": 1630505087,
                "submitter": "Emilia Chen",
                "comment": "Automatically added model identifier BIOMD0000001024"
            },
            {
                "version": 5,
                "submitted": 1724291991,
                "submitter": "Lucian Smith",
                "comment": "CRBM-sponsored manual and automated updates."
            }
        ]
    },
    "firstPublished": 1725282015,
    "submissionId": "MODEL2108050001",
    "publicationId": "BIOMD0000001024",
    "modellingApproach": {
        "accession": "MAMO_0000046",
        "name": "ordinary differential equation model",
        "resource": "http://identifiers.org/mamo/MAMO_0000046"
    },
    "curationStatus": "CURATED",
    "modelTags": [
        "Immuno-oncology"
    ],
    "contributors": {
        "Curator": [
            {
                "name": "Lucian Smith",
                "email": "lpsmith@uw.edu",
                "affiliation": "University of Washington",
                "orcid": "0000-0001-7002-6386",
                "external": false
            }
        ],
        "Modeller": [
            {
                "name": "Emilia Chen",
                "email": "emiliachen1@gmail.com",
                "affiliation": "University of Cambridge",
                "external": false
            }
        ]
    },
    "vcsIdentifier": "aaj",
    "modelLevelAnnotations": [
        {
            "qualifier": "bqbiol:hasTaxon",
            "accession": "9606",
            "name": "Homo sapiens",
            "resource": "Taxonomy",
            "uri": "http://identifiers.org/taxonomy/9606"
        },
        {
            "qualifier": "bqbiol:hasProperty",
            "accession": "MAMO_0000046",
            "name": "Ordinary differential equation model",
            "resource": "Mathematical Modelling Ontology",
            "uri": "http://identifiers.org/mamo/MAMO_0000046"
        },
        {
            "qualifier": "bqbiol:hasProperty",
            "accession": "GO:0002837",
            "name": "regulation of immune response to tumor cell",
            "resource": "Gene Ontology",
            "uri": "http://identifiers.org/go/GO:0002837"
        },
        {
            "qualifier": "bqbiol:isPropertyOf",
            "accession": "C15438",
            "name": "Cancer Immunotherapy",
            "resource": "NCIt",
            "uri": "http://identifiers.org/ncit/C15438"
        },
        {
            "qualifier": "bqmodel:is",
            "accession": "MODEL2108050001",
            "resource": "BioModels Database",
            "uri": "http://identifiers.org/biomodels.db/MODEL2108050001"
        },
        {
            "qualifier": "bqmodel:is",
            "accession": "BIOMD0000001024",
            "resource": "BioModels Database",
            "uri": "http://identifiers.org/biomodels.db/BIOMD0000001024"
        },
        {
            "qualifier": "bqmodel:isDescribedBy",
            "accession": "33205434",
            "resource": "PubMed",
            "uri": "https://identifiers.org/pubmed:33205434"
        },
        {
            "qualifier": "bqbiol:isPropertyOf",
            "accession": "NCIT:C126102",
            "name": "Chimeric Antigen Receptor T-Cell Therapy",
            "resource": "NCIt",
            "uri": "http://identifiers.org/ncit/C126102"
        },
        {
            "qualifier": "bqbiol:isDescribedBy",
            "accession": "33205434",
            "resource": "PubMed",
            "uri": "http://identifiers.org/pubmed/33205434"
        },
        {
            "qualifier": "bqbiol:hasProperty",
            "accession": "DOID:0060058",
            "name": "lymphoma",
            "resource": "Human Disease Ontology",
            "uri": "http://identifiers.org/doid/DOID:0060058"
        },
        {
            "qualifier": "bqbiol:hasProperty",
            "accession": "DOID:1240",
            "name": "leukemia",
            "resource": "Human Disease Ontology",
            "uri": "http://identifiers.org/doid/DOID:1240"
        }
    ]
}