{
    "name": "Eftimie2010 - immunity to melanoma",
    "description": "The paper describes a model of immunity to melanoma. Created by COPASI 4.25 (Build 207) This model is described in the article: Modeling anti-tumor Th1 and Th2 immunity in the rejection of melanoma Raluca Eftimie, Jonathan L. Bramson, David J.D. Earn Journal of Theoretical Biology 265 (2010) 467–480Abstract: Recent experiments indicate that CD4+ Th2 cells can reject skin tumors in mice, while CD4+ Th1 cells cannot (Mattes et al., 2003; Zhang et al., 2009). These results are surprising because CD4+ Th1 cells are typically considered to be capable of tumor rejection. We used mathematical models to investigate this unexpected outcome. We found that neither CD4+ Th1 nor CD4+ Th2 cells could eliminate the cancer cells when acting alone, but that tumor elimination could be induced by recruitment of eosinophils by the Th2 cells. These recruited eosinophils had unexpected indirect effects on the decay rate of type 2 cytokines and the rate at which Th2 cells are inactivated through interactions with cancer cells. Strikingly, the presence of eosinophils impacted tumor growth more significantly than the release of tumor-suppressing cytokines such as IFN-g and TNF-a. Our simulations suggest that novel strategies to enhance eosinophil recruitment into skin tumors may improve cancer immunotherapies. To cite BioModels Database, please use: BioModels Database: An enhanced, curated and annotated resource for published quantitative kinetic models . To the extent possible under law, all copyright and related or neighbouring rights to this encoded model have been dedicated to the public domain worldwide. Please refer to CC0 Public Domain Dedication for more information.",
    "format": {
        "name": "SBML",
        "identifier": "SBML",
        "version": "L3V1"
    },
    "publication": {
        "type": "PubMed ID",
        "accession": "20450922",
        "journal": "Journal of theoretical biology",
        "title": "Modeling anti-tumor Th1 and Th2 immunity in the rejection of melanoma.",
        "affiliation": "Department of Mathematics and Statistics, McMaster University, Hamilton, ON, Canada L8S 4K1. reftimie@math.mcmaster.ca",
        "synopsis": "Recent experiments indicate that CD4(+) Th2 cells can reject skin tumors in mice, while CD4(+) Th1 cells cannot (Mattes et al., 2003; Zhang et al., 2009). These results are surprising because CD4(+) Th1 cells are typically considered to be capable of tumor rejection. We used mathematical models to investigate this unexpected outcome. We found that neither CD4(+) Th1 nor CD4(+) Th2 cells could eliminate the cancer cells when acting alone, but that tumor elimination could be induced by recruitment of eosinophils by the Th2 cells. These recruited eosinophils had unexpected indirect effects on the decay rate of type 2 cytokines and the rate at which Th2 cells are inactivated through interactions with cancer cells. Strikingly, the presence of eosinophils impacted tumor growth more significantly than the release of tumor-suppressing cytokines such as IFN-gamma and TNF-alpha. Our simulations suggest that novel strategies to enhance eosinophil recruitment into skin tumors may improve cancer immunotherapies.",
        "year": 2010,
        "month": "8",
        "volume": "265",
        "issue": "3",
        "pages": "467-480",
        "link": "http://identifiers.org/pubmed/20450922",
        "authors": [
            {
                "name": "Eftimie R",
                "institution": "Division of Mathematics, University of Dundee, Dundee, DD1 4HN, UK. r.a.eftimie@dundee.ac.uk.",
                "orcid": "0000-0002-9726-1498"
            },
            {
                "name": "Jonathan L Bramson",
                "orcid": "0000-0003-2874-6886"
            },
            {
                "name": "David J D Earn",
                "orcid": "0000-0002-7562-1341"
            }
        ]
    },
    "files": {
        "main": [
            {
                "name": "Eftimie2010.xml",
                "description": "SBML L3V1 representation of melanoma immune model",
                "fileSize": "99263",
                "mimeType": "application/xml",
                "md5sum": "895dcdeb5f9561e31c874648ee7751b4",
                "sha1sum": "beb440f575926e8e50ddd05a52394bd4b72a007e",
                "sha256sum": "afb6572d086d490f27fbb35ae3b591bb5a03298295bdf0b7d1e5210155023de5"
            }
        ],
        "additional": [
            {
                "name": "Eftimie2010-biopax2.owl",
                "description": "Auto-generated BioPAX (Level 2) file.",
                "fileSize": "16570",
                "mimeType": "application/rdf+xml",
                "md5sum": "537329d152be2288a5e194effbb78d46",
                "sha1sum": "edcf75e377ae566c7538d5ab5d5c5e1424340b06",
                "sha256sum": "f77c9ff4c98b848a33886a87387f15ea2b2830b44597278ad0e2e09c1e66bd38"
            },
            {
                "name": "Eftimie2010-biopax3.owl",
                "description": "Auto-generated BioPAX (Level 3) file.",
                "fileSize": "23162",
                "mimeType": "application/rdf+xml",
                "md5sum": "45a5cfe165d150d0f049f82d76b2cf9c",
                "sha1sum": "1c70e462596aa94d95b669bf237cd3b8bb63cf3f",
                "sha256sum": "37d08f7463893b1a84d94ecd24cc0b3edf91664642ed2740f662f5110fe61920"
            },
            {
                "name": "Eftimie2010-matlab.m",
                "description": "Auto-generated Matlab file.",
                "fileSize": "7247",
                "mimeType": "text/x-matlab",
                "md5sum": "f97440bce7f63db22c28d1ed9210f7a3",
                "sha1sum": "3e87b377db16b747efcb5a2cb85153d583a936db",
                "sha256sum": "a7744fc63767fe98c0c79b13b3c6bb0c3b8907cc568cd2ea0e2e539ad9618876"
            },
            {
                "name": "Eftimie2010-octave.m",
                "description": "Auto-generated Octave file.",
                "fileSize": "7247",
                "mimeType": "text/x-matlab",
                "md5sum": "d46a474ef5582205ee3c4b5ed853eb93",
                "sha1sum": "3861c6a281d81b994f6e05fb3763d808d791c52d",
                "sha256sum": "a6857ae6823815786972880f6af31400841ba250b9638b3f56335df42c029261"
            },
            {
                "name": "Eftimie2010.cps",
                "description": "CPS file of the model in COPASI",
                "fileSize": "156476",
                "mimeType": "application/xml",
                "md5sum": "b4a8c38f807d70cb055e7638cb5bd42d",
                "sha1sum": "c16dc47421bca7d37a506ec01aecb932a975ccab",
                "sha256sum": "928bc330da7c1d507d7b7ce931e82ea7ca0c903ffa0a12b4ac1de7c2e2645de1"
            },
            {
                "name": "Eftimie2010.ode",
                "description": "Auto-generated ODE file for XPP.",
                "fileSize": "5075",
                "mimeType": "text/plain",
                "md5sum": "f2e9b2a5a380c032783a1b5658dd87d1",
                "sha1sum": "8c7cbfb56a62c0709d4278ee89d4bf34bb8c57ae",
                "sha256sum": "e43c218dea06ce490dab283da4321200714ace88818f77587faa41d41521f071"
            },
            {
                "name": "Eftimie2010.sedml",
                "description": "CRBM-processed SED-ML file, based on original COPASI save file export.",
                "fileSize": "24007",
                "mimeType": "application/xml",
                "md5sum": "af8a669c997b8c827fd579acf425fc77",
                "sha1sum": "efb907f4a0f5b9216f3f1a08ed4a64f064f8d46b",
                "sha256sum": "52a5cb265cf16d30922027442fe292894eea9b6ab93da48995041beb3eec6b88"
            },
            {
                "name": "curation_image.png",
                "description": "Reproduced figure(s) from original curation.",
                "fileSize": "16914",
                "mimeType": "image/png",
                "md5sum": "59e3d1af3c883f71f251ebd7282fe4b2",
                "sha1sum": "efcc2ae5627abf030d4611a60c077ba51800ebd9",
                "sha256sum": "cd190c6e6079b6599b2c08dee4b63dccb3445396a36d57e5530ce5ee0dde6f95"
            },
            {
                "name": "curation_notes.txt",
                "description": "Notes from original curation (describes curation_image).",
                "fileSize": "106",
                "mimeType": "text/plain",
                "md5sum": "f2dac5100e594819610c7ec57e77df4c",
                "sha1sum": "cb5dd0fd8c42dc8f965d6d039f6db43645cf92fe",
                "sha256sum": "ed6efea797fc1b48bddc41d97fcef832e32b57073af93f167689a8be27daa453"
            },
            {
                "name": "manifest.xml",
                "description": "Auto-generated manifest file for OMEX archives.",
                "fileSize": "1419",
                "mimeType": "application/xml",
                "md5sum": "9a243a0ce59c3e62b7e9c8b38aab86f0",
                "sha1sum": "d812bad9c915c40c834e5ef568e6a9c00e839266",
                "sha256sum": "37c38ea251c6f68476f44ab62f1a74b63f3dafb064bda84ebd47aefdc2366d28"
            },
            {
                "name": "metadata.rdf",
                "description": "Auto-generated annotation metadata file.",
                "fileSize": "3336",
                "mimeType": "application/rdf+xml",
                "md5sum": "9d527442033e0880c9886887b767379b",
                "sha1sum": "f14ae2a42819ca22c621b99555993b5ace20daca",
                "sha256sum": "da2dfd25d00db1a5e955d1fca2788444490821cd23a860f1804e7ccd205c9f92"
            }
        ]
    },
    "history": {
        "revisions": [
            {
                "version": 3,
                "submitted": 1564496790,
                "submitter": "Jinghao Men",
                "comment": "Automatically added model identifier BIOMD0000000768"
            },
            {
                "version": 4,
                "submitted": 1724285621,
                "submitter": "Lucian Smith",
                "comment": "CRBM-sponsored manual and automated updates."
            }
        ]
    },
    "firstPublished": 1725281852,
    "submissionId": "MODEL1907300001",
    "publicationId": "BIOMD0000000768",
    "modellingApproach": {
        "accession": "MAMO_0000046",
        "name": "ordinary differential equation model",
        "resource": "http://identifiers.org/mamo/MAMO_0000046"
    },
    "curationStatus": "CURATED",
    "modelTags": [
        "Immuno-oncology"
    ],
    "contributors": {
        "Curator": [
            {
                "name": "Lucian Smith",
                "email": "lpsmith@uw.edu",
                "affiliation": "University of Washington",
                "orcid": "0000-0001-7002-6386",
                "external": false
            }
        ],
        "Modeller": [
            {
                "name": "Jinghao Men",
                "email": "jm2187@cam.ac.uk",
                "affiliation": "University of Cambridge",
                "orcid": "0000-0003-4781-8144",
                "external": false
            }
        ]
    },
    "vcsIdentifier": "aai",
    "modelLevelAnnotations": [
        {
            "qualifier": "bqbiol:hasTaxon",
            "accession": "9606",
            "name": "Homo sapiens",
            "resource": "Taxonomy",
            "uri": "http://identifiers.org/taxonomy/9606"
        },
        {
            "qualifier": "bqbiol:hasProperty",
            "accession": "MAMO_0000046",
            "name": "Ordinary differential equation model",
            "resource": "Mathematical Modelling Ontology",
            "uri": "http://identifiers.org/mamo/MAMO_0000046"
        },
        {
            "qualifier": "bqbiol:hasProperty",
            "accession": "GO:0002418",
            "name": "immune response to tumor cell",
            "resource": "Gene Ontology",
            "uri": "http://identifiers.org/go/GO:0002418"
        },
        {
            "qualifier": "bqmodel:isDescribedBy",
            "accession": "20450922",
            "resource": "PubMed",
            "uri": "http://identifiers.org/pubmed/20450922"
        },
        {
            "qualifier": "bqmodel:is",
            "accession": "BIOMD0000000768",
            "resource": "BioModels Database",
            "uri": "http://identifiers.org/biomodels.db/BIOMD0000000768"
        },
        {
            "qualifier": "bqmodel:is",
            "accession": "MODEL1907300001",
            "resource": "BioModels Database",
            "uri": "http://identifiers.org/biomodels.db/MODEL1907300001"
        },
        {
            "qualifier": "bqbiol:hasProperty",
            "accession": "0000756",
            "name": "melanoma",
            "resource": "Experimental Factor Ontology",
            "uri": "http://identifiers.org/efo/0000756"
        }
    ]
}