{
    "name": "Hu2019 - Pancreatic cancer dynamics",
    "description": "<notes xmlns=\"http://www.sbml.org/sbml/level2/version4\">      <body xmlns=\"http://www.w3.org/1999/xhtml\">        <pre>The paper describes a model on the size of pancreatic tumour. Created by COPASI 4.25 (Build 207) This model is described in the article: Modeling Pancreatic Cancer Dynamics with Immunotherapy Xiaochuan Hu, Guoyi Ke and Sophia R.-J. Jang Bulletin of Mathematical Biology (2019) 81:1885–1915 Abstract: We develop a mathematical model of pancreatic cancer that includes pancreatic cancer cells, pancreatic stellate cells, effector cells and tumor-promoting and tumor- suppressing cytokines to investigate the effects of immunotherapies on patient survival. The model is first validated using the survival data of two clinical trials. Local sen- sitivity analysis of the parameters indicates there exists a critical activation rate of pro-tumor cytokines beyond which the cancer can be eradicated if four adoptive trans- fers of immune cells are applied. Optimal control theory is explored as a potential tool for searching the best adoptive cellular immunotherapies. Combined immunother- apies between adoptive ex vivo expanded immune cells and TGF-β inhibition by siRNA treatments are investigated. This study concludes that mono-immunotherapy is unlikely to control the pancreatic cancer and combined immunotherapies between anti-TGF-β and adoptive transfers of immune cells can prolong patient survival. We show through numerical explorations that how these two types of immunotherapies are scheduled is important to survival. Applying TGF-β inhibition first followed by adoptive immune cell transfers can yield better survival outcomes. This model is hosted on BioModels Database and identified by: MODEL1907050003. To cite BioModels Database, please use: BioModels Database: An enhanced, curated and annotated resource for published quantitative kinetic models . To the extent possible under law, all copyright and related or neighbouring rights to this encoded model have been dedicated to the public domain worldwide. Please refer to CC0 Public Domain Dedication for more information.</pre>      </body>    </notes>",
    "format": {
        "name": "SBML",
        "identifier": "SBML",
        "version": "L3V1"
    },
    "publication": {
        "type": "DOI",
        "accession": "10.1007/s11538-019-00591-3",
        "journal": "Bulletin of Mathematical Biology",
        "title": "Modeling Pancreatic Cancer Dynamics with Immunotherapy",
        "affiliation": "Correspondence: Sophia R.-J. Jang\r\nE-mail address: sophia.jang@ttu.edu\r\n\r\nDepartment of Mathematics and Statistics, Texas Tech University, Lubbock, TX 79409-1042, USA",
        "synopsis": "We develop a mathematical model of pancreatic cancer that includes pancreatic cancer cells, pancreatic stellate cells, effector cells and tumor-promoting and tumor- suppressing cytokines to investigate the effects of immunotherapies on patient survival. The model is first validated using the survival data of two clinical trials. Local sen- sitivity analysis of the parameters indicates there exists a critical activation rate of pro-tumor cytokines beyond which the cancer can be eradicated if four adoptive trans- fers of immune cells are applied. Optimal control theory is explored as a potential tool for searching the best adoptive cellular immunotherapies. Combined immunother- apies between adoptive ex vivo expanded immune cells and TGF-β inhibition by siRNA treatments are investigated. This study concludes that mono-immunotherapy is unlikely to control the pancreatic cancer and combined immunotherapies between anti-TGF-β and adoptive transfers of immune cells can prolong patient survival. We show through numerical explorations that how these two types of immunotherapies are scheduled is important to survival. Applying TGF-β inhibition first followed by adoptive immune cell transfers can yield better survival outcomes.",
        "year": 2019,
        "month": "3",
        "volume": "81",
        "pages": "1885-1915",
        "link": "http://identifiers.org/doi/10.1007/s11538-019-00591-3",
        "authors": [
            {
                "name": "Xiaochuan Hu"
            },
            {
                "name": "Guoyi Ke"
            },
            {
                "name": "Sophia R.-J. Jang"
            }
        ]
    },
    "files": {
        "main": [
            {
                "name": "Hu2019.xml",
                "description": "SBML L2V4 representation of tumour size model",
                "fileSize": "107509",
                "mimeType": "application/xml",
                "md5sum": "72ad27bc55d09d5817aeddbe74f09032",
                "sha1sum": "d7f129c5597534b54242e00fe5bc22028c87efdf",
                "sha256sum": "f0ad8b6c0a8166cf8584225991382ab3b599b11147c0f1775c469c80497c486e"
            }
        ],
        "additional": [
            {
                "name": "Hu2019-biopax2.owl",
                "description": "Auto-generated BioPAX (Level 2) file.",
                "fileSize": "18323",
                "mimeType": "application/rdf+xml",
                "md5sum": "9639610099f0b485981e59878c56270a",
                "sha1sum": "0cd2c47b28431eababa138c21972909774d761e2",
                "sha256sum": "61dea3124b23c1f90e86d37d7c117934e88274ddaaa0be20692e34bc197b1941"
            },
            {
                "name": "Hu2019-biopax3.owl",
                "description": "Auto-generated BioPAX (Level 3) file.",
                "fileSize": "25321",
                "mimeType": "application/rdf+xml",
                "md5sum": "9e617b02b56d19fca244ab4fab108555",
                "sha1sum": "a14c82b9c99828551533be2f37bc7e22bac7a1ae",
                "sha256sum": "7c65a34921f17a617b82371d34b0cf482f5c656214878e5cd75f2d3ec30ca917"
            },
            {
                "name": "Hu2019-matlab.m",
                "description": "Auto-generated Matlab file.",
                "fileSize": "7944",
                "mimeType": "text/x-matlab",
                "md5sum": "ca75b59b7718225043104c0fdcdc8aa9",
                "sha1sum": "dd01ed1679b914141f4c6b61b8048f61b77a4f2b",
                "sha256sum": "25294aac40e6dd0550c914ed798c0aea85d59d372f3c72139db8b5e68f59a393"
            },
            {
                "name": "Hu2019-octave.m",
                "description": "Auto-generated Octave file.",
                "fileSize": "7944",
                "mimeType": "text/x-matlab",
                "md5sum": "a5f87c2a11d0f9b7b0138aa0cdb99b67",
                "sha1sum": "0d2277599f2a1e7842fb68e81e770dccbd45e70d",
                "sha256sum": "31dd61b9e3e98ec688a4f9e093d4e054191ba07a7b8dee90d1874335b5e40f45"
            },
            {
                "name": "Hu2019.cps",
                "description": "CPS file of the model in COPASI",
                "fileSize": "113690",
                "mimeType": "application/xml",
                "md5sum": "f9d364ef7d739c8f0c1ce6656366d74c",
                "sha1sum": "451c9e4265a4335e6b9d00050e4af7b2617c8c5d",
                "sha256sum": "f41fa358026c0dec477fdb58c451b91901ca7e6feef6603f9db84369c4c737eb"
            },
            {
                "name": "Hu2019.ode",
                "description": "Auto-generated ODE file for XPP.",
                "fileSize": "5944",
                "mimeType": "text/plain",
                "md5sum": "c2176d3ffd2c36537a362cabbc0262c9",
                "sha1sum": "3b059e823453ada09744941d9332f59affa811f1",
                "sha256sum": "9965a03a0b1615ed1068cbb3d8c96aea2558398770b2189753252fbc7a68dc3a"
            },
            {
                "name": "Hu2019.sedml",
                "description": "CRBM-processed SED-ML file, based on original COPASI save file export.",
                "fileSize": "24702",
                "mimeType": "application/xml",
                "md5sum": "4a44af386312ff9e22d3478ece347da8",
                "sha1sum": "f5eb160d0e15ac6bff5d6aeeb38be57f8ccf39b9",
                "sha256sum": "58941fe62942a3bb39de73b3d95833f47be5dcebe5065ecdf3c4ad1e400af5d6"
            },
            {
                "name": "curation_image.png",
                "description": "Reproduced figure(s) from original curation.",
                "fileSize": "12219",
                "mimeType": "image/png",
                "md5sum": "c0c11b1eb353c472ce9d714a7c87f4d7",
                "sha1sum": "018e6348b8216dd6cd8ec5f6e89390f28303aaaa",
                "sha256sum": "1ca198f37d885e41409fa974b23e6b5a1db7797aeccf17c8764344508a686605"
            },
            {
                "name": "curation_notes.txt",
                "description": "Notes from original curation (describes curation_image).",
                "fileSize": "179",
                "mimeType": "text/plain",
                "md5sum": "379221619e9ff8e8dbfc407f6ad9acbc",
                "sha1sum": "bd9b1e6e461383a881c6ddddd9372926b3082cfc",
                "sha256sum": "77ff6fb4fdf52d513a8a4a636227a66569e6d98b13d2b87476f6c42f0c9da80b"
            },
            {
                "name": "manifest.xml",
                "description": "Auto-generated manifest file for OMEX archives.",
                "fileSize": "1379",
                "mimeType": "application/xml",
                "md5sum": "799a0c482d3e7f08b28953a08628cf25",
                "sha1sum": "abfc39ad1abf2722bfbd764d610be94a1a4578c3",
                "sha256sum": "cf2eb0a0beeb9a2270752a9467e25087a8dbc85d5038b2775cd9397dcfaccdbf"
            },
            {
                "name": "metadata.rdf",
                "description": "Auto-generated annotation metadata file.",
                "fileSize": "3615",
                "mimeType": "application/rdf+xml",
                "md5sum": "19529718576b325397644c252e109661",
                "sha1sum": "6a422dd6b1e7b9c8b9dee1d17608ecf08ab86a69",
                "sha256sum": "c536c6bc7f4a6390977aa145e9209ec997513d2faee3e6b1dd4dd8db9fe1abe9"
            }
        ]
    },
    "history": {
        "revisions": [
            {
                "version": 7,
                "submitted": 1562755909,
                "submitter": "Jinghao Men",
                "comment": "Automatically added model identifier BIOMD0000000744"
            },
            {
                "version": 8,
                "submitted": 1724284950,
                "submitter": "Lucian Smith",
                "comment": "CRBM-sponsored manual and automated updates."
            }
        ]
    },
    "firstPublished": 1725281837,
    "submissionId": "MODEL1907050003",
    "publicationId": "BIOMD0000000744",
    "modellingApproach": {
        "accession": "MAMO_0000046",
        "name": "ordinary differential equation model",
        "resource": "http://identifiers.org/mamo/MAMO_0000046"
    },
    "curationStatus": "CURATED",
    "modelTags": [
        "Immuno-oncology"
    ],
    "contributors": {
        "Curator": [
            {
                "name": "Lucian Smith",
                "email": "lpsmith@uw.edu",
                "affiliation": "University of Washington",
                "orcid": "0000-0001-7002-6386",
                "external": false
            }
        ],
        "Modeller": [
            {
                "name": "Jinghao Men",
                "email": "jm2187@cam.ac.uk",
                "affiliation": "University of Cambridge",
                "orcid": "0000-0003-4781-8144",
                "external": false
            }
        ]
    },
    "vcsIdentifier": "aah",
    "modelLevelAnnotations": [
        {
            "qualifier": "bqbiol:hasTaxon",
            "accession": "9606",
            "name": "Homo sapiens",
            "resource": "Taxonomy",
            "uri": "http://identifiers.org/taxonomy/9606"
        },
        {
            "qualifier": "bqbiol:hasProperty",
            "accession": "MAMO_0000046",
            "name": "Ordinary differential equation model",
            "resource": "Mathematical Modelling Ontology",
            "uri": "http://identifiers.org/mamo/MAMO_0000046"
        },
        {
            "qualifier": "bqbiol:isVersionOf",
            "accession": "GO:0002418",
            "name": "immune response to tumor cell",
            "resource": "Gene Ontology",
            "uri": "http://identifiers.org/go/GO:0002418"
        },
        {
            "qualifier": "bqmodel:is",
            "accession": "MODEL1907050003",
            "resource": "BioModels Database",
            "uri": "http://identifiers.org/biomodels.db/MODEL1907050003"
        },
        {
            "qualifier": "bqmodel:is",
            "accession": "BIOMD0000000744",
            "resource": "BioModels Database",
            "uri": "http://identifiers.org/biomodels.db/BIOMD0000000744"
        },
        {
            "qualifier": "bqmodel:isDescribedBy",
            "accession": "30843136",
            "resource": "PubMed",
            "uri": "http://identifiers.org/pubmed/30843136"
        },
        {
            "qualifier": "bqmodel:isDescribedBy",
            "accession": "10.1007/s11538-019-00591-3",
            "resource": "DOI",
            "uri": "https://identifiers.org/doi:10.1007/s11538-019-00591-3"
        },
        {
            "qualifier": "bqbiol:occursIn",
            "accession": "BTO:0000988",
            "name": "pancreas",
            "resource": "Brenda Tissue Ontology",
            "uri": "http://identifiers.org/bto/BTO:0000988"
        },
        {
            "qualifier": "bqbiol:hasProperty",
            "accession": "0002618",
            "name": "pancreatic carcinoma",
            "resource": "Experimental Factor Ontology",
            "uri": "http://identifiers.org/efo/0002618"
        }
    ]
}