{
    "name": "Trisilowati2018 - Optimal control of tumor-immune system interaction with treatment",
    "description": "<notes xmlns=\"http://www.sbml.org/sbml/level2/version4\">      <body xmlns=\"http://www.w3.org/1999/xhtml\">        <pre>This is a mathematical model of a growing tumor and its interaction with the immune system. The model consists of four populations: tumor cells, dendritic cells (representing the innate immune system), cytotoxic T cells, and helper T cells (as the specific immune system). The model is comprised of a system of ordinary differential equations.</pre>      </body>    </notes>",
    "format": {
        "name": "SBML",
        "identifier": "SBML",
        "version": "L2V4"
    },
    "publication": {
        "type": "DOI",
        "accession": "10.1063/1.5062816",
        "journal": "AIP Conference Proceedings",
        "title": "Optimal control of tumor-immune system interaction with treatment",
        "affiliation": "Mathematics Department, Faculty of Mathematics and Natural Sciences, Brawijaya University, Jalan Veteran Malang, East-Java, 65145, Indonesia",
        "synopsis": "This paper concerns the optimal control of a mathematical model of a growing tumor and its interaction with the immune system. This model consists of four populations - tumor cells, dendritic cells (as an innate immune system), cytotoxic T cells, and helper T cells (as a specific immune system) - in the form of a system of ordinary differential equations. Some tumors present dendritic cell and such cells have a potential role in regulating the immune system. In this model, we assume that dendritic cells can activate cytotoxic T cells and, in turn, can clear out tumor cells. Furthermore, by adding controls as a treatment to the model, we minimize both the tumor cell population and the cost of treatment. We do this by applying the optimal control for this problem. First, Pontryagin's Principle is used to characterize the optimal control. Then, the optimal system is solved numerically using the Forward-Backward Runge- Kutta method. Finally, the effect of each treatment is investigated. The numerical results show that these controls are effective in reducing the number of tumor cells.",
        "year": 2019,
        "month": "10",
        "volume": "2021",
        "link": "http://identifiers.org/doi/10.1063/1.5062816",
        "authors": [
            {
                "name": "Trisilowati, T.",
                "institution": "Mathematics Department, Faculty of Mathematics and Natural Sciences, Brawijaya University, Jalan Veteran Malang, East-Java, 65145, Indonesia"
            }
        ]
    },
    "files": {
        "main": [
            {
                "name": "Trisilowati2018.xml",
                "description": "SBML L2V4 Representation of Trisilowati2018 - Optimal control of tumor-immune system interaction with treatment",
                "fileSize": "50027",
                "mimeType": "application/xml",
                "md5sum": "e7ca79031143632320b13a8dbc4d1210",
                "sha1sum": "693a97b9d478ff74bc92fb862295a457f64b6121",
                "sha256sum": "49e70d25e05dab15597ebbe7fd91bb842e07a4162ee70330c89def82d40b51b7"
            }
        ],
        "additional": [
            {
                "name": "Trisilowati2018-biopax2.owl",
                "description": "Auto-generated BioPAX (Level 2) file.",
                "fileSize": "15890",
                "mimeType": "application/rdf+xml",
                "md5sum": "fa7a416bf4cd325b6ce139e02c1cadc9",
                "sha1sum": "35e094273bfaecf0facc7ceaa470d906be851401",
                "sha256sum": "a8f0ee04ff2fe5d4fcb797b318649dd5e1179e15be5a7253d3358fa061cd6e10"
            },
            {
                "name": "Trisilowati2018-biopax3.owl",
                "description": "Auto-generated BioPAX (Level 3) file.",
                "fileSize": "22007",
                "mimeType": "application/rdf+xml",
                "md5sum": "66222a432441d51a7d2c0c703e85cdd9",
                "sha1sum": "be3f731a15d0db99bc2d6b3f6b4c7f928c199a22",
                "sha256sum": "eb665a523a9dc70013099e9bad14cb7203f804439d85b512183c4842e85e558b"
            },
            {
                "name": "Trisilowati2018-matlab.m",
                "description": "Auto-generated Matlab file.",
                "fileSize": "6500",
                "mimeType": "text/x-matlab",
                "md5sum": "8ea644fad913e274b3316dea125a57c5",
                "sha1sum": "6e64534a93c792338d1fc6a3c3c7a584318e9d4b",
                "sha256sum": "bb054fb5f877c6f37da25c4459c6ea13719f828a32faab22a64a6e0839435010"
            },
            {
                "name": "Trisilowati2018-octave.m",
                "description": "Auto-generated Octave file.",
                "fileSize": "6500",
                "mimeType": "text/x-matlab",
                "md5sum": "b3367454a0f504c37fd73dc257fbdc06",
                "sha1sum": "c9cc101ac72e16bb66a17270ffd81ed7335a5476",
                "sha256sum": "042f01f20b4e26cf29e02291d789c9762fff7892f09082e85de4289a9f192f44"
            },
            {
                "name": "Trisilowati2018.cps",
                "description": "COPASI file of Trisilowati2018 - Optimal control of tumor-immune system interaction with treatment",
                "fileSize": "81577",
                "mimeType": "application/xml",
                "md5sum": "029bd1fe628bd54c0269d7a0ebd96a0e",
                "sha1sum": "2bb68447df53ff880f31db1ae19a62e34fd3bd8a",
                "sha256sum": "cc9d3d4455dfd0e007a78af0c5b3606e89fd57bcd382d50e86ddf2d898436578"
            },
            {
                "name": "Trisilowati2018.ode",
                "description": "Auto-generated ODE file for XPP.",
                "fileSize": "5012",
                "mimeType": "text/plain",
                "md5sum": "bbc8856b881954ad730386f4fc5f1cfb",
                "sha1sum": "93661aecbf205df5a652908e02d9fb9f23a480a3",
                "sha256sum": "cadc4859fc0c85828efa8e7bf7d58ba7f4ac021e09565c74914964a4358de597"
            },
            {
                "name": "Trisilowati2018.sedml",
                "description": "SED-ML file of Trisilowati2018 - Optimal control of tumor-immune system interaction with treatment (additionally CRBM-validated and adjusted).",
                "fileSize": "19129",
                "mimeType": "application/xml",
                "md5sum": "49f87d9f7cde83f0b77700a644879590",
                "sha1sum": "d6d8fb52e6e854a1bd6de5b994f7b57d499cfb5f",
                "sha256sum": "78a7e75feb90e19abe845dcd1c6e78f2b89f9b02282017d7fae3eaa35526dd8b"
            },
            {
                "name": "curation_image.png",
                "description": "Reproduced figure(s) from original curation.",
                "fileSize": "34007",
                "mimeType": "image/png",
                "md5sum": "373b1e997b1383fa26b014c69db3daf9",
                "sha1sum": "43d62cf50e9f21a4e2d4c7680fcec58b0b497d7d",
                "sha256sum": "b7c6e5b80a5b568c686dc7161a206f7b32f33bce8007fd9d7d5946d64016b11f"
            },
            {
                "name": "curation_notes.txt",
                "description": "Notes from original curation (describes curation_image).",
                "fileSize": "133",
                "mimeType": "text/plain",
                "md5sum": "e67adeecd943406262db9528405b9973",
                "sha1sum": "a6e171723203c717e3c44978ade576a47ecdbcbc",
                "sha256sum": "30f39db25b899b50944242b09297f107023515fcf6f9ed26eaed250578c3ff87"
            },
            {
                "name": "manifest.xml",
                "description": "Auto-generated manifest file for OMEX archives.",
                "fileSize": "1451",
                "mimeType": "application/xml",
                "md5sum": "e8f55e9ff029d459f3cc0479a22d04d6",
                "sha1sum": "ce0ccc2ffdd0c41459bdbd3446bad135c48910b2",
                "sha256sum": "432ba3f36049a9e5d7a141a23c9960c9a23fd5cd9efa3bb219735683fcdfb321"
            },
            {
                "name": "metadata.rdf",
                "description": "Auto-generated annotation metadata file.",
                "fileSize": "1907",
                "mimeType": "application/rdf+xml",
                "md5sum": "1c8d3916b466a81e44a769582dab6fd4",
                "sha1sum": "7f66386d5d6dc461577f7b8170603b60eaf7b57b",
                "sha256sum": "a05dd586243c96a616862968b8e483e9bdfbe4a7405426521cf59e24ce94bd80"
            }
        ]
    },
    "history": {
        "revisions": [
            {
                "version": 2,
                "submitted": 1574955688,
                "submitter": "Johannes Meyer",
                "comment": "Automatically added model identifier BIOMD0000000880"
            },
            {
                "version": 3,
                "submitted": 1724288386,
                "submitter": "Lucian Smith",
                "comment": "CRBM-sponsored manual and automated updates."
            }
        ]
    },
    "firstPublished": 1725281920,
    "submissionId": "MODEL1911280003",
    "publicationId": "BIOMD0000000880",
    "modellingApproach": {
        "accession": "MAMO_0000046",
        "name": "ordinary differential equation model",
        "resource": "http://identifiers.org/mamo/MAMO_0000046"
    },
    "curationStatus": "CURATED",
    "modelTags": [
        "Immuno-oncology"
    ],
    "contributors": {
        "Curator": [
            {
                "name": "Lucian Smith",
                "email": "lpsmith@uw.edu",
                "affiliation": "University of Washington",
                "orcid": "0000-0001-7002-6386",
                "external": false
            }
        ],
        "Modeller": [
            {
                "name": "Johannes Meyer",
                "email": "johannes.p.meyer@gmail.com",
                "affiliation": "EMBL-EBI",
                "external": false
            }
        ]
    },
    "vcsIdentifier": "aai",
    "modelLevelAnnotations": [
        {
            "qualifier": "bqbiol:hasTaxon",
            "accession": "9606",
            "name": "Homo sapiens",
            "resource": "Taxonomy",
            "uri": "http://identifiers.org/taxonomy/9606"
        },
        {
            "qualifier": "bqbiol:hasProperty",
            "accession": "MAMO_0000046",
            "name": "Ordinary differential equation model",
            "resource": "Mathematical Modelling Ontology",
            "uri": "http://identifiers.org/mamo/MAMO_0000046"
        },
        {
            "qualifier": "bqbiol:hasProperty",
            "accession": "GO:0006955",
            "name": "immune response",
            "resource": "Gene Ontology",
            "uri": "http://identifiers.org/go/GO:0006955"
        },
        {
            "qualifier": "bqmodel:isDescribedBy",
            "accession": "10.1063/1.5062816",
            "resource": "DOI",
            "uri": "http://identifiers.org/doi/10.1063/1.5062816"
        },
        {
            "qualifier": "bqmodel:is",
            "accession": "MODEL1911280003",
            "resource": "BioModels Database",
            "uri": "http://identifiers.org/biomodels.db/MODEL1911280003"
        },
        {
            "qualifier": "bqmodel:is",
            "accession": "BIOMD0000000880",
            "resource": "BioModels Database",
            "uri": "http://identifiers.org/biomodels.db/BIOMD0000000880"
        },
        {
            "qualifier": "bqbiol:hasProperty",
            "accession": "NCIT:C9305",
            "name": "Malignant Neoplasm",
            "resource": "NCIt",
            "uri": "http://identifiers.org/ncit/C9305"
        }
    ]
}