{
    "name": "Creemers2021 - Tumor-immune dynamics and implications on immunotherapy responses",
    "description": "<notes xmlns=\"http://www.sbml.org/sbml/level2/version4\">      <body xmlns=\"http://www.w3.org/1999/xhtml\">        <pre>This ordinary differential equation model simulating the mechanisms that govern cancer-immune dynamics and their role in tumor responses to immunotherapy is described by the publication:Creemers JHA, Lesterhuis WJ, Mehra N, et al.\"A tipping point in cancer-immune dynamics leads to divergent immunotherapy responses and hampers biomarker discovery.\"Journal for ImmunoTherapy of Cancer 2021;9:e002032.doi:10.1136/jitc-2020-002032Comment:Simulation parameters in supplementary table 1 mismatch with figure 1 in manuscript. Therefore, to clarify, the following parameter values were used:Reproduction of Fig. 1(C), xi = 0.0005Reproduction of Fig. 1(D), xi = 0.00025Abstract:Background: Predicting treatment response or survival of cancer patients remains challenging in immuno-oncology. Efforts to overcome these challenges focus, among others, on the discovery of new biomarkers. Despite advances in cellular and molecular approaches, only a limited number of candidate biomarkers eventually enter clinical practice.Methods: A computational modeling approach based on ordinary differential equations was used to simulate the fundamental mechanisms that dictate tumor-immune dynamics and to investigate its implications on responses to immune checkpoint inhibition (ICI) and patient survival. Using in silico biomarker discovery trials, we revealed fundamental principles that explain the diverging success rates of biomarker discovery programs.Results: Our model shows that a tipping point—a sharp state transition between immune control and immune evasion—induces a strongly non-linear relationship between patient survival and both immunological and tumor-related parameters. In patients close to the tipping point, ICI therapy may lead to long-lasting survival benefits, whereas patients far from the tipping point may fail to benefit from these potent treatments.Conclusion: These findings have two important implications for clinical oncology. First, the apparent conundrum that ICI induces substantial benefits in some patients yet completely fails in others could be, to a large extent, explained by the presence of a tipping point. Second, predictive biomarkers for immunotherapy should ideally combine both immunological and tumor-related markers, as a patient’s distance from the tipping point can typically not be reliably determined from solely one of these. The notion of a tipping point in cancer-immune dynamics helps to devise more accurate strategies to select appropriate treatments for patients with cancer.</pre>      </body>    </notes>",
    "format": {
        "name": "SBML",
        "identifier": "SBML",
        "version": "L2V4"
    },
    "publication": {
        "type": "PubMed ID",
        "accession": "34059522",
        "journal": "Journal for immunotherapy of cancer",
        "title": "A tipping point in cancer-immune dynamics leads to divergent immunotherapy responses and hampers biomarker discovery.",
        "affiliation": "Department of Tumor Immunology, Radboudumc, Nijmegen, The Netherlands.",
        "synopsis": "<h4>Background</h4>Predicting treatment response or survival of cancer patients remains challenging in immuno-oncology. Efforts to overcome these challenges focus, among others, on the discovery of new biomarkers. Despite advances in cellular and molecular approaches, only a limited number of candidate biomarkers eventually enter clinical practice.<h4>Methods</h4>A computational modeling approach based on ordinary differential equations was used to simulate the fundamental mechanisms that dictate tumor-immune dynamics and to investigate its implications on responses to immune checkpoint inhibition (ICI) and patient survival. Using in silico biomarker discovery trials, we revealed fundamental principles that explain the diverging success rates of biomarker discovery programs.<h4>Results</h4>Our model shows that a tipping point-a sharp state transition between immune control and immune evasion-induces a strongly non-linear relationship between patient survival and both immunological and tumor-related parameters. In patients close to the tipping point, ICI therapy may lead to long-lasting survival benefits, whereas patients far from the tipping point may fail to benefit from these potent treatments.<h4>Conclusion</h4>These findings have two important implications for clinical oncology. First, the apparent conundrum that ICI induces substantial benefits in some patients yet completely fails in others could be, to a large extent, explained by the presence of a tipping point. Second, predictive biomarkers for immunotherapy should ideally combine both immunological and tumor-related markers, as a patient's distance from the tipping point can typically not be reliably determined from solely one of these. The notion of a tipping point in cancer-immune dynamics helps to devise more accurate strategies to select appropriate treatments for patients with cancer.",
        "year": 2021,
        "month": "5",
        "volume": "9",
        "issue": "5",
        "pages": "e002032",
        "link": "http://identifiers.org/pubmed/34059522",
        "authors": [
            {
                "name": "Jeroen H A Creemers",
                "institution": "Department of Tumor Immunology, Radboudumc, Nijmegen, The Netherlands.Oncode Institute, Nijmegen, The Netherlands.",
                "orcid": "0000-0003-0371-8416"
            },
            {
                "name": "W Joost Lesterhuis",
                "institution": "School of Biomedical Sciences and Telethon Kids Institute, University of Western Australia, Perth, Western Australia, Australia.",
                "orcid": "0000-0002-2718-276X"
            },
            {
                "name": "Niven Mehra",
                "institution": "Department of Medical Oncology, Radboudumc, Nijmegen, The Netherlands.",
                "orcid": "0000-0002-4794-1831"
            },
            {
                "name": "Winald R Gerritsen",
                "institution": "Department of Medical Oncology, Radboudumc, Nijmegen, The Netherlands.",
                "orcid": "0000-0003-1110-9119"
            },
            {
                "name": "Carl G Figdor",
                "institution": "Department of Tumor Immunology, Radboudumc, Nijmegen, The Netherlands.Oncode Institute, Nijmegen, The Netherlands.",
                "orcid": "0000-0002-2366-9212"
            },
            {
                "name": "I Jolanda M de Vries",
                "institution": "Department of Tumor Immunology, Radboudumc, Nijmegen, The Netherlands.",
                "orcid": "0000-0002-8653-4040"
            },
            {
                "name": "Johannes Textor",
                "institution": "Department of Tumor Immunology, Radboudumc, Nijmegen, The Netherlands johannes.textor@radboudumc.nl.Data Science Department, Radboud University Institute for Computing and Information Sciences, Nijmegen, The Netherlands.",
                "orcid": "0000-0002-0459-9458"
            }
        ]
    },
    "files": {
        "main": [
            {
                "name": "Creemers2021.xml",
                "description": "SBML level 2 version 4 representation of the model",
                "fileSize": "34943",
                "mimeType": "application/xml",
                "md5sum": "a5da651b7f741955d47e5b74f0433c1b",
                "sha1sum": "11558041b29d965ddd5fbcefa7326cbc57af7e23",
                "sha256sum": "4d6d303be77e983d95eb7be98ffa8fb3b3156400f4ccfadbb4f8aa85c3896b6d"
            }
        ],
        "additional": [
            {
                "name": "Creemers2021 - Fig 1(B).png",
                "description": "PNG file - Fig. 1(B) reproduction",
                "fileSize": "110651",
                "mimeType": "image/png",
                "md5sum": "47ef504b0c1f451cbe0528fead555147",
                "sha1sum": "3c01a701ad6d80e4634105dbf36fcd6794d81a8f",
                "sha256sum": "9263292e32aa9ea653cd53a468655837a45e422446aad4fe53a8d9cbb497e955"
            },
            {
                "name": "Creemers2021 - Fig 1(B).sedml",
                "description": "SEDML file - Fig. 1(B) simulation (additionally CRBM-validated and adjusted).",
                "fileSize": "14898",
                "mimeType": "application/xml",
                "md5sum": "1d18a4cfd8692ec0bf486964aa3b7678",
                "sha1sum": "05131bb597975db6ace22503f66be62e008057be",
                "sha256sum": "4e2d65fd6f55c9576a5dd8a89c27bf1297de0e5003ddf0aa9bd8dfdf0f63786b"
            },
            {
                "name": "Creemers2021 - Fig 1(C).png",
                "description": "PNG file - Fig. 1(C) reproduction",
                "fileSize": "113608",
                "mimeType": "image/png",
                "md5sum": "8b44d1a3fdcf5a6e403a1a6e6d62fd5f",
                "sha1sum": "062ae79660ae081309a6acbaa74d284d26b6a3e6",
                "sha256sum": "8f8d4a5fcc1ae44558fd16dfb3391cd201c872b88a6b48999fc92b13e029e0bd"
            },
            {
                "name": "Creemers2021 - Fig 1(C).sedml",
                "description": "SEDML file - Fig. 1(C) simulation (additionally CRBM-validated and adjusted).",
                "fileSize": "13665",
                "mimeType": "application/xml",
                "md5sum": "e28676a77dbec381d9bbd7110639f0a0",
                "sha1sum": "6230f9311fb185b9b00da9675f42adb1d2b69ac4",
                "sha256sum": "ef025ba0d05ced2bc62627a4b208b371c10faea33c228b72c1f20013243aee3f"
            },
            {
                "name": "Creemers2021 - Fig 1(D).png",
                "description": "PNG file - Fig. 1(D) reproduction",
                "fileSize": "112443",
                "mimeType": "image/png",
                "md5sum": "b9ffa2e39d5fafe26fa61848019becc8",
                "sha1sum": "8ac836d276f1462ea3d42b9c6e837b82a6e2a03f",
                "sha256sum": "bb1b4647ea172f7c402d6c52c55500ee9091e56bbbac63208d25669f8b558488"
            },
            {
                "name": "Creemers2021 - Fig 1(D).sedml",
                "description": "SEDML file - Fig. 1(D) simulation (additionally CRBM-validated and adjusted).",
                "fileSize": "13665",
                "mimeType": "application/xml",
                "md5sum": "dd8cd2db8372f02571bd56975b61657d",
                "sha1sum": "b5980925eaf1cb0ab3c4b191c6477ece7af85837",
                "sha256sum": "2b73e4594e4e6990e7b9e976496ebd346061e0614adc9d08cb1ac21e72d4ca3c"
            },
            {
                "name": "Creemers2021 - Fig 2(A) inset 1.png",
                "description": "PNG file - Fig. 2(A) inset 1 reproduction",
                "fileSize": "112376",
                "mimeType": "image/png",
                "md5sum": "ce7106968caab73f94ccbc9c9db69ef6",
                "sha1sum": "ffd4182f26551a3cf6d70c32db7ab327e588edcf",
                "sha256sum": "40c5f2e24d82a3b449dd163ab5daa55fbb78649caa0d3a1815c68f66aed2df97"
            },
            {
                "name": "Creemers2021 - Fig 2(A) inset 1.sedml",
                "description": "SEDML file - Fig. 2(A) inset 1 simulation (additionally CRBM-validated and adjusted).",
                "fileSize": "13664",
                "mimeType": "application/xml",
                "md5sum": "d9a7402e5bc40b43ba970d9579470aed",
                "sha1sum": "5716794039e7df75137eeb856f74932d1a74b8be",
                "sha256sum": "f9c1b203769fff0f3d92568b4f46ab4eaf474ad67528bd32dbfb634f379bc3f4"
            },
            {
                "name": "Creemers2021 - Fig 2(A) inset 2.png",
                "description": "PNG file - Fig. 2(A) inset 2 reproduction",
                "fileSize": "98853",
                "mimeType": "image/png",
                "md5sum": "364a8cb5fc1cca542208189f1dc7247f",
                "sha1sum": "2c73b0ec7cbb52cebc755d0eb49f924d1c123918",
                "sha256sum": "ee4659b411c696bd678cb00ab5820815330898edd2ca4eed69d575e03cd6abc6"
            },
            {
                "name": "Creemers2021 - Fig 2(A) inset 2.sedml",
                "description": "SEDML file - Fig. 2(A) inset 2 simulation (additionally CRBM-validated and adjusted).",
                "fileSize": "13664",
                "mimeType": "application/xml",
                "md5sum": "d4a0e75c0f84d4ba049665146cff6ba0",
                "sha1sum": "f345e795890e596dd6d91456b65412b0798a8777",
                "sha256sum": "1e2cf310add0efeebbae5d03879d1f02d640f4743e8bc1061ec1a03e7a3579a9"
            },
            {
                "name": "Creemers2021 - Fig 2(B) inset 1.png",
                "description": "PNG file - Fig. 2(B) inset 1 reproduction",
                "fileSize": "96197",
                "mimeType": "image/png",
                "md5sum": "b62d93a7e233f07351f8ab541883ca7c",
                "sha1sum": "49aa6e88fb798d439f8fadc8b7b2d2a7141cbe26",
                "sha256sum": "af258f163e6050abbce481c9e94f73375a46342ea4cc361bc17255d66f9fe1a4"
            },
            {
                "name": "Creemers2021 - Fig 2(B) inset 1.sedml",
                "description": "SEDML file - Fig. 2(B) inset 1 simulation (additionally CRBM-validated and adjusted).",
                "fileSize": "13664",
                "mimeType": "application/xml",
                "md5sum": "4b5a6ca1d870dab63a5db6276c3558af",
                "sha1sum": "9406cce561b10b0305572d9c08a3e87207956a7f",
                "sha256sum": "b4d9c89bcf341594286713d1ca2ef9f27c54a1f4cf13fac7e48e44ecbe1842a5"
            },
            {
                "name": "Creemers2021 - Fig 2(B) inset 2.png",
                "description": "PNG file - Fig. 2(B) inset 2 reproduction",
                "fileSize": "97327",
                "mimeType": "image/png",
                "md5sum": "d24225827275c70d413d17e4fabbde0d",
                "sha1sum": "2f7c8a831673903831e2c584db90eac7a654cacb",
                "sha256sum": "4095f2551ffcd45cb99706a5d5dad478a319ea7e887eba4b882d14c70b77a72e"
            },
            {
                "name": "Creemers2021 - Fig 2(B) inset 2.sedml",
                "description": "SEDML file - Fig. 2(B) inset 2 simulation (additionally CRBM-validated and adjusted).",
                "fileSize": "13664",
                "mimeType": "application/xml",
                "md5sum": "cb3e555029ba95b17574a72e43936972",
                "sha1sum": "b17193ee7115e5af69de4a155b4d9fb3ce59358f",
                "sha256sum": "653410f11bda4bbd98322daa0bbd74b27bc7f2c573684f63a453c12ce07d87b9"
            },
            {
                "name": "Creemers2021-biopax2.owl",
                "description": "Auto-generated BioPAX (Level 2) file.",
                "fileSize": "13618",
                "mimeType": "application/rdf+xml",
                "md5sum": "52d095048e646a1423af8534f06a91bd",
                "sha1sum": "9c42005658e4c45f98207844a1a24580fea7db4d",
                "sha256sum": "f10b6f344d0f114c0fa5437b345f3ffa674b25fb6792e1163d0b7612071de2f5"
            },
            {
                "name": "Creemers2021-biopax3.owl",
                "description": "Auto-generated BioPAX (Level 3) file.",
                "fileSize": "18075",
                "mimeType": "application/rdf+xml",
                "md5sum": "8c3920ead5b7e83f657a9c8c94dd202b",
                "sha1sum": "040b85aa6836b1e225136bc647749f4aa50a8b21",
                "sha256sum": "acf29718c823ebbca27130bc41f080f68766618696e6b3d21596122c68e72aee"
            },
            {
                "name": "Creemers2021-matlab.m",
                "description": "Auto-generated Matlab file.",
                "fileSize": "5214",
                "mimeType": "text/x-matlab",
                "md5sum": "06a23db62319ec6cd9bc0316ce287f62",
                "sha1sum": "4b8d9d2eabf4e8dd689ede1150d3e45a2536b4d4",
                "sha256sum": "f84a579cea0266abbeb441179b5a11cadd31625c783eb6a98cec88f7c77b7190"
            },
            {
                "name": "Creemers2021-octave.m",
                "description": "Auto-generated Octave file.",
                "fileSize": "5214",
                "mimeType": "text/x-matlab",
                "md5sum": "fff2de510df2bb935b9578253bcbd001",
                "sha1sum": "8de06fe7b1af2671386c9036f66ac8fef4978126",
                "sha256sum": "ed6a27034cd7f4cd0339d2f6236abdd2d509f45f14311dba4d11b60550c03c27"
            },
            {
                "name": "Creemers2021.cps",
                "description": "COPASI file",
                "fileSize": "67230",
                "mimeType": "application/xml",
                "md5sum": "ed4afedf409f287a8d50c0b40c3d1f4b",
                "sha1sum": "ffc48df6cc94c4824ea3700c8113395b69afd508",
                "sha256sum": "53ffc2271aee8777e61fc023a9431fc0a346949752fc024db9b1a96705c05834"
            },
            {
                "name": "Creemers2021.ode",
                "description": "Auto-generated ODE file for XPP.",
                "fileSize": "3213",
                "mimeType": "text/plain",
                "md5sum": "6c419ae10562969475862bb126534361",
                "sha1sum": "6cbdd518ff449dc84d1fdd942f61bfb7d5433bb0",
                "sha256sum": "3110df8bdd15065452e71276b238b98debb562024aafafe0709c4c8514d45b0d"
            },
            {
                "name": "curation_image.png",
                "description": "Reproduced figure(s) from original curation.",
                "fileSize": "151429",
                "mimeType": "image/png",
                "md5sum": "4c66681e63bc404cd8152c68fd9f3b49",
                "sha1sum": "7facfe3bb8d385601ee0f3f8446789ae4e963f30",
                "sha256sum": "e3970ee868926b386b4379dfb132fa396943691a47538eae5cfb1b24ed4e2d3c"
            },
            {
                "name": "curation_notes.txt",
                "description": "Notes from original curation (describes curation_image).",
                "fileSize": "363",
                "mimeType": "text/plain",
                "md5sum": "7e73d49d21362eba275606938bab6e34",
                "sha1sum": "64299593d7830ce7cc49c76067ad0ff7aeab39c5",
                "sha256sum": "f97b666a91f9ef0b30ab1e49ee9ef5172123562efdac45b4ea737f227f0aeaa1"
            },
            {
                "name": "manifest.xml",
                "description": "Auto-generated manifest file for OMEX archives.",
                "fileSize": "3120",
                "mimeType": "application/xml",
                "md5sum": "b88b9b60448981fab086d37545e84d75",
                "sha1sum": "193bda82252f947919af178690483056492abba6",
                "sha256sum": "b1bed228514ef6760ccde33ce39e26cb24947581a8c00d4e4772c899f6e30f1b"
            },
            {
                "name": "metadata.rdf",
                "description": "Auto-generated annotation metadata file.",
                "fileSize": "5542",
                "mimeType": "application/rdf+xml",
                "md5sum": "6d3b07a67090ff06a8b32dcd8fd81189",
                "sha1sum": "12b6286904db99e416fd3e760ebe1ce04d343362",
                "sha256sum": "5bbe0bcc54e3dfea94c5da075b3449b0e93840a2da5ac3e6b72bccd4802e5c90"
            }
        ]
    },
    "history": {
        "revisions": [
            {
                "version": 3,
                "submitted": 1627563258,
                "submitter": "Emilia Chen",
                "comment": "Automatically added model identifier BIOMD0000001022"
            },
            {
                "version": 5,
                "submitted": 1627570112,
                "submitter": "Emilia Chen",
                "comment": "Automatically added model identifier BIOMD0000001022"
            },
            {
                "version": 7,
                "submitted": 1629453937,
                "submitter": "Emilia Chen",
                "comment": "Automatically added model identifier BIOMD0000001022"
            },
            {
                "version": 9,
                "submitted": 1629718283,
                "submitter": "Emilia Chen",
                "comment": "Automatically added model identifier BIOMD0000001022"
            },
            {
                "version": 10,
                "submitted": 1724291946,
                "submitter": "Lucian Smith",
                "comment": "CRBM-sponsored manual and automated updates."
            }
        ]
    },
    "firstPublished": 1725282014,
    "submissionId": "MODEL2107290001",
    "publicationId": "BIOMD0000001022",
    "modellingApproach": {
        "accession": "MAMO_0000046",
        "name": "ordinary differential equation model",
        "resource": "http://identifiers.org/mamo/MAMO_0000046"
    },
    "curationStatus": "CURATED",
    "modelTags": [
        "Immuno-oncology"
    ],
    "contributors": {
        "Curator": [
            {
                "name": "Lucian Smith",
                "email": "lpsmith@uw.edu",
                "affiliation": "University of Washington",
                "orcid": "0000-0001-7002-6386",
                "external": false
            }
        ],
        "Modeller": [
            {
                "name": "Emilia Chen",
                "email": "emiliachen1@gmail.com",
                "affiliation": "University of Cambridge",
                "external": false
            }
        ]
    },
    "vcsIdentifier": "aaj",
    "modelLevelAnnotations": [
        {
            "qualifier": "bqbiol:hasTaxon",
            "accession": "9606",
            "name": "Homo sapiens",
            "resource": "Taxonomy",
            "uri": "http://identifiers.org/taxonomy/9606"
        },
        {
            "qualifier": "bqbiol:hasProperty",
            "accession": "MAMO_0000046",
            "name": "Ordinary differential equation model",
            "resource": "Mathematical Modelling Ontology",
            "uri": "http://identifiers.org/mamo/MAMO_0000046"
        },
        {
            "qualifier": "bqbiol:hasProperty",
            "accession": "GO:0002837",
            "name": "regulation of immune response to tumor cell",
            "resource": "Gene Ontology",
            "uri": "http://identifiers.org/go/GO:0002837"
        },
        {
            "qualifier": "bqmodel:is",
            "accession": "BIOMD0000001022",
            "resource": "BioModels Database",
            "uri": "http://identifiers.org/biomodels.db/BIOMD0000001022"
        },
        {
            "qualifier": "bqmodel:is",
            "accession": "MODEL2107290001",
            "resource": "BioModels Database",
            "uri": "http://identifiers.org/biomodels.db/MODEL2107290001"
        },
        {
            "qualifier": "bqmodel:isDescribedBy",
            "accession": "34059522",
            "resource": "PubMed",
            "uri": "https://identifiers.org/pubmed:34059522"
        },
        {
            "qualifier": "bqbiol:isPropertyOf",
            "accession": "C15438",
            "name": "Cancer Immunotherapy",
            "resource": "NCIt",
            "uri": "http://identifiers.org/ncit/C15438"
        },
        {
            "qualifier": "bqbiol:isDescribedBy",
            "accession": "34059522",
            "resource": "PubMed",
            "uri": "http://identifiers.org/pubmed/34059522"
        }
    ]
}