{
    "name": "Proctor2013 - Effect of Aβ immunisation in Alzheimer's disease (stochastic version)",
    "description": "<notes xmlns=\"http://www.sbml.org/sbml/level2/version4\">      <body xmlns=\"http://www.w3.org/1999/xhtml\">        <div class=\"dc:title\">Proctor2013 - Effect of Aβ immunisationin Alzheimer's disease (stochastic version)</div><div class=\"dc:description\">Extension of a previously publishedstochastic model (designed to examine some of the key pathwaysinvolved in the aggregation of amyloid-beta (A<span style=\"color: rgb(84, 84, 84); font-family: arial, sans-serif; font-size: small;\">β) </span>andthe micro-tubular binding protein tau (<a href=\"http://identifiers.org/biomodels.db/BIOMD0000000286\">BIOMD0000000286</a>,<a href=\"http://identifiers.org/biomodels.db/BIOMD0000000462\">BIOMD0000000462</a>))to include the main processes involved in passive and activeimmunisation against A<span style=\"color: rgb(84, 84, 84); font-family: arial, sans-serif; font-size: small;\">β</span>and then to demonstrate the effects of this intervention on solubleA<span style=\"color: rgb(84, 84, 84); font-family: arial, sans-serif; font-size: small;\">β. </span>Thisis the stochastic version of the model, the deterministic versionis <a href=\"http://identifiers.org/biomodels.db/BIOMD0000000488\">BIOMD0000000488</a>. </div><div class=\"dc:bibliographicCitation\">  <p>This model is described in the article:</p>  <div class=\"bibo:title\">    <a href=\"http://identifiers.org/pubmed/24098635\" title=\"Access to this publication\">Investigating interventions    in Alzheimer's disease with computer simulation models.</a>  </div>  <div class=\"bibo:authorList\">Proctor CJ, Boche D, Gray DA, Nicoll  JA.</div>  <div class=\"bibo:Journal\">PLoS ONE 2013; 8(9): e73631</div>  <p>Abstract:</p>  <div class=\"bibo:abstract\">    <p>Progress in the development of therapeutic interventions to    treat or slow the progression of Alzheimer's disease has been    hampered by lack of efficacy and unforeseen side effects in    human clinical trials. This setback highlights the need for new    approaches for pre-clinical testing of possible interventions.    Systems modelling is becoming increasingly recognised as a    valuable tool for investigating molecular and cellular    mechanisms involved in ageing and age-related diseases.    However, there is still a lack of awareness of modelling    approaches in many areas of biomedical research. We previously    developed a stochastic computer model to examine some of the    key pathways involved in the aggregation of amyloid-beta (Aβ)    and the micro-tubular binding protein tau. Here we show how we    extended this model to include the main processes involved in    passive and active immunisation against Aβ and then demonstrate    the effects of this intervention on soluble Aβ, plaques,    phosphorylated tau and tangles. The model predicts that    immunisation leads to clearance of plaques but only results in    small reductions in levels of soluble Aβ, phosphorylated tau    and tangles. The behaviour of this model is supported by    neuropathological observations in Alzheimer patients immunised    against Aβ. Since, soluble Aβ, phosphorylated tau and tangles    more closely correlate with cognitive decline than plaques, our    model suggests that immunotherapy against Aβ may not be    effective unless it is performed very early in the disease    process or combined with other therapies.</p>  </div></div><div class=\"dc:publisher\">  <p>This model is hosted on   <a href=\"http://www.ebi.ac.uk/biomodels/\">BioModels Database</a>  and identified by:   <a href=\"http://identifiers.org/biomodels.db/BIOMD0000000634\">BIOMD0000000634</a>.</p>  <p>To cite BioModels Database, please use:   <a href=\"http://identifiers.org/pubmed/20587024\" title=\"Latest BioModels Database publication\">BioModels Database:  An enhanced, curated and annotated resource for published  quantitative kinetic models</a>.</p></div><div class=\"dc:license\">  <p>To the extent possible under law, all copyright and related or  neighbouring rights to this encoded model have been dedicated to  the public domain worldwide. Please refer to   <a href=\"http://creativecommons.org/publicdomain/zero/1.0/\" title=\"Access to: CC0 1.0 Universal (CC0 1.0), Public Domain Dedication\">CC0  Public Domain Dedication</a> for more information.</p></div></body>    </notes>",
    "format": {
        "name": "SBML",
        "identifier": "SBML",
        "version": "L2V4"
    },
    "publication": {
        "type": "PubMed ID",
        "accession": "24098635",
        "journal": "PloS one",
        "title": "Investigating interventions in Alzheimer's disease with computer simulation models.",
        "affiliation": "Institute for Ageing and Health, Newcastle University, Newcastle upon Tyne, United Kingdom.",
        "synopsis": "Progress in the development of therapeutic interventions to treat or slow the progression of Alzheimer's disease has been hampered by lack of efficacy and unforeseen side effects in human clinical trials. This setback highlights the need for new approaches for pre-clinical testing of possible interventions. Systems modelling is becoming increasingly recognised as a valuable tool for investigating molecular and cellular mechanisms involved in ageing and age-related diseases. However, there is still a lack of awareness of modelling approaches in many areas of biomedical research. We previously developed a stochastic computer model to examine some of the key pathways involved in the aggregation of amyloid-beta (Aβ) and the micro-tubular binding protein tau. Here we show how we extended this model to include the main processes involved in passive and active immunisation against Aβ and then demonstrate the effects of this intervention on soluble Aβ, plaques, phosphorylated tau and tangles. The model predicts that immunisation leads to clearance of plaques but only results in small reductions in levels of soluble Aβ, phosphorylated tau and tangles. The behaviour of this model is supported by neuropathological observations in Alzheimer patients immunised against Aβ. Since, soluble Aβ, phosphorylated tau and tangles more closely correlate with cognitive decline than plaques, our model suggests that immunotherapy against Aβ may not be effective unless it is performed very early in the disease process or combined with other therapies.",
        "year": 2013,
        "month": "0",
        "volume": "8",
        "issue": "9",
        "pages": "e73631",
        "link": "http://identifiers.org/pubmed/24098635",
        "authors": [
            {
                "name": "Carole J Proctor",
                "institution": "Institute of Cellular Medicine, Ageing Research Laboratories, Campus for Ageing and Vitality, Newcastle University, Newcastle upon Tyne, United Kingdom.MRC/Arthritis Research UK Centre for Musculoskeletal Ageing (CIMA), United Kingdom.",
                "orcid": "0000-0002-1366-1399"
            },
            {
                "name": "Delphine Boche",
                "orcid": "0000-0002-5884-130X"
            },
            {
                "name": "Douglas A Gray",
                "orcid": "0000-0002-8634-4984"
            },
            {
                "name": "James A R Nicoll",
                "orcid": "0000-0002-9444-7246"
            }
        ]
    },
    "files": {
        "main": [
            {
                "name": "BIOMD0000000634_url.xml",
                "description": "SBML L2V4 representation of Proctor2013 - Effect of Aβ immunisation in Alzheimer\\s disease (stochastic version)",
                "fileSize": "187258",
                "mimeType": "application/xml",
                "md5sum": "55b945f24e50315376e38ba5d1f5e820",
                "sha1sum": "2e403fa4c78fc450b795c27b4f6df76495135209",
                "sha256sum": "9ebc5c0120397c5dc1e1df85d4f8f04686bca0a8833770a71df9616af7b94022"
            }
        ],
        "additional": [
            {
                "name": "BIOMD0000000634-biopax2.owl",
                "description": "Auto-generated BioPAX (Level 2)",
                "fileSize": "217765",
                "mimeType": "application/rdf+xml",
                "md5sum": "0a61d16ff604ede2a04801ec1fbab12d",
                "sha1sum": "46e9154773f3d12140bb88f06438afbd88672f5b",
                "sha256sum": "a39ed773de3a3b8da5eed532a3d607817f5e2acd9d5430da41ae524dd74d809d"
            },
            {
                "name": "BIOMD0000000634-biopax3.owl",
                "description": "Auto-generated BioPAX (Level 3)",
                "fileSize": "385799",
                "mimeType": "application/rdf+xml",
                "md5sum": "2bade074a8d1ebcb288d6a382c807294",
                "sha1sum": "bb4a3e03bb838674b6066e6104e79568f0248e55",
                "sha256sum": "560495aa5b65fe475a135efdaba39e9596df8b54148b939572eb0a25a9b7e4a6"
            },
            {
                "name": "BIOMD0000000634-matlab.m",
                "description": "Auto-generated Matlab file.",
                "fileSize": "41848",
                "mimeType": "text/x-matlab",
                "md5sum": "67181a09ce4b0b809394c08f1cea01ad",
                "sha1sum": "5a5f3e664ec4a836dd238316db0c4ef46bad6d04",
                "sha256sum": "4f4330d874783d42a294686cc310fe31f817b8335b1aaf10860b38a8029e0b64"
            },
            {
                "name": "BIOMD0000000634.m",
                "description": "Auto-generated Octave file",
                "fileSize": "41849",
                "mimeType": "text/x-matlab",
                "md5sum": "bdcf34405ccac88f121a311b84ba92a6",
                "sha1sum": "44f4f971c885617202d62b83d88ac716f47489ee",
                "sha256sum": "11e3486ee3469a704bae70fe7e2814df8cd2572429c7bcd8be279e8618e92428"
            },
            {
                "name": "BIOMD0000000634.ode",
                "description": "Auto-generated ODE file for XPP.",
                "fileSize": "30774",
                "mimeType": "text/plain",
                "md5sum": "8be97f295be81dc6deb267e3c102cf65",
                "sha1sum": "cb69c9d3cee5e9833358bbbfbd2ead56dff909cc",
                "sha256sum": "9b51ec08134e3b51884f731d047c35eb6da578fe2f7043d26b96fb83d2418d7c"
            },
            {
                "name": "BIOMD0000000634.png",
                "description": "Auto-generated Reaction graph (PNG)",
                "fileSize": "5010867",
                "mimeType": "image/png",
                "md5sum": "636e912905e9f5e223b6030132445123",
                "sha1sum": "274c85fd1ad82956448a93b57aeaf888169cf8c2",
                "sha256sum": "eb3f0127c60172a1f7009867515091f9d66fa145807aa3e47c58d4257b918077"
            },
            {
                "name": "BIOMD0000000634.svg",
                "description": "Auto-generated Reaction graph (SVG)",
                "fileSize": "437897",
                "mimeType": "image/svg+xml",
                "md5sum": "8c15660294e56aa055a2d921b352096e",
                "sha1sum": "357a817b1f32dd6de1fd263a549661b42cd54203",
                "sha256sum": "53eb0bf77f165af7c0f34e6298caa601163dddd897a3b8211b306a74b183273a"
            },
            {
                "name": "BIOMD0000000634.vcml",
                "description": "Auto-generated VCML file",
                "fileSize": "232257",
                "mimeType": "application/xml",
                "md5sum": "6aea8d5922acea8fcd9354693ba08c2b",
                "sha1sum": "899df0f473dfe7f58b95a315c1c8eff23dd08460",
                "sha256sum": "4f15476466259beca5b40b23c6b1e6eccc356159d1a9d6039d1519abb98556f1"
            },
            {
                "name": "BIOMD0000000634_url.sedml",
                "description": "CRBM auto-generated \"template\" SED-ML file.",
                "fileSize": "157455",
                "mimeType": "application/xml",
                "md5sum": "4ee4d3b3438a08227eb1f05940818646",
                "sha1sum": "ed47c71e7b250b8ca42eb4b6dc64294da4af35ca",
                "sha256sum": "c19fcb14ba9e22ab69117454ed8c8947b880a05ae9a1ac81fc00f35a50b7f98c"
            },
            {
                "name": "curation_image.jpeg",
                "description": "Reproduced figure(s) from original curation.",
                "fileSize": "326797",
                "mimeType": "image/jpeg",
                "md5sum": "a32023e8bff290eef38b21cbaa4ddefc",
                "sha1sum": "69499c75ecf13e9420466fe021552342d4d4f421",
                "sha256sum": "8562456e83a98d4a7af22332eeda2d992a44cf2756e10027a539421a07fe516c"
            },
            {
                "name": "curation_notes.txt",
                "description": "Notes from original curation (describes curation_image).",
                "fileSize": "381",
                "mimeType": "text/plain",
                "md5sum": "f733675359441e40893468af94019261",
                "sha1sum": "2ad5796ffa6d1ea12fd01208c4ba5589853933b2",
                "sha256sum": "56bc1e4db01b50c3b458a64458ddb0e9988b992717a2e7a82de94ef248c9e370"
            },
            {
                "name": "manifest.xml",
                "description": "Auto-generated manifest file for OMEX archives.",
                "fileSize": "1679",
                "mimeType": "application/xml",
                "md5sum": "6509cd308f77c171f7b8c3163c4ca178",
                "sha1sum": "b9182eaa1206c7241fbaab3fb5b9a14fc2d9b04e",
                "sha256sum": "aac27b537ced74004e4bc522e939665326f8ffc51b1e61bbb09e27def41cb024"
            },
            {
                "name": "metadata.rdf",
                "description": "Auto-generated annotation metadata file.",
                "fileSize": "6298",
                "mimeType": "application/rdf+xml",
                "md5sum": "efd76750e2738674cd27175483defad7",
                "sha1sum": "08b97ae99931aec994801a69c423da60e4648e8a",
                "sha256sum": "eddeda2bba31fd666d4d8365bc4ae96cd2c79f87892c5ac273058b3761aef538"
            }
        ]
    },
    "history": {
        "revisions": [
            {
                "version": 1,
                "submitted": 1491493754,
                "submitter": "Carole Proctor",
                "comment": "Original import of Proctor2013 - Effect of Aβ immunisation in Alzheimer's disease"
            },
            {
                "version": 2,
                "submitted": 1496339540,
                "submitter": "Carole Proctor",
                "comment": "Current version of Proctor2013 - Effect of Aβ immunisation in Alzheimer's disease (stochastic version)"
            },
            {
                "version": 3,
                "submitted": 1724281295,
                "submitter": "Lucian Smith",
                "comment": "CRBM-sponsored manual and automated updates."
            }
        ]
    },
    "firstPublished": 1725281795,
    "submissionId": "MODEL1704060000",
    "publicationId": "BIOMD0000000634",
    "modellingApproach": {
        "accession": "MAMO_0000046",
        "name": "ordinary differential equation model",
        "resource": "http://identifiers.org/mamo/MAMO_0000046"
    },
    "curationStatus": "CURATED",
    "contributors": {
        "Curator": [
            {
                "name": "Lucian Smith",
                "email": "lpsmith@uw.edu",
                "affiliation": "University of Washington",
                "orcid": "0000-0001-7002-6386",
                "external": false
            }
        ],
        "Modeller": [
            {
                "name": "Carole Proctor",
                "email": "carole.proctor@ncl.ac.uk",
                "affiliation": "Newcastle University",
                "external": false
            }
        ]
    },
    "vcsIdentifier": "aaa",
    "modelLevelAnnotations": [
        {
            "qualifier": "bqmodel:is",
            "accession": "MODEL1704060000",
            "resource": "BioModels Database",
            "uri": "http://identifiers.org/biomodels.db/MODEL1704060000"
        },
        {
            "qualifier": "bqmodel:is",
            "accession": "BIOMD0000000634",
            "resource": "BioModels Database",
            "uri": "http://identifiers.org/biomodels.db/BIOMD0000000634"
        },
        {
            "qualifier": "bqmodel:isDescribedBy",
            "accession": "24098635",
            "resource": "PubMed",
            "uri": "http://identifiers.org/pubmed/24098635"
        },
        {
            "qualifier": "bqmodel:isDerivedFrom",
            "accession": "BIOMD0000000462",
            "resource": "BioModels Database",
            "uri": "http://identifiers.org/biomodels.db/BIOMD0000000462"
        },
        {
            "qualifier": "bqmodel:isDerivedFrom",
            "accession": "BIOMD0000000286",
            "resource": "BioModels Database",
            "uri": "http://identifiers.org/biomodels.db/BIOMD0000000286"
        },
        {
            "qualifier": "bqbiol:hasTaxon",
            "accession": "9606",
            "name": "Homo sapiens",
            "resource": "Taxonomy",
            "uri": "http://identifiers.org/taxonomy/9606"
        },
        {
            "qualifier": "bqbiol:hasPart",
            "accession": "PW:0000015",
            "name": "Alzheimer disease pathway",
            "resource": "Pathway Ontology",
            "uri": "http://identifiers.org/pw/PW:0000015"
        },
        {
            "qualifier": "bqbiol:isVersionOf",
            "accession": "GO:0030330",
            "name": "DNA damage response, signal transduction by p53 class mediator",
            "resource": "Gene Ontology",
            "uri": "http://identifiers.org/go/GO:0030330"
        },
        {
            "qualifier": "bqbiol:isVersionOf",
            "accession": "GO:0070841",
            "name": "inclusion body assembly",
            "resource": "Gene Ontology",
            "uri": "http://identifiers.org/go/GO:0070841"
        },
        {
            "qualifier": "bqbiol:hasProperty",
            "accession": "DOID:10652",
            "name": "Alzheimer's disease",
            "resource": "Human Disease Ontology",
            "uri": "http://identifiers.org/doid/DOID:10652"
        },
        {
            "qualifier": "bqbiol:hasProperty",
            "accession": "MAMO_0000046",
            "name": "Ordinary differential equation model",
            "resource": "Mathematical Modelling Ontology",
            "uri": "http://identifiers.org/mamo/MAMO_0000046"
        }
    ]
}