<?xml version='1.0' encoding='UTF-8' standalone='no'?>
<sbml xmlns="http://www.sbml.org/sbml/level2/version4" level="2" metaid="_0c7fa9d8-f0f6-407a-b9c0-cbf8645d9533" version="4">
  <model id="Webb2002_FasFasLsystem_Tumour" metaid="COPASI0" name="Webb2002 - Fas/FasL mediated tumor T-cell interaction">
    <notes>
      <body xmlns="http://www.w3.org/1999/xhtml">
    <div class="dc:title">Webb2002 - Fas/FasL mediated tumor T-cell interaction</div>
<div class="dc:description">This deterministic model of
immunological surveillance involving tumour cell–T-lymphocyte
interaction, cell surface expression of Fas/FasL, and their
secreted soluble forms.</div>
<div class="dc:bibliographicCitation">
  <p>This model is described in the article:</p>
  <div class="bibo:title">
    <a href="http://identifiers.org/pubmed/12208611" title="Access to this publication">Cells behaving badly: a
    theoretical model for the Fas/FasL system in tumour
    immunology.</a>
  </div>
  <div class="bibo:authorList">Webb SD, Sherratt JA, Fish RG.</div>
  <div class="bibo:Journal">Math Biosci 2002 Sep-Oct; 179(2):
  113-129</div>
  <p>Abstract:</p>
  <div class="bibo:abstract">
    <p>One proposed mechanism of tumour escape from immune
    surveillance is tumour up-regulation of the cell surface ligand
    FasL, which can lead to apoptosis of Fas receptor (Fas)
    positive lymphocytes. Based upon this 'counterattack', we have
    developed a mathematical model involving tumour cell-lymphocyte
    interaction, cell surface expression of Fas/FasL, and their
    secreted soluble forms. The model predicts that (a) the
    production of soluble forms of Fas and FasL will lead to the
    down-regulation of the immune response; (b) matrix
    metalloproteinase (MMP) inactivation should lead to increased
    membrane FasL and result in a higher rate of Fas-mediated
    apoptosis for lymphocytes than for tumour cells. Recent studies
    on cancer patients lend support for these predictions. The
    clinical implications are two-fold. Firstly, the use of broad
    spectrum MMP inhibitors as anti-angiogenic agents may be
    compromised by their adverse effect on tumour FasL
    up-regulation. Also, Fas/FasL interactions may have an impact
    on the outcome of numerous ongoing immunotherapeutic trials
    since the final common pathway of all these approaches is the
    transduction of death signals within the tumour cell.</p>
  </div>
</div>
<div class="dc:publisher">
  <p>This model is hosted on 
  <a href="http://www.ebi.ac.uk/biomodels/">BioModels Database</a>
  and identified by: 
  <a href="http://identifiers.org/biomodels.db/BIOMD0000000661">BIOMD0000000661</a>.</p>
  <p>To cite BioModels Database, please use: 
  <a href="http://identifiers.org/pubmed/25414348" target="_blank">Chelliah V et al. BioModels: ten-year
  anniversary. Nucl. Acids Res. 2015, 43(Database
  issue):D542-8</a>.</p>
</div>
<div class="dc:license">
  <p>To the extent possible under law, all copyright and related or
  neighbouring rights to this encoded model have been dedicated to
  the public domain worldwide. Please refer to 
  <a href="http://creativecommons.org/publicdomain/zero/1.0/" title="Access to: CC0 1.0 Universal (CC0 1.0), Public Domain Dedication">CC0
  Public Domain Dedication</a> for more information.</p>
</div>
</body>
    </notes>
    <annotation>
      <rdf:RDF xmlns:rdf="http://www.w3.org/1999/02/22-rdf-syntax-ns#" xmlns:dc="http://purl.org/dc/elements/1.1/" xmlns:dcterms="http://purl.org/dc/terms/" xmlns:vCard="http://www.w3.org/2001/vcard-rdf/3.0#" xmlns:bqbiol="http://biomodels.net/biology-qualifiers/" xmlns:bqmodel="http://biomodels.net/model-qualifiers/">
        <rdf:Description rdf:about="#COPASI0">
	<dc:creator>
	<rdf:Bag>
	<rdf:li rdf:parseType="Resource">
	<vCard:N rdf:parseType="Resource">
	<vCard:Family>Lloyd</vCard:Family>
	<vCard:Given>Catherine</vCard:Given>
	</vCard:N>
	<vCard:EMAIL>c.lloyd@auckland.ac.nz</vCard:EMAIL>
	<vCard:ORG rdf:parseType="Resource">
	<vCard:Orgname>University of Auckland</vCard:Orgname>
	</vCard:ORG>
	</rdf:li>
	
	
	<rdf:li rdf:parseType="Resource">
	<vCard:N rdf:parseType="Resource">
	<vCard:Family>Roberts</vCard:Family>
	<vCard:Given>Matthew Grant</vCard:Given>
	</vCard:N>
	<vCard:EMAIL>mroberts@ebi.ac.uk</vCard:EMAIL>
	<vCard:ORG rdf:parseType="Resource">
	<vCard:Orgname>EMBL-EBI</vCard:Orgname>
	</vCard:ORG>
	</rdf:li>
	<rdf:li rdf:parseType="Resource">
	<vCard:N rdf:parseType="Resource">
	<vCard:Family>Fairbanks</vCard:Family>
	<vCard:Given>Emma</vCard:Given>
	</vCard:N>
	<vCard:EMAIL>emmafairbanks93@gmail.com</vCard:EMAIL>
	<vCard:ORG rdf:parseType="Resource">
	<vCard:Orgname>University of Nottingham</vCard:Orgname>
	</vCard:ORG>
	</rdf:li>
	<rdf:li rdf:parseType="Resource">
	<vCard:N rdf:parseType="Resource">
	<vCard:Family>Sheriff</vCard:Family>
	<vCard:Given>Rahuman</vCard:Given>
	</vCard:N>
	<vCard:EMAIL>sheriff@ebi.ac.uk</vCard:EMAIL>
	<vCard:ORG rdf:parseType="Resource">
	<vCard:Orgname>EMBL-EBI</vCard:Orgname>
	</vCard:ORG>
	</rdf:li>
	</rdf:Bag>
	</dc:creator>
	<dcterms:created rdf:parseType="Resource">
	<dcterms:W3CDTF>2017-09-07T17:27:57Z</dcterms:W3CDTF>
	</dcterms:created>
	<dcterms:modified rdf:parseType="Resource">
	<dcterms:W3CDTF>2018-01-17T16:57:34Z</dcterms:W3CDTF>
	</dcterms:modified>
	<bqmodel:is>
	<rdf:Bag>
	<rdf:li rdf:resource="http://identifiers.org/biomodels.db/MODEL1006230046"/>
	</rdf:Bag>
	</bqmodel:is>
	<bqmodel:is>
	<rdf:Bag>
	<rdf:li rdf:resource="http://identifiers.org/biomodels.db/BIOMD0000000661"/>
	</rdf:Bag>
	</bqmodel:is>
	<bqmodel:isDescribedBy>
	<rdf:Bag>
	<rdf:li rdf:resource="http://identifiers.org/pubmed/12208611"/>
	</rdf:Bag>
	</bqmodel:isDescribedBy>
	<bqbiol:hasProperty>
	<rdf:Bag>
	<rdf:li rdf:resource="http://identifiers.org/mamo/MAMO_0000046"/>
	</rdf:Bag>
	</bqbiol:hasProperty>
	<bqbiol:hasTaxon>
	<rdf:Bag>
	<rdf:li rdf:resource="http://identifiers.org/taxonomy/9606"/>
	</rdf:Bag>
	</bqbiol:hasTaxon>
	<bqbiol:isVersionOf>
	<rdf:Bag>
	<rdf:li rdf:resource="http://identifiers.org/go/GO:1902044"/>
	</rdf:Bag>
	</bqbiol:isVersionOf>
	<bqbiol:isVersionOf>
	<rdf:Bag>
	<rdf:li rdf:resource="http://identifiers.org/pw/PW:0000106"/>
	</rdf:Bag>
	</bqbiol:isVersionOf>
	<bqbiol:isVersionOf>
	<rdf:Bag>
	<rdf:li rdf:resource="http://identifiers.org/go/GO:0002418"/>
	</rdf:Bag>
	</bqbiol:isVersionOf>
	</rdf:Description>
	
	
	
	
	
	
	
	
      </rdf:RDF>
      <COPASI xmlns="http://www.copasi.org/static/sbml">
        <rdf:RDF xmlns:rdf="http://www.w3.org/1999/02/22-rdf-syntax-ns#" xmlns:CopasiMT="http://www.copasi.org/RDF/MiriamTerms#" xmlns:bqbiol="http://biomodels.net/biology-qualifiers/" xmlns:dcterms="http://purl.org/dc/terms/" xmlns:vCard="http://www.w3.org/2001/vcard-rdf/3.0#">
          <rdf:Description rdf:about="#COPASI0">
            <bqbiol:hasProperty rdf:resource="urn:miriam:mamo:MAMO_0000046"/>
            <bqbiol:hasTaxon rdf:resource="urn:miriam:taxonomy:9606"/>
            <dcterms:bibliographicCitation>
              <rdf:Description>
                <CopasiMT:is rdf:resource="urn:miriam:pubmed:12208611"/>
                <CopasiMT:isDescribedBy rdf:resource="urn:miriam:pubmed:12208611"/>
              </rdf:Description>
            </dcterms:bibliographicCitation>
            <dcterms:created>
              <rdf:Description>
                <dcterms:W3CDTF>2017-09-07T17:27:57Z</dcterms:W3CDTF>
              </rdf:Description>
            </dcterms:created>
            <dcterms:creator>
              <rdf:Description>
                <vCard:EMAIL>emmafairbanks93@gmail.com</vCard:EMAIL>
                <vCard:N>
                  <rdf:Description>
                    <vCard:Family>Fairbanks</vCard:Family>
                    <vCard:Given>Emma Louise</vCard:Given>
                  </rdf:Description>
                </vCard:N>
                <vCard:ORG>
                  <rdf:Description>
                    <vCard:Orgname>Nottingham University</vCard:Orgname>
                  </rdf:Description>
                </vCard:ORG>
              </rdf:Description>
            </dcterms:creator>
            <dcterms:creator>
              <rdf:Description>
                <vCard:EMAIL>mroberts@ebi.ac.uk</vCard:EMAIL>
                <vCard:N>
                  <rdf:Description>
                    <vCard:Family>Roberts</vCard:Family>
                    <vCard:Given>Matthew Grant</vCard:Given>
                  </rdf:Description>
                </vCard:N>
                <vCard:ORG>
                  <rdf:Description>
                    <vCard:Orgname>EMBL-EBI</vCard:Orgname>
                  </rdf:Description>
                </vCard:ORG>
              </rdf:Description>
            </dcterms:creator>
            <dcterms:creator>
              <rdf:Description>
                <vCard:EMAIL>sheriff@ebi.ac.uk</vCard:EMAIL>
                <vCard:N>
                  <rdf:Description>
                    <vCard:Family>Sheriff</vCard:Family>
                    <vCard:Given>Rahuman</vCard:Given>
                  </rdf:Description>
                </vCard:N>
                <vCard:ORG>
                  <rdf:Description>
                    <vCard:Orgname>EMBL-EBI</vCard:Orgname>
                  </rdf:Description>
                </vCard:ORG>
              </rdf:Description>
            </dcterms:creator>
            <CopasiMT:is rdf:resource="urn:miriam:biomodels.db:MODEL1006230046"/>
            <CopasiMT:isVersionOf rdf:resource="urn:miriam:go:GO:0002347"/>
            <CopasiMT:isVersionOf rdf:resource="urn:miriam:go:GO:0051805"/>
            <CopasiMT:isVersionOf rdf:resource="urn:miriam:go:GO:1902044"/>
            <CopasiMT:isVersionOf rdf:resource="urn:miriam:pw:PW:0000106"/>
          </rdf:Description>
        </rdf:RDF>
      </COPASI>
    </annotation>
      <listOfFunctionDefinitions>
      <functionDefinition id="Constant_flux__irreversible" metaid="_56dcbcd3-10fb-41ba-b72c-75c507349535" name="Constant flux (irreversible)">
        <math xmlns="http://www.w3.org/1998/Math/MathML">        
          <lambda>
            <bvar>
              <ci> v </ci>
            </bvar>
            <ci> v </ci>
          </lambda>
        </math>
            </functionDefinition>
      <functionDefinition id="Function_for_T_cell_degradation" metaid="COPASI38" name="Function for T-cell degradation">
        <annotation>
          <COPASI xmlns="http://www.copasi.org/static/sbml">
            <rdf:RDF xmlns:rdf="http://www.w3.org/1999/02/22-rdf-syntax-ns#" xmlns:dcterms="http://purl.org/dc/terms/">
              <rdf:Description rdf:about="#COPASI38">
                <dcterms:created>
                  <rdf:Description>
                    <dcterms:W3CDTF>2017-09-07T17:46:54Z</dcterms:W3CDTF>
                  </rdf:Description>
                </dcterms:created>
              </rdf:Description>
            </rdf:RDF>
          </COPASI>
        </annotation>
        <math xmlns="http://www.w3.org/1998/Math/MathML">        
          <lambda>
            <bvar>
              <ci> k1 </ci>
            </bvar>
            <bvar>
              <ci> m </ci>
            </bvar>
            <bvar>
              <ci> T </ci>
            </bvar>
            <bvar>
              <ci> Lm </ci>
            </bvar>
            <bvar>
              <ci> RT </ci>
            </bvar>
            <apply>
              <times/>
              <ci> k1 </ci>
              <ci> m </ci>
              <ci> T </ci>
              <ci> Lm </ci>
              <ci> RT </ci>
            </apply>
          </lambda>
        </math>
            </functionDefinition>
      <functionDefinition id="Function_for_tumour_cell_degradation" metaid="COPASI39" name="Function for tumour cell degradation">
        <annotation>
          <COPASI xmlns="http://www.copasi.org/static/sbml">
            <rdf:RDF xmlns:rdf="http://www.w3.org/1999/02/22-rdf-syntax-ns#" xmlns:dcterms="http://purl.org/dc/terms/">
              <rdf:Description rdf:about="#COPASI39">
                <dcterms:created>
                  <rdf:Description>
                    <dcterms:W3CDTF>2017-09-08T08:36:34Z</dcterms:W3CDTF>
                  </rdf:Description>
                </dcterms:created>
              </rdf:Description>
            </rdf:RDF>
          </COPASI>
        </annotation>
        <math xmlns="http://www.w3.org/1998/Math/MathML">        
          <lambda>
            <bvar>
              <ci> k1 </ci>
            </bvar>
            <bvar>
              <ci> m </ci>
            </bvar>
            <bvar>
              <ci> T </ci>
            </bvar>
            <bvar>
              <ci> LT </ci>
            </bvar>
            <bvar>
              <ci> Rm </ci>
            </bvar>
            <apply>
              <times/>
              <ci> k1 </ci>
              <ci> m </ci>
              <ci> T </ci>
              <ci> LT </ci>
              <ci> Rm </ci>
            </apply>
          </lambda>
        </math>
            </functionDefinition>
      <functionDefinition id="Function_for_LT_synthesis" metaid="COPASI40" name="Function for LT synthesis">
        <annotation>
          <COPASI xmlns="http://www.copasi.org/static/sbml">
            <rdf:RDF xmlns:rdf="http://www.w3.org/1999/02/22-rdf-syntax-ns#" xmlns:dcterms="http://purl.org/dc/terms/">
              <rdf:Description rdf:about="#COPASI40">
                <dcterms:created>
                  <rdf:Description>
                    <dcterms:W3CDTF>2017-09-08T08:47:28Z</dcterms:W3CDTF>
                  </rdf:Description>
                </dcterms:created>
              </rdf:Description>
            </rdf:RDF>
          </COPASI>
        </annotation>
        <math xmlns="http://www.w3.org/1998/Math/MathML">        
          <lambda>
            <bvar>
              <ci> k2 </ci>
            </bvar>
            <bvar>
              <ci> T </ci>
            </bvar>
            <bvar>
              <ci> m </ci>
            </bvar>
            <apply>
              <times/>
              <ci> k2 </ci>
              <ci> T </ci>
              <ci> m </ci>
            </apply>
          </lambda>
        </math>
            </functionDefinition>
      <functionDefinition id="Function_for_RT_degradation__SL_modifier" metaid="COPASI41" name="Function for RT degradation (SL modifier)">
        <annotation>
          <COPASI xmlns="http://www.copasi.org/static/sbml">
            <rdf:RDF xmlns:rdf="http://www.w3.org/1999/02/22-rdf-syntax-ns#" xmlns:dcterms="http://purl.org/dc/terms/">
              <rdf:Description rdf:about="#COPASI41">
                <dcterms:created>
                  <rdf:Description>
                    <dcterms:W3CDTF>2017-09-08T08:50:36Z</dcterms:W3CDTF>
                  </rdf:Description>
                </dcterms:created>
              </rdf:Description>
            </rdf:RDF>
          </COPASI>
        </annotation>
        <math xmlns="http://www.w3.org/1998/Math/MathML">        
          <lambda>
            <bvar>
              <ci> k8 </ci>
            </bvar>
            <bvar>
              <ci> RT </ci>
            </bvar>
            <bvar>
              <ci> SL </ci>
            </bvar>
            <apply>
              <times/>
              <ci> k8 </ci>
              <ci> RT </ci>
              <ci> SL </ci>
            </apply>
          </lambda>
        </math>
            </functionDefinition>
      <functionDefinition id="Function_for_Rm_degradation__SL_modifier" metaid="COPASI42" name="Function for Rm degradation (SL modifier)">
        <annotation>
          <COPASI xmlns="http://www.copasi.org/static/sbml">
            <rdf:RDF xmlns:rdf="http://www.w3.org/1999/02/22-rdf-syntax-ns#" xmlns:dcterms="http://purl.org/dc/terms/">
              <rdf:Description rdf:about="#COPASI42">
                <dcterms:created>
                  <rdf:Description>
                    <dcterms:W3CDTF>2017-09-08T08:51:33Z</dcterms:W3CDTF>
                  </rdf:Description>
                </dcterms:created>
              </rdf:Description>
            </rdf:RDF>
          </COPASI>
        </annotation>
        <math xmlns="http://www.w3.org/1998/Math/MathML">        
          <lambda>
            <bvar>
              <ci> k8 </ci>
            </bvar>
            <bvar>
              <ci> Rm </ci>
            </bvar>
            <bvar>
              <ci> SL </ci>
            </bvar>
            <apply>
              <times/>
              <ci> k8 </ci>
              <ci> Rm </ci>
              <ci> SL </ci>
            </apply>
          </lambda>
        </math>
            </functionDefinition>
      <functionDefinition id="Function_for_LT_degradation" metaid="COPASI43" name="Function for LT degradation">
        <annotation>
          <COPASI xmlns="http://www.copasi.org/static/sbml">
            <rdf:RDF xmlns:rdf="http://www.w3.org/1999/02/22-rdf-syntax-ns#" xmlns:dcterms="http://purl.org/dc/terms/">
              <rdf:Description rdf:about="#COPASI43">
                <dcterms:created>
                  <rdf:Description>
                    <dcterms:W3CDTF>2017-09-08T08:56:22Z</dcterms:W3CDTF>
                  </rdf:Description>
                </dcterms:created>
              </rdf:Description>
            </rdf:RDF>
          </COPASI>
        </annotation>
        <math xmlns="http://www.w3.org/1998/Math/MathML">        
          <lambda>
            <bvar>
              <ci> K4 </ci>
            </bvar>
            <bvar>
              <ci> k3 </ci>
            </bvar>
            <bvar>
              <ci> LT </ci>
            </bvar>
            <apply>
              <times/>
              <apply>
                <plus/>
                <ci> K4 </ci>
                <ci> k3 </ci>
              </apply>
              <ci> LT </ci>
            </apply>
          </lambda>
        </math>
            </functionDefinition>
      <functionDefinition id="Function_for_Lm_degradation" metaid="COPASI44" name="Function for Lm degradation">
        <annotation>
          <COPASI xmlns="http://www.copasi.org/static/sbml">
            <rdf:RDF xmlns:rdf="http://www.w3.org/1999/02/22-rdf-syntax-ns#" xmlns:dcterms="http://purl.org/dc/terms/">
              <rdf:Description rdf:about="#COPASI44">
                <dcterms:created>
                  <rdf:Description>
                    <dcterms:W3CDTF>2017-09-08T08:57:23Z</dcterms:W3CDTF>
                  </rdf:Description>
                </dcterms:created>
              </rdf:Description>
            </rdf:RDF>
          </COPASI>
        </annotation>
        <math xmlns="http://www.w3.org/1998/Math/MathML">        
          <lambda>
            <bvar>
              <ci> k3 </ci>
            </bvar>
            <bvar>
              <ci> k4 </ci>
            </bvar>
            <bvar>
              <ci> Lm </ci>
            </bvar>
            <apply>
              <times/>
              <apply>
                <plus/>
                <ci> k3 </ci>
                <ci> k4 </ci>
              </apply>
              <ci> Lm </ci>
            </apply>
          </lambda>
        </math>
            </functionDefinition>
      <functionDefinition id="Function_for_LT_degradation__m__T_and_Rm_modifiers" metaid="COPASI45" name="Function for LT degradation (m, T and Rm modifiers)">
        <annotation>
          <COPASI xmlns="http://www.copasi.org/static/sbml">
            <rdf:RDF xmlns:rdf="http://www.w3.org/1999/02/22-rdf-syntax-ns#" xmlns:dcterms="http://purl.org/dc/terms/">
              <rdf:Description rdf:about="#COPASI45">
                <dcterms:created>
                  <rdf:Description>
                    <dcterms:W3CDTF>2017-09-08T09:01:42Z</dcterms:W3CDTF>
                  </rdf:Description>
                </dcterms:created>
              </rdf:Description>
            </rdf:RDF>
          </COPASI>
        </annotation>
        <math xmlns="http://www.w3.org/1998/Math/MathML">        
          <lambda>
            <bvar>
              <ci> k5 </ci>
            </bvar>
            <bvar>
              <ci> m </ci>
            </bvar>
            <bvar>
              <ci> T </ci>
            </bvar>
            <bvar>
              <ci> LT </ci>
            </bvar>
            <bvar>
              <ci> Rm </ci>
            </bvar>
            <apply>
              <times/>
              <ci> k5 </ci>
              <ci> m </ci>
              <ci> T </ci>
              <ci> LT </ci>
              <ci> Rm </ci>
            </apply>
          </lambda>
        </math>
            </functionDefinition>
      <functionDefinition id="Function_for_Lm_degradation__m__T_and_RT_modifiers" metaid="COPASI46" name="Function for Lm degradation (m, T and RT modifiers)">
        <annotation>
          <COPASI xmlns="http://www.copasi.org/static/sbml">
            <rdf:RDF xmlns:rdf="http://www.w3.org/1999/02/22-rdf-syntax-ns#" xmlns:dcterms="http://purl.org/dc/terms/">
              <rdf:Description rdf:about="#COPASI46">
                <dcterms:created>
                  <rdf:Description>
                    <dcterms:W3CDTF>2017-09-08T09:18:30Z</dcterms:W3CDTF>
                  </rdf:Description>
                </dcterms:created>
              </rdf:Description>
            </rdf:RDF>
          </COPASI>
        </annotation>
        <math xmlns="http://www.w3.org/1998/Math/MathML">        
          <lambda>
            <bvar>
              <ci> k5 </ci>
            </bvar>
            <bvar>
              <ci> m </ci>
            </bvar>
            <bvar>
              <ci> T </ci>
            </bvar>
            <bvar>
              <ci> Lm </ci>
            </bvar>
            <bvar>
              <ci> RT </ci>
            </bvar>
            <apply>
              <times/>
              <ci> k5 </ci>
              <ci> m </ci>
              <ci> T </ci>
              <ci> Lm </ci>
              <ci> RT </ci>
            </apply>
          </lambda>
        </math>
            </functionDefinition>
      <functionDefinition id="Function_for_SL_synthesis" metaid="COPASI47" name="Function for SL synthesis">
        <annotation>
          <COPASI xmlns="http://www.copasi.org/static/sbml">
            <rdf:RDF xmlns:rdf="http://www.w3.org/1999/02/22-rdf-syntax-ns#" xmlns:dcterms="http://purl.org/dc/terms/">
              <rdf:Description rdf:about="#COPASI47">
                <dcterms:created>
                  <rdf:Description>
                    <dcterms:W3CDTF>2017-09-08T09:27:09Z</dcterms:W3CDTF>
                  </rdf:Description>
                </dcterms:created>
              </rdf:Description>
            </rdf:RDF>
          </COPASI>
        </annotation>
        <math xmlns="http://www.w3.org/1998/Math/MathML">        
          <lambda>
            <bvar>
              <ci> k3 </ci>
            </bvar>
            <bvar>
              <ci> Lm </ci>
            </bvar>
            <bvar>
              <ci> m </ci>
            </bvar>
            <bvar>
              <ci> LT </ci>
            </bvar>
            <bvar>
              <ci> T </ci>
            </bvar>
            <apply>
              <times/>
              <ci> k3 </ci>
              <apply>
                <plus/>
                <apply>
                  <times/>
                  <ci> Lm </ci>
                  <ci> m </ci>
                </apply>
                <apply>
                  <times/>
                  <ci> LT </ci>
                  <ci> T </ci>
                </apply>
              </apply>
            </apply>
          </lambda>
        </math>
            </functionDefinition>
      <functionDefinition id="Function_for_SL_degradation__Rm__m__RT__T_and_SL_modifiers" metaid="COPASI48" name="Function for SL degradation (Rm, m, RT, T and SL modifiers)">
        <annotation>
          <COPASI xmlns="http://www.copasi.org/static/sbml">
            <rdf:RDF xmlns:rdf="http://www.w3.org/1999/02/22-rdf-syntax-ns#" xmlns:dcterms="http://purl.org/dc/terms/">
              <rdf:Description rdf:about="#COPASI48">
                <dcterms:created>
                  <rdf:Description>
                    <dcterms:W3CDTF>2017-09-08T09:32:25Z</dcterms:W3CDTF>
                  </rdf:Description>
                </dcterms:created>
              </rdf:Description>
            </rdf:RDF>
          </COPASI>
        </annotation>
        <math xmlns="http://www.w3.org/1998/Math/MathML">        
          <lambda>
            <bvar>
              <ci> k9 </ci>
            </bvar>
            <bvar>
              <ci> Rm </ci>
            </bvar>
            <bvar>
              <ci> m </ci>
            </bvar>
            <bvar>
              <ci> RT </ci>
            </bvar>
            <bvar>
              <ci> T </ci>
            </bvar>
            <bvar>
              <ci> SL </ci>
            </bvar>
            <apply>
              <times/>
              <ci> k9 </ci>
              <apply>
                <plus/>
                <apply>
                  <times/>
                  <ci> Rm </ci>
                  <ci> m </ci>
                </apply>
                <apply>
                  <times/>
                  <ci> RT </ci>
                  <ci> T </ci>
                </apply>
              </apply>
              <ci> SL </ci>
            </apply>
          </lambda>
        </math>
            </functionDefinition>
    </listOfFunctionDefinitions>
    <listOfCompartments>
      <compartment constant="true" id="compartment" metaid="COPASI1" name="compartment" size="1" spatialDimensions="3">
        <annotation>
          <rdf:RDF xmlns:rdf="http://www.w3.org/1999/02/22-rdf-syntax-ns#" xmlns:dc="http://purl.org/dc/elements/1.1/" xmlns:dcterms="http://purl.org/dc/terms/" xmlns:vCard="http://www.w3.org/2001/vcard-rdf/3.0#" xmlns:bqbiol="http://biomodels.net/biology-qualifiers/" xmlns:bqmodel="http://biomodels.net/model-qualifiers/">
            <rdf:Description rdf:about="#COPASI1">
	<bqbiol:isVersionOf>
	<rdf:Bag>
	<rdf:li rdf:resource="urn:miriam:sbo:SBO%3A0000289"/>
	</rdf:Bag>
	</bqbiol:isVersionOf>
	</rdf:Description>
	
	
	
	
	
	
	
	
          </rdf:RDF>
          <COPASI xmlns="http://www.copasi.org/static/sbml">
            <rdf:RDF xmlns:rdf="http://www.w3.org/1999/02/22-rdf-syntax-ns#" xmlns:CopasiMT="http://www.copasi.org/RDF/MiriamTerms#" xmlns:dcterms="http://purl.org/dc/terms/">
              <rdf:Description rdf:about="#COPASI1">
                <dcterms:created>
                  <rdf:Description>
                    <dcterms:W3CDTF>2018-01-16T10:56:59Z</dcterms:W3CDTF>
                  </rdf:Description>
                </dcterms:created>
                <CopasiMT:isVersionOf rdf:resource="urn:miriam:sbo:SBO:0000289"/>
              </rdf:Description>
            </rdf:RDF>
          </COPASI>
        </annotation>
            </compartment>
      <compartment constant="true" id="Tumour_cell" metaid="COPASI2" name="Tumour cell" size="1" spatialDimensions="3">
        <annotation>
          <rdf:RDF xmlns:rdf="http://www.w3.org/1999/02/22-rdf-syntax-ns#" xmlns:dc="http://purl.org/dc/elements/1.1/" xmlns:dcterms="http://purl.org/dc/terms/" xmlns:vCard="http://www.w3.org/2001/vcard-rdf/3.0#" xmlns:bqbiol="http://biomodels.net/biology-qualifiers/" xmlns:bqmodel="http://biomodels.net/model-qualifiers/">
            <rdf:Description rdf:about="#COPASI2">
	<bqbiol:isVersionOf>
	<rdf:Bag>
	<rdf:li rdf:resource="http://identifiers.org/ncit/C12922"/>
	</rdf:Bag>
	</bqbiol:isVersionOf>
	</rdf:Description>
	
	
	
	
	
	
	
	
          </rdf:RDF>
          <COPASI xmlns="http://www.copasi.org/static/sbml">
            <rdf:RDF xmlns:rdf="http://www.w3.org/1999/02/22-rdf-syntax-ns#" xmlns:CopasiMT="http://www.copasi.org/RDF/MiriamTerms#" xmlns:dcterms="http://purl.org/dc/terms/">
              <rdf:Description rdf:about="#COPASI2">
                <dcterms:created>
                  <rdf:Description>
                    <dcterms:W3CDTF>2018-01-16T15:06:24Z</dcterms:W3CDTF>
                  </rdf:Description>
                </dcterms:created>
                <CopasiMT:isVersionOf rdf:resource="urn:miriam:ncit:C12922"/>
              </rdf:Description>
            </rdf:RDF>
          </COPASI>
        </annotation>
            </compartment>
      <compartment constant="true" id="T_Lymphocyte_cell" metaid="COPASI3" name="T-Lymphocyte cell" size="1" spatialDimensions="3">
        <annotation>
          <rdf:RDF xmlns:rdf="http://www.w3.org/1999/02/22-rdf-syntax-ns#" xmlns:dc="http://purl.org/dc/elements/1.1/" xmlns:dcterms="http://purl.org/dc/terms/" xmlns:vCard="http://www.w3.org/2001/vcard-rdf/3.0#" xmlns:bqbiol="http://biomodels.net/biology-qualifiers/" xmlns:bqmodel="http://biomodels.net/model-qualifiers/">
            <rdf:Description rdf:about="#COPASI3">
	<bqbiol:isVersionOf>
	<rdf:Bag>
	<rdf:li rdf:resource="http://identifiers.org/ncit/C104083"/>
	</rdf:Bag>
	</bqbiol:isVersionOf>
	</rdf:Description>
	
	
	
	
	
	
	
	
          </rdf:RDF>
          <COPASI xmlns="http://www.copasi.org/static/sbml">
            <rdf:RDF xmlns:rdf="http://www.w3.org/1999/02/22-rdf-syntax-ns#" xmlns:CopasiMT="http://www.copasi.org/RDF/MiriamTerms#" xmlns:dcterms="http://purl.org/dc/terms/">
              <rdf:Description rdf:about="#COPASI3">
                <dcterms:created>
                  <rdf:Description>
                    <dcterms:W3CDTF>2018-01-16T15:06:43Z</dcterms:W3CDTF>
                  </rdf:Description>
                </dcterms:created>
                <CopasiMT:isVersionOf rdf:resource="urn:miriam:ncit:C104083"/>
              </rdf:Description>
            </rdf:RDF>
          </COPASI>
        </annotation>
            </compartment>
    </listOfCompartments>
    <listOfSpecies>
      <species boundaryCondition="false" compartment="compartment" constant="false" id="T" initialConcentration="500.000000000001" metaid="COPASI4" name="T-cells (T)">
        <annotation>
          <rdf:RDF xmlns:rdf="http://www.w3.org/1999/02/22-rdf-syntax-ns#" xmlns:dc="http://purl.org/dc/elements/1.1/" xmlns:dcterms="http://purl.org/dc/terms/" xmlns:vCard="http://www.w3.org/2001/vcard-rdf/3.0#" xmlns:bqbiol="http://biomodels.net/biology-qualifiers/" xmlns:bqmodel="http://biomodels.net/model-qualifiers/">
            <rdf:Description rdf:about="#COPASI4">
	<bqbiol:isVersionOf>
	<rdf:Bag>
	<rdf:li rdf:resource="http://identifiers.org/ncit/C104083"/>
	</rdf:Bag>
	</bqbiol:isVersionOf>
	</rdf:Description>
	
	
	
	
	
	
	
	
          </rdf:RDF>
          <COPASI xmlns="http://www.copasi.org/static/sbml">
            <rdf:RDF xmlns:rdf="http://www.w3.org/1999/02/22-rdf-syntax-ns#" xmlns:CopasiMT="http://www.copasi.org/RDF/MiriamTerms#" xmlns:dcterms="http://purl.org/dc/terms/">
              <rdf:Description rdf:about="#COPASI4">
                <dcterms:created>
                  <rdf:Description>
                    <dcterms:W3CDTF>2017-09-07T17:33:23Z</dcterms:W3CDTF>
                  </rdf:Description>
                </dcterms:created>
                <CopasiMT:isVersionOf rdf:resource="urn:miriam:ncit:C104083"/>
              </rdf:Description>
            </rdf:RDF>
          </COPASI>
        </annotation>
            </species>
      <species boundaryCondition="false" compartment="compartment" constant="false" id="LT" initialConcentration="0" metaid="COPASI5" name="mFasL (LT)">
        <annotation>
          <rdf:RDF xmlns:rdf="http://www.w3.org/1999/02/22-rdf-syntax-ns#" xmlns:dc="http://purl.org/dc/elements/1.1/" xmlns:dcterms="http://purl.org/dc/terms/" xmlns:vCard="http://www.w3.org/2001/vcard-rdf/3.0#" xmlns:bqbiol="http://biomodels.net/biology-qualifiers/" xmlns:bqmodel="http://biomodels.net/model-qualifiers/">
            <rdf:Description rdf:about="#COPASI5">
              <bqbiol:isVersionOf>
	<rdf:Bag>
	<rdf:li rdf:resource="http://identifiers.org/chebi/CHEBI:17089"/>
	</rdf:Bag>
	</bqbiol:isVersionOf>
	<bqbiol:occursIn>
	<rdf:Bag>
	<rdf:li rdf:resource="http://identifiers.org/ncit/C14070"/>
	</rdf:Bag>
	</bqbiol:occursIn>
	
	<bqbiol:isVersionOf>
	<rdf:Bag>
	<rdf:li rdf:resource="http://identifiers.org/uniprot/P48023"/>
	</rdf:Bag>
	</bqbiol:isVersionOf>
	</rdf:Description>
	
	
	
	
	
	
	
	
          </rdf:RDF>
          <COPASI xmlns="http://www.copasi.org/static/sbml">
            <rdf:RDF xmlns:rdf="http://www.w3.org/1999/02/22-rdf-syntax-ns#" xmlns:CopasiMT="http://www.copasi.org/RDF/MiriamTerms#" xmlns:dcterms="http://purl.org/dc/terms/">
              <rdf:Description rdf:about="#COPASI5">
                <dcterms:created>
                  <rdf:Description>
                    <dcterms:W3CDTF>2017-09-08T09:20:25Z</dcterms:W3CDTF>
                  </rdf:Description>
                </dcterms:created>
                <CopasiMT:isVersionOf rdf:resource="urn:miriam:chebi:CHEBI:17089"/>
                <CopasiMT:isVersionOf rdf:resource="urn:miriam:uniprot:P48023"/>
                <CopasiMT:occursIn rdf:resource="urn:miriam:ncit:C14070"/>
              </rdf:Description>
            </rdf:RDF>
          </COPASI>
        </annotation>
            </species>
      <species boundaryCondition="false" compartment="T_Lymphocyte_cell" constant="false" id="RT" initialConcentration="1.00000000000001E4" metaid="COPASI6" name="FasR (RT)">
        <annotation>
          <rdf:RDF xmlns:rdf="http://www.w3.org/1999/02/22-rdf-syntax-ns#" xmlns:dc="http://purl.org/dc/elements/1.1/" xmlns:dcterms="http://purl.org/dc/terms/" xmlns:vCard="http://www.w3.org/2001/vcard-rdf/3.0#" xmlns:bqbiol="http://biomodels.net/biology-qualifiers/" xmlns:bqmodel="http://biomodels.net/model-qualifiers/">
            <rdf:Description rdf:about="#COPASI6">
              <bqbiol:isVersionOf>
	<rdf:Bag>
	<rdf:li rdf:resource="http://identifiers.org/uniprot/P25445"/>
	</rdf:Bag>
	</bqbiol:isVersionOf>
	
	<bqbiol:occursIn>
	<rdf:Bag>
	<rdf:li rdf:resource="http://identifiers.org/ncit/C14070"/>
	</rdf:Bag>
	</bqbiol:occursIn>
	</rdf:Description>
	
	
	
	
	
	
	
	
          </rdf:RDF>
          <COPASI xmlns="http://www.copasi.org/static/sbml">
            <rdf:RDF xmlns:rdf="http://www.w3.org/1999/02/22-rdf-syntax-ns#" xmlns:CopasiMT="http://www.copasi.org/RDF/MiriamTerms#" xmlns:dcterms="http://purl.org/dc/terms/">
              <rdf:Description rdf:about="#COPASI6">
                <dcterms:created>
                  <rdf:Description>
                    <dcterms:W3CDTF>2017-09-08T09:20:43Z</dcterms:W3CDTF>
                  </rdf:Description>
                </dcterms:created>
                <CopasiMT:isVersionOf rdf:resource="urn:miriam:uniprot:P25445"/>
                <CopasiMT:occursIn rdf:resource="urn:miriam:ncit:C14070"/>
              </rdf:Description>
            </rdf:RDF>
          </COPASI>
        </annotation>
            </species>
      <species boundaryCondition="false" compartment="compartment" constant="false" id="m" initialConcentration="500.000000000001" metaid="COPASI7" name="Tumour cells (m)">
        <annotation>
          <rdf:RDF xmlns:rdf="http://www.w3.org/1999/02/22-rdf-syntax-ns#" xmlns:dc="http://purl.org/dc/elements/1.1/" xmlns:dcterms="http://purl.org/dc/terms/" xmlns:vCard="http://www.w3.org/2001/vcard-rdf/3.0#" xmlns:bqbiol="http://biomodels.net/biology-qualifiers/" xmlns:bqmodel="http://biomodels.net/model-qualifiers/">
            <rdf:Description rdf:about="#COPASI7">
	<bqbiol:isVersionOf>
	<rdf:Bag>
	<rdf:li rdf:resource="http://identifiers.org/ncit/C12922"/>
	</rdf:Bag>
	</bqbiol:isVersionOf>
	</rdf:Description>
	
	
	
	
	
	
	
	
          </rdf:RDF>
          <COPASI xmlns="http://www.copasi.org/static/sbml">
            <rdf:RDF xmlns:rdf="http://www.w3.org/1999/02/22-rdf-syntax-ns#" xmlns:CopasiMT="http://www.copasi.org/RDF/MiriamTerms#" xmlns:dcterms="http://purl.org/dc/terms/">
              <rdf:Description rdf:about="#COPASI7">
                <dcterms:created>
                  <rdf:Description>
                    <dcterms:W3CDTF>2017-09-08T09:21:52Z</dcterms:W3CDTF>
                  </rdf:Description>
                </dcterms:created>
                <CopasiMT:isVersionOf rdf:resource="urn:miriam:ncit:C12922"/>
              </rdf:Description>
            </rdf:RDF>
          </COPASI>
        </annotation>
            </species>
      <species boundaryCondition="false" compartment="Tumour_cell" constant="false" id="Lm" initialConcentration="1000" metaid="COPASI8" name="mFasL (Lm)">
        <annotation>
          <rdf:RDF xmlns:rdf="http://www.w3.org/1999/02/22-rdf-syntax-ns#" xmlns:dc="http://purl.org/dc/elements/1.1/" xmlns:dcterms="http://purl.org/dc/terms/" xmlns:vCard="http://www.w3.org/2001/vcard-rdf/3.0#" xmlns:bqbiol="http://biomodels.net/biology-qualifiers/" xmlns:bqmodel="http://biomodels.net/model-qualifiers/">
            <rdf:Description rdf:about="#COPASI8">
              <bqbiol:isVersionOf>
	<rdf:Bag>
	<rdf:li rdf:resource="http://identifiers.org/chebi/CHEBI:17089"/>
	</rdf:Bag>
	</bqbiol:isVersionOf>
	<bqbiol:occursIn>
	<rdf:Bag>
	<rdf:li rdf:resource="http://identifiers.org/ncit/C14070"/>
	</rdf:Bag>
	</bqbiol:occursIn>
	
	<bqbiol:isVersionOf>
	<rdf:Bag>
	<rdf:li rdf:resource="http://identifiers.org/uniprot/P48023"/>
	</rdf:Bag>
	</bqbiol:isVersionOf>
	</rdf:Description>
	
	
	
	
	
	
	
	
          </rdf:RDF>
          <COPASI xmlns="http://www.copasi.org/static/sbml">
            <rdf:RDF xmlns:rdf="http://www.w3.org/1999/02/22-rdf-syntax-ns#" xmlns:CopasiMT="http://www.copasi.org/RDF/MiriamTerms#" xmlns:dcterms="http://purl.org/dc/terms/">
              <rdf:Description rdf:about="#COPASI8">
                <dcterms:created>
                  <rdf:Description>
                    <dcterms:W3CDTF>2017-09-08T09:20:06Z</dcterms:W3CDTF>
                  </rdf:Description>
                </dcterms:created>
                <CopasiMT:isVersionOf rdf:resource="urn:miriam:chebi:CHEBI:17089"/>
                <CopasiMT:isVersionOf rdf:resource="urn:miriam:uniprot:P48023"/>
                <CopasiMT:occursIn rdf:resource="urn:miriam:ncit:C14070"/>
              </rdf:Description>
            </rdf:RDF>
          </COPASI>
        </annotation>
            </species>
      <species boundaryCondition="false" compartment="Tumour_cell" constant="false" id="Rm" initialConcentration="1000" metaid="COPASI9" name="FasR (Rm)">
        <annotation>
          <rdf:RDF xmlns:rdf="http://www.w3.org/1999/02/22-rdf-syntax-ns#" xmlns:dc="http://purl.org/dc/elements/1.1/" xmlns:dcterms="http://purl.org/dc/terms/" xmlns:vCard="http://www.w3.org/2001/vcard-rdf/3.0#" xmlns:bqbiol="http://biomodels.net/biology-qualifiers/" xmlns:bqmodel="http://biomodels.net/model-qualifiers/">
            <rdf:Description rdf:about="#COPASI9">
              <bqbiol:isVersionOf>
	<rdf:Bag>
	<rdf:li rdf:resource="http://identifiers.org/uniprot/P25445"/>
	</rdf:Bag>
	</bqbiol:isVersionOf>
	
	<bqbiol:occursIn>
	<rdf:Bag>
	<rdf:li rdf:resource="http://identifiers.org/ncit/C14070"/>
	</rdf:Bag>
	</bqbiol:occursIn>
	</rdf:Description>
	
	
	
	
	
	
	
	
          </rdf:RDF>
          <COPASI xmlns="http://www.copasi.org/static/sbml">
            <rdf:RDF xmlns:rdf="http://www.w3.org/1999/02/22-rdf-syntax-ns#" xmlns:CopasiMT="http://www.copasi.org/RDF/MiriamTerms#" xmlns:dcterms="http://purl.org/dc/terms/">
              <rdf:Description rdf:about="#COPASI9">
                <dcterms:created>
                  <rdf:Description>
                    <dcterms:W3CDTF>2017-09-08T09:20:52Z</dcterms:W3CDTF>
                  </rdf:Description>
                </dcterms:created>
                <CopasiMT:isVersionOf rdf:resource="urn:miriam:uniprot:P25445"/>
                <CopasiMT:occursIn rdf:resource="urn:miriam:ncit:C14070"/>
              </rdf:Description>
            </rdf:RDF>
          </COPASI>
        </annotation>
            </species>
      <species boundaryCondition="false" compartment="compartment" constant="false" id="SL" initialConcentration="0" metaid="COPASI10" name="sFasL (SL)">
        <annotation>
          <rdf:RDF xmlns:rdf="http://www.w3.org/1999/02/22-rdf-syntax-ns#" xmlns:dc="http://purl.org/dc/elements/1.1/" xmlns:dcterms="http://purl.org/dc/terms/" xmlns:vCard="http://www.w3.org/2001/vcard-rdf/3.0#" xmlns:bqbiol="http://biomodels.net/biology-qualifiers/" xmlns:bqmodel="http://biomodels.net/model-qualifiers/">
            <rdf:Description rdf:about="#COPASI10">
	<bqbiol:isVersionOf>
	<rdf:Bag>
	<rdf:li rdf:resource="http://identifiers.org/pr/PR:000000547"/>
	</rdf:Bag>
	</bqbiol:isVersionOf>
	</rdf:Description>
	
	
	
	
	
	
	
	
          </rdf:RDF>
          <COPASI xmlns="http://www.copasi.org/static/sbml">
            <rdf:RDF xmlns:rdf="http://www.w3.org/1999/02/22-rdf-syntax-ns#" xmlns:CopasiMT="http://www.copasi.org/RDF/MiriamTerms#" xmlns:dcterms="http://purl.org/dc/terms/">
              <rdf:Description rdf:about="#COPASI10">
                <dcterms:created>
                  <rdf:Description>
                    <dcterms:W3CDTF>2017-09-08T09:21:20Z</dcterms:W3CDTF>
                  </rdf:Description>
                </dcterms:created>
                <CopasiMT:isVersionOf rdf:resource="urn:miriam:pr:PR:000000547"/>
              </rdf:Description>
            </rdf:RDF>
          </COPASI>
        </annotation>
            </species>
    </listOfSpecies>
    <listOfParameters>
      <parameter constant="true" id="k1" metaid="COPASI11" name="k1" value="8.38E-10">
        <notes>
          <body xmlns="http://www.w3.org/1999/xhtml">
            <pre>Parameter value obtained from:  J.A. Janeway, P. Travers, Immunology: the Immune System in Health and Disease, Current Biology, London,
1996.</pre>
          </body>
        </notes>
        <annotation>
          <COPASI xmlns="http://www.copasi.org/static/sbml">
            <rdf:RDF xmlns:rdf="http://www.w3.org/1999/02/22-rdf-syntax-ns#" xmlns:dcterms="http://purl.org/dc/terms/">
              <rdf:Description rdf:about="#COPASI11">
                <dcterms:created>
                  <rdf:Description>
                    <dcterms:W3CDTF>2017-09-07T17:39:34Z</dcterms:W3CDTF>
                  </rdf:Description>
                </dcterms:created>
              </rdf:Description>
            </rdf:RDF>
          </COPASI>
        </annotation>
            </parameter>
      <parameter constant="true" id="k2" metaid="COPASI12" name="k2" value="0.006">
        <annotation>
          <rdf:RDF xmlns:rdf="http://www.w3.org/1999/02/22-rdf-syntax-ns#" xmlns:dc="http://purl.org/dc/elements/1.1/" xmlns:dcterms="http://purl.org/dc/terms/" xmlns:vCard="http://www.w3.org/2001/vcard-rdf/3.0#" xmlns:bqbiol="http://biomodels.net/biology-qualifiers/" xmlns:bqmodel="http://biomodels.net/model-qualifiers/">
            <rdf:Description rdf:about="#COPASI12">
	<bqbiol:isDescribedBy>
	<rdf:Bag>
	<rdf:li rdf:resource="http://identifiers.org/pubmed/9257817"/>
	</rdf:Bag>
	</bqbiol:isDescribedBy>
	</rdf:Description>
	
	
	
	
	
	
	
	
          </rdf:RDF>
          <COPASI xmlns="http://www.copasi.org/static/sbml">
            <rdf:RDF xmlns:rdf="http://www.w3.org/1999/02/22-rdf-syntax-ns#" xmlns:CopasiMT="http://www.copasi.org/RDF/MiriamTerms#" xmlns:dcterms="http://purl.org/dc/terms/">
              <rdf:Description rdf:about="#COPASI12">
                <dcterms:bibliographicCitation>
                  <rdf:Description>
                    <CopasiMT:isDescribedBy rdf:resource="urn:miriam:pubmed:9257817"/>
                  </rdf:Description>
                </dcterms:bibliographicCitation>
                <dcterms:created>
                  <rdf:Description>
                    <dcterms:W3CDTF>2018-01-17T13:04:49Z</dcterms:W3CDTF>
                  </rdf:Description>
                </dcterms:created>
              </rdf:Description>
            </rdf:RDF>
          </COPASI>
        </annotation>
            </parameter>
      <parameter constant="true" id="k3" metaid="COPASI13" name="k3" value="5.9413">
        <annotation>
          <COPASI xmlns="http://www.copasi.org/static/sbml">
            <rdf:RDF xmlns:rdf="http://www.w3.org/1999/02/22-rdf-syntax-ns#" xmlns:dcterms="http://purl.org/dc/terms/">
              <rdf:Description rdf:about="#COPASI13">
                <dcterms:created>
                  <rdf:Description>
                    <dcterms:W3CDTF>2018-01-16T11:55:08Z</dcterms:W3CDTF>
                  </rdf:Description>
                </dcterms:created>
              </rdf:Description>
            </rdf:RDF>
          </COPASI>
        </annotation>
            </parameter>
      <parameter constant="true" id="k4" metaid="COPASI14" name="k4" value="0.35">
        <annotation>
          <COPASI xmlns="http://www.copasi.org/static/sbml">
            <rdf:RDF xmlns:rdf="http://www.w3.org/1999/02/22-rdf-syntax-ns#" xmlns:dcterms="http://purl.org/dc/terms/">
              <rdf:Description rdf:about="#COPASI14">
                <dcterms:created>
                  <rdf:Description>
                    <dcterms:W3CDTF>2018-01-17T14:06:41Z</dcterms:W3CDTF>
                  </rdf:Description>
                </dcterms:created>
              </rdf:Description>
            </rdf:RDF>
          </COPASI>
        </annotation>
            </parameter>
      <parameter constant="true" id="k5" metaid="COPASI15" name="k5" value="2.52E-9">
        <notes>
          <body xmlns="http://www.w3.org/1999/xhtml">
            <pre>Parameter value obtained from:  J.A. Janeway, P. Travers, Immunology: the Immune System in Health and Disease, Current Biology, London,
1996.</pre>
          </body>
        </notes>
        <annotation>
          <COPASI xmlns="http://www.copasi.org/static/sbml">
            <rdf:RDF xmlns:rdf="http://www.w3.org/1999/02/22-rdf-syntax-ns#" xmlns:dcterms="http://purl.org/dc/terms/">
              <rdf:Description rdf:about="#COPASI15">
                <dcterms:created>
                  <rdf:Description>
                    <dcterms:W3CDTF>2018-01-17T14:06:42Z</dcterms:W3CDTF>
                  </rdf:Description>
                </dcterms:created>
              </rdf:Description>
            </rdf:RDF>
          </COPASI>
        </annotation>
            </parameter>
      <parameter constant="true" id="k6" metaid="COPASI16" name="k6" value="2244">
        <annotation>
          <rdf:RDF xmlns:rdf="http://www.w3.org/1999/02/22-rdf-syntax-ns#" xmlns:dc="http://purl.org/dc/elements/1.1/" xmlns:dcterms="http://purl.org/dc/terms/" xmlns:vCard="http://www.w3.org/2001/vcard-rdf/3.0#" xmlns:bqbiol="http://biomodels.net/biology-qualifiers/" xmlns:bqmodel="http://biomodels.net/model-qualifiers/">
            <rdf:Description rdf:about="#COPASI16">
	<bqbiol:isDescribedBy>
	<rdf:Bag>
	<rdf:li rdf:resource="http://identifiers.org/pubmed/7505205"/>
	</rdf:Bag>
	</bqbiol:isDescribedBy>
	</rdf:Description>
	
	
	
	
	
	
	
	
          </rdf:RDF>
          <COPASI xmlns="http://www.copasi.org/static/sbml">
            <rdf:RDF xmlns:rdf="http://www.w3.org/1999/02/22-rdf-syntax-ns#" xmlns:CopasiMT="http://www.copasi.org/RDF/MiriamTerms#" xmlns:dcterms="http://purl.org/dc/terms/">
              <rdf:Description rdf:about="#COPASI16">
                <dcterms:bibliographicCitation>
                  <rdf:Description>
                    <CopasiMT:isDescribedBy rdf:resource="urn:miriam:pubmed:7505205"/>
                  </rdf:Description>
                </dcterms:bibliographicCitation>
                <dcterms:created>
                  <rdf:Description>
                    <dcterms:W3CDTF>2018-01-17T12:56:00Z</dcterms:W3CDTF>
                  </rdf:Description>
                </dcterms:created>
              </rdf:Description>
            </rdf:RDF>
          </COPASI>
        </annotation>
            </parameter>
      <parameter constant="true" id="k7" metaid="COPASI17" name="k7" value="0.35">
        <annotation>
          <rdf:RDF xmlns:rdf="http://www.w3.org/1999/02/22-rdf-syntax-ns#" xmlns:dc="http://purl.org/dc/elements/1.1/" xmlns:dcterms="http://purl.org/dc/terms/" xmlns:vCard="http://www.w3.org/2001/vcard-rdf/3.0#" xmlns:bqbiol="http://biomodels.net/biology-qualifiers/" xmlns:bqmodel="http://biomodels.net/model-qualifiers/">
            <rdf:Description rdf:about="#COPASI17">
	<bqbiol:isDescribedBy>
	<rdf:Bag>
	<rdf:li rdf:resource="http://identifiers.org/pubmed/1372394"/>
	</rdf:Bag>
	</bqbiol:isDescribedBy>
	</rdf:Description>
	
	
	
	
	
	
	
	
          </rdf:RDF>
          <COPASI xmlns="http://www.copasi.org/static/sbml">
            <rdf:RDF xmlns:rdf="http://www.w3.org/1999/02/22-rdf-syntax-ns#" xmlns:CopasiMT="http://www.copasi.org/RDF/MiriamTerms#" xmlns:dcterms="http://purl.org/dc/terms/">
              <rdf:Description rdf:about="#COPASI17">
                <dcterms:bibliographicCitation>
                  <rdf:Description>
                    <CopasiMT:isDescribedBy rdf:resource="urn:miriam:pubmed:1372394"/>
                  </rdf:Description>
                </dcterms:bibliographicCitation>
                <dcterms:created>
                  <rdf:Description>
                    <dcterms:W3CDTF>2018-01-17T13:09:05Z</dcterms:W3CDTF>
                  </rdf:Description>
                </dcterms:created>
              </rdf:Description>
            </rdf:RDF>
          </COPASI>
        </annotation>
            </parameter>
      <parameter constant="true" id="k8" metaid="COPASI18" name="k8" value="1.92E10">
        <annotation>
          <rdf:RDF xmlns:rdf="http://www.w3.org/1999/02/22-rdf-syntax-ns#" xmlns:dc="http://purl.org/dc/elements/1.1/" xmlns:dcterms="http://purl.org/dc/terms/" xmlns:vCard="http://www.w3.org/2001/vcard-rdf/3.0#" xmlns:bqbiol="http://biomodels.net/biology-qualifiers/" xmlns:bqmodel="http://biomodels.net/model-qualifiers/">
            <rdf:Description rdf:about="#COPASI18">
	<bqbiol:isDescribedBy>
	<rdf:Bag>
	<rdf:li rdf:resource="http://identifiers.org/pubmed/7505205"/>
	</rdf:Bag>
	</bqbiol:isDescribedBy>
	</rdf:Description>
	
	
	
	
	
	
	
	
          </rdf:RDF>
          <COPASI xmlns="http://www.copasi.org/static/sbml">
            <rdf:RDF xmlns:rdf="http://www.w3.org/1999/02/22-rdf-syntax-ns#" xmlns:CopasiMT="http://www.copasi.org/RDF/MiriamTerms#" xmlns:dcterms="http://purl.org/dc/terms/">
              <rdf:Description rdf:about="#COPASI18">
                <dcterms:bibliographicCitation>
                  <rdf:Description>
                    <CopasiMT:isDescribedBy rdf:resource="urn:miriam:pubmed:7505205"/>
                  </rdf:Description>
                </dcterms:bibliographicCitation>
                <dcterms:created>
                  <rdf:Description>
                    <dcterms:W3CDTF>2018-01-17T12:48:14Z</dcterms:W3CDTF>
                  </rdf:Description>
                </dcterms:created>
              </rdf:Description>
            </rdf:RDF>
          </COPASI>
        </annotation>
            </parameter>
      <parameter constant="true" id="k9" metaid="COPASI19" name="k9" value="8.73E9">
        <annotation>
          <rdf:RDF xmlns:rdf="http://www.w3.org/1999/02/22-rdf-syntax-ns#" xmlns:dc="http://purl.org/dc/elements/1.1/" xmlns:dcterms="http://purl.org/dc/terms/" xmlns:vCard="http://www.w3.org/2001/vcard-rdf/3.0#" xmlns:bqbiol="http://biomodels.net/biology-qualifiers/" xmlns:bqmodel="http://biomodels.net/model-qualifiers/">
            <rdf:Description rdf:about="#COPASI19">
	<bqbiol:isDescribedBy>
	<rdf:Bag>
	<rdf:li rdf:resource="http://identifiers.org/pubmed/7505205"/>
	</rdf:Bag>
	</bqbiol:isDescribedBy>
	</rdf:Description>
	
	
	
	
	
	
	
	
          </rdf:RDF>
          <COPASI xmlns="http://www.copasi.org/static/sbml">
            <rdf:RDF xmlns:rdf="http://www.w3.org/1999/02/22-rdf-syntax-ns#" xmlns:CopasiMT="http://www.copasi.org/RDF/MiriamTerms#" xmlns:dcterms="http://purl.org/dc/terms/">
              <rdf:Description rdf:about="#COPASI19">
                <dcterms:bibliographicCitation>
                  <rdf:Description>
                    <CopasiMT:isDescribedBy rdf:resource="urn:miriam:pubmed:7505205"/>
                  </rdf:Description>
                </dcterms:bibliographicCitation>
                <dcterms:created>
                  <rdf:Description>
                    <dcterms:W3CDTF>2018-01-17T13:08:56Z</dcterms:W3CDTF>
                  </rdf:Description>
                </dcterms:created>
              </rdf:Description>
            </rdf:RDF>
          </COPASI>
        </annotation>
            </parameter>
      <parameter constant="true" id="k10" metaid="_2c0b0194-ba4d-4928-9a47-922895a82c15" name="k10" value="3110"/>
      <parameter constant="true" id="k11" metaid="COPASI20" name="k11" value="13.9">
        <annotation>
          <rdf:RDF xmlns:rdf="http://www.w3.org/1999/02/22-rdf-syntax-ns#" xmlns:dc="http://purl.org/dc/elements/1.1/" xmlns:dcterms="http://purl.org/dc/terms/" xmlns:vCard="http://www.w3.org/2001/vcard-rdf/3.0#" xmlns:bqbiol="http://biomodels.net/biology-qualifiers/" xmlns:bqmodel="http://biomodels.net/model-qualifiers/">
            <rdf:Description rdf:about="#COPASI20">
	<bqbiol:isDescribedBy>
	<rdf:Bag>
	<rdf:li rdf:resource="http://identifiers.org/isbn/0195064666"/>
	</rdf:Bag>
	</bqbiol:isDescribedBy>
	</rdf:Description>
	
	
	
	
	
	
	
	
          </rdf:RDF>
          <COPASI xmlns="http://www.copasi.org/static/sbml">
            <rdf:RDF xmlns:rdf="http://www.w3.org/1999/02/22-rdf-syntax-ns#" xmlns:CopasiMT="http://www.copasi.org/RDF/MiriamTerms#" xmlns:dcterms="http://purl.org/dc/terms/">
              <rdf:Description rdf:about="#COPASI20">
                <dcterms:bibliographicCitation>
                  <rdf:Description>
                    <CopasiMT:isDescribedBy rdf:resource="urn:miriam:isbn:0195064666"/>
                  </rdf:Description>
                </dcterms:bibliographicCitation>
                <dcterms:created>
                  <rdf:Description>
                    <dcterms:W3CDTF>2018-01-17T13:04:46Z</dcterms:W3CDTF>
                  </rdf:Description>
                </dcterms:created>
              </rdf:Description>
            </rdf:RDF>
          </COPASI>
        </annotation>
            </parameter>
    </listOfParameters>
    <listOfReactions>
      <reaction id="T_cell_degradation" metaid="COPASI21" name="T-cell degradation" reversible="false">
        <notes>
          <body xmlns="http://www.w3.org/1999/xhtml">
            <pre>1	is version of		http://purl.obolibrary.org/obo/IDOMAL_0000393</pre>
          </body>
        </notes>
        <annotation>
          <rdf:RDF xmlns:rdf="http://www.w3.org/1999/02/22-rdf-syntax-ns#" xmlns:dc="http://purl.org/dc/elements/1.1/" xmlns:dcterms="http://purl.org/dc/terms/" xmlns:vCard="http://www.w3.org/2001/vcard-rdf/3.0#" xmlns:bqbiol="http://biomodels.net/biology-qualifiers/" xmlns:bqmodel="http://biomodels.net/model-qualifiers/">
            <rdf:Description rdf:about="#COPASI21">
	<bqbiol:isVersionOf>
	<rdf:Bag>
	<rdf:li rdf:resource="http://identifiers.org/ncit/C17557"/>
	</rdf:Bag>
	</bqbiol:isVersionOf>
	</rdf:Description>
	
	
	
	
	
	
	
	
          </rdf:RDF>
          <COPASI xmlns="http://www.copasi.org/static/sbml">
            <rdf:RDF xmlns:rdf="http://www.w3.org/1999/02/22-rdf-syntax-ns#" xmlns:CopasiMT="http://www.copasi.org/RDF/MiriamTerms#" xmlns:dcterms="http://purl.org/dc/terms/">
              <rdf:Description rdf:about="#COPASI21">
                <dcterms:created>
                  <rdf:Description>
                    <dcterms:W3CDTF>2017-09-07T17:48:06Z</dcterms:W3CDTF>
                  </rdf:Description>
                </dcterms:created>
                <CopasiMT:isVersionOf rdf:resource="urn:miriam:ncit:C17557"/>
              </rdf:Description>
            </rdf:RDF>
          </COPASI>
        </annotation>
              <listOfReactants>
          <speciesReference metaid="_51b7aabb-0efe-4222-9637-249862ea6a54" species="T" stoichiometry="1"/>
        </listOfReactants>
        <listOfModifiers>
          <modifierSpeciesReference metaid="_97411ab8-e149-4b9f-9c4a-b46f2efa4e08" species="m"/>
          <modifierSpeciesReference metaid="_80e847b4-9e83-4e80-b020-d28ffd01308e" species="Lm"/>
          <modifierSpeciesReference metaid="_897f534b-361c-4917-b5d8-ac33723e7eeb" species="RT"/>
        </listOfModifiers>
        <kineticLaw metaid="_1912c143-b71e-4abd-81a1-8416aa876707">
          <math xmlns="http://www.w3.org/1998/Math/MathML">          
            <apply>
              <ci> Function_for_T_cell_degradation </ci>
              <ci> k1 </ci>
              <ci> m </ci>
              <ci> T </ci>
              <ci> Lm </ci>
              <ci> RT </ci>
            </apply>
          </math>
                </kineticLaw>
      </reaction>
      <reaction id="Tumour_cell_degradation" metaid="COPASI22" name="Tumour cell degradation" reversible="false">
        <annotation>
          <rdf:RDF xmlns:rdf="http://www.w3.org/1999/02/22-rdf-syntax-ns#" xmlns:dc="http://purl.org/dc/elements/1.1/" xmlns:dcterms="http://purl.org/dc/terms/" xmlns:vCard="http://www.w3.org/2001/vcard-rdf/3.0#" xmlns:bqbiol="http://biomodels.net/biology-qualifiers/" xmlns:bqmodel="http://biomodels.net/model-qualifiers/">
            <rdf:Description rdf:about="#COPASI22">
	<bqbiol:isVersionOf>
	<rdf:Bag>
	<rdf:li rdf:resource="http://identifiers.org/ncit/C17557"/>
	</rdf:Bag>
	</bqbiol:isVersionOf>
	</rdf:Description>
	
	
	
	
	
	
	
	
          </rdf:RDF>
          <COPASI xmlns="http://www.copasi.org/static/sbml">
            <rdf:RDF xmlns:rdf="http://www.w3.org/1999/02/22-rdf-syntax-ns#" xmlns:CopasiMT="http://www.copasi.org/RDF/MiriamTerms#" xmlns:dcterms="http://purl.org/dc/terms/">
              <rdf:Description rdf:about="#COPASI22">
                <dcterms:created>
                  <rdf:Description>
                    <dcterms:W3CDTF>2017-09-08T08:38:03Z</dcterms:W3CDTF>
                  </rdf:Description>
                </dcterms:created>
                <CopasiMT:isVersionOf rdf:resource="urn:miriam:ncit:C17557"/>
              </rdf:Description>
            </rdf:RDF>
          </COPASI>
        </annotation>
              <listOfReactants>
          <speciesReference metaid="e774ca12-f827-42f5-9fb6-58d760141a71" species="m" stoichiometry="1"/>
        </listOfReactants>
        <listOfModifiers>
          <modifierSpeciesReference metaid="_417838b7-13fe-4237-8507-2dd23a91bc55" species="T"/>
          <modifierSpeciesReference metaid="_570787a5-ecfc-40db-96d1-1e9b68cb48ae" species="LT"/>
          <modifierSpeciesReference metaid="_8521af12-7c88-4850-997c-7d5ea1bde909" species="Rm"/>
        </listOfModifiers>
        <kineticLaw metaid="_358cd121-bb64-4b0b-8ea7-cb5d8a585cd3">
          <math xmlns="http://www.w3.org/1998/Math/MathML">          
            <apply>
              <ci> Function_for_tumour_cell_degradation </ci>
              <ci> k1 </ci>
              <ci> m </ci>
              <ci> T </ci>
              <ci> LT </ci>
              <ci> Rm </ci>
            </apply>
          </math>
                </kineticLaw>
      </reaction>
      <reaction id="SL_degradation" metaid="COPASI23" name="SL degradation" reversible="false">
        <annotation>
          <rdf:RDF xmlns:rdf="http://www.w3.org/1999/02/22-rdf-syntax-ns#" xmlns:dc="http://purl.org/dc/elements/1.1/" xmlns:dcterms="http://purl.org/dc/terms/" xmlns:vCard="http://www.w3.org/2001/vcard-rdf/3.0#" xmlns:bqbiol="http://biomodels.net/biology-qualifiers/" xmlns:bqmodel="http://biomodels.net/model-qualifiers/">
            <rdf:Description rdf:about="#COPASI23">
	<bqbiol:isVersionOf>
	<rdf:Bag>
	<rdf:li rdf:resource="urn:miriam:sbo:SBO%3A0000179"/>
	</rdf:Bag>
	</bqbiol:isVersionOf>
	</rdf:Description>
	
	
	
	
	
	
	
	
          </rdf:RDF>
          <COPASI xmlns="http://www.copasi.org/static/sbml">
            <rdf:RDF xmlns:rdf="http://www.w3.org/1999/02/22-rdf-syntax-ns#" xmlns:CopasiMT="http://www.copasi.org/RDF/MiriamTerms#" xmlns:dcterms="http://purl.org/dc/terms/">
              <rdf:Description rdf:about="#COPASI23">
                <dcterms:created>
                  <rdf:Description>
                    <dcterms:W3CDTF>2017-09-08T08:40:19Z</dcterms:W3CDTF>
                  </rdf:Description>
                </dcterms:created>
                <CopasiMT:isVersionOf rdf:resource="urn:miriam:sbo:SBO:0000179"/>
              </rdf:Description>
            </rdf:RDF>
          </COPASI>
        </annotation>
              <listOfReactants>
          <speciesReference metaid="_807f5f95-c897-4afb-828a-1b6f3cee5050" species="SL" stoichiometry="1"/>
        </listOfReactants>
        <kineticLaw metaid="_35616c17-8ce9-4134-b20e-fe93adb8c2d7">
          <math xmlns="http://www.w3.org/1998/Math/MathML">          
            <apply>
              <times/>
              <ci> compartment </ci>
              <ci> k11 </ci>
              <ci> SL </ci>
            </apply>
          </math>
                </kineticLaw>
      </reaction>
      <reaction id="Lm_synthesis" metaid="COPASI24" name="Lm synthesis" reversible="false">
        <annotation>
          <rdf:RDF xmlns:rdf="http://www.w3.org/1999/02/22-rdf-syntax-ns#" xmlns:dc="http://purl.org/dc/elements/1.1/" xmlns:dcterms="http://purl.org/dc/terms/" xmlns:vCard="http://www.w3.org/2001/vcard-rdf/3.0#" xmlns:bqbiol="http://biomodels.net/biology-qualifiers/" xmlns:bqmodel="http://biomodels.net/model-qualifiers/">
            <rdf:Description rdf:about="#COPASI24">
	<bqbiol:isVersionOf>
	<rdf:Bag>
	<rdf:li rdf:resource="http://identifiers.org/ncit/C61408"/>
	</rdf:Bag>
	</bqbiol:isVersionOf>
	</rdf:Description>
	
	
	
	
	
	
	
	
          </rdf:RDF>
          <COPASI xmlns="http://www.copasi.org/static/sbml">
            <rdf:RDF xmlns:rdf="http://www.w3.org/1999/02/22-rdf-syntax-ns#" xmlns:CopasiMT="http://www.copasi.org/RDF/MiriamTerms#" xmlns:dcterms="http://purl.org/dc/terms/">
              <rdf:Description rdf:about="#COPASI24">
                <dcterms:created>
                  <rdf:Description>
                    <dcterms:W3CDTF>2017-09-08T08:41:15Z</dcterms:W3CDTF>
                  </rdf:Description>
                </dcterms:created>
                <CopasiMT:isVersionOf rdf:resource="urn:miriam:ncit:C61408"/>
              </rdf:Description>
            </rdf:RDF>
          </COPASI>
        </annotation>
              <listOfProducts>
          <speciesReference metaid="_0c174e4c-0c15-4488-bcc3-b3103c1d0e0b" species="Lm" stoichiometry="1"/>
        </listOfProducts>
        <kineticLaw metaid="_3d2dcbf7-780b-4f6a-aff1-0f6e9e4c1502">
          <math xmlns="http://www.w3.org/1998/Math/MathML">          
            <apply>
              <times/>
              <ci> Tumour_cell </ci>
              <apply>
                <ci> Constant_flux__irreversible </ci>
                <ci> k10 </ci>
              </apply>
            </apply>
          </math>
                </kineticLaw>
      </reaction>
      <reaction id="RT_synthesis" metaid="COPASI25" name="RT synthesis" reversible="false">
        <annotation>
          <rdf:RDF xmlns:rdf="http://www.w3.org/1999/02/22-rdf-syntax-ns#" xmlns:dc="http://purl.org/dc/elements/1.1/" xmlns:dcterms="http://purl.org/dc/terms/" xmlns:vCard="http://www.w3.org/2001/vcard-rdf/3.0#" xmlns:bqbiol="http://biomodels.net/biology-qualifiers/" xmlns:bqmodel="http://biomodels.net/model-qualifiers/">
            <rdf:Description rdf:about="#COPASI25">
	<bqbiol:isVersionOf>
	<rdf:Bag>
	<rdf:li rdf:resource="http://identifiers.org/go/GO:0032800"/>
	</rdf:Bag>
	</bqbiol:isVersionOf>
	</rdf:Description>
	
	
	
	
	
	
	
	
          </rdf:RDF>
          <COPASI xmlns="http://www.copasi.org/static/sbml">
            <rdf:RDF xmlns:rdf="http://www.w3.org/1999/02/22-rdf-syntax-ns#" xmlns:CopasiMT="http://www.copasi.org/RDF/MiriamTerms#" xmlns:dcterms="http://purl.org/dc/terms/">
              <rdf:Description rdf:about="#COPASI25">
                <dcterms:created>
                  <rdf:Description>
                    <dcterms:W3CDTF>2017-09-08T08:42:21Z</dcterms:W3CDTF>
                  </rdf:Description>
                </dcterms:created>
                <CopasiMT:isVersionOf rdf:resource="urn:miriam:go:GO:0032800"/>
              </rdf:Description>
            </rdf:RDF>
          </COPASI>
        </annotation>
              <listOfProducts>
          <speciesReference metaid="_75c7f9a0-f905-4648-8c66-9a0f16a17a8a" species="RT" stoichiometry="1"/>
        </listOfProducts>
        <kineticLaw metaid="e2b0a4de-b12a-4101-b5e0-7ad9fd45831b">
          <math xmlns="http://www.w3.org/1998/Math/MathML">          
            <apply>
              <times/>
              <ci> T_Lymphocyte_cell </ci>
              <apply>
                <ci> Constant_flux__irreversible </ci>
                <ci> k6 </ci>
              </apply>
            </apply>
          </math>
                </kineticLaw>
      </reaction>
      <reaction id="Rm_synthesis" metaid="COPASI26" name="Rm synthesis" reversible="false">
        <annotation>
          <rdf:RDF xmlns:rdf="http://www.w3.org/1999/02/22-rdf-syntax-ns#" xmlns:dc="http://purl.org/dc/elements/1.1/" xmlns:dcterms="http://purl.org/dc/terms/" xmlns:vCard="http://www.w3.org/2001/vcard-rdf/3.0#" xmlns:bqbiol="http://biomodels.net/biology-qualifiers/" xmlns:bqmodel="http://biomodels.net/model-qualifiers/">
            <rdf:Description rdf:about="#COPASI26">
	<bqbiol:isVersionOf>
	<rdf:Bag>
	<rdf:li rdf:resource="http://identifiers.org/go/GO:0032800"/>
	</rdf:Bag>
	</bqbiol:isVersionOf>
	</rdf:Description>
	
	
	
	
	
	
	
	
          </rdf:RDF>
          <COPASI xmlns="http://www.copasi.org/static/sbml">
            <rdf:RDF xmlns:rdf="http://www.w3.org/1999/02/22-rdf-syntax-ns#" xmlns:CopasiMT="http://www.copasi.org/RDF/MiriamTerms#" xmlns:dcterms="http://purl.org/dc/terms/">
              <rdf:Description rdf:about="#COPASI26">
                <dcterms:created>
                  <rdf:Description>
                    <dcterms:W3CDTF>2017-09-08T08:43:14Z</dcterms:W3CDTF>
                  </rdf:Description>
                </dcterms:created>
                <CopasiMT:isVersionOf rdf:resource="urn:miriam:go:GO:0032800"/>
              </rdf:Description>
            </rdf:RDF>
          </COPASI>
        </annotation>
              <listOfProducts>
          <speciesReference metaid="_8bbd4c28-b14a-4a67-a3ff-f97bc83deb02" species="Rm" stoichiometry="1"/>
        </listOfProducts>
        <kineticLaw metaid="_437e595c-7c6f-4a0a-8632-73b494875a7b">
          <math xmlns="http://www.w3.org/1998/Math/MathML">          
            <apply>
              <times/>
              <ci> Tumour_cell </ci>
              <apply>
                <ci> Constant_flux__irreversible </ci>
                <ci> k6 </ci>
              </apply>
            </apply>
          </math>
                </kineticLaw>
      </reaction>
      <reaction id="RT_degradation" metaid="COPASI27" name="RT degradation" reversible="false">
        <annotation>
          <rdf:RDF xmlns:rdf="http://www.w3.org/1999/02/22-rdf-syntax-ns#" xmlns:dc="http://purl.org/dc/elements/1.1/" xmlns:dcterms="http://purl.org/dc/terms/" xmlns:vCard="http://www.w3.org/2001/vcard-rdf/3.0#" xmlns:bqbiol="http://biomodels.net/biology-qualifiers/" xmlns:bqmodel="http://biomodels.net/model-qualifiers/">
            <rdf:Description rdf:about="#COPASI27">
	<bqbiol:isVersionOf>
	<rdf:Bag>
	<rdf:li rdf:resource="urn:miriam:sbo:SBO%3A0000179"/>
	</rdf:Bag>
	</bqbiol:isVersionOf>
	</rdf:Description>
	
	
	
	
	
	
	
	
          </rdf:RDF>
          <COPASI xmlns="http://www.copasi.org/static/sbml">
            <rdf:RDF xmlns:rdf="http://www.w3.org/1999/02/22-rdf-syntax-ns#" xmlns:CopasiMT="http://www.copasi.org/RDF/MiriamTerms#" xmlns:dcterms="http://purl.org/dc/terms/">
              <rdf:Description rdf:about="#COPASI27">
                <dcterms:created>
                  <rdf:Description>
                    <dcterms:W3CDTF>2017-09-08T08:44:18Z</dcterms:W3CDTF>
                  </rdf:Description>
                </dcterms:created>
                <CopasiMT:isVersionOf rdf:resource="urn:miriam:sbo:SBO:0000179"/>
              </rdf:Description>
            </rdf:RDF>
          </COPASI>
        </annotation>
              <listOfReactants>
          <speciesReference metaid="_16fe170e-ce0a-46af-b8c5-9a10b4d4a213" species="RT" stoichiometry="1"/>
        </listOfReactants>
        <kineticLaw metaid="_8f1fb477-6b54-4713-b3b7-65ccf394f508">
          <math xmlns="http://www.w3.org/1998/Math/MathML">          
            <apply>
              <times/>
              <ci> T_Lymphocyte_cell </ci>
              <ci> k7 </ci>
              <ci> RT </ci>
            </apply>
          </math>
                </kineticLaw>
      </reaction>
      <reaction id="Rm_degradation" metaid="COPASI28" name="Rm degradation" reversible="false">
        <annotation>
          <rdf:RDF xmlns:rdf="http://www.w3.org/1999/02/22-rdf-syntax-ns#" xmlns:dc="http://purl.org/dc/elements/1.1/" xmlns:dcterms="http://purl.org/dc/terms/" xmlns:vCard="http://www.w3.org/2001/vcard-rdf/3.0#" xmlns:bqbiol="http://biomodels.net/biology-qualifiers/" xmlns:bqmodel="http://biomodels.net/model-qualifiers/">
            <rdf:Description rdf:about="#COPASI28">
	<bqbiol:isVersionOf>
	<rdf:Bag>
	<rdf:li rdf:resource="urn:miriam:sbo:SBO%3A0000179"/>
	</rdf:Bag>
	</bqbiol:isVersionOf>
	</rdf:Description>
	
	
	
	
	
	
	
	
          </rdf:RDF>
          <COPASI xmlns="http://www.copasi.org/static/sbml">
            <rdf:RDF xmlns:rdf="http://www.w3.org/1999/02/22-rdf-syntax-ns#" xmlns:CopasiMT="http://www.copasi.org/RDF/MiriamTerms#" xmlns:dcterms="http://purl.org/dc/terms/">
              <rdf:Description rdf:about="#COPASI28">
                <dcterms:created>
                  <rdf:Description>
                    <dcterms:W3CDTF>2017-09-08T08:45:05Z</dcterms:W3CDTF>
                  </rdf:Description>
                </dcterms:created>
                <CopasiMT:isVersionOf rdf:resource="urn:miriam:sbo:SBO:0000179"/>
              </rdf:Description>
            </rdf:RDF>
          </COPASI>
        </annotation>
              <listOfReactants>
          <speciesReference metaid="b37d4b0a-d28c-47a1-93d4-35261cbded40" species="Rm" stoichiometry="1"/>
        </listOfReactants>
        <kineticLaw metaid="_733a93c1-21b4-4d13-a9ec-026465565dea">
          <math xmlns="http://www.w3.org/1998/Math/MathML">          
            <apply>
              <times/>
              <ci> Tumour_cell </ci>
              <ci> k7 </ci>
              <ci> Rm </ci>
            </apply>
          </math>
                </kineticLaw>
      </reaction>
      <reaction id="LT_synthesis" metaid="COPASI29" name="LT synthesis" reversible="false">
        <annotation>
          <rdf:RDF xmlns:rdf="http://www.w3.org/1999/02/22-rdf-syntax-ns#" xmlns:dc="http://purl.org/dc/elements/1.1/" xmlns:dcterms="http://purl.org/dc/terms/" xmlns:vCard="http://www.w3.org/2001/vcard-rdf/3.0#" xmlns:bqbiol="http://biomodels.net/biology-qualifiers/" xmlns:bqmodel="http://biomodels.net/model-qualifiers/">
            <rdf:Description rdf:about="#COPASI29">
	<bqbiol:isVersionOf>
	<rdf:Bag>
	<rdf:li rdf:resource="http://identifiers.org/ncit/C61408"/>
	</rdf:Bag>
	</bqbiol:isVersionOf>
	</rdf:Description>
	
	
	
	
	
	
	
	
          </rdf:RDF>
          <COPASI xmlns="http://www.copasi.org/static/sbml">
            <rdf:RDF xmlns:rdf="http://www.w3.org/1999/02/22-rdf-syntax-ns#" xmlns:CopasiMT="http://www.copasi.org/RDF/MiriamTerms#" xmlns:dcterms="http://purl.org/dc/terms/">
              <rdf:Description rdf:about="#COPASI29">
                <dcterms:created>
                  <rdf:Description>
                    <dcterms:W3CDTF>2017-09-08T08:46:13Z</dcterms:W3CDTF>
                  </rdf:Description>
                </dcterms:created>
                <CopasiMT:isVersionOf rdf:resource="urn:miriam:ncit:C61408"/>
              </rdf:Description>
            </rdf:RDF>
          </COPASI>
        </annotation>
              <listOfProducts>
          <speciesReference metaid="_23875d0e-dbba-475d-a144-e5aa0867f7e9" species="LT" stoichiometry="1"/>
        </listOfProducts>
        <listOfModifiers>
          <modifierSpeciesReference metaid="_8a348f5c-fb28-4353-8c43-68647e568158" species="T"/>
          <modifierSpeciesReference metaid="_9667a1d2-1fb0-405a-8444-44a78cff196c" species="m"/>
        </listOfModifiers>
        <kineticLaw metaid="_424d7b91-699d-45ae-a9d9-109b20704e1d">
          <math xmlns="http://www.w3.org/1998/Math/MathML">          
            <apply>
              <times/>
              <ci> compartment </ci>
              <apply>
                <ci> Function_for_LT_synthesis </ci>
                <ci> k2 </ci>
                <ci> T </ci>
                <ci> m </ci>
              </apply>
            </apply>
          </math>
                </kineticLaw>
      </reaction>
      <reaction id="RT_degradation__SL_modifier" metaid="COPASI30" name="RT degradation (SL modifier)" reversible="false">
        <annotation>
          <rdf:RDF xmlns:rdf="http://www.w3.org/1999/02/22-rdf-syntax-ns#" xmlns:dc="http://purl.org/dc/elements/1.1/" xmlns:dcterms="http://purl.org/dc/terms/" xmlns:vCard="http://www.w3.org/2001/vcard-rdf/3.0#" xmlns:bqbiol="http://biomodels.net/biology-qualifiers/" xmlns:bqmodel="http://biomodels.net/model-qualifiers/">
            <rdf:Description rdf:about="#COPASI30">
	<bqbiol:isVersionOf>
	<rdf:Bag>
	<rdf:li rdf:resource="urn:miriam:sbo:SBO%3A0000526"/>
	</rdf:Bag>
	</bqbiol:isVersionOf>
	</rdf:Description>
	
	
	
	
	
	
	
	
          </rdf:RDF>
          <COPASI xmlns="http://www.copasi.org/static/sbml">
            <rdf:RDF xmlns:rdf="http://www.w3.org/1999/02/22-rdf-syntax-ns#" xmlns:CopasiMT="http://www.copasi.org/RDF/MiriamTerms#" xmlns:dcterms="http://purl.org/dc/terms/">
              <rdf:Description rdf:about="#COPASI30">
                <dcterms:created>
                  <rdf:Description>
                    <dcterms:W3CDTF>2017-09-08T08:49:33Z</dcterms:W3CDTF>
                  </rdf:Description>
                </dcterms:created>
                <CopasiMT:isVersionOf rdf:resource="urn:miriam:sbo:SBO:0000526"/>
              </rdf:Description>
            </rdf:RDF>
          </COPASI>
        </annotation>
              <listOfReactants>
          <speciesReference metaid="fc6bdd88-3d16-4daa-abef-80490f602e52" species="RT" stoichiometry="1"/>
        </listOfReactants>
        <listOfModifiers>
          <modifierSpeciesReference metaid="_0e5e9761-baa9-48f2-8dd7-80711ce3687c" species="SL"/>
        </listOfModifiers>
        <kineticLaw metaid="_375b0e44-0610-4679-b496-617791bf4e78">
          <math xmlns="http://www.w3.org/1998/Math/MathML">          
            <apply>
              <ci> Function_for_RT_degradation__SL_modifier </ci>
              <ci> k8 </ci>
              <ci> RT </ci>
              <ci> SL </ci>
            </apply>
          </math>
                </kineticLaw>
      </reaction>
      <reaction id="Rm_degradation__SL_modifier" metaid="COPASI31" name="Rm degradation (SL modifier)" reversible="false">
        <annotation>
          <rdf:RDF xmlns:rdf="http://www.w3.org/1999/02/22-rdf-syntax-ns#" xmlns:dc="http://purl.org/dc/elements/1.1/" xmlns:dcterms="http://purl.org/dc/terms/" xmlns:vCard="http://www.w3.org/2001/vcard-rdf/3.0#" xmlns:bqbiol="http://biomodels.net/biology-qualifiers/" xmlns:bqmodel="http://biomodels.net/model-qualifiers/">
            <rdf:Description rdf:about="#COPASI31">
	<bqbiol:isVersionOf>
	<rdf:Bag>
	<rdf:li rdf:resource="urn:miriam:sbo:SBO%3A0000526"/>
	</rdf:Bag>
	</bqbiol:isVersionOf>
	</rdf:Description>
	
	
	
	
	
	
	
	
          </rdf:RDF>
          <COPASI xmlns="http://www.copasi.org/static/sbml">
            <rdf:RDF xmlns:rdf="http://www.w3.org/1999/02/22-rdf-syntax-ns#" xmlns:CopasiMT="http://www.copasi.org/RDF/MiriamTerms#" xmlns:dcterms="http://purl.org/dc/terms/">
              <rdf:Description rdf:about="#COPASI31">
                <dcterms:created>
                  <rdf:Description>
                    <dcterms:W3CDTF>2017-09-08T08:54:25Z</dcterms:W3CDTF>
                  </rdf:Description>
                </dcterms:created>
                <CopasiMT:isVersionOf rdf:resource="urn:miriam:sbo:SBO:0000526"/>
              </rdf:Description>
            </rdf:RDF>
          </COPASI>
        </annotation>
              <listOfReactants>
          <speciesReference metaid="cce023b4-bfb0-4cf1-80d1-bd2399d3e955" species="Rm" stoichiometry="1"/>
        </listOfReactants>
        <listOfModifiers>
          <modifierSpeciesReference metaid="_7bf13e80-9331-4c2c-85a3-a63f8d807b3f" species="SL"/>
        </listOfModifiers>
        <kineticLaw metaid="_7012fdc9-393a-434d-8034-6161d832ae09">
          <math xmlns="http://www.w3.org/1998/Math/MathML">          
            <apply>
              <ci> Function_for_Rm_degradation__SL_modifier </ci>
              <ci> k8 </ci>
              <ci> Rm </ci>
              <ci> SL </ci>
            </apply>
          </math>
                </kineticLaw>
      </reaction>
      <reaction id="LT_degradation" metaid="COPASI32" name="LT degradation" reversible="false">
        <annotation>
          <rdf:RDF xmlns:rdf="http://www.w3.org/1999/02/22-rdf-syntax-ns#" xmlns:dc="http://purl.org/dc/elements/1.1/" xmlns:dcterms="http://purl.org/dc/terms/" xmlns:vCard="http://www.w3.org/2001/vcard-rdf/3.0#" xmlns:bqbiol="http://biomodels.net/biology-qualifiers/" xmlns:bqmodel="http://biomodels.net/model-qualifiers/">
            <rdf:Description rdf:about="#COPASI32">
              <bqbiol:isVersionOf>
	<rdf:Bag>
	<rdf:li rdf:resource="urn:miriam:sbo:SBO%3A0000178"/>
	</rdf:Bag>
	</bqbiol:isVersionOf>
	<bqbiol:isVersionOf>
	<rdf:Bag>
	<rdf:li rdf:resource="urn:miriam:sbo:SBO%3A0000179"/>
	</rdf:Bag>
	</bqbiol:isVersionOf>
	
	<bqbiol:isPropertyOf>
	<rdf:Bag>
	<rdf:li rdf:resource="http://identifiers.org/ncit/C18164"/>
	</rdf:Bag>
	</bqbiol:isPropertyOf>
	</rdf:Description>
	
	
	
	
	
	
	
	
          </rdf:RDF>
          <COPASI xmlns="http://www.copasi.org/static/sbml">
            <rdf:RDF xmlns:rdf="http://www.w3.org/1999/02/22-rdf-syntax-ns#" xmlns:CopasiMT="http://www.copasi.org/RDF/MiriamTerms#" xmlns:bqbiol="http://biomodels.net/biology-qualifiers/" xmlns:dcterms="http://purl.org/dc/terms/">
              <rdf:Description rdf:about="#COPASI32">
                <bqbiol:isPropertyOf rdf:resource="urn:miriam:ncit:C18164"/>
                <dcterms:created>
                  <rdf:Description>
                    <dcterms:W3CDTF>2017-09-08T08:56:04Z</dcterms:W3CDTF>
                  </rdf:Description>
                </dcterms:created>
                <CopasiMT:isVersionOf rdf:resource="urn:miriam:sbo:SBO:0000178"/>
                <CopasiMT:isVersionOf rdf:resource="urn:miriam:sbo:SBO:0000179"/>
              </rdf:Description>
            </rdf:RDF>
          </COPASI>
        </annotation>
              <listOfReactants>
          <speciesReference metaid="_08e52003-1f33-4a59-8b43-d335dc32ad18" species="LT" stoichiometry="1"/>
        </listOfReactants>
        <kineticLaw metaid="_70201b60-d095-43d6-9378-a576f02d2e3d">
          <math xmlns="http://www.w3.org/1998/Math/MathML">          
            <apply>
              <times/>
              <ci> compartment </ci>
              <apply>
                <ci> Function_for_LT_degradation </ci>
                <ci> k4 </ci>
                <ci> k3 </ci>
                <ci> LT </ci>
              </apply>
            </apply>
          </math>
                </kineticLaw>
      </reaction>
      <reaction id="Lm_degradation" metaid="COPASI33" name="Lm degradation" reversible="false">
        <annotation>
          <rdf:RDF xmlns:rdf="http://www.w3.org/1999/02/22-rdf-syntax-ns#" xmlns:dc="http://purl.org/dc/elements/1.1/" xmlns:dcterms="http://purl.org/dc/terms/" xmlns:vCard="http://www.w3.org/2001/vcard-rdf/3.0#" xmlns:bqbiol="http://biomodels.net/biology-qualifiers/" xmlns:bqmodel="http://biomodels.net/model-qualifiers/">
            <rdf:Description rdf:about="#COPASI33">
              <bqbiol:isVersionOf>
	<rdf:Bag>
	<rdf:li rdf:resource="urn:miriam:sbo:SBO%3A0000179"/>
	</rdf:Bag>
	</bqbiol:isVersionOf>
	<bqbiol:hasProperty>
	<rdf:Bag>
	<rdf:li rdf:resource="urn:miriam:sbo:SBO%3A0000178"/>
	</rdf:Bag>
	</bqbiol:hasProperty>
	
	<bqbiol:hasProperty>
	<rdf:Bag>
	<rdf:li rdf:resource="http://identifiers.org/ncit/C18164"/>
	</rdf:Bag>
	</bqbiol:hasProperty>
	</rdf:Description>
	
	
	
	
	
	
	
	
          </rdf:RDF>
          <COPASI xmlns="http://www.copasi.org/static/sbml">
            <rdf:RDF xmlns:rdf="http://www.w3.org/1999/02/22-rdf-syntax-ns#" xmlns:CopasiMT="http://www.copasi.org/RDF/MiriamTerms#" xmlns:bqbiol="http://biomodels.net/biology-qualifiers/" xmlns:dcterms="http://purl.org/dc/terms/">
              <rdf:Description rdf:about="#COPASI33">
                <bqbiol:hasProperty rdf:resource="urn:miriam:ncit:C18164"/>
                <bqbiol:hasProperty rdf:resource="urn:miriam:sbo:SBO:0000178"/>
                <dcterms:created>
                  <rdf:Description>
                    <dcterms:W3CDTF>2017-09-08T08:59:05Z</dcterms:W3CDTF>
                  </rdf:Description>
                </dcterms:created>
                <CopasiMT:isVersionOf rdf:resource="urn:miriam:sbo:SBO:0000179"/>
              </rdf:Description>
            </rdf:RDF>
          </COPASI>
        </annotation>
              <listOfReactants>
          <speciesReference metaid="_0f383c8a-ec55-4397-8fcf-f7e2678df75a" species="Lm" stoichiometry="1"/>
        </listOfReactants>
        <kineticLaw metaid="_7e9cef2e-4567-488c-ab76-f5ac3bf48f05">
          <math xmlns="http://www.w3.org/1998/Math/MathML">          
            <apply>
              <times/>
              <ci> Tumour_cell </ci>
              <apply>
                <ci> Function_for_Lm_degradation </ci>
                <ci> k3 </ci>
                <ci> k4 </ci>
                <ci> Lm </ci>
              </apply>
            </apply>
          </math>
                </kineticLaw>
      </reaction>
      <reaction id="LT_degradation__m__T_and_Rm_modifiers" metaid="COPASI34" name="LT degradation (m, T and Rm modifiers)" reversible="false">
        <notes>
          <body xmlns="http://www.w3.org/1999/xhtml">
            <pre>NCIT_C20139</pre>
          </body>
        </notes>
        <annotation>
          <rdf:RDF xmlns:rdf="http://www.w3.org/1999/02/22-rdf-syntax-ns#" xmlns:dc="http://purl.org/dc/elements/1.1/" xmlns:dcterms="http://purl.org/dc/terms/" xmlns:vCard="http://www.w3.org/2001/vcard-rdf/3.0#" xmlns:bqbiol="http://biomodels.net/biology-qualifiers/" xmlns:bqmodel="http://biomodels.net/model-qualifiers/">
            <rdf:Description rdf:about="#COPASI34">
	<bqbiol:isVersionOf>
	<rdf:Bag>
	<rdf:li rdf:resource="http://identifiers.org/ncit/C20139"/>
	</rdf:Bag>
	</bqbiol:isVersionOf>
	</rdf:Description>
	
	
	
	
	
	
	
	
          </rdf:RDF>
          <COPASI xmlns="http://www.copasi.org/static/sbml">
            <rdf:RDF xmlns:rdf="http://www.w3.org/1999/02/22-rdf-syntax-ns#" xmlns:CopasiMT="http://www.copasi.org/RDF/MiriamTerms#" xmlns:dcterms="http://purl.org/dc/terms/">
              <rdf:Description rdf:about="#COPASI34">
                <dcterms:created>
                  <rdf:Description>
                    <dcterms:W3CDTF>2017-09-08T09:00:20Z</dcterms:W3CDTF>
                  </rdf:Description>
                </dcterms:created>
                <CopasiMT:isVersionOf rdf:resource="urn:miriam:ncit:C20139"/>
              </rdf:Description>
            </rdf:RDF>
          </COPASI>
        </annotation>
              <listOfReactants>
          <speciesReference metaid="_738654a9-45fb-4922-a72d-3e77a45a5c3c" species="LT" stoichiometry="1"/>
        </listOfReactants>
        <listOfModifiers>
          <modifierSpeciesReference metaid="_02160c65-2159-4002-a67d-4d9011f721ac" species="m"/>
          <modifierSpeciesReference metaid="f47c3282-c901-4103-b6b4-5301788e54c9" species="T"/>
          <modifierSpeciesReference metaid="_44c6123c-2625-454f-991f-cd543de2a48c" species="Rm"/>
        </listOfModifiers>
        <kineticLaw metaid="_0a9b07be-f87a-4db1-bcc0-c3d552d72dac">
          <math xmlns="http://www.w3.org/1998/Math/MathML">          
            <apply>
              <ci> Function_for_LT_degradation__m__T_and_Rm_modifiers </ci>
              <ci> k5 </ci>
              <ci> m </ci>
              <ci> T </ci>
              <ci> LT </ci>
              <ci> Rm </ci>
            </apply>
          </math>
                </kineticLaw>
      </reaction>
      <reaction id="Lm_degradation__m__T_and_RT_modifiers" metaid="COPASI35" name="Lm degradation (m, T and RT modifiers)" reversible="false">
        <annotation>
          <rdf:RDF xmlns:rdf="http://www.w3.org/1999/02/22-rdf-syntax-ns#" xmlns:dc="http://purl.org/dc/elements/1.1/" xmlns:dcterms="http://purl.org/dc/terms/" xmlns:vCard="http://www.w3.org/2001/vcard-rdf/3.0#" xmlns:bqbiol="http://biomodels.net/biology-qualifiers/" xmlns:bqmodel="http://biomodels.net/model-qualifiers/">
            <rdf:Description rdf:about="#COPASI35">
	<bqbiol:isVersionOf>
	<rdf:Bag>
	<rdf:li rdf:resource="http://identifiers.org/ncit/C20139"/>
	</rdf:Bag>
	</bqbiol:isVersionOf>
	</rdf:Description>
	
	
	
	
	
	
	
	
          </rdf:RDF>
          <COPASI xmlns="http://www.copasi.org/static/sbml">
            <rdf:RDF xmlns:rdf="http://www.w3.org/1999/02/22-rdf-syntax-ns#" xmlns:CopasiMT="http://www.copasi.org/RDF/MiriamTerms#" xmlns:dcterms="http://purl.org/dc/terms/">
              <rdf:Description rdf:about="#COPASI35">
                <dcterms:created>
                  <rdf:Description>
                    <dcterms:W3CDTF>2017-09-08T09:22:16Z</dcterms:W3CDTF>
                  </rdf:Description>
                </dcterms:created>
                <CopasiMT:isVersionOf rdf:resource="urn:miriam:ncit:C20139"/>
              </rdf:Description>
            </rdf:RDF>
          </COPASI>
        </annotation>
              <listOfReactants>
          <speciesReference metaid="_653dae0b-0593-400f-abe7-10125c8d0b1e" species="Lm" stoichiometry="1"/>
        </listOfReactants>
        <listOfModifiers>
          <modifierSpeciesReference metaid="_781398c5-a2ca-4893-854d-f6d659c69fdd" species="m"/>
          <modifierSpeciesReference metaid="c9f3913f-9605-40f0-9d93-f88818ce6803" species="T"/>
          <modifierSpeciesReference metaid="d5b6b4c5-baf1-41c9-8291-0665d6d811f9" species="RT"/>
        </listOfModifiers>
        <kineticLaw metaid="_92c0ae66-428d-4ba3-a121-7cf91e77f046">
          <math xmlns="http://www.w3.org/1998/Math/MathML">          
            <apply>
              <ci> Function_for_Lm_degradation__m__T_and_RT_modifiers </ci>
              <ci> k5 </ci>
              <ci> m </ci>
              <ci> T </ci>
              <ci> Lm </ci>
              <ci> RT </ci>
            </apply>
          </math>
                </kineticLaw>
      </reaction>
      <reaction id="SL_synthesis" metaid="COPASI36" name="SL formation" reversible="false">
        <notes>
          <body xmlns="http://www.w3.org/1999/xhtml">
            <pre>1	has property	Systems Biology Ontology	SBO:0000178</pre>
          </body>
        </notes>
        <annotation>
          <rdf:RDF xmlns:rdf="http://www.w3.org/1999/02/22-rdf-syntax-ns#" xmlns:dc="http://purl.org/dc/elements/1.1/" xmlns:dcterms="http://purl.org/dc/terms/" xmlns:vCard="http://www.w3.org/2001/vcard-rdf/3.0#" xmlns:bqbiol="http://biomodels.net/biology-qualifiers/" xmlns:bqmodel="http://biomodels.net/model-qualifiers/">
            <rdf:Description rdf:about="#COPASI36">
	<bqbiol:isPropertyOf>
	<rdf:Bag>
	<rdf:li rdf:resource="http://identifiers.org/ncit/C18164"/>
	</rdf:Bag>
	</bqbiol:isPropertyOf>
	</rdf:Description>
	
	
	
	
	
	
	
	
          </rdf:RDF>
          <COPASI xmlns="http://www.copasi.org/static/sbml">
            <rdf:RDF xmlns:rdf="http://www.w3.org/1999/02/22-rdf-syntax-ns#" xmlns:bqbiol="http://biomodels.net/biology-qualifiers/" xmlns:dcterms="http://purl.org/dc/terms/">
              <rdf:Description rdf:about="#COPASI36">
                <bqbiol:isPropertyOf rdf:resource="urn:miriam:ncit:C18164"/>
                <dcterms:created>
                  <rdf:Description>
                    <dcterms:W3CDTF>2017-09-08T09:26:28Z</dcterms:W3CDTF>
                  </rdf:Description>
                </dcterms:created>
              </rdf:Description>
            </rdf:RDF>
          </COPASI>
        </annotation>
              <listOfProducts>
          <speciesReference metaid="_564c86b2-1b11-4035-be67-a6dcdac1696c" species="SL" stoichiometry="1"/>
        </listOfProducts>
        <listOfModifiers>
          <modifierSpeciesReference metaid="ab1ac9d0-2426-4bbb-9436-574d6da066a4" species="Lm"/>
          <modifierSpeciesReference metaid="_8327a285-e14f-4721-b5d0-02d876eb8655" species="m"/>
          <modifierSpeciesReference metaid="_080001ba-7540-4bc6-9b58-82bd04a0aff6" species="LT"/>
          <modifierSpeciesReference metaid="fe6a67f5-009c-4820-b0ae-11ee366b42f0" species="T"/>
        </listOfModifiers>
        <kineticLaw metaid="_63f3b6ac-fe2f-471c-bdc2-d25074d82229">
          <math xmlns="http://www.w3.org/1998/Math/MathML">          
            <apply>
              <ci> Function_for_SL_synthesis </ci>
              <ci> k3 </ci>
              <ci> Lm </ci>
              <ci> m </ci>
              <ci> LT </ci>
              <ci> T </ci>
            </apply>
          </math>
                </kineticLaw>
      </reaction>
      <reaction id="SL_degradation__Rm__m__RT__T_and_SL_modifiers" metaid="COPASI37" name="SL degradation (Rm, m, RT, T and SL modifiers)" reversible="false">
        <notes>
          <body xmlns="http://www.w3.org/1999/xhtml">
            <pre>1	is version of	NCIt	NCIT_C20139</pre>
          </body>
        </notes>
        <annotation>
          <COPASI xmlns="http://www.copasi.org/static/sbml">
            <rdf:RDF xmlns:rdf="http://www.w3.org/1999/02/22-rdf-syntax-ns#" xmlns:dcterms="http://purl.org/dc/terms/">
              <rdf:Description rdf:about="#COPASI37">
                <dcterms:created>
                  <rdf:Description>
                    <dcterms:W3CDTF>2017-09-08T09:31:04Z</dcterms:W3CDTF>
                  </rdf:Description>
                </dcterms:created>
              </rdf:Description>
            </rdf:RDF>
          </COPASI>
        </annotation>
              <listOfReactants>
          <speciesReference metaid="fd2a7a24-12b8-49db-aeab-c128e0a10ce6" species="SL" stoichiometry="1"/>
        </listOfReactants>
        <listOfModifiers>
          <modifierSpeciesReference metaid="eb3eab05-06cc-4005-a943-460855b52070" species="Rm"/>
          <modifierSpeciesReference metaid="_4eaa83ca-e8bc-43a3-88d9-da4520197bf0" species="m"/>
          <modifierSpeciesReference metaid="_81e05392-02ca-4ac4-a3b1-ab0686d31a28" species="RT"/>
          <modifierSpeciesReference metaid="_31b64f5e-cf8b-4b19-ab99-a7d59d4d08ca" species="T"/>
        </listOfModifiers>
        <kineticLaw metaid="_8457402b-9a4e-4837-bb87-0dd3b3bb6b20">
          <math xmlns="http://www.w3.org/1998/Math/MathML">          
            <apply>
              <ci> Function_for_SL_degradation__Rm__m__RT__T_and_SL_modifiers </ci>
              <ci> k9 </ci>
              <ci> Rm </ci>
              <ci> m </ci>
              <ci> RT </ci>
              <ci> T </ci>
              <ci> SL </ci>
            </apply>
          </math>
                </kineticLaw>
      </reaction>
    </listOfReactions>
  </model>
</sbml>