{
    "name": "Anderson2015 - Qualitative behavior of systems of tumor-CD4+-cytokine interactions with treatments",
    "description": "<notes xmlns=\"http://www.sbml.org/sbml/level2/version4\">      <body xmlns=\"http://www.w3.org/1999/xhtml\">        <pre>This is a mathematical model describing tumor-CD4+-cytokine interactions, with specific emphasis on the role that CD4+ T lymphocytes play in tumor regression.</pre>      </body>    </notes>",
    "format": {
        "name": "SBML",
        "identifier": "SBML",
        "version": "L2V4"
    },
    "publication": {
        "type": "DOI",
        "accession": "10.1002/mma.3370",
        "journal": "Mathematical Methods in the Applied Sciences",
        "title": "Qualitative behavior of systems of tumor-CD4+-cytokine interactions with treatments",
        "affiliation": "Department of Mathematics and Statistics, Texas Tech University, Lubbock, TX 79409-1042, United States",
        "synopsis": "Immunotherapies are important methods for controlling and curing malignant tumors. Based on recent observations that many tumors have been immuno-selected to evade recognition by the traditional cytotoxic T lymphocytes, we propose mathematical models of tumor-CD4+-cytokine interactions to investigate the role of CD4+ on tumor regression. Treatments of either CD4+ or cytokine are applied to study their effectiveness. It is found that doses of treatments are critical in determining the fate of the tumor, and tumor cells can be eliminated completely if doses of cytokine are large. Bistability is observed in models with either of the treatment strategies, which signifies that a careful planning of the treatment strategy is necessary for achieving a satisfactory outcome.",
        "year": 2015,
        "month": "11",
        "volume": "38",
        "issue": "17",
        "pages": "4330-4344",
        "link": "http://identifiers.org/doi/10.1002/mma.3370",
        "authors": [
            {
                "name": "Anderson, L.",
                "institution": "Department of Mathematics and Statistics, Texas Tech University, Lubbock, TX 79409-1042, United States"
            },
            {
                "name": "Jang, S.",
                "institution": "Department of Mathematics and Statistics, Texas Tech University, Lubbock, TX 79409-1042, United States"
            },
            {
                "name": "Yu, J.-L.",
                "institution": "Department of Financial and Computational Mathematics, Providence University, Taichung, 43301, Taiwan"
            }
        ]
    },
    "files": {
        "main": [
            {
                "name": "Anderson2015.xml",
                "description": "SBML L2V4 Representation of Anderson2015 - Qualitative behavior of systems of tumor-CD4+-cytokine interactions with treatments",
                "fileSize": "34800",
                "mimeType": "application/xml",
                "md5sum": "77066c671488a6efcc2481942c221af5",
                "sha1sum": "21f72bcbf5a3965480f91262e7037312a0078c61",
                "sha256sum": "b63fd227fffe58a726b077dfc7924e06818d4c2f5f0b03e8c44003615ac9630e"
            }
        ],
        "additional": [
            {
                "name": "Anderson2015-biopax2.owl",
                "description": "Auto-generated BioPAX (Level 2) file.",
                "fileSize": "12422",
                "mimeType": "application/rdf+xml",
                "md5sum": "fad00a21a9ca2a2e3f790796ef886cb0",
                "sha1sum": "1c8e56510af613f6cb3cf02f3e57fcb03ac41c86",
                "sha256sum": "4d762bea9bd433ed227ed6945ee479534508e8c94951c74b32e84b30acc79d37"
            },
            {
                "name": "Anderson2015-biopax3.owl",
                "description": "Auto-generated BioPAX (Level 3) file.",
                "fileSize": "16824",
                "mimeType": "application/rdf+xml",
                "md5sum": "0ac2fc56d4ee4090af8d8a3cc7032adc",
                "sha1sum": "10915e20c5a0012991f56ac2eecb77697a5ce026",
                "sha256sum": "a0891ac51f307d892ca90b3e45f99ffb5b5e52421aa4d420dbae157b04a23a60"
            },
            {
                "name": "Anderson2015-matlab.m",
                "description": "Auto-generated Matlab file.",
                "fileSize": "5027",
                "mimeType": "text/x-matlab",
                "md5sum": "11a883d0b14d41187f6da3158ab64dd1",
                "sha1sum": "fbe340c405c8806f967e22f31d3ab434dc3b9499",
                "sha256sum": "fec125ce85bc1c07911ebb0c7832fc2f0a0015daeaa8c88dff6e2a083cc12365"
            },
            {
                "name": "Anderson2015-octave.m",
                "description": "Auto-generated Octave file.",
                "fileSize": "5027",
                "mimeType": "text/x-matlab",
                "md5sum": "bddb7ead9e0efe4e5845e5446dd4f27c",
                "sha1sum": "e92f863869d1f848f285f82d894b657f35586c79",
                "sha256sum": "afc26290b27f1ddffd420df38fd987dd3bdd0148c3d2457546763f6d30fb0036"
            },
            {
                "name": "Anderson2015.cps",
                "description": "COPASI file of Anderson2015 - Qualitative behavior of systems of tumor-CD4+-cytokine interactions with treatments",
                "fileSize": "65165",
                "mimeType": "application/xml",
                "md5sum": "b4e2d371471f4f26dbc87aded35d50c4",
                "sha1sum": "a6219528038393e83e4836a89b525cfeb649289f",
                "sha256sum": "a2cff2c8ab3da66980ce36da059ee239c4f0f7ae865f6223165ef624bb4fa56b"
            },
            {
                "name": "Anderson2015.ode",
                "description": "Auto-generated ODE file for XPP.",
                "fileSize": "3620",
                "mimeType": "text/plain",
                "md5sum": "b1a9c6b99765d34ca2e48331fb15aeeb",
                "sha1sum": "3f2246263e072713e0664b6401c77b4848bd4cef",
                "sha256sum": "39a78c15e7610b566c4f73e8fe53821854be7a551fc2501ffe8e4331e75c643a"
            },
            {
                "name": "Anderson2015.sedml",
                "description": "SED-ML file of Anderson2015 - Qualitative behavior of systems of tumor-CD4+-cytokine interactions with treatments (additionally CRBM-validated and adjusted).",
                "fileSize": "15305",
                "mimeType": "application/xml",
                "md5sum": "0d2609b9dfd52339dd44bb8b5f6312cb",
                "sha1sum": "4ddc7c4dbc3cb907cad34f534f9046c01a9b7440",
                "sha256sum": "c1b77e4e98ff45a96496d1ff946eac0fbe126b6261a9dc4fe95272687adee73d"
            },
            {
                "name": "curation_image.png",
                "description": "Reproduced figure(s) from original curation.",
                "fileSize": "21745",
                "mimeType": "image/png",
                "md5sum": "79aa3e372f7c756529f955c579f2fbc4",
                "sha1sum": "7e8db6619421d71d35dd59960b32f3baefa1dd9b",
                "sha256sum": "bfe7966d9d6702da386e376bbfcf7a627894bd8e276fd05f9438b532b5d0a214"
            },
            {
                "name": "curation_notes.txt",
                "description": "Notes from original curation (describes curation_image).",
                "fileSize": "242",
                "mimeType": "text/plain",
                "md5sum": "8066fae63dd9b1f61dbbf30e78fa9160",
                "sha1sum": "0e342278ad8d1705c368c322f119ced4e3748482",
                "sha256sum": "4d0d399c3e0328dd363ad75cdd0599efb888306443ad778799b451e189b6e8d0"
            },
            {
                "name": "manifest.xml",
                "description": "Auto-generated manifest file for OMEX archives.",
                "fileSize": "1427",
                "mimeType": "application/xml",
                "md5sum": "9da321578e869e0ff4c75deb6282ab7a",
                "sha1sum": "2f3cef05480c0dc0bbb0b7136ce9edb376790bfe",
                "sha256sum": "2553c6875a9654d4a7ccaf7c55db6d9bf8add4e9be20d6664ff98c386c25f1be"
            },
            {
                "name": "metadata.rdf",
                "description": "Auto-generated annotation metadata file.",
                "fileSize": "1867",
                "mimeType": "application/rdf+xml",
                "md5sum": "175b9e2e5fc398f7a4391ce14fae2b2e",
                "sha1sum": "2e4153b1b0d906c61af869db8f2a721427b65987",
                "sha256sum": "73cdeb2de85caeb3babb3ae82b9f45416a1766668149418ae096eed9ebfd9c2f"
            }
        ]
    },
    "history": {
        "revisions": [
            {
                "version": 2,
                "submitted": 1568714077,
                "submitter": "Johannes Meyer",
                "comment": "Automatically added model identifier BIOMD0000000813"
            },
            {
                "version": 3,
                "submitted": 1724286591,
                "submitter": "Lucian Smith",
                "comment": "CRBM-sponsored manual and automated updates."
            }
        ]
    },
    "firstPublished": 1725281906,
    "submissionId": "MODEL1909170001",
    "publicationId": "BIOMD0000000813",
    "modellingApproach": {
        "accession": "MAMO_0000046",
        "name": "ordinary differential equation model",
        "resource": "http://identifiers.org/mamo/MAMO_0000046"
    },
    "curationStatus": "CURATED",
    "modelTags": [
        "Immuno-oncology"
    ],
    "contributors": {
        "Curator": [
            {
                "name": "Lucian Smith",
                "email": "lpsmith@uw.edu",
                "affiliation": "University of Washington",
                "orcid": "0000-0001-7002-6386",
                "external": false
            }
        ],
        "Modeller": [
            {
                "name": "Johannes Meyer",
                "email": "johannes.p.meyer@gmail.com",
                "affiliation": "EMBL-EBI",
                "external": false
            }
        ]
    },
    "vcsIdentifier": "aai",
    "modelLevelAnnotations": [
        {
            "qualifier": "bqbiol:hasProperty",
            "accession": "MAMO_0000046",
            "name": "Ordinary differential equation model",
            "resource": "Mathematical Modelling Ontology",
            "uri": "http://identifiers.org/mamo/MAMO_0000046"
        },
        {
            "qualifier": "bqbiol:hasProperty",
            "accession": "9606",
            "name": "Homo sapiens",
            "resource": "Taxonomy",
            "uri": "http://identifiers.org/taxonomy/9606"
        },
        {
            "qualifier": "bqmodel:isDescribedBy",
            "accession": "10.1002/mma.3370",
            "resource": "DOI",
            "uri": "http://identifiers.org/doi/10.1002/mma.3370"
        },
        {
            "qualifier": "bqmodel:is",
            "accession": "MODEL1909170001",
            "resource": "BioModels Database",
            "uri": "http://identifiers.org/biomodels.db/MODEL1909170001"
        },
        {
            "qualifier": "bqmodel:is",
            "accession": "BIOMD0000000813",
            "resource": "BioModels Database",
            "uri": "http://identifiers.org/biomodels.db/BIOMD0000000813"
        },
        {
            "qualifier": "bqbiol:hasProperty",
            "accession": "C15411",
            "name": "Cytokine Therapy",
            "resource": "NCIt",
            "uri": "http://identifiers.org/ncit/C15411"
        }
    ]
}