{
    "name": "Solis-perez2019 - A fractional mathematical model of breast cancer competition model",
    "description": "<notes xmlns=\"http://www.sbml.org/sbml/level2/version4\">      <body xmlns=\"http://www.w3.org/1999/xhtml\">        <pre>A fractional mathematical model of breast cancer competition modelAuthor links open overlay panelJ.E.Solís-PérezaJ.F.Gómez-AguilarbA.Atanganaca    Tecnológico Nacional de México/CENIDET. Interior Internado Palmira S/N, Col. Palmira, C.P. 62490, Cuernavaca, Morelos, Méxicob    CONACyT-Tecnológico Nacional de México/CENIDET. Interior Internado Palmira S/N, Col. Palmira, C.P. 62490, Cuernavaca, Morelos, Méxicoc    Institute for Groundwater Studies, Faculty of Natural and Agricultural Sciences, University of the Free State, Bloemfontein 9300, South AfricaAbstractIn this paper, a mathematical model which considers population dynamics among cancer stem cells, tumor cells, healthy cells, the effects of excess estrogen and the body’s natural immune response on the cell populations was considered. Fractional derivatives with power law and exponential decay law in Liouville–Caputo sense were considered. Special solutions using an iterative scheme via Laplace transform were obtained. Furthermore, numerical simulations of the model considering both derivatives were obtained using the Atangana–Toufik numerical method. Also, random model described by a system of random differential equations was presented. The use of fractional derivatives provides more useful information about the complexity of the dynamics of the breast cancer competition model.</pre>      </body>    </notes>",
    "format": {
        "name": "SBML",
        "identifier": "SBML",
        "version": "L2V4"
    },
    "publication": {
        "type": "DOI",
        "accession": "10.1016/j.chaos.2019.06.027",
        "journal": "Chaos, Solitons & Fractals",
        "title": "A fractional mathematical model of breast cancer competition model",
        "affiliation": "a\r\n    Tecnológico Nacional de México/CENIDET. Interior Internado Palmira S/N, Col. Palmira, C.P. 62490, Cuernavaca, Morelos, México\r\n\r\nb\r\n    CONACyT-Tecnológico Nacional de México/CENIDET. Interior Internado Palmira S/N, Col. Palmira, C.P. 62490, Cuernavaca, Morelos, México\r\n\r\nc\r\n    Institute for Groundwater Studies, Faculty of Natural and Agricultural Sciences, University of the Free State, Bloemfontein 9300, South Africa",
        "synopsis": "In this paper, a mathematical model which considers population dynamics among cancer stem cells, tumor cells, healthy cells, the effects of excess estrogen and the body’s natural immune response on the cell populations was considered. Fractional derivatives with power law and exponential decay law in Liouville–Caputo sense were considered. Special solutions using an iterative scheme via Laplace transform were obtained. Furthermore, numerical simulations of the model considering both derivatives were obtained using the Atangana–Toufik numerical method. Also, random model described by a system of random differential equations was presented. The use of fractional derivatives provides more useful information about the complexity of the dynamics of the breast cancer competition model.\r\n\r\nVolume 127, October 2019, Pages 38-54",
        "year": 2019,
        "month": "10",
        "volume": "127",
        "pages": "38-54",
        "link": "http://identifiers.org/doi/10.1016/j.chaos.2019.06.027",
        "authors": [
            {
                "name": "J.E.Solís-Pérez a J.F.Gómez-Aguilar b A.Atangana c"
            }
        ]
    },
    "files": {
        "main": [
            {
                "name": "Solis-perez2019.xml",
                "description": "SBML L2V4 representation of Solis-perez2019 - A fractional mathematical model of breast cancer competition model",
                "fileSize": "54936",
                "mimeType": "application/xml",
                "md5sum": "532df01275a2853198f9034515163fad",
                "sha1sum": "fbcb346a9ab961baaa328723cde6434d021ccbe8",
                "sha256sum": "a84e11dbff48f3b8cceef504978e9280128ce15578df6a4056906f5c9b21fdc1"
            }
        ],
        "additional": [
            {
                "name": "Solis-perez2019-biopax2.owl",
                "description": "Auto-generated BioPAX (Level 2) file.",
                "fileSize": "15179",
                "mimeType": "application/rdf+xml",
                "md5sum": "4433f9ecb2dc144181e5584d901e2fdd",
                "sha1sum": "89cd500351b9374562afc2cde0075400033891a3",
                "sha256sum": "2190917128dfaefce26e764d6bfa12aa1395285b5cda00f5f726cc1d041964d0"
            },
            {
                "name": "Solis-perez2019-biopax3.owl",
                "description": "Auto-generated BioPAX (Level 3) file.",
                "fileSize": "21318",
                "mimeType": "application/rdf+xml",
                "md5sum": "53e531fb7ca3fb5366cb622958d4187e",
                "sha1sum": "b88c6604f0517fd197a76c72bb7952b537a1acca",
                "sha256sum": "0e1f186bb0195217f2f8b10bf8373160f2c6e860be584513e1817d3cb1380e01"
            },
            {
                "name": "Solis-perez2019-matlab.m",
                "description": "Auto-generated Matlab file.",
                "fileSize": "9115",
                "mimeType": "text/x-matlab",
                "md5sum": "b4650bfdb4def61d0647f438911d3497",
                "sha1sum": "41c4c714118a35c9242344b53c581124f8f2d6d6",
                "sha256sum": "f64d434c2be87bc002f8083e6ff1d91f1e7e002a0dd61a757bf2918517a8cbb7"
            },
            {
                "name": "Solis-perez2019-octave.m",
                "description": "Auto-generated Octave file.",
                "fileSize": "9115",
                "mimeType": "text/x-matlab",
                "md5sum": "081d6ac7ce41daad07df06939946def1",
                "sha1sum": "5f0b686a0986821cb9611868be7194f0016331a2",
                "sha256sum": "01c3da1710821a434c26c751fc54952066a637f362549cc683975c7776f9ca38"
            },
            {
                "name": "Solis-perez2019.cps",
                "description": "COPASI version 4.24 (Build 197) Solis-perez2019 - A fractional mathematical model of breast cancer competition model",
                "fileSize": "106628",
                "mimeType": "application/xml",
                "md5sum": "1fc119a78f42b76cc8eebde6186a10f4",
                "sha1sum": "2ee5a792e92d14d80450e2a6c532564080ae336b",
                "sha256sum": "336b5646bb7f28c233ad62f72599ab2b822dcf698c475473631647a9aae1a6f4"
            },
            {
                "name": "Solis-perez2019.ode",
                "description": "Auto-generated ODE file for XPP.",
                "fileSize": "6881",
                "mimeType": "text/plain",
                "md5sum": "148f74b37d834e61b2fccd9cd397a4ba",
                "sha1sum": "8e3b5c74a5f2d3ac023c7c018eb04dad0c52adb1",
                "sha256sum": "8f876bbc7d4908ff2700a50d49ceb6371e8777f83b052f4efccdb142c068e2a8"
            },
            {
                "name": "Solis-perez2019.sedml",
                "description": "SEDML L1V2 Solis-perez2019 - A fractional mathematical model of breast cancer competition model (additionally CRBM-validated and adjusted).",
                "fileSize": "26871",
                "mimeType": "application/xml",
                "md5sum": "7339e974f992600eb825924d4a4543e0",
                "sha1sum": "14833600a5b2e9e9cbd3f55d142253a3e1baceb7",
                "sha256sum": "706c1d62fe13e728207f5417fcff095a39777f8cd52ca212ea794a96d604144d"
            },
            {
                "name": "curation_image.png",
                "description": "Reproduced figure(s) from original curation.",
                "fileSize": "24507",
                "mimeType": "image/png",
                "md5sum": "e353e54962e80db68a1043cfa51f3365",
                "sha1sum": "53398682184c1016d9b75867603af5bcd12cd8b4",
                "sha256sum": "9814ad3ea793a26dd7359a0a119ceb42df952435973d0d065929b2949e0c1eb1"
            },
            {
                "name": "curation_notes.txt",
                "description": "Notes from original curation (describes curation_image).",
                "fileSize": "121",
                "mimeType": "text/plain",
                "md5sum": "d471fbfe7fe2eaa61d3d4dc7aab54396",
                "sha1sum": "de91a810e47e6bf909632ba41d8db9e380035971",
                "sha256sum": "36298fd677e8d430537a92be9ccb900b3fdaa520e4ea4ced2976b35b9e8a8a81"
            },
            {
                "name": "manifest.xml",
                "description": "Auto-generated manifest file for OMEX archives.",
                "fileSize": "1451",
                "mimeType": "application/xml",
                "md5sum": "fd3d3b5fc18efa790eb6420ffe0c3efd",
                "sha1sum": "7593da6781a4f7c275dae4e6f5b8e75fc5ae47cf",
                "sha256sum": "8fdaffed9cfac08bef2b38853179efc6f0c468f1c4c6c6f41c2c5126dbe11ac0"
            },
            {
                "name": "metadata.rdf",
                "description": "Auto-generated annotation metadata file.",
                "fileSize": "3566",
                "mimeType": "application/rdf+xml",
                "md5sum": "421828af8b8c804878e2a8154677ed0d",
                "sha1sum": "cd49420f55df6e41dd36dcd5d709c7a5008ab3f8",
                "sha256sum": "8e44eace89394b5771184c66cfc3481a676f32bcfe227e085f464ccfb71a5165"
            }
        ]
    },
    "history": {
        "revisions": [
            {
                "version": 2,
                "submitted": 1576680108,
                "submitter": "Mohammad Umer Sharif Shohan",
                "comment": "Automatically added model identifier BIOMD0000000903"
            },
            {
                "version": 3,
                "submitted": 1724288939,
                "submitter": "Lucian Smith",
                "comment": "CRBM-sponsored manual and automated updates."
            }
        ]
    },
    "firstPublished": 1725281928,
    "submissionId": "MODEL1912180005",
    "publicationId": "BIOMD0000000903",
    "modellingApproach": {
        "accession": "MAMO_0000046",
        "name": "ordinary differential equation model",
        "resource": "http://identifiers.org/mamo/MAMO_0000046"
    },
    "curationStatus": "CURATED",
    "contributors": {
        "Curator": [
            {
                "name": "Lucian Smith",
                "email": "lpsmith@uw.edu",
                "affiliation": "University of Washington",
                "orcid": "0000-0001-7002-6386",
                "external": false
            }
        ],
        "Modeller": [
            {
                "name": "Mohammad Umer Sharif Shohan",
                "email": "msharifshohan@ebi.ac.uk",
                "affiliation": "EMBL-EBI",
                "orcid": "0000-0003-3985-2879",
                "external": false
            }
        ]
    },
    "vcsIdentifier": "aai",
    "modelLevelAnnotations": [
        {
            "qualifier": "bqbiol:hasTaxon",
            "accession": "9606",
            "name": "Homo sapiens",
            "resource": "Taxonomy",
            "uri": "http://identifiers.org/taxonomy/9606"
        },
        {
            "qualifier": "bqbiol:hasProperty",
            "accession": "MAMO_0000046",
            "name": "Ordinary differential equation model",
            "resource": "Mathematical Modelling Ontology",
            "uri": "http://identifiers.org/mamo/MAMO_0000046"
        },
        {
            "qualifier": "bqmodel:hasInstance",
            "accession": "9606",
            "name": "Homo sapiens",
            "resource": "Taxonomy",
            "uri": "http://identifiers.org/taxonomy/9606"
        },
        {
            "qualifier": "bqmodel:hasInstance",
            "accession": "MAMO_0000046",
            "name": "Ordinary differential equation model",
            "resource": "Mathematical Modelling Ontology",
            "uri": "http://identifiers.org/mamo/MAMO_0000046"
        },
        {
            "qualifier": "bqmodel:hasInstance",
            "accession": "NCIT:C4872",
            "name": "Breast Carcinoma",
            "resource": "NCIt",
            "uri": "http://identifiers.org/ncit/C4872"
        },
        {
            "qualifier": "bqmodel:isDescribedBy",
            "accession": "10.1016/j.chaos.2019.06.027",
            "resource": "DOI",
            "uri": "http://identifiers.org/doi/10.1016/j.chaos.2019.06.027"
        },
        {
            "qualifier": "bqmodel:isDescribedBy",
            "accession": "NCIT:C4872",
            "name": "Breast Carcinoma",
            "resource": "NCIt",
            "uri": "http://identifiers.org/ncit/C4872"
        },
        {
            "qualifier": "bqmodel:isDerivedFrom",
            "accession": "10.1007/s12591-017-0346-x",
            "resource": "DOI",
            "uri": "http://identifiers.org/doi/10.1007/s12591-017-0346-x"
        },
        {
            "qualifier": "bqmodel:is",
            "accession": "MODEL1912180005",
            "resource": "BioModels Database",
            "uri": "http://identifiers.org/biomodels.db/MODEL1912180005"
        },
        {
            "qualifier": "bqmodel:is",
            "accession": "BIOMD0000000903",
            "resource": "BioModels Database",
            "uri": "http://identifiers.org/biomodels.db/BIOMD0000000903"
        }
    ]
}