{
    "name": "Caravagna2010 - Tumour suppression by immune system",
    "description": "<notes xmlns=\"http://www.sbml.org/sbml/level2/version4\">      <body xmlns=\"http://www.w3.org/1999/xhtml\">        <pre>Tumour suppression by immune system through stochastic oscillationsGiulioCaravagnaa Albertod’Onofriob PaoloMilazzoaRobertoBarbutiahttps://doi.org/10.1016/j.jtbi.2010.05.013AbstractThe well-known Kirschner–Panetta model for tumour–immune System interplay [Kirschner, D., Panetta, J.C., 1998. Modelling immunotherapy of the tumour–immune interaction. J. Math. Biol. 37 (3), 235–252] reproduces a number of features of this essential interaction, but it excludes the possibility of tumour suppression by the immune system in the absence of therapy. Here we present a hybrid–stochastic version of that model. In this new framework, we show that in reality the model is also able to reproduce the suppression, through stochastic extinction after the first spike of an oscillation.</pre>      </body>    </notes>",
    "format": {
        "name": "SBML",
        "identifier": "SBML",
        "version": "L2V4"
    },
    "publication": {
        "type": "PubMed ID",
        "accession": "20580640",
        "journal": "Journal of theoretical biology",
        "title": "Tumour suppression by immune system through stochastic oscillations.",
        "affiliation": "Dipartimento di Informatica, Università di Pisa, Largo Pontecorvo 3, 56127 Pisa, Italy. caravagn@di.unipi.it",
        "synopsis": "The well-known Kirschner-Panetta model for tumour-immune System interplay [Kirschner, D., Panetta, J.C., 1998. Modelling immunotherapy of the tumour-immune interaction. J. Math. Biol. 37 (3), 235-252] reproduces a number of features of this essential interaction, but it excludes the possibility of tumour suppression by the immune system in the absence of therapy. Here we present a hybrid-stochastic version of that model. In this new framework, we show that in reality the model is also able to reproduce the suppression, through stochastic extinction after the first spike of an oscillation.",
        "year": 2010,
        "month": "8",
        "volume": "265",
        "issue": "3",
        "pages": "336-345",
        "link": "http://identifiers.org/pubmed/20580640",
        "authors": [
            {
                "name": "Giulio Caravagna",
                "institution": "Dipartimento di Informatica, Università di Pisa, Largo Pontecorvo 3, 56127 Pisa, Italy. caravagn@di.unipi.it",
                "orcid": "0000-0003-4240-3265"
            },
            {
                "name": "Alberto d'Onofrio",
                "institution": "European Institute of Oncology, Department of Experimental Oncology, Via Ripamonti 435, I-20141 Milano, Italy. alberto.donofrio@ifom-ieo-campus.it",
                "orcid": "0000-0002-2190-272X"
            },
            {
                "name": "Paolo Milazzo"
            },
            {
                "name": "Roberto Barbuti"
            }
        ]
    },
    "files": {
        "main": [
            {
                "name": "Caravagna2010.xml",
                "description": "SBML L2V4 Caravagna2010 - Tumour suppression by immune system",
                "fileSize": "34285",
                "mimeType": "application/xml",
                "md5sum": "14374452edaf3cdef8dfa4a58759bc32",
                "sha1sum": "a52378792a409a6f6b0982cd5725af9228e9fac2",
                "sha256sum": "e4e42e4d15803b8d8b3a451d5fd827d8abe0d6166b33f9a6dd949d933438d985"
            }
        ],
        "additional": [
            {
                "name": "Caravagna2010-biopax2.owl",
                "description": "Auto-generated BioPAX (Level 2) file.",
                "fileSize": "10997",
                "mimeType": "application/rdf+xml",
                "md5sum": "8232cba8f4ee42f1f0b4c9914e8ce8f7",
                "sha1sum": "e9e263395b7ce634d56b7c1ed028957a257e364c",
                "sha256sum": "74254d3992818f6d159ced3270ae5557329327585b10077e35080c24b70d5c9a"
            },
            {
                "name": "Caravagna2010-biopax3.owl",
                "description": "Auto-generated BioPAX (Level 3) file.",
                "fileSize": "14890",
                "mimeType": "application/rdf+xml",
                "md5sum": "edc76cad85de08ca97270e3ff7922242",
                "sha1sum": "352730c4415e7f0ce48d5da0670c69c51eae5547",
                "sha256sum": "8ecff63ce8b3a66df829bdc56314a6f83e053189fe7be02b23d49396126c31d1"
            },
            {
                "name": "Caravagna2010-matlab.m",
                "description": "Auto-generated Matlab file.",
                "fileSize": "6450",
                "mimeType": "text/x-matlab",
                "md5sum": "51e620db068f393c9ad175f3765781d7",
                "sha1sum": "ed209e54bd91293b563888e47d522319ccb774ad",
                "sha256sum": "fffcffd773a1ecd2f836598a9b0cdd0c831ce8361064b551b040abe4ff203e37"
            },
            {
                "name": "Caravagna2010-octave.m",
                "description": "Auto-generated Octave file.",
                "fileSize": "6450",
                "mimeType": "text/x-matlab",
                "md5sum": "c6efa414653878ac554c2d6d689353dc",
                "sha1sum": "6f9194aa0db26ded5963fed57a59324c3763406b",
                "sha256sum": "4b718a1c428530c52cc66b2a874aae8ef4605997696bf98bf3abd4d78ad197ab"
            },
            {
                "name": "Caravagna2010.cps",
                "description": "COPASI version 4.24 (Build 197) Caravagna2010 - Tumour suppression by immune system",
                "fileSize": "64902",
                "mimeType": "application/xml",
                "md5sum": "632c08bdc6c660428b48bd6f5bfef38f",
                "sha1sum": "3ad9bf87931aa13a31622f6320db266b70726a2c",
                "sha256sum": "55bae5f1e7e6f7758bf26aba3725052b179dedd711f7daefaf99fa8949e63d24"
            },
            {
                "name": "Caravagna2010.ode",
                "description": "Auto-generated ODE file for XPP.",
                "fileSize": "4332",
                "mimeType": "text/plain",
                "md5sum": "7bff229bd4d160d5edfce8ee6104288a",
                "sha1sum": "88141e4791ce6b6709cf1b8e26371ed47074dc6e",
                "sha256sum": "f56f11916073e682936ebe64203d1ffb6de9594ab905edb391a475b78aa281e9"
            },
            {
                "name": "Caravagna2010.sedml",
                "description": "SEDML L1V2 Caravagna2010 - Tumour suppression by immune system (additionally CRBM-validated and adjusted).",
                "fileSize": "16054",
                "mimeType": "application/xml",
                "md5sum": "ea5dc1768e8e0dfeed34718f0a7fd2cb",
                "sha1sum": "445541c74401de4a928d6fa829f244e046f457bf",
                "sha256sum": "6f707ce53e963993930d922e3b6715d0fc475ae47ea394d7e9032c21f210cf3c"
            },
            {
                "name": "curation_image.png",
                "description": "Reproduced figure(s) from original curation.",
                "fileSize": "25844",
                "mimeType": "image/png",
                "md5sum": "3aa21c5633fa6038a0fe47fd3144ceec",
                "sha1sum": "5fcfaadf78026a6fdee0b81096920401592fa3d9",
                "sha256sum": "0a1c33124ed864c04094380418f74afbef10c8b078dbd94b0405acc11bccd352"
            },
            {
                "name": "curation_notes.txt",
                "description": "Notes from original curation (describes curation_image).",
                "fileSize": "184",
                "mimeType": "text/plain",
                "md5sum": "6864a3c9ef9d3d3e0a02cfaa8dcb0c06",
                "sha1sum": "2940d75bde7e3fe278cbc051bf15a92491151c70",
                "sha256sum": "bddf8fe641fd861827be8487a670d00475d9d273d94114d44e06b87eb7239abd"
            },
            {
                "name": "manifest.xml",
                "description": "Auto-generated manifest file for OMEX archives.",
                "fileSize": "1435",
                "mimeType": "application/xml",
                "md5sum": "45dae860bc7f63ef44e256bda625f4f9",
                "sha1sum": "dc1279a3e4c3212ebf6a2dcf0cef53bdc398bcad",
                "sha256sum": "8f3fdf3fbf5e36b2ca22b2de0ae4427c6e9638f4d0d3683774262100b4ba3ab2"
            },
            {
                "name": "metadata.rdf",
                "description": "Auto-generated annotation metadata file.",
                "fileSize": "2452",
                "mimeType": "application/rdf+xml",
                "md5sum": "97c05419903475a17945d0c842ecf40e",
                "sha1sum": "f2336938487b829c835b0a14354dd6d4902113df",
                "sha256sum": "fa2d35effe64396c898d4fdf0785bd5f190162dd66e4f27bf8ff851f1d0846af"
            }
        ]
    },
    "history": {
        "revisions": [
            {
                "version": 2,
                "submitted": 1579517287,
                "submitter": "Mohammad Umer Sharif Shohan",
                "comment": "Automatically added model identifier BIOMD0000000912"
            },
            {
                "version": 3,
                "submitted": 1724289145,
                "submitter": "Lucian Smith",
                "comment": "CRBM-sponsored manual and automated updates."
            }
        ]
    },
    "firstPublished": 1725281936,
    "submissionId": "MODEL2001200001",
    "publicationId": "BIOMD0000000912",
    "modellingApproach": {
        "accession": "MAMO_0000046",
        "name": "ordinary differential equation model",
        "resource": "http://identifiers.org/mamo/MAMO_0000046"
    },
    "curationStatus": "CURATED",
    "modelTags": [
        "Immuno-oncology"
    ],
    "contributors": {
        "Curator": [
            {
                "name": "Lucian Smith",
                "email": "lpsmith@uw.edu",
                "affiliation": "University of Washington",
                "orcid": "0000-0001-7002-6386",
                "external": false
            }
        ],
        "Modeller": [
            {
                "name": "Mohammad Umer Sharif Shohan",
                "email": "msharifshohan@ebi.ac.uk",
                "affiliation": "EMBL-EBI",
                "orcid": "0000-0003-3985-2879",
                "external": false
            }
        ]
    },
    "vcsIdentifier": "aai",
    "modelLevelAnnotations": [
        {
            "qualifier": "bqbiol:hasTaxon",
            "accession": "9606",
            "name": "Homo sapiens",
            "resource": "Taxonomy",
            "uri": "http://identifiers.org/taxonomy/9606"
        },
        {
            "qualifier": "bqbiol:hasProperty",
            "accession": "MAMO_0000046",
            "name": "Ordinary differential equation model",
            "resource": "Mathematical Modelling Ontology",
            "uri": "http://identifiers.org/mamo/MAMO_0000046"
        },
        {
            "qualifier": "bqmodel:isDerivedFrom",
            "accession": "MAMO_0000046",
            "name": "Ordinary differential equation model",
            "resource": "Mathematical Modelling Ontology",
            "uri": "http://identifiers.org/mamo/MAMO_0000046"
        },
        {
            "qualifier": "bqmodel:isDerivedFrom",
            "accession": "9606",
            "name": "Homo sapiens",
            "resource": "Taxonomy",
            "uri": "http://identifiers.org/taxonomy/9606"
        },
        {
            "qualifier": "bqmodel:isDerivedFrom",
            "accession": "BIOMD0000000732",
            "resource": "BioModels Database",
            "uri": "http://identifiers.org/biomodels.db/BIOMD0000000732"
        },
        {
            "qualifier": "bqmodel:isDescribedBy",
            "accession": "20580640",
            "resource": "PubMed",
            "uri": "http://identifiers.org/pubmed/20580640"
        },
        {
            "qualifier": "bqmodel:isDescribedBy",
            "accession": "BIOMD0000000732",
            "resource": "BioModels Database",
            "uri": "http://identifiers.org/biomodels.db/BIOMD0000000732"
        },
        {
            "qualifier": "bqmodel:is",
            "accession": "BIOMD0000000912",
            "resource": "BioModels Database",
            "uri": "http://identifiers.org/biomodels.db/BIOMD0000000912"
        },
        {
            "qualifier": "bqmodel:is",
            "accession": "MODEL2001200001",
            "resource": "BioModels Database",
            "uri": "http://identifiers.org/biomodels.db/MODEL2001200001"
        }
    ]
}