{
    "name": "den Breems2015 - macrophage in cancer",
    "description": "The paper describes a model of re-polarisation of M2 and M1 macrophages and its role on cancer outcomes. Created by COPASI 4.25 (Build 207) This model is described in the article: The re-polarisation of M2 and M1 macrophages and its role on cancer outcomesden Breems, Nicoline Y.; Eftimie, RalucaJournal of Theoretical Biology, 390, 23-39Abstract: The anti-tumour and pro-tumour roles of Th1/Th2 immune cells and M1/M2 macrophages have been documented by numerous experimental studies. How- ever, it is still unknown how these immune cells interact with each other to control tumour dynamics. Here, we use a mathematical model for the inter- actions between mouse melanoma cells, Th2/Th1 cells and M2/M1 macro- phages, to investigate the unknown role of the re-polarisation between M1 and M2 macrophages on tumour growth. The results show that tumour growth is associated with a type-II immune response described by large num- bers of Th2 and M2 cells. Moreover, we show that: (i) the ratio k of the transition rates k12 (for the re-polarisation M1→M2) and k21 (for the re- polarisation M2→M1) is important in reducing tumour population, and (ii) the particular values of these transition rates control the delay in tumour growth and the final tumour size. We also perform a sensitivity analysis to investigate the effect of various model parameters on changes in the tumour cell population, and confirm that the ratio k alone and the ratio of M2 and M1 macrophage populations at earlier times (e.g., day 7), cannot always predict the final tumour size.To cite BioModels Database, please use: BioModels Database: An enhanced, curated and annotated resource for published quantitative kinetic models . To the extent possible under law, all copyright and related or neighbouring rights to this encoded model have been dedicated to the public domain worldwide. Please refer to CC0 Public Domain Dedication for more information.",
    "format": {
        "name": "SBML",
        "identifier": "SBML",
        "version": "*"
    },
    "publication": {
        "type": "PubMed ID",
        "accession": "26551154",
        "journal": "Journal of theoretical biology",
        "title": "The re-polarisation of M2 and M1 macrophages and its role on cancer outcomes.",
        "affiliation": "Centre for Advanced Computational Solutions (C-fACS), Lincoln University, Lincoln 7476, New Zealand; Division of Mathematics, University of Dundee, Dundee DD1 4HN, United Kingdom; Division of Cancer Research, University of Dundee, Dundee DD1 9SY, United Kingdom. Electronic address: nicoline.vanloenen@lincolnuni.ac.nz.",
        "synopsis": "The anti-tumour and pro-tumour roles of Th1/Th2 immune cells and M1/M2 macrophages have been documented by numerous experimental studies. However, it is still unknown how these immune cells interact with each other to control tumour dynamics. Here, we use a mathematical model for the interactions between mouse melanoma cells, Th2/Th1 cells and M2/M1 macrophages, to investigate the unknown role of the re-polarisation between M1 and M2 macrophages on tumour growth. The results show that tumour growth is associated with a type-II immune response described by large numbers of Th2 and M2 cells. Moreover, we show that (i) the ratio k of the transition rates k12 (for the re-polarisation M1→M2) and k21 (for the re-polarisation M2→M1) is important in reducing tumour population, and (ii) the particular values of these transition rates control the delay in tumour growth and the final tumour size. We also perform a sensitivity analysis to investigate the effect of various model parameters on changes in the tumour cell population, and confirm that the ratio k alone and the ratio of M2 and M1 macrophage populations at earlier times (e.g., day 7) cannot always predict the final tumour size.",
        "year": 2016,
        "month": "2",
        "volume": "390",
        "pages": "23-39",
        "link": "http://identifiers.org/pubmed/26551154",
        "authors": [
            {
                "name": "Nicoline Y den Breems",
                "institution": "Centre for Advanced Computational Solutions (C-fACS), Lincoln University, Lincoln 7476, New Zealand; Division of Mathematics, University of Dundee, Dundee DD1 4HN, United Kingdom; Division of Cancer Research, University of Dundee, Dundee DD1 9SY, United Kingdom. Electronic address: nicoline.vanloenen@lincolnuni.ac.nz.",
                "orcid": "0000-0001-7300-4975"
            },
            {
                "name": "Eftimie R",
                "institution": "Division of Mathematics, University of Dundee, Dundee, DD1 4HN, UK. r.a.eftimie@dundee.ac.uk.",
                "orcid": "0000-0002-9726-1498"
            }
        ]
    },
    "files": {
        "main": [
            {
                "name": "denBreems2015.xml",
                "description": "SBML L2V5 representation of the macrophage transition in cancer model",
                "fileSize": "111972",
                "mimeType": "application/xml",
                "md5sum": "521cf7967f0d2479520804fa497df2ed",
                "sha1sum": "ec2b444973f8c0a3ae593172bcbac537f2626d0a",
                "sha256sum": "3d881b355f235b49f30ba029c5b1e8c0de8d07af512d818f816a30a10748f177"
            }
        ],
        "additional": [
            {
                "name": "curation_image.png",
                "description": "Reproduced figure(s) from original curation.",
                "fileSize": "62591",
                "mimeType": "image/png",
                "md5sum": "ceca9220ecfbc2dd10c506cd133b59ef",
                "sha1sum": "724a25bebe3722ccd71f9224d1ab78d49f0889a6",
                "sha256sum": "4ad4aa0e8caabad5cfa2e94d664067429e059890abe14ac5dd533531cfb2b727"
            },
            {
                "name": "curation_notes.txt",
                "description": "Notes from original curation (describes curation_image).",
                "fileSize": "106",
                "mimeType": "text/plain",
                "md5sum": "55a4506569784e656058f2913d3d8521",
                "sha1sum": "9c0f2f90be01312101cc8dcec1edc83680b2f6b5",
                "sha256sum": "f57723852b02ce1685ed5b9121e801219a72467fbe1df23b039905513bc51e7d"
            },
            {
                "name": "denBreems2015-biopax2.owl",
                "description": "Auto-generated BioPAX (Level 2) file.",
                "fileSize": "21073",
                "mimeType": "application/rdf+xml",
                "md5sum": "ebd811e87627635cedff414e879b3ec4",
                "sha1sum": "bd97f9956a40bc2d9db9e59bf44aa9c66eae94ae",
                "sha256sum": "31283abfc4538b41771565e387da45a7d6741cddf2401f3d7dacef62974c39a7"
            },
            {
                "name": "denBreems2015-biopax3.owl",
                "description": "Auto-generated BioPAX (Level 3) file.",
                "fileSize": "31366",
                "mimeType": "application/rdf+xml",
                "md5sum": "95c523b088595a2bff18dcd326345e1b",
                "sha1sum": "68cbd0238bfcc8e5866d78bbc3e465cc0d09467b",
                "sha256sum": "c7e9a2dbf3d7e42880ccf222d759693f1bbbadb731066f317b6d55a5c9a9f391"
            },
            {
                "name": "denBreems2015-matlab.m",
                "description": "Auto-generated Matlab file.",
                "fileSize": "9043",
                "mimeType": "text/x-matlab",
                "md5sum": "18c3fd64eb7ad74f704b4fcc3c7ec975",
                "sha1sum": "4256f55eca1f05add2a17d20ca5e4fd646f99952",
                "sha256sum": "25dbe890a53422be29a0189280fa6be06c99294c8d8779ec424df0db33542ef5"
            },
            {
                "name": "denBreems2015-octave.m",
                "description": "Auto-generated Octave file.",
                "fileSize": "9043",
                "mimeType": "text/x-matlab",
                "md5sum": "2d1acea1a6f0f869753185fdff10f417",
                "sha1sum": "b3f323bb3d0b4e43ed274ca69080465eebaa58c3",
                "sha256sum": "6ec4c192dfe7bcb7f3a39219f04bd25d9d77d721fdb37b68532043f9b53cab6d"
            },
            {
                "name": "denBreems2015.cps",
                "description": "COPASI 4.29 (Build 228) representation of the macrophage transition in cancer model",
                "fileSize": "140444",
                "mimeType": "application/xml",
                "md5sum": "35258e9245be8edf891439a37b876b18",
                "sha1sum": "fedd98a73039798d2a8e9599d42c2636c8052272",
                "sha256sum": "92c920f9d08a40c897f5b5e1b4a71987804dce104a3245e4aaaf14c18d82b2eb"
            },
            {
                "name": "denBreems2015.ode",
                "description": "Auto-generated ODE file for XPP.",
                "fileSize": "6570",
                "mimeType": "text/plain",
                "md5sum": "8dea44ca61c87a6361e3f65801a903f8",
                "sha1sum": "7ce800f26ec4882f672cde413668113597522a9b",
                "sha256sum": "b5c27ff6948a750faa73023a92703b5c0629fe993fb6e65639cd2bd54bdb0b8a"
            },
            {
                "name": "denBreems2015.sedml",
                "description": "SED-ML representation of the macrophage transition in cancer model (additionally CRBM-validated and adjusted).",
                "fileSize": "29650",
                "mimeType": "application/xml",
                "md5sum": "361a005c9328a2a90823f3eadfc9a85e",
                "sha1sum": "349a8deeb5d42633fb40a9ce32049c78d56b8a3e",
                "sha256sum": "7a5067f3dfc7bb6d65111fc93c91da70c0d5e74a10a09c49346c246cfdcbbd8d"
            },
            {
                "name": "manifest.xml",
                "description": "Auto-generated manifest file for OMEX archives.",
                "fileSize": "1435",
                "mimeType": "application/xml",
                "md5sum": "885c34a419b75f96d7a9d357d2459610",
                "sha1sum": "8d806d74aff770c616a4bc23e0ac2dbcd1ca05a4",
                "sha256sum": "e157d6bf865b941d0590e02664cb19e2389fea44e01350d8bd37518e051c7b3e"
            },
            {
                "name": "metadata.rdf",
                "description": "Auto-generated annotation metadata file.",
                "fileSize": "3583",
                "mimeType": "application/rdf+xml",
                "md5sum": "95f2f4a938e65f2e8baddbc662462c3c",
                "sha1sum": "24ec587834b99f7c25bec5d1b262598a04a44cf3",
                "sha256sum": "1eea09d9c1f2db0423c0032b8801b5134a755c3412d7d3b99282087cbe910fc8"
            }
        ]
    },
    "history": {
        "revisions": [
            {
                "version": 3,
                "submitted": 1563983543,
                "submitter": "Jinghao Men",
                "comment": "Automatically added model identifier BIOMD0000000759"
            },
            {
                "version": 4,
                "submitted": 1614945059,
                "submitter": "Kausthubh Ramachandran",
                "comment": "Updated model files - COPASI, SBML L2V5, SED-ML and COMBINE archive. Only SBML L3V1 and SED-ML files were previously available."
            },
            {
                "version": 5,
                "submitted": 1724285406,
                "submitter": "Lucian Smith",
                "comment": "CRBM-sponsored manual and automated updates."
            }
        ]
    },
    "firstPublished": 1725281846,
    "submissionId": "MODEL1907240004",
    "publicationId": "BIOMD0000000759",
    "modellingApproach": {
        "accession": "MAMO_0000046",
        "name": "ordinary differential equation model",
        "resource": "http://identifiers.org/mamo/MAMO_0000046"
    },
    "curationStatus": "NON_CURATED",
    "modelTags": [
        "Immuno-oncology"
    ],
    "contributors": {
        "Curator": [
            {
                "name": "Lucian Smith",
                "email": "lpsmith@uw.edu",
                "affiliation": "University of Washington",
                "orcid": "0000-0001-7002-6386",
                "external": false
            }
        ],
        "Modeller": [
            {
                "name": "Jinghao Men",
                "email": "jm2187@cam.ac.uk",
                "affiliation": "University of Cambridge",
                "orcid": "0000-0003-4781-8144",
                "external": false
            },
            {
                "name": "Kausthubh Ramachandran",
                "email": "rkausthubh@gmail.com",
                "affiliation": "EMBL-EBI",
                "orcid": "0000-0002-6221-8166",
                "external": false
            }
        ]
    },
    "vcsIdentifier": "aai",
    "modelLevelAnnotations": [
        {
            "qualifier": "bqmodel:isDescribedBy",
            "accession": "26551154",
            "resource": "PubMed",
            "uri": "http://identifiers.org/pubmed/26551154"
        },
        {
            "qualifier": "bqmodel:is",
            "accession": "MODEL1907240004",
            "resource": "BioModels Database",
            "uri": "https://identifiers.org/biomodels.db:MODEL1907240004"
        },
        {
            "qualifier": "bqbiol:is",
            "accession": "MODEL1907240004",
            "resource": "BioModels Database",
            "uri": "http://identifiers.org/biomodels.db/MODEL1907240004"
        },
        {
            "qualifier": "bqbiol:is",
            "accession": "BIOMD0000000759",
            "resource": "BioModels Database",
            "uri": "http://identifiers.org/biomodels.db/BIOMD0000000759"
        },
        {
            "qualifier": "bqbiol:hasTaxon",
            "accession": "9606",
            "name": "Homo sapiens",
            "resource": "Taxonomy",
            "uri": "http://identifiers.org/taxonomy/9606"
        },
        {
            "qualifier": "bqbiol:hasProperty",
            "accession": "MAMO_0000046",
            "name": "Ordinary differential equation model",
            "resource": "Mathematical Modelling Ontology",
            "uri": "http://identifiers.org/mamo/MAMO_0000046"
        },
        {
            "qualifier": "bqbiol:hasProperty",
            "accession": "GO:0002418",
            "name": "immune response to tumor cell",
            "resource": "Gene Ontology",
            "uri": "http://identifiers.org/go/GO:0002418"
        }
    ]
}