{
    "name": "Dubey2007 - A mathematical model for the effect of toxicant on the immune system (with toxicant effect) Model2",
    "description": "<notes xmlns=\"http://www.sbml.org/sbml/level2/version4\">      <body xmlns=\"http://www.w3.org/1999/xhtml\">        <pre>In this paper, a nonlinear mathematical model is proposed and analyzed to study theeffect of environmental toxicant on the immune response of the body. Criteria for localstability, instability and global stability are obtained. It is shown that the immuneresponse of the body decreases as the concentration of environmental toxicant increases,and certain criteria are obtained under which it settles down at its equilibrium level.In the absence of toxicant, an oscillatory behavior of immune system and pathogenicgrowth is observed. However, in the presence of toxicant, oscillatory behavior is notobserved. These studies show that the toxicant may have a grave effect on our body’sdefense mechanism.Keywords: Pathogen; Immune Response; Toxicant; Stability.</pre>      </body>    </notes>",
    "format": {
        "name": "SBML",
        "identifier": "SBML",
        "version": "L2V4"
    },
    "publication": {
        "type": "DOI",
        "accession": "10.1142/S0218339007002301",
        "journal": "Journal of Biological Systems",
        "title": "A mathematical model for the effect of toxicant on the immune system",
        "affiliation": "Department of Biological Sciences\r\nDepartment of Mathematics\r\nBITS, Pilani – 333 031, India",
        "synopsis": "In this paper, a nonlinear mathematical model is proposed and analyzed to study the effect of environmental toxicant on the immune response of the body. Criteria for local stability, instability and global stability are obtained. It is shown that the immune response of the body decreases as the concentration of environmental toxicant increases, and certain criteria are obtained under which it settles down at its equilibrium level. In the absence of toxicant, an oscillatory behavior of immune system and pathogenic growth is observed. However, in the presence of toxicant, oscillatory behavior is not observed. These studies show that the toxicant may have a grave effect on our body's defense mechanism.",
        "year": 2007,
        "month": "7",
        "volume": "15",
        "issue": "4",
        "pages": "473-493",
        "link": "http://identifiers.org/doi/10.1142/S0218339007002301",
        "authors": [
            {
                "name": "UMA S. DUBEY and BALRAM DUBEY"
            }
        ]
    },
    "files": {
        "main": [
            {
                "name": "Dubey2007_model2.xml",
                "description": "SBML L2V4 representation of Dubey2007 - A mathematical model for the effect of toxicant on the immune system (with toxicant effect) Model2",
                "fileSize": "48426",
                "mimeType": "application/xml",
                "md5sum": "5e59ce595bc318b087578eee71e6145a",
                "sha1sum": "e5a72ff0217753d3c12841b5fae19204eb7cc6c1",
                "sha256sum": "a9b7642eae7ebf17badeb30740a96f7157761cd5cd459fe7d04072d184fd065c"
            }
        ],
        "additional": [
            {
                "name": "Dubey2007_model2-biopax2.owl",
                "description": "Auto-generated BioPAX (Level 2) file.",
                "fileSize": "14259",
                "mimeType": "application/rdf+xml",
                "md5sum": "e2ad16e5e4b13275690df5e2f0a8d7f8",
                "sha1sum": "a024cee4085c5888317dadb817ecd04589707bfb",
                "sha256sum": "7083b4a5da449af085d3a5a2f126c0b90dd60f58bd10d46242ef116e46b9e447"
            },
            {
                "name": "Dubey2007_model2-biopax3.owl",
                "description": "Auto-generated BioPAX (Level 3) file.",
                "fileSize": "21174",
                "mimeType": "application/rdf+xml",
                "md5sum": "5a89083082aace53f84778f10900df17",
                "sha1sum": "c18e15e0e4a9692a91b072ba9c7a962981078661",
                "sha256sum": "433530bc7b5476cbd1fc39a8f0e9aec2a0e3973faf63ea102994865ab9979969"
            },
            {
                "name": "Dubey2007_model2-matlab.m",
                "description": "Auto-generated Matlab file.",
                "fileSize": "9047",
                "mimeType": "text/x-matlab",
                "md5sum": "723c9f6ab741ba6656526f386dc00d82",
                "sha1sum": "1f320a7ebc504bda83ae3472a4038f0a7cb80e75",
                "sha256sum": "6ba54c890a148bdbd06751f564493c60ece638fbdbfc2cb7527308c7522ee3ef"
            },
            {
                "name": "Dubey2007_model2-octave.m",
                "description": "Auto-generated Octave file.",
                "fileSize": "9047",
                "mimeType": "text/x-matlab",
                "md5sum": "4c8c7c08648afce4f10e9eccc98c68ab",
                "sha1sum": "665afc36c0d2113b5e70dc6ba51677c0670a2e28",
                "sha256sum": "58f1fb59d821cca231619a811b1435d03cc142e24877e022d2d405b70392854b"
            },
            {
                "name": "Dubey2007_model2.cps",
                "description": "COPASI version 4.24 (Build 197) representation of Dubey2007 - A mathematical model for the effect of toxicant on the immune system (with toxicant effect) Model2",
                "fileSize": "85608",
                "mimeType": "application/xml",
                "md5sum": "9c4f34023bea7cb7472fe2498afcfe78",
                "sha1sum": "b6a47acaa5f75fed663841edd041a4175d06c5ad",
                "sha256sum": "ae32e30db4e9c5d09c03bc2e36e8db75169ba594adfbbafb1a8bc039f2390189"
            },
            {
                "name": "Dubey2007_model2.ode",
                "description": "Auto-generated ODE file for XPP.",
                "fileSize": "6678",
                "mimeType": "text/plain",
                "md5sum": "ba14f34116c4a4cca798786d60cf8892",
                "sha1sum": "a082769f2f689cf22b0fab6459a7011b370c3cca",
                "sha256sum": "55942d9d3c45b468d98fb1883bce4d57f1e74820a360c452d61908e7dbd0123c"
            },
            {
                "name": "Dubey2007_model2.sedml",
                "description": "SEDML L1V2 representation of Dubey2007 - A mathematical model for the effect of toxicant on the immune system (with toxicant effect) Model2 (additionally CRBM-validated and adjusted).",
                "fileSize": "21734",
                "mimeType": "application/xml",
                "md5sum": "abc0119096b9db92d1e7818acad27655",
                "sha1sum": "f1caba92de3726894110bc1d689589a8fdcc4af5",
                "sha256sum": "d33e0497cbe8a6e2f653a62968f36cfb8bb746f2b6876f9e50df5c1093128ba4"
            },
            {
                "name": "curation_image.png",
                "description": "Reproduced figure(s) from original curation.",
                "fileSize": "302850",
                "mimeType": "image/png",
                "md5sum": "4dc26f8d09e1590b3f4cadbd181c8183",
                "sha1sum": "cea04e61fa1f6c181431c182ca8f3331b1a5ac82",
                "sha256sum": "44d0bcc0ae7e0009b5e60566751addf5f5768e4ed84149fd7440a14e8ce037fe"
            },
            {
                "name": "curation_notes.txt",
                "description": "Notes from original curation (describes curation_image).",
                "fileSize": "280",
                "mimeType": "text/plain",
                "md5sum": "a58e5cc2630d5d9eba59ee16da6037b4",
                "sha1sum": "ba04e6a48c7b41c93cd3653cded88f6d1b861613",
                "sha256sum": "605ce5380383692d8f39d66152ce2bef296ca0d5733c57b58c737e655e56526a"
            },
            {
                "name": "manifest.xml",
                "description": "Auto-generated manifest file for OMEX archives.",
                "fileSize": "1459",
                "mimeType": "application/xml",
                "md5sum": "ff2307e204c6d5bc1169b885fd7e83ff",
                "sha1sum": "3db8cf56975b2150993899a44700f0ce2117938c",
                "sha256sum": "012b55793b7ae32ba3ce33500d8dd22f7b0a888160dfc4e8b682b6e8b6a8bbf1"
            },
            {
                "name": "metadata.rdf",
                "description": "Auto-generated annotation metadata file.",
                "fileSize": "2381",
                "mimeType": "application/rdf+xml",
                "md5sum": "a32f06c71831730c567c0408198716d3",
                "sha1sum": "a7a4c47f4d1865086cc6b3d0c80f803d2ae1f593",
                "sha256sum": "2d9237ea19794fcd038d76145a6715b29dceb4d5871b21ace541f7b973463db4"
            }
        ]
    },
    "history": {
        "revisions": [
            {
                "version": 2,
                "submitted": 1576769379,
                "submitter": "Mohammad Umer Sharif Shohan",
                "comment": "Automatically added model identifier BIOMD0000000905"
            },
            {
                "version": 3,
                "submitted": 1724288986,
                "submitter": "Lucian Smith",
                "comment": "CRBM-sponsored manual and automated updates."
            }
        ]
    },
    "firstPublished": 1725281936,
    "submissionId": "MODEL1912190001",
    "publicationId": "BIOMD0000000905",
    "modellingApproach": {
        "accession": "MAMO_0000046",
        "name": "ordinary differential equation model",
        "resource": "http://identifiers.org/mamo/MAMO_0000046"
    },
    "curationStatus": "CURATED",
    "contributors": {
        "Curator": [
            {
                "name": "Lucian Smith",
                "email": "lpsmith@uw.edu",
                "affiliation": "University of Washington",
                "orcid": "0000-0001-7002-6386",
                "external": false
            }
        ],
        "Modeller": [
            {
                "name": "Mohammad Umer Sharif Shohan",
                "email": "msharifshohan@ebi.ac.uk",
                "affiliation": "EMBL-EBI",
                "orcid": "0000-0003-3985-2879",
                "external": false
            }
        ]
    },
    "vcsIdentifier": "aai",
    "modelLevelAnnotations": [
        {
            "qualifier": "bqbiol:hasTaxon",
            "accession": "9606",
            "name": "Homo sapiens",
            "resource": "Taxonomy",
            "uri": "http://identifiers.org/taxonomy/9606"
        },
        {
            "qualifier": "bqbiol:hasProperty",
            "accession": "MAMO_0000046",
            "name": "Ordinary differential equation model",
            "resource": "Mathematical Modelling Ontology",
            "uri": "http://identifiers.org/mamo/MAMO_0000046"
        },
        {
            "qualifier": "bqmodel:hasInstance",
            "accession": "9606",
            "name": "Homo sapiens",
            "resource": "Taxonomy",
            "uri": "http://identifiers.org/taxonomy/9606"
        },
        {
            "qualifier": "bqmodel:hasInstance",
            "accession": "MAMO_0000046",
            "name": "Ordinary differential equation model",
            "resource": "Mathematical Modelling Ontology",
            "uri": "http://identifiers.org/mamo/MAMO_0000046"
        },
        {
            "qualifier": "bqmodel:hasInstance",
            "accession": "BTO:0005810",
            "name": "immune system",
            "resource": "Brenda Tissue Ontology",
            "uri": "http://identifiers.org/bto/BTO:0005810"
        },
        {
            "qualifier": "bqmodel:isDescribedBy",
            "accession": "10.1142/S0218339007002301",
            "resource": "DOI",
            "uri": "http://identifiers.org/doi/10.1142/S0218339007002301"
        },
        {
            "qualifier": "bqmodel:isDescribedBy",
            "accession": "BTO:0005810",
            "name": "immune system",
            "resource": "Brenda Tissue Ontology",
            "uri": "http://identifiers.org/bto/BTO:0005810"
        },
        {
            "qualifier": "bqmodel:is",
            "accession": "BIOMD0000000905",
            "resource": "BioModels Database",
            "uri": "http://identifiers.org/biomodels.db/BIOMD0000000905"
        },
        {
            "qualifier": "bqmodel:is",
            "accession": "MODEL1912190001",
            "resource": "BioModels Database",
            "uri": "http://identifiers.org/biomodels.db/MODEL1912190001"
        }
    ]
}