{
    "name": "Mol2013 - Immune Signal Transduction in Leishmaniasis",
    "description": "<notes xmlns=\"http://www.sbml.org/sbml/level2/version4\">      <p xmlns=\"http://www.w3.org/1999/xhtml\">    Created by The MathWorks, Inc. SimBiology tool, Version 3.3</p>          </notes>",
    "format": {
        "name": "SBML",
        "identifier": "SBML",
        "version": "L2V4"
    },
    "publication": {
        "type": "PubMed ID",
        "accession": "23994140",
        "journal": "Biochimica et biophysica acta",
        "title": "Immune signal transduction in leishmaniasis from natural to artificial systems: role of feedback loop insertion.",
        "affiliation": "National Centre for Cell Science, NCCS Complex, Ganeshkhind, Pune University Campus, Pune 411007, India.",
        "synopsis": "<h4>Background</h4>Modulated immune signal (CD14-TLR and TNF) in leishmaniasis can be linked to EGFR pathway involved in wound healing, through crosstalk points. This signaling network can be further linked to a synthetic gene circuit acting as a positive feedback loop to elicit a synchronized intercellular communication among the immune cells which may contribute to a better understanding of signaling dynamics in leishmaniasis.<h4>Methods</h4>Network reconstruction with positive feedback loop, simulation (ODE 15s solver) and sensitivity analysis of CD14-TLR, TNF and EGFR was done in SimBiology (MATLAB 7.11.1). Cytoscape and adjacency matrix were used to calculate network topology. PCA was extracted by using sensitivity coefficient in MATLAB. Model reduction was done using time, flux and sensitivity score.<h4>Results</h4>Network has five crosstalk points: NIK, IκB-NFκB and MKK (4/7, 3/6, 1/2) which show high flux and sensitivity. PI3K in EGFR pathway shows high flux and sensitivity. PCA score was high for cytoplasmic ERK1/2, PI3K, Atk, STAT1/3 and nuclear JNK. Of the 125 parameters, 20% are crucial as deduced by model reduction.<h4>Conclusions</h4>EGFR can be linked to CD14-TLR and TNF through the MAPK crosstalk points. These pathways may be controlled through Ras and Raf that lie upstream of signaling components ERK ½ (c) and JNK (n) that have a high PCA score via a synthetic gene circuit for activating cell-cell communication to elicit an inflammatory response. Also a disease resolving effect may be achieved through PI3K in the EGFR pathway.<h4>General significance</h4>The reconstructed signaling network can be linked to a gene circuit with a positive feedback loop, for cell-cell communication resulting in synchronized response in the immune cell population, for disease resolving effect in leishmaniasis.",
        "year": 2014,
        "month": "1",
        "volume": "1840",
        "issue": "1",
        "pages": "71-79",
        "link": "http://identifiers.org/pubmed/23994140",
        "authors": [
            {
                "name": "Milsee Mol",
                "institution": "National Centre for Cell Science, NCCS Complex, Ganeshkhind, Pune University Campus, Pune 411007, India."
            },
            {
                "name": "Milind S Patole"
            },
            {
                "name": "Shailza Singh"
            }
        ]
    },
    "files": {
        "main": [
            {
                "name": "BIOMD0000000477_url.xml",
                "description": "SBML L2V4 representation of Mol2013 - Immune Signal Transduction in Leishmaniasis",
                "fileSize": "119464",
                "mimeType": "application/xml",
                "md5sum": "7e24d93586d844ab9d6d4f711ed5ebe1",
                "sha1sum": "843e39cb42de2b96453f4645afa7a1d4f5d886f9",
                "sha256sum": "9f71e1226e2770f3e1802cfd56bd407f5d552846bce0ff61e52c864c461d740f"
            }
        ],
        "additional": [
            {
                "name": "BIOMD0000000477-biopax2.owl",
                "description": "Auto-generated BioPAX (Level 2)",
                "fileSize": "100408",
                "mimeType": "application/rdf+xml",
                "md5sum": "7efe05cedc8f1b5a818f0fecefa93b67",
                "sha1sum": "27cf025d7b872280fc73432776dac1e65dfe7e1f",
                "sha256sum": "aa704db588120c7067ecadbfdbe9d03d8cfad7f20d48fb8f3364ab3cb3071389"
            },
            {
                "name": "BIOMD0000000477-biopax3.owl",
                "description": "Auto-generated BioPAX (Level 3)",
                "fileSize": "166796",
                "mimeType": "application/rdf+xml",
                "md5sum": "0018b72fb9461ea3a932238eac688765",
                "sha1sum": "aca008cf9fb2a625a87ceb6e5b5f14d4b0aa3b86",
                "sha256sum": "28ca332cd8f3fd385cc0791cdfa2bab108f33442b145c3249f1e48df67c90def"
            },
            {
                "name": "BIOMD0000000477-matlab.m",
                "description": "Auto-generated Matlab file.",
                "fileSize": "41642",
                "mimeType": "text/x-matlab",
                "md5sum": "f02ecaff29a9ba4c00389e983c6dd0ee",
                "sha1sum": "9bdc7b268c61a1afa7931b64eb11aeb405132fe7",
                "sha256sum": "904cf7426dfb858be2a0279ae27c3bb7257d8394b181c30888818a41af6b9a1f"
            },
            {
                "name": "BIOMD0000000477-octave.m",
                "description": "Auto-generated Octave file.",
                "fileSize": "41642",
                "mimeType": "text/x-matlab",
                "md5sum": "f32912aebb95ed0636f688db9ec59e67",
                "sha1sum": "b20a43a5f31f85899b59e8bfaee8c8ed741a5425",
                "sha256sum": "b3e0d77e3e6a60f011086dbad0d70bd4103cfa885df8c33201c6b0b6e80bd223"
            },
            {
                "name": "BIOMD0000000477.m",
                "description": "Auto-generated Octave file",
                "fileSize": "41642",
                "mimeType": "text/x-matlab",
                "md5sum": "f32912aebb95ed0636f688db9ec59e67",
                "sha1sum": "b20a43a5f31f85899b59e8bfaee8c8ed741a5425",
                "sha256sum": "b3e0d77e3e6a60f011086dbad0d70bd4103cfa885df8c33201c6b0b6e80bd223"
            },
            {
                "name": "BIOMD0000000477.ode",
                "description": "Auto-generated ODE file for XPP.",
                "fileSize": "23609",
                "mimeType": "text/plain",
                "md5sum": "6dd7c962a7ef02b9383dc94bb8019da7",
                "sha1sum": "15dd2791a34f324a0e9188041860b45f739cb8ba",
                "sha256sum": "750f7789f48a367037517341ac2c2051033a067f4a254f5dadc9d20cadb905f9"
            },
            {
                "name": "BIOMD0000000477.pdf",
                "description": "Auto-generated PDF file",
                "fileSize": "518669",
                "mimeType": "application/pdf",
                "md5sum": "2665cd80b9b3324437b9fc5cd0e12225",
                "sha1sum": "e51b32c37fbbd93f47da26ddab0d49b1ac7b064f",
                "sha256sum": "cc83fb8aef912d32f0b7604fc13177fc377852f5783b1dad1309f478fde6260d"
            },
            {
                "name": "BIOMD0000000477.png",
                "description": "Auto-generated Reaction graph (PNG)",
                "fileSize": "326962",
                "mimeType": "image/png",
                "md5sum": "306b7fad94b22b2512916dc5a5d8124c",
                "sha1sum": "978a32e3f2e03a038772f1fb77b651e73470fa6a",
                "sha256sum": "e59c6bfd41b223772f0b11d4fef5417b3a71621b308a6163c7ea9893813a5746"
            },
            {
                "name": "BIOMD0000000477.svg",
                "description": "Auto-generated Reaction graph (SVG)",
                "fileSize": "201740",
                "mimeType": "image/svg+xml",
                "md5sum": "65180f804069ec858e4fdeed669f6be2",
                "sha1sum": "a5d0b10ae956cce3d426f5d869440eac6ea1b050",
                "sha256sum": "11d0e6dd3470021d23145163ab30739df35557a786791cb88c63542534157cb6"
            },
            {
                "name": "BIOMD0000000477.vcml",
                "description": "Auto-generated VCML file",
                "fileSize": "154108",
                "mimeType": "application/xml",
                "md5sum": "195e0303b94e67c19827ea80b58da362",
                "sha1sum": "58e7bf78294484ab17cf40aa42dd6224119b88a0",
                "sha256sum": "fe2d0d0c1bd497fa7cc0e1ea8f672a33cad8e6c713f9487b1b8d8f3f56f5f7fb"
            },
            {
                "name": "MODEL1308080000_figure5.cps",
                "description": "Reaction fluxes of signalling components that are at the crosstalk point and that show high PCA score.",
                "fileSize": "155303",
                "mimeType": "application/xml",
                "md5sum": "55707e0b254bb7e8f60c758ab38f6c96",
                "sha1sum": "486193ce309d2c1611edd39c0699f0121fb97153",
                "sha256sum": "8f767c97f84b1740243178eff1f561dc163dbea1105c02200a9a65fbc4c78f4b"
            },
            {
                "name": "MODEL1308080000_figure5.sedml",
                "description": "CRBM-processed SED-ML file, based on original COPASI save file export.",
                "fileSize": "73419",
                "mimeType": "application/xml",
                "md5sum": "dddf3d04fa635fecaf5fe28de6c0f799",
                "sha1sum": "8fcea7e68778b3e50622d8b354734c38b9cf0426",
                "sha256sum": "c882e6f4cfb6e7154dc385ba67e1656b61dad4068870f7a14cb7ed308da475ae"
            },
            {
                "name": "curation_image.png",
                "description": "Reproduced figure(s) from original curation.",
                "fileSize": "87469",
                "mimeType": "image/png",
                "md5sum": "832e650a916f475abcdea283c4f75d65",
                "sha1sum": "a54568f7b063ca710b29521f759c42925e175fa6",
                "sha256sum": "0f7c61ecc8d21ca029220d9d2388d0503eeb427e5b641e5eb201625659a7a249"
            },
            {
                "name": "curation_notes.txt",
                "description": "Notes from original curation (describes curation_image).",
                "fileSize": "461",
                "mimeType": "text/plain",
                "md5sum": "d55d8da47c1476098376f198353c8888",
                "sha1sum": "d3acf7b61da88de9d17999dd7c2896a0183038ec",
                "sha256sum": "456e5641a804b1bdb3690be960e8d31d4b649f3eea078128666c7a804450424a"
            },
            {
                "name": "manifest.xml",
                "description": "Auto-generated manifest file for OMEX archives.",
                "fileSize": "2045",
                "mimeType": "application/xml",
                "md5sum": "706fe415c4c57adb41a18054fe7dfdab",
                "sha1sum": "0df418d9d1ab74e83ba1987415fe3548993f02ff",
                "sha256sum": "c3e23a412298aa98172408babb90a55b09814e6e8b06e0fffe0271315725d787"
            },
            {
                "name": "metadata.rdf",
                "description": "Auto-generated annotation metadata file.",
                "fileSize": "1918",
                "mimeType": "application/rdf+xml",
                "md5sum": "e5fc59f4b73665962bcf85b915216e01",
                "sha1sum": "d66d452dacdce738801f9bb674c5cc19fe475356",
                "sha256sum": "833a6584b3478c92bff07a77895c830e54df4df605dda3686b5ea52903aa2891"
            }
        ]
    },
    "history": {
        "revisions": [
            {
                "version": 1,
                "submitted": 1375960427,
                "submitter": "Shailza Singh",
                "comment": "Original import of network"
            },
            {
                "version": 2,
                "submitted": 1412939486,
                "submitter": "Shailza Singh",
                "comment": "Current version of Mol2013 - Immune Signal Transduction in Leishmaniasis"
            },
            {
                "version": 3,
                "submitted": 1545412887,
                "submitter": "administrator",
                "comment": "Include the additional files provided by the submitter in the original submission: MODEL1308080000_figure5.cps"
            },
            {
                "version": 4,
                "submitted": 1724274986,
                "submitter": "Lucian Smith",
                "comment": "CRBM-sponsored manual and automated updates."
            }
        ]
    },
    "firstPublished": 1725281619,
    "submissionId": "MODEL1308080000",
    "publicationId": "BIOMD0000000477",
    "modellingApproach": {
        "accession": "MAMO_0000046",
        "name": "ordinary differential equation model",
        "resource": "http://identifiers.org/mamo/MAMO_0000046"
    },
    "curationStatus": "CURATED",
    "contributors": {
        "Curator": [
            {
                "name": "Lucian Smith",
                "email": "lpsmith@uw.edu",
                "affiliation": "University of Washington",
                "orcid": "0000-0001-7002-6386",
                "external": false
            }
        ],
        "Modeller": [
            {
                "name": "administrator",
                "email": "biomodels-developers@ebi.ac.uk",
                "affiliation": "EMBL - European Bioinformatics Institute (EBI)",
                "external": false
            },
            {
                "name": "Shailza Singh",
                "email": "singhs@nccs.res.in",
                "affiliation": "National Centre for Cell Science, Pune",
                "external": false
            }
        ]
    },
    "vcsIdentifier": "aaa",
    "modelLevelAnnotations": [
        {
            "qualifier": "bqmodel:is",
            "accession": "MODEL1308080000",
            "resource": "BioModels Database",
            "uri": "http://identifiers.org/biomodels.db/MODEL1308080000"
        },
        {
            "qualifier": "bqmodel:is",
            "accession": "BIOMD0000000477",
            "resource": "BioModels Database",
            "uri": "http://identifiers.org/biomodels.db/BIOMD0000000477"
        },
        {
            "qualifier": "bqmodel:isDescribedBy",
            "accession": "23994140",
            "resource": "PubMed",
            "uri": "http://identifiers.org/pubmed/23994140"
        },
        {
            "qualifier": "bqbiol:hasTaxon",
            "accession": "9606",
            "name": "Homo sapiens",
            "resource": "Taxonomy",
            "uri": "http://identifiers.org/taxonomy/9606"
        },
        {
            "qualifier": "bqbiol:isVersionOf",
            "accession": "GO:0002764",
            "name": "immune response-regulating signaling pathway",
            "resource": "Gene Ontology",
            "uri": "http://identifiers.org/go/GO:0002764"
        },
        {
            "qualifier": "bqbiol:hasPart",
            "accession": "REACT_9417.7",
            "name": "Signaling by EGFR",
            "resource": "Reactome",
            "uri": "http://identifiers.org/reactome/REACT_9417.7"
        },
        {
            "qualifier": "bqbiol:hasProperty",
            "accession": "DOID:9065",
            "name": "leishmaniasis",
            "resource": "Human Disease Ontology",
            "uri": "http://identifiers.org/doid/DOID:9065"
        },
        {
            "qualifier": "bqbiol:hasProperty",
            "accession": "MAMO_0000046",
            "name": "Ordinary differential equation model",
            "resource": "Mathematical Modelling Ontology",
            "uri": "http://identifiers.org/mamo/MAMO_0000046"
        }
    ]
}