{
    "name": "dePillis2003 - The dynamics of an optimally controlled tumor model: A case study",
    "description": "&lt;notes xmlns=&quot;http://www.sbml.org/sbml/level2/version4&quot;&gt;      &lt;body xmlns=&quot;http://www.w3.org/1999/xhtml&quot;&gt;        &lt;pre&gt;The dynamics of an optimally controlled tumor model: A case studyL.GDe PillisabARadunskayaahttps://doi.org/10.1016/S0895-7177(03)00133-XAbstractWe present a phase-space analysis of a mathematical model of tumor growth with an immune response and chemotherapy. We prove that all orbits are bounded and must converge to one of several possible equilibrium points. Therefore, the long-term behavior of an orbit is classified according to the basin of attraction in which it starts. The addition of a drug term to the system can move the solution trajectory into a desirable basin of attraction. We show that the solutions of the model with a time-varying drug term approach the solutions of the system without the drug once traatment has stopped. We present numerical experiments in which optimal control therapy is able to drive the system into a desirable basin of attraction, whereas traditional pulsed chemotherapy is not.&lt;/pre&gt;      &lt;/body&gt;    &lt;/notes&gt;",
    "format": {
        "name": "SBML",
        "identifier": "SBML",
        "version": "L2V4"
    },
    "publication": {
        "type": "DOI",
        "accession": "10.1016/S0895-7177(03)00133-X",
        "journal": "Mathematical and Computer Modelling",
        "title": "The dynamics of an optimally controlled tumor model: A case study",
        "affiliation": "Harvey Mudd College, Claremont, CA 91711, U.S.A.\r\nPomona College, Claremont, CA 91711, U.S.A.",
        "synopsis": "Abstract\r\n\r\nWe present a phase-space analysis of a mathematical model of tumor growth with an immune response and chemotherapy. We prove that all orbits are bounded and must converge to one of several possible equilibrium points. Therefore, the long-term behavior of an orbit is classified according to the basin of attraction in which it starts. The addition of a drug term to the system can move the solution trajectory into a desirable basin of attraction. We show that the solutions of the model with a time-varying drug term approach the solutions of the system without the drug once traatment has stopped. We present numerical experiments in which optimal control therapy is able to drive the system into a desirable basin of attraction, whereas traditional pulsed chemotherapy is not.\r\n\r\nVolume 37, Issue 11, June 2003, Pages 1221-1244",
        "year": 2003,
        "month": "6",
        "volume": "37",
        "issue": "11",
        "pages": "1221-1244",
        "link": "http://identifiers.org/doi/10.1016/S0895-7177(03)00133-X",
        "authors": [
            {
                "name": "L.GDe Pillis , Radunskaya"
            }
        ]
    },
    "files": {
        "main": [
            {
                "name": "dePillis2003.xml",
                "description": "SBML L2V4 dePillis2003 - The dynamics of an optimally controlled tumor model: A case study",
                "fileSize": "43088",
                "mimeType": "application/xml",
                "md5sum": "a69853487e94207c4c123813c3f99525",
                "sha1sum": "2e7a3bc82a9c42f07cea8055c861ea06320a52dc",
                "sha256sum": "256313ad589d4620943ec06343395591d64113a712ed2b4a3a7d8c8960b15c3e"
            }
        ],
        "additional": [
            {
                "name": "curation_image.png",
                "description": "Reproduced figure(s) from original curation.",
                "fileSize": "22211",
                "mimeType": "image/png",
                "md5sum": "fa1c7c0c99efa9f113e44cc9e89c9763",
                "sha1sum": "8be2c38f55ca16b417f58beb7d42d5d658ebd4c5",
                "sha256sum": "cf0619d03997abe94ff9f71d649cced604a4fa92687716fcb99242cc91f8f39a"
            },
            {
                "name": "curation_notes.txt",
                "description": "Notes from original curation (describes curation_image).",
                "fileSize": "99",
                "mimeType": "text/plain",
                "md5sum": "357754109d4f9e952602243462949c14",
                "sha1sum": "eba98b299e6d35839efd6e013928ed9d9ec79c79",
                "sha256sum": "f492589b3c4350a4d77b108391cb9fa0c7990db91e305d4a3edab94e819daeba"
            },
            {
                "name": "dePillis2003-biopax2.owl",
                "description": "Auto-generated BioPAX (Level 2) file.",
                "fileSize": "13149",
                "mimeType": "application/rdf+xml",
                "md5sum": "3ee76c38db339d247d847ce345d7ac5a",
                "sha1sum": "b3934442606537010b8e8ea28a3a8a040895a81a",
                "sha256sum": "c68ca2fe603391558dcc25d9dab96d8e4760bfd0077c033d99cb9c330ce59ec4"
            },
            {
                "name": "dePillis2003-biopax3.owl",
                "description": "Auto-generated BioPAX (Level 3) file.",
                "fileSize": "17999",
                "mimeType": "application/rdf+xml",
                "md5sum": "f0299823aa9fc6e926cbaf6b13b19f34",
                "sha1sum": "672b659aba7401df1f5d454cf953b63f9920c54d",
                "sha256sum": "bdb1634da1b3c19ecc66fa3fc50602b8ef0fb07b123cfd2542eda9fa1e729c94"
            },
            {
                "name": "dePillis2003-matlab.m",
                "description": "Auto-generated Matlab file.",
                "fileSize": "7130",
                "mimeType": "text/x-matlab",
                "md5sum": "d581147e4dce04c8b84e629137ff8766",
                "sha1sum": "7ba2cebf5b0b020357a4646fcde419727c8c297e",
                "sha256sum": "3b5b3cf17862706ecbfe39eec7eeba16d5204e371f8cc41a52f6b425eab19008"
            },
            {
                "name": "dePillis2003-octave.m",
                "description": "Auto-generated Octave file.",
                "fileSize": "7130",
                "mimeType": "text/x-matlab",
                "md5sum": "d4d1a439b03753bf6d3fcd06d6655dfd",
                "sha1sum": "5604000cf60c666795318257af26b95b5abc2029",
                "sha256sum": "bf34d938d68a943a649308115cf693f294bbaece2c7278551929f8b7c33ea12d"
            },
            {
                "name": "dePillis2003.cps",
                "description": "COPASI version 4.24 (Build 197) dePillis2003 - The dynamics of an optimally controlled tumor model: A case study",
                "fileSize": "78050",
                "mimeType": "application/xml",
                "md5sum": "3d5b3efe045ea866109f6a69117a3997",
                "sha1sum": "d792ebcf3c2a2d0a7d6ae7269a91e77c514c75d5",
                "sha256sum": "a40c846f558e76d84fd7735014e7bf9f2a780f8ab378a81debde41bab990970f"
            },
            {
                "name": "dePillis2003.ode",
                "description": "Auto-generated ODE file for XPP.",
                "fileSize": "5276",
                "mimeType": "text/plain",
                "md5sum": "329b41cd61eb19f5cc5fec68ca6a5622",
                "sha1sum": "903ff4cf38feadc8564ffa69fc9ed85d2b0fa8e7",
                "sha256sum": "8ca3a8a921c973c16061ca8a08efe972fcaaa7ae8dbfb2164626be0acfb53602"
            },
            {
                "name": "dePillis2003.sedml",
                "description": "SEDML L1V2 dePillis2003 - The dynamics of an optimally controlled tumor model: A case study (additionally CRBM-validated and adjusted).",
                "fileSize": "19199",
                "mimeType": "application/xml",
                "md5sum": "60181eab0dffee50fd5b048b5b0718a6",
                "sha1sum": "d4f610a9020721595c2ca77f4cc7f015f17bd7fa",
                "sha256sum": "18fbbb550b444b4577cd140972802b813866cd4c7a5558f21db5bd1031deef9d"
            },
            {
                "name": "manifest.xml",
                "description": "Auto-generated manifest file for OMEX archives.",
                "fileSize": "1427",
                "mimeType": "application/xml",
                "md5sum": "97dff9cd53dd8c9774f48d4d3b1c3999",
                "sha1sum": "5e176e5af88b3ac952a0073050c3e5d2f9b9b3dc",
                "sha256sum": "7a1a2a6b8722f2ee2a389ae951787147d636d6509d8ae65b758abea66dfeae0c"
            },
            {
                "name": "metadata.rdf",
                "description": "Auto-generated annotation metadata file.",
                "fileSize": "3382",
                "mimeType": "application/rdf+xml",
                "md5sum": "1935ef4de15380907ae391d8974f0c23",
                "sha1sum": "f1a69539b26f06e0ffa1ee4f9255f3f1604e5d45",
                "sha256sum": "46d0de2df16372bfcb7b64e23c3b9ef8a01f351c2b45e08ede1a836c908209a0"
            }
        ]
    },
    "history": {
        "revisions": [
            {
                "version": 3,
                "submitted": 1578497956,
                "submitter": "Mohammad Umer Sharif Shohan",
                "comment": "Automatically added model identifier BIOMD0000000909"
            },
            {
                "version": 4,
                "submitted": 1724289082,
                "submitter": "Lucian Smith",
                "comment": "CRBM-sponsored manual and automated updates."
            }
        ]
    },
    "firstPublished": 1725281936,
    "submissionId": "MODEL2001080003",
    "publicationId": "BIOMD0000000909",
    "modellingApproach": {
        "accession": "MAMO_0000046",
        "name": "ordinary differential equation model",
        "resource": "http://identifiers.org/mamo/MAMO_0000046"
    },
    "curationStatus": "CURATED",
    "modelTags": [
        "Immuno-oncology"
    ],
    "contributors": {
        "Curator": [
            {
                "name": "Lucian Smith",
                "email": "lpsmith@uw.edu",
                "affiliation": "University of Washington",
                "orcid": "0000-0001-7002-6386",
                "external": false
            }
        ],
        "Modeller": [
            {
                "name": "Mohammad Umer Sharif Shohan",
                "email": "msharifshohan@ebi.ac.uk",
                "affiliation": "EMBL-EBI",
                "orcid": "0000-0003-3985-2879",
                "external": false
            }
        ]
    },
    "vcsIdentifier": "aai",
    "modelLevelAnnotations": [
        {
            "qualifier": "bqbiol:hasTaxon",
            "accession": "9606",
            "name": "Homo sapiens",
            "resource": "Taxonomy",
            "uri": "http://identifiers.org/taxonomy/9606"
        },
        {
            "qualifier": "bqbiol:hasProperty",
            "accession": "MAMO_0000046",
            "name": "Ordinary differential equation model",
            "resource": "Mathematical Modelling Ontology",
            "uri": "http://identifiers.org/mamo/MAMO_0000046"
        },
        {
            "qualifier": "bqmodel:hasInstance",
            "accession": "9606",
            "name": "Homo sapiens",
            "resource": "Taxonomy",
            "uri": "http://identifiers.org/taxonomy/9606"
        },
        {
            "qualifier": "bqmodel:hasInstance",
            "accession": "MAMO_0000046",
            "name": "Ordinary differential equation model",
            "resource": "Mathematical Modelling Ontology",
            "uri": "http://identifiers.org/mamo/MAMO_0000046"
        },
        {
            "qualifier": "bqmodel:hasInstance",
            "accession": "NCIT:C48686",
            "name": "Tumor Model",
            "resource": "NCIt",
            "uri": "http://identifiers.org/ncit/C48686"
        },
        {
            "qualifier": "bqmodel:isDescribedBy",
            "accession": "NCIT:C48686",
            "name": "Tumor Model",
            "resource": "NCIt",
            "uri": "http://identifiers.org/ncit/C48686"
        },
        {
            "qualifier": "bqmodel:isDescribedBy",
            "accession": "10.1016/S0895-7177(03)00133-X",
            "resource": "DOI",
            "uri": "http://identifiers.org/doi/10.1016/S0895-7177(03)00133-X"
        },
        {
            "qualifier": "bqmodel:isDerivedFrom",
            "accession": "10.1007/bf02460644",
            "resource": "DOI",
            "uri": "http://identifiers.org/doi/10.1007/bf02460644"
        },
        {
            "qualifier": "bqmodel:is",
            "accession": "BIOMD0000000909",
            "resource": "BioModels Database",
            "uri": "http://identifiers.org/biomodels.db/BIOMD0000000909"
        },
        {
            "qualifier": "bqmodel:is",
            "accession": "MODEL2001080003",
            "resource": "BioModels Database",
            "uri": "http://identifiers.org/biomodels.db/MODEL2001080003"
        }
    ]
}