{
    "name": "Aguilera 2014 - HIV latency. Interaction between HIV proteins and immune response",
    "description": "<notes xmlns=\"http://www.sbml.org/sbml/level2/version4\">      <body xmlns=\"http://www.w3.org/1999/xhtml\">        <div class=\"dc:title\">Aguilera 2014 - HIV latency. Interactionbetween HIV proteins and immune response</div><div class=\"dc:bibliographicCitation\">  <p>This model is described in the article:</p>  <div class=\"bibo:title\">    <a href=\"http://identifiers.org/pubmed/24997239\" title=\"Access to this publication\">Studying HIV latency by    modeling the interaction between HIV proteins and the innate    immune response.</a>  </div>  <div class=\"bibo:authorList\">Aguilera LU,  Rodríguez-González J.</div>  <div class=\"bibo:Journal\">J. Theor. Biol. 2014 Nov; 360:  67-77</div>  <p>Abstract:</p>  <div class=\"bibo:abstract\">    <p>HIV infection leads to two cell fates, the viral productive    state or viral latency (a reversible non-productive state). HIV    latency is relevant because infected active CD4+ T-lymphocytes    can reach a resting memory state in which the provirus remains    silent for long periods of time. Despite experimental and    theoretical efforts, the causal molecular mechanisms    responsible for HIV latency are only partially understood.    Studies have determined that HIV latency is influenced by the    innate immune response carried out by cell restriction factors    that inhibit the postintegration steps in the virus replication    cycle. In this study, we present a mathematical study that    combines deterministic and stochastic approaches to analyze the    interactions between HIV proteins and the innate immune    response. Using wide ranges of parameter values, we observed    the following: (1) a phenomenological description of the viral    productive and latent cell phenotypes is obtained by bistable    and bimodal dynamics, (2) biochemical noise reduces the    probability that an infected cell adopts the latent state, (3)    the effects of the innate immune response enhance the HIV    latency state, (4) the conditions of the cell before infection    affect the latent phenotype, i.e., the existing expression of    cell restriction factors propitiates HIV latency, and existing    expression of HIV proteins reduces HIV latency.</p>  </div></div><div class=\"dc:publisher\">  <p>This model is hosted on   <a href=\"http://www.ebi.ac.uk/biomodels/\">BioModels Database</a>  and identified by:   <a href=\"http://identifiers.org/biomodels.db/BIOMD0000000573\">BIOMD0000000573</a>.</p>  <p>To cite BioModels Database, please use:   <a href=\"http://identifiers.org/pubmed/20587024\" title=\"Latest BioModels Database publication\">BioModels Database:  An enhanced, curated and annotated resource for published  quantitative kinetic models</a>.</p></div><div class=\"dc:license\">  <p>To the extent possible under law, all copyright and related or  neighbouring rights to this encoded model have been dedicated to  the public domain worldwide. Please refer to   <a href=\"http://creativecommons.org/publicdomain/zero/1.0/\" title=\"Access to: CC0 1.0 Universal (CC0 1.0), Public Domain Dedication\">CC0  Public Domain Dedication</a> for more information.</p></div></body>    </notes>",
    "format": {
        "name": "SBML",
        "identifier": "SBML",
        "version": "L2V4"
    },
    "publication": {
        "type": "PubMed ID",
        "accession": "24997239",
        "journal": "Journal of theoretical biology",
        "title": "Studying HIV latency by modeling the interaction between HIV proteins and the innate immune response.",
        "affiliation": "Centro de Investigacion y de Estudios Avanzados del IPN, Unidad Monterrey, Vıa del Conocimiento 201, Parque PIIT, CP 66600 Apodaca NL, Mexico; University of Heidelberg, Im Neuenheimer Feld 267, 69120 Heidelberg, Germany. Electronic address: luis.aguilera@bioquant.uni-heidelberg.de.",
        "synopsis": "HIV infection leads to two cell fates, the viral productive state or viral latency (a reversible non-productive state). HIV latency is relevant because infected active CD4+ T-lymphocytes can reach a resting memory state in which the provirus remains silent for long periods of time. Despite experimental and theoretical efforts, the causal molecular mechanisms responsible for HIV latency are only partially understood. Studies have determined that HIV latency is influenced by the innate immune response carried out by cell restriction factors that inhibit the postintegration steps in the virus replication cycle. In this study, we present a mathematical study that combines deterministic and stochastic approaches to analyze the interactions between HIV proteins and the innate immune response. Using wide ranges of parameter values, we observed the following: (1) a phenomenological description of the viral productive and latent cell phenotypes is obtained by bistable and bimodal dynamics, (2) biochemical noise reduces the probability that an infected cell adopts the latent state, (3) the effects of the innate immune response enhance the HIV latency state, (4) the conditions of the cell before infection affect the latent phenotype, i.e., the existing expression of cell restriction factors propitiates HIV latency, and existing expression of HIV proteins reduces HIV latency.",
        "year": 2014,
        "month": "11",
        "volume": "360",
        "pages": "67-77",
        "link": "http://identifiers.org/pubmed/24997239",
        "authors": [
            {
                "name": "Aguilera LU",
                "orcid": "0000-0003-0609-539X"
            },
            {
                "name": "Jesús Rodríguez-González",
                "institution": "Centro de Investigacion y de Estudios Avanzados del IPN, Unidad Monterrey, Vıa del Conocimiento 201, Parque PIIT, CP 66600 Apodaca NL, Mexico. Electronic address: jrodriguez@cinvestav.mx."
            }
        ]
    },
    "files": {
        "main": [
            {
                "name": "BIOMD0000000573_url.xml",
                "description": "SBML L2V4 representation of Aguilera 2014 - HIV latency. Interaction between HIV proteins and immune response",
                "fileSize": "24529",
                "mimeType": "application/xml",
                "md5sum": "9c5d152dc8e4206987d79f225cb1caf6",
                "sha1sum": "6d2b18d519e5742aca5703cad33732008bf50795",
                "sha256sum": "6a51c5f4c9b8ec2e3f380a4454d2989fd92045a67e0776c4e1e371fcac209475"
            }
        ],
        "additional": [
            {
                "name": "Aguilera2014.cps",
                "description": "Copasi file of the model",
                "fileSize": "40394",
                "mimeType": "application/xml",
                "md5sum": "0b7a5d6ef453619095374797a41f1a4a",
                "sha1sum": "9e86c1522c70cfcb4a6309a6d6ab9a7ca3fc1edd",
                "sha256sum": "d2227c06b053736592cd1be7f539b76caae30f5c46023db945cbc5c06c4ca95d"
            },
            {
                "name": "Aguilera2014.sedml",
                "description": "CRBM-processed SED-ML file, based on original COPASI save file export.",
                "fileSize": "7889",
                "mimeType": "application/xml",
                "md5sum": "e2379edd741991579fb9097a6369dfec",
                "sha1sum": "514100b21c38d15cba5ee3171624bde08aacfebd",
                "sha256sum": "63347857142af18066320db6dae58eaf4450ef156e2a57364339129b40e1062a"
            },
            {
                "name": "BIOMD0000000573-biopax2.owl",
                "description": "Auto-generated BioPAX (Level 2)",
                "fileSize": "11116",
                "mimeType": "application/rdf+xml",
                "md5sum": "4b4015ccf5baa2b44f7759ac2656a520",
                "sha1sum": "400f1d8677950aab7c630e561bc8ecfd620ba588",
                "sha256sum": "640f189fd38ed294197b0d36816a88cf09d2876c7bf89afde8c38e617df65d86"
            },
            {
                "name": "BIOMD0000000573-biopax3.owl",
                "description": "Auto-generated BioPAX (Level 3)",
                "fileSize": "16222",
                "mimeType": "application/rdf+xml",
                "md5sum": "2330280224558b962d98a3b0c8385c97",
                "sha1sum": "f2c59c95127483ae358b610801e8c505ed063a16",
                "sha256sum": "72dd0709c8408702b0655071428a7c11db94f25d09a2891ff715b6f259809460"
            },
            {
                "name": "BIOMD0000000573-matlab.m",
                "description": "Auto-generated Matlab file.",
                "fileSize": "3883",
                "mimeType": "text/x-matlab",
                "md5sum": "b0496e6842bff5c8a96e0771651ba41a",
                "sha1sum": "ff378cd05d983fdafc906474e54e3746389e4679",
                "sha256sum": "29025e05d8c7df21cfa5dacd1c7406f2b4456c0b8864822f04877a6c07336de2"
            },
            {
                "name": "BIOMD0000000573-octave.m",
                "description": "Auto-generated Octave file.",
                "fileSize": "3883",
                "mimeType": "text/x-matlab",
                "md5sum": "3af05014b35e57fdee236388284f4dbc",
                "sha1sum": "1fd34380f50539604f50d4d8f71a2162acd593bb",
                "sha256sum": "20c4780363c734ee891b3b4b2223e099d6084a7160adcab995bad966fa3ac5c6"
            },
            {
                "name": "BIOMD0000000573.m",
                "description": "Auto-generated Octave file",
                "fileSize": "3883",
                "mimeType": "text/x-matlab",
                "md5sum": "3af05014b35e57fdee236388284f4dbc",
                "sha1sum": "1fd34380f50539604f50d4d8f71a2162acd593bb",
                "sha256sum": "20c4780363c734ee891b3b4b2223e099d6084a7160adcab995bad966fa3ac5c6"
            },
            {
                "name": "BIOMD0000000573.ode",
                "description": "Auto-generated ODE file for XPP.",
                "fileSize": "2258",
                "mimeType": "text/plain",
                "md5sum": "0bc2191e55d319fc9977f40c0ed384ba",
                "sha1sum": "b81a42d1846af6642b805c861b7f66a737cd6dd4",
                "sha256sum": "314651ce5eb0715f577ceedbc987fa5c194d306ef319133f30a8f6d0c9b10e29"
            },
            {
                "name": "BIOMD0000000573.pdf",
                "description": "Auto-generated PDF file",
                "fileSize": "163134",
                "mimeType": "application/pdf",
                "md5sum": "0647c00b46d0a02ca7eb6aa01a83d6f1",
                "sha1sum": "07ee1e827616e346c4d1015aa5d7db2b129f48f7",
                "sha256sum": "fc6f6623911adf85e7897400dd7216b03d8f4b05f05264b184afcef3f1e1bc26"
            },
            {
                "name": "BIOMD0000000573.png",
                "description": "Auto-generated Reaction graph (PNG)",
                "fileSize": "58608",
                "mimeType": "image/png",
                "md5sum": "47f2964819b7ff8a69188e42169c199c",
                "sha1sum": "2cad443e8cbfbee3e5f0f759f760d124f74ce568",
                "sha256sum": "39db1b88cfd99fa1dba0ae22a89a684c0408a950eeb9a37160afc40bc03526a2"
            },
            {
                "name": "BIOMD0000000573.svg",
                "description": "Auto-generated Reaction graph (SVG)",
                "fileSize": "15484",
                "mimeType": "image/svg+xml",
                "md5sum": "c81c1086df1a12f0cd58837e17fdfca0",
                "sha1sum": "3e1f130ec071df000cea466aa7b71b3137919849",
                "sha256sum": "0f3d71700d2a1328bc4b6719de93b89bef7af6eb9b53742fd847f72ca3898b05"
            },
            {
                "name": "BIOMD0000000573.vcml",
                "description": "Auto-generated VCML file",
                "fileSize": "38591",
                "mimeType": "application/xml",
                "md5sum": "f5d7773387eb3cccc21f45ba2b17955c",
                "sha1sum": "f766f01392a6cadff2b126db8acdff1b47b5eb35",
                "sha256sum": "2f18a8254a14818738a576eb69ba11cd416f57a67c03331b9c05d7ee3365a271"
            },
            {
                "name": "curation_image.png",
                "description": "Reproduced figure(s) from original curation.",
                "fileSize": "7778",
                "mimeType": "image/png",
                "md5sum": "85bbc54865e77b68aa17cc08580a2777",
                "sha1sum": "e930f5951e73bfd462d556b6fb98532e563823a3",
                "sha256sum": "c8ccb25d0b4ec6bef59749e0668b045bcd4241426651fd52a7824ba57eca72bd"
            },
            {
                "name": "curation_notes.txt",
                "description": "Notes from original curation (describes curation_image).",
                "fileSize": "439",
                "mimeType": "text/plain",
                "md5sum": "de19136a918234cb1cbadf521630d402",
                "sha1sum": "9c2149191017ffe095eadd39f34bb50285ed8920",
                "sha256sum": "9466be9e0f6465fa71402f7270cb6fc4ed79cca4bb509dfbc558e30c8866a7f9"
            },
            {
                "name": "manifest.xml",
                "description": "Auto-generated manifest file for OMEX archives.",
                "fileSize": "2023",
                "mimeType": "application/xml",
                "md5sum": "c4cc61a7ef8288f2d5cb82cef3b4897f",
                "sha1sum": "65472eee10b862f9b1040af428a1e57e49cf037a",
                "sha256sum": "d5e495c2ae41691a3600cb365d77924408b59647cd8350a5b8406ac2d31bd820"
            },
            {
                "name": "metadata.rdf",
                "description": "Auto-generated annotation metadata file.",
                "fileSize": "5187",
                "mimeType": "application/rdf+xml",
                "md5sum": "8b75c8c0e2fd400139b1344e80fce14d",
                "sha1sum": "48477452eb7a9d623a13d691704037d7b9b172cb",
                "sha256sum": "9c0192b8dd7544c726ea063f6866a61307b7efdc7954d9f404b696635ef0e280"
            }
        ]
    },
    "history": {
        "revisions": [
            {
                "version": 1,
                "submitted": 1426693678,
                "submitter": "Luis Ubaldo Aguilera de Lira",
                "comment": "Original import of HIV latency"
            },
            {
                "version": 2,
                "submitted": 1460138011,
                "submitter": "Luis Ubaldo Aguilera de Lira",
                "comment": "Current version of Aguilera 2014 - HIV latency. Interaction between HIV proteins and immune response"
            },
            {
                "version": 3,
                "submitted": 1545415966,
                "submitter": "administrator",
                "comment": "Include the additional files provided by the submitter in the original submission: Aguilera2014.cps"
            },
            {
                "version": 4,
                "submitted": 1724278354,
                "submitter": "Lucian Smith",
                "comment": "CRBM-sponsored manual and automated updates."
            }
        ]
    },
    "firstPublished": 1725281760,
    "submissionId": "MODEL1503180001",
    "publicationId": "BIOMD0000000573",
    "modellingApproach": {
        "accession": "MAMO_0000046",
        "name": "ordinary differential equation model",
        "resource": "http://identifiers.org/mamo/MAMO_0000046"
    },
    "curationStatus": "CURATED",
    "contributors": {
        "Curator": [
            {
                "name": "Lucian Smith",
                "email": "lpsmith@uw.edu",
                "affiliation": "University of Washington",
                "orcid": "0000-0001-7002-6386",
                "external": false
            }
        ],
        "Modeller": [
            {
                "name": "administrator",
                "email": "biomodels-developers@ebi.ac.uk",
                "affiliation": "EMBL - European Bioinformatics Institute (EBI)",
                "external": false
            },
            {
                "name": "Luis Ubaldo Aguilera de Lira",
                "email": "luis.aguilera@bioquant.uni-heidelberg.de",
                "affiliation": "Heidelberg University. Department of Modeling of Biological Processes",
                "external": false
            }
        ]
    },
    "vcsIdentifier": "aaa",
    "modelLevelAnnotations": [
        {
            "qualifier": "bqbiol:hasTaxon",
            "accession": "9606",
            "name": "Homo sapiens",
            "resource": "Taxonomy",
            "uri": "http://identifiers.org/taxonomy/9606"
        },
        {
            "qualifier": "bqmodel:is",
            "accession": "MODEL1503180001",
            "resource": "BioModels Database",
            "uri": "http://identifiers.org/biomodels.db/MODEL1503180001"
        },
        {
            "qualifier": "bqmodel:is",
            "accession": "BIOMD0000000573",
            "resource": "BioModels Database",
            "uri": "http://identifiers.org/biomodels.db/BIOMD0000000573"
        },
        {
            "qualifier": "bqmodel:isDescribedBy",
            "accession": "24997239",
            "resource": "PubMed",
            "uri": "http://identifiers.org/pubmed/24997239"
        },
        {
            "qualifier": "bqbiol:hasProperty",
            "accession": "DOID:526",
            "name": "human immunodeficiency virus infectious disease",
            "resource": "Human Disease Ontology",
            "uri": "http://identifiers.org/doid/DOID:526"
        },
        {
            "qualifier": "bqbiol:isVersionOf",
            "accession": "GO:0045087",
            "name": "innate immune response",
            "resource": "Gene Ontology",
            "uri": "http://identifiers.org/go/GO:0045087"
        },
        {
            "qualifier": "bqbiol:hasProperty",
            "accession": "MAMO_0000046",
            "name": "Ordinary differential equation model",
            "resource": "Mathematical Modelling Ontology",
            "uri": "http://identifiers.org/mamo/MAMO_0000046"
        }
    ]
}