{
    "name": "Dwivedi2014 - Crohns IL6 Disease model - Anti-IL6R Antibody",
    "description": "<notes xmlns=\"http://www.sbml.org/sbml/level2/version4\">      <body xmlns=\"http://www.w3.org/1999/xhtml\">        <div class=\"dc:title\">Dwivedi2014 - Crohns IL6 Disease model -Anti-IL6R Antibody</div><div class=\"dc:description\">This model is comprised of four models:<br /><ul>  <li>  <a href=\"http://www.ebi.ac.uk/biomodels-main/BIOMD0000000534\">[BIOMD0000000534]</a>  Healthy Volunteer model  <br /></li>  <li>  <a href=\"http://www.ebi.ac.uk/biomodels-main/BIOMD0000000535\">[BIOMD0000000535]</a>  Crohn's Disease - IL-6 Antibody  <br /></li>  <li>  <a href=\"http://www.ebi.ac.uk/biomodels-main/BIOMD0000000536\">[BIOMD0000000536]</a>  Crohn's Disease - sgp130FC</li>  <li>  <a href=\"http://www.ebi.ac.uk/biomodels-main/BIOMD0000000537\">[BIOMD0000000537]</a>  Crohn's Disease - IL-6Ra Antibody  <br /></li></ul>Possible avenues for Interleukin-6 (IL-6) inhibition intreating Crohn's disease are compared here. Each model refers toseparate ligands. The system simulates differential activity of theligands on the signalling of IL-6. <span class=\"st\">This affects Signal Transducer and Activator ofTranscription 3</span> (STAT3) activity on the production ofbiomarker C-Reactive Protein (CRP) expression.<br />Figures referring to this Crohn's Disease model are 3a, 4d,4e, 4f and 5b.<br /></div><div class=\"dc:bibliographicCitation\">  <p>This model is described in the article:</p>  <div class=\"bibo:title\">    <a href=\"http://identifiers.org/pubmed/24402116\" title=\"Access to this publication\">A multiscale model of    interleukin-6-mediated immune regulation in Crohn's disease and    its application in drug discovery and development.</a>  </div>  <div class=\"bibo:authorList\">Dwivedi G, Fitz L, Hegen M, Martin  SW, Harrold J, Heatherington A, Li C.</div>  <div class=\"bibo:Journal\">CPT Pharmacometrics Syst Pharmacol  2014; 3: e89</div>  <p>Abstract:</p>  <div class=\"bibo:abstract\">    <p>In this study, we have developed a multiscale systems model    of interleukin (IL)-6-mediated immune regulation in Crohn's    disease, by integrating intracellular signaling with    organ-level dynamics of pharmacological markers underlying the    disease. This model was linked to a general pharmacokinetic    model for therapeutic monoclonal antibodies and used to    comparatively study various biotherapeutic strategies targeting    IL-6-mediated signaling in Crohn's disease. Our work    illustrates techniques to develop mechanistic models of disease    biology to study drug-system interaction. Despite a sparse    training data set, predictions of the model were qualitatively    validated by clinical biomarker data from a pilot trial with    tocilizumab. Model-based analysis suggests that strategies    targeting IL-6, IL-6R?, or the IL-6/sIL-6R? complex are less    effective at suppressing pharmacological markers of Crohn's    than dual targeting the IL-6/sIL-6R? complex in addition to    IL-6 or IL-6R?. The potential value of multiscale system    pharmacology modeling in drug discovery and development is also    discussed.CPT: Pharmacometrics &amp; Systems Pharmacology    (2014) 3, e89; doi:10.1038/psp.2013.64; advance online    publication 8 January 2014.</p>  </div></div><div class=\"dc:publisher\">  <p>This model is hosted on   <a href=\"http://www.ebi.ac.uk/biomodels/\">BioModels Database</a>  and identified by:   <a href=\"http://identifiers.org/biomodels.db/BIOMD0000000537\">BIOMD0000000537</a>.</p>  <p>To cite BioModels Database, please use:   <a href=\"http://identifiers.org/pubmed/20587024\" title=\"Latest BioModels Database publication\">BioModels Database:  An enhanced, curated and annotated resource for published  quantitative kinetic models</a>.</p></div><div class=\"dc:license\">  <p>To the extent possible under law, all copyright and related or  neighbouring rights to this encoded model have been dedicated to  the public domain worldwide. Please refer to   <a href=\"http://creativecommons.org/publicdomain/zero/1.0/\" title=\"Access to: CC0 1.0 Universal (CC0 1.0), Public Domain Dedication\">CC0  Public Domain Dedication</a> for more information.</p></div></body>    </notes>",
    "format": {
        "name": "SBML",
        "identifier": "SBML",
        "version": "L2V4"
    },
    "publication": {
        "type": "PubMed ID",
        "accession": "24402116",
        "journal": "CPT: pharmacometrics & systems pharmacology",
        "title": "A multiscale model of interleukin-6-mediated immune regulation in Crohn's disease and its application in drug discovery and development.",
        "affiliation": "The Wallace H. Coulter Department of Biomedical Engineering, Georgia Institute of Technology and Emory University, Atlanta, Georgia, USA.",
        "synopsis": "In this study, we have developed a multiscale systems model of interleukin (IL)-6-mediated immune regulation in Crohn's disease, by integrating intracellular signaling with organ-level dynamics of pharmacological markers underlying the disease. This model was linked to a general pharmacokinetic model for therapeutic monoclonal antibodies and used to comparatively study various biotherapeutic strategies targeting IL-6-mediated signaling in Crohn's disease. Our work illustrates techniques to develop mechanistic models of disease biology to study drug-system interaction. Despite a sparse training data set, predictions of the model were qualitatively validated by clinical biomarker data from a pilot trial with tocilizumab. Model-based analysis suggests that strategies targeting IL-6, IL-6Rα, or the IL-6/sIL-6Rα complex are less effective at suppressing pharmacological markers of Crohn's than dual targeting the IL-6/sIL-6Rα complex in addition to IL-6 or IL-6Rα. The potential value of multiscale system pharmacology modeling in drug discovery and development is also discussed.CPT: Pharmacometrics & Systems Pharmacology (2014) 3, e89; doi:10.1038/psp.2013.64; advance online publication 8 January 2014.",
        "year": 2014,
        "month": "1",
        "volume": "3",
        "pages": "e89",
        "link": "http://identifiers.org/pubmed/24402116",
        "authors": [
            {
                "name": "G Dwivedi",
                "institution": "The Wallace H. Coulter Department of Biomedical Engineering, Georgia Institute of Technology and Emory University, Atlanta, Georgia, USA.",
                "orcid": "0000-0003-0681-0795"
            },
            {
                "name": "L Fitz",
                "institution": "Biotherapeutics Clinical Research, Pfizer Inc, Cambridge, Massachusetts, USA."
            },
            {
                "name": "M Hegen",
                "institution": "Immunoscience, Pfizer Inc, Cambridge, Massachusetts, USA."
            },
            {
                "name": "S W Martin",
                "institution": "Global Clinical Pharmacology, Pfizer Inc, Cambridge, Massachusetts, USA."
            },
            {
                "name": "J Harrold",
                "institution": "Pharmacokinetics, Dynamics & Metabolism, Pfizer Inc, Cambridge, Massachusetts, USA."
            },
            {
                "name": "A Heatherington",
                "institution": "Quantitative Clinical Sciences, Biotherapeutics, Pfizer Inc, Cambridge, Massachusetts, USA."
            },
            {
                "name": "C Li",
                "institution": "Quantitative Clinical Sciences, Biotherapeutics, Pfizer Inc, Cambridge, Massachusetts, USA."
            }
        ]
    },
    "files": {
        "main": [
            {
                "name": "BIOMD0000000537_url.xml",
                "description": "SBML L2V4 representation of Dwivedi2014 - Crohns IL6 Disease model - Anti-IL6R Antibody",
                "fileSize": "254851",
                "mimeType": "application/xml",
                "md5sum": "41260204a845bec6a0e10a625d417774",
                "sha1sum": "e5150881aad4319af6410f2ad903d1f33ea00735",
                "sha256sum": "4bb4b482d1cd63d86b2e48bdcdb22122e10d9838b74e240def4b8e81ae8ee6a0"
            }
        ],
        "additional": [
            {
                "name": "BIOMD0000000537-biopax2.owl",
                "description": "Auto-generated BioPAX (Level 2)",
                "fileSize": "125702",
                "mimeType": "application/rdf+xml",
                "md5sum": "a4e4819ba178320f6f0d908a391d12d0",
                "sha1sum": "b66df65621e36d9cca2efcec24b52ca13ac9e941",
                "sha256sum": "548699c3bda8545b3efe554fc0d79c4f872dcd7097a63e2adc25b94bc81c0106"
            },
            {
                "name": "BIOMD0000000537-biopax3.owl",
                "description": "Auto-generated BioPAX (Level 3)",
                "fileSize": "214260",
                "mimeType": "application/rdf+xml",
                "md5sum": "bced9a59d6f4bc28bafa64b398b538cb",
                "sha1sum": "3888fb0dbd7f26bff11353ef649b1467e273372b",
                "sha256sum": "3e11226ccedf4e6d6cbe8d22e3ee42b82a7210169b4b176aead1fcc20dbd9799"
            },
            {
                "name": "BIOMD0000000537-matlab.m",
                "description": "Auto-generated Matlab file.",
                "fileSize": "66597",
                "mimeType": "text/x-matlab",
                "md5sum": "150014b59a16b2d1c0026a4045c67d0e",
                "sha1sum": "abd3a50f8cd16824a3828b97f600257e422c2b1a",
                "sha256sum": "c0642695a87410c60f2ea16a613d51913f24d6dab431ef6374e42941025ac718"
            },
            {
                "name": "BIOMD0000000537-octave.m",
                "description": "Auto-generated Octave file.",
                "fileSize": "66597",
                "mimeType": "text/x-matlab",
                "md5sum": "cb2ddb6cdc4762ff9a7265c0eb5b6628",
                "sha1sum": "d3d2c7b6b75a4f83995f3a6798c471165e07529a",
                "sha256sum": "4de9fbdc45423380755bbf1f31a3b4ab21df83b911ca50f801c3f37ba4436d9e"
            },
            {
                "name": "BIOMD0000000537.m",
                "description": "Auto-generated Octave file",
                "fileSize": "66597",
                "mimeType": "text/x-matlab",
                "md5sum": "cb2ddb6cdc4762ff9a7265c0eb5b6628",
                "sha1sum": "d3d2c7b6b75a4f83995f3a6798c471165e07529a",
                "sha256sum": "4de9fbdc45423380755bbf1f31a3b4ab21df83b911ca50f801c3f37ba4436d9e"
            },
            {
                "name": "BIOMD0000000537.ode",
                "description": "Auto-generated ODE file for XPP.",
                "fileSize": "52041",
                "mimeType": "text/plain",
                "md5sum": "4fa5b7b564384069bfbdb6bf0f6e84a7",
                "sha1sum": "45462d420bcc581b157757b107daccf724bc53db",
                "sha256sum": "652ba476b70aa7372a97b8e4bf183f43fb1a56665e12407b904aef81f1ccc83d"
            },
            {
                "name": "BIOMD0000000537.pdf",
                "description": "Auto-generated PDF file",
                "fileSize": "828307",
                "mimeType": "application/pdf",
                "md5sum": "9d31828b2373723b8a5c3c1c197e36b1",
                "sha1sum": "22b3b97e6d39d33d0805f2ba035e70cb8fc930b7",
                "sha256sum": "4d83b00eca0a132b4dd4525ec5032d757c5dbd85b6f8ec09faeb1472b4347ba2"
            },
            {
                "name": "BIOMD0000000537.png",
                "description": "Auto-generated Reaction graph (PNG)",
                "fileSize": "908955",
                "mimeType": "image/png",
                "md5sum": "d7dea0cb8d17926844638b67eaf13a6a",
                "sha1sum": "701ce4e4b68e152da562f8f4825b2c8a9d183e27",
                "sha256sum": "65fc0095b15c73f5e9282a29825ad84bafce87026ce37953fb603f466ce8e636"
            },
            {
                "name": "BIOMD0000000537.svg",
                "description": "Auto-generated Reaction graph (SVG)",
                "fileSize": "264744",
                "mimeType": "image/svg+xml",
                "md5sum": "67460f0b370a552b59a106836996e565",
                "sha1sum": "db63ced188c557ab97ce10537baa39de921b9b3c",
                "sha256sum": "b5158b97c38fc1855f9799a6a627666c89b103e8785aa12d1414e9abfb655451"
            },
            {
                "name": "BIOMD0000000537_url.sedml",
                "description": "CRBM auto-generated \"template\" SED-ML file.",
                "fileSize": "133505",
                "mimeType": "application/xml",
                "md5sum": "4139484c47cf544c833371ec53ffd53e",
                "sha1sum": "dd1c1c149daa306d0bc882005478911ddb4003c2",
                "sha256sum": "654ff37aee533559a39dae3cc481f2bf2ad0252dcdbbc42b4e827bc95a27d930"
            },
            {
                "name": "Dwivedi2014_IL6R_curation_log.txt.zip",
                "description": "Curation log.txt file summarising all changes made to original model.\r\nIncludes details of figure reproduction.",
                "fileSize": "2485",
                "mimeType": "application/zip",
                "md5sum": "9cf3cda2228d2eb61d921442f3d9d0e6",
                "sha1sum": "371e2e1db180409900dee4b84caf094dfce42dff",
                "sha256sum": "3f21ad5f836942f877daad8bc685fd200c60dd416205f80dc6128c7e0d45968b"
            },
            {
                "name": "curation_image.png",
                "description": "Reproduced figure(s) from original curation.",
                "fileSize": "197597",
                "mimeType": "image/png",
                "md5sum": "0dd18e68a956be3978927186e4848e52",
                "sha1sum": "ad1cb1ace069ad2d99314ad4ed0b574d9255f38c",
                "sha256sum": "f4c0ba3d3d0979cb3ee619b018df2ada747a6ba79f25b572b5c53617562e144f"
            },
            {
                "name": "curation_notes.txt",
                "description": "Notes from original curation (describes curation_image).",
                "fileSize": "1204",
                "mimeType": "text/plain",
                "md5sum": "1065f7f798c2a93178a83b8a5f3ddd0b",
                "sha1sum": "de14a17988f6677e2d76668c6617bbeb4b3ac683",
                "sha256sum": "bdeeae205ff7ece6ff434dcd79d10f2abeb5f3d50977db950ac75d1edea100e0"
            },
            {
                "name": "manifest.xml",
                "description": "Auto-generated manifest file for OMEX archives.",
                "fileSize": "1924",
                "mimeType": "application/xml",
                "md5sum": "2d232e8a63aa6a152ea2dd8b9bc4a079",
                "sha1sum": "57a68f8715acd5e526faca00bf8b7c9633c0924d",
                "sha256sum": "cb2f73242402bd407599daeadb6bbd73a28e3cf0aa7f114e7a377cbefca92f11"
            },
            {
                "name": "metadata.rdf",
                "description": "Auto-generated annotation metadata file.",
                "fileSize": "6797",
                "mimeType": "application/rdf+xml",
                "md5sum": "fb74dd1355de82075cf96f5bb2799725",
                "sha1sum": "6e68fc6cd71564a1cee32eff40312eb1a99efc1a",
                "sha256sum": "0d66b4867def59b190dded8c28ba3b66414f30e6d90f6410c57264c46d81fd2d"
            }
        ]
    },
    "history": {
        "revisions": [
            {
                "version": 1,
                "submitted": 1407242766,
                "submitter": "Vincent Knight-Schrijver",
                "comment": "Original import of Dwivedi2014 - Crohns IL6 Disease model - Anti-IL6R Antibody"
            },
            {
                "version": 2,
                "submitted": 1484323397,
                "submitter": "Vincent Knight-Schrijver",
                "comment": "Current version of Dwivedi2014 - Crohns IL6 Disease model - Anti-IL6R Antibody"
            },
            {
                "version": 3,
                "submitted": 1545413366,
                "submitter": "administrator",
                "comment": "Include the additional files provided by the submitter in the original submission: Dwivedi2014_IL6R_curation_log.txt.zip"
            },
            {
                "version": 4,
                "submitted": 1724277137,
                "submitter": "Lucian Smith",
                "comment": "CRBM-sponsored manual and automated updates."
            }
        ]
    },
    "firstPublished": 1725281707,
    "submissionId": "MODEL1408050002",
    "publicationId": "BIOMD0000000537",
    "modellingApproach": {
        "accession": "MAMO_0000046",
        "name": "ordinary differential equation model",
        "resource": "http://identifiers.org/mamo/MAMO_0000046"
    },
    "curationStatus": "CURATED",
    "contributors": {
        "Curator": [
            {
                "name": "Lucian Smith",
                "email": "lpsmith@uw.edu",
                "affiliation": "University of Washington",
                "orcid": "0000-0001-7002-6386",
                "external": false
            }
        ],
        "Modeller": [
            {
                "name": "administrator",
                "email": "biomodels-developers@ebi.ac.uk",
                "affiliation": "EMBL - European Bioinformatics Institute (EBI)",
                "external": false
            },
            {
                "name": "Vincent Knight-Schrijver",
                "email": "vknight@ebi.ac.uk",
                "affiliation": "EMBL-EBI",
                "external": false
            }
        ]
    },
    "vcsIdentifier": "aaa",
    "modelLevelAnnotations": [
        {
            "qualifier": "bqbiol:hasTaxon",
            "accession": "9606",
            "name": "Homo sapiens",
            "resource": "Taxonomy",
            "uri": "http://identifiers.org/taxonomy/9606"
        },
        {
            "qualifier": "bqmodel:isDescribedBy",
            "accession": "24402116",
            "resource": "PubMed",
            "uri": "http://identifiers.org/pubmed/24402116"
        },
        {
            "qualifier": "bqbiol:isPartOf",
            "accession": "REACT_27307.1",
            "name": "Interleukin-6 signaling",
            "resource": "Reactome",
            "uri": "http://identifiers.org/reactome/REACT_27307.1"
        },
        {
            "qualifier": "bqbiol:hasVersion",
            "accession": "DOID:8778",
            "name": "Crohn's disease",
            "resource": "Human Disease Ontology",
            "uri": "http://identifiers.org/doid/DOID:8778"
        },
        {
            "qualifier": "bqbiol:isVersionOf",
            "accession": "GO:0004915",
            "name": "interleukin-6 receptor activity",
            "resource": "Gene Ontology",
            "uri": "http://identifiers.org/go/GO:0004915"
        },
        {
            "qualifier": "bqbiol:hasPart",
            "accession": "GO:0007259",
            "name": "JAK-STAT cascade",
            "resource": "Gene Ontology",
            "uri": "http://identifiers.org/go/GO:0007259"
        },
        {
            "qualifier": "bqmodel:is",
            "accession": "MODEL1408050002",
            "resource": "BioModels Database",
            "uri": "http://identifiers.org/biomodels.db/MODEL1408050002"
        },
        {
            "qualifier": "bqmodel:is",
            "accession": "BIOMD0000000537",
            "resource": "BioModels Database",
            "uri": "http://identifiers.org/biomodels.db/BIOMD0000000537"
        },
        {
            "qualifier": "bqbiol:hasProperty",
            "accession": "MAMO_0000046",
            "name": "Ordinary differential equation model",
            "resource": "Mathematical Modelling Ontology",
            "uri": "http://identifiers.org/mamo/MAMO_0000046"
        }
    ]
}