{
    "name": "Rhodes2019 - Immune-Mediated theory of Metastasis",
    "description": "&lt;notes xmlns=&quot;http://www.sbml.org/sbml/level2/version4&quot;&gt;      &lt;body xmlns=&quot;http://www.w3.org/1999/xhtml&quot;&gt;     &lt;p&gt;Abstract:Accumulating experimental and clinical evidence suggest that the immune response to cancer is not exclusively anti-tumor. Indeed, the pro-tumor roles of the immune system - as suppliers of growth and pro-angiogenic factors or defenses against cytotoxic immune attacks, for example - have been long appreciated, but relatively few theoretical works have considered their effects. Inspired by the recently proposed &quot;immune-mediated&quot; theory of metastasis, we develop a mathematical model for tumor-immune interactions at two anatomically distant sites, which includes both anti- and pro-tumor immune effects, and the experimentally observed tumor-induced phenotypic plasticity of immune cells (tumor &quot;education&quot; of the immune cells). Upon confrontation of our model to experimental data, we use it to evaluate the implications of the immune-mediated theory of metastasis. We find that tumor education of immune cells may explain the relatively poor performance of immunotherapies, and that many metastatic phenomena, including metastatic blow-up, dormancy, and metastasis to sites of injury, can be explained by the immune-mediated theory of metastasis. Our results suggest that further work is warranted to fully elucidate the pro-tumor effects of the immune system in metastatic cancer.&lt;/p&gt;  &lt;/body&gt;    &lt;/notes&gt;",
    "format": {
        "name": "SBML",
        "identifier": "SBML",
        "version": "L2V4"
    },
    "publication": {
        "type": "DOI",
        "accession": "10.1101/565531",
        "journal": "Jornal of Theoretical Biology",
        "title": "A Mathematical Model for the Immune-Mediated Theory of Metastasis",
        "affiliation": "University of Alberta",
        "synopsis": "Accumulating experimental and clinical evidence suggest that the immune response to cancer is not exclusively anti-tumor. Indeed, the pro-tumor roles of the immune system - as suppliers of growth and pro-angiogenic factors or defenses against cytotoxic immune attacks, for example - have been long appreciated, but relatively few theoretical works have considered their effects. Inspired by the recently proposed \"immune-mediated\" theory of metastasis, we develop a mathematical model for tumor-immune interactions at two anatomically distant sites, which includes both anti- and pro-tumor immune effects, and the experimentally observed tumor-induced phenotypic plasticity of immune cells (tumor \"education\" of the immune cells). Upon confrontation of our model to experimental data, we use it to evaluate the implications of the immune-mediated theory of metastasis. We find that tumor education of immune cells may explain the relatively poor performance of immunotherapies, and that many metastatic phenomena, including metastatic blow-up, dormancy, and metastasis to sites of injury, can be explained by the immune-mediated theory of metastasis. Our results suggest that further work is warranted to fully elucidate the pro-tumor effects of the immune system in metastatic cancer.",
        "year": 2019,
        "month": "9",
        "link": "http://identifiers.org/doi/10.1101/565531",
        "authors": [
            {
                "name": "Adam Rhodes",
                "institution": "University of Alberta"
            },
            {
                "name": "Thomas Hillen",
                "institution": "University of Alberta"
            }
        ]
    },
    "files": {
        "main": [
            {
                "name": "Rhodes2019-Immune-Mediated theory of Metastasis_V1.xml",
                "description": "SBML L2V4 file Rhodes2019 - Immune-Mediated theory of MetastasisNew Model_Curated-Figure 3",
                "fileSize": "190798",
                "mimeType": "application/xml",
                "md5sum": "d54295ddeab1a1819bef47c549f790e5",
                "sha1sum": "1632d559a2d3235c3a06c9a47043bef46a55c5fd",
                "sha256sum": "bc9ee2bc085775d49b52887aaf10a7306bcefae7e47517eea7c0f3b435b0827b"
            }
        ],
        "additional": [
            {
                "name": "Rhodes2019-Immune-Mediated theory of Metastasis-biopax2.owl",
                "description": "Auto-generated BioPAX (Level 2) file.",
                "fileSize": "22349",
                "mimeType": "application/rdf+xml",
                "md5sum": "3def02d552c64dd46b5aaf6a1ada36ad",
                "sha1sum": "5d44c7ce5cb8e81bb498808e864cc83e2f1bea68",
                "sha256sum": "89168bd82af1f9d21460aaa86ff3dbbd0042bccc2f8b0a7bbc522a7dc937f0b8"
            },
            {
                "name": "Rhodes2019-Immune-Mediated theory of Metastasis-biopax3.owl",
                "description": "Auto-generated BioPAX (Level 3) file.",
                "fileSize": "38957",
                "mimeType": "application/rdf+xml",
                "md5sum": "9bd8a300acbdae49c776c8737aa7424a",
                "sha1sum": "b3d67a144d77b873ce5d4cec86dda5b334c74c79",
                "sha256sum": "df21831024e3e4d5991b52e2bdd31e6440f1836c91a2d2cea960bc813c223f1f"
            },
            {
                "name": "Rhodes2019-Immune-Mediated theory of Metastasis-matlab.m",
                "description": "Auto-generated Matlab file.",
                "fileSize": "20668",
                "mimeType": "text/x-matlab",
                "md5sum": "7927c4f2cb2b35b713f9a9ed96af8ed8",
                "sha1sum": "e56fe62698d0bc5b4573c9825b11cf2f6c0d760c",
                "sha256sum": "021350fd5c7c246bd66dfaa06b231fb1af25278d68352f069e433b404fabb0a3"
            },
            {
                "name": "Rhodes2019-Immune-Mediated theory of Metastasis-octave.m",
                "description": "Auto-generated Octave file.",
                "fileSize": "20668",
                "mimeType": "text/x-matlab",
                "md5sum": "547ceec4a844370e56f1e0faeef83059",
                "sha1sum": "7e59378e5824b50701b317bc9552a8d92140c555",
                "sha256sum": "e20adac7387366b83f6a8404e1a32057b888d5a7ce3412425a4ee39580aa231a"
            },
            {
                "name": "Rhodes2019-Immune-Mediated theory of Metastasis.cps",
                "description": "COPASI 4.24 (Build 197) file for the model",
                "fileSize": "207869",
                "mimeType": "application/xml",
                "md5sum": "b756d0324002498c16741ac18410878e",
                "sha1sum": "c9a9fa7f3f125bffac781905dcfc960cf7e9eac4",
                "sha256sum": "31087d3fe367a5963d4aff82682e001aa75c7b4a9679d14319e452d17741698d"
            },
            {
                "name": "Rhodes2019-Immune-Mediated theory of Metastasis.ode",
                "description": "Auto-generated ODE file for XPP.",
                "fileSize": "18198",
                "mimeType": "text/plain",
                "md5sum": "563f68f5ea7a06b3382ce2f53ad95050",
                "sha1sum": "556e06ede815bf37ef6309b0b1ebe14f3ac68487",
                "sha256sum": "d7bdcbd9fd5dedce2d390272714efb5a63fabdeafa2e6be0a8f2d5b605d463ef"
            },
            {
                "name": "Rhodes2019-Immune-Mediated theory of Metastasis.sedml",
                "description": "CRBM-processed SED-ML file, based on original COPASI save file export.",
                "fileSize": "69427",
                "mimeType": "application/xml",
                "md5sum": "5c63a078a776d3bfb5d7e94351764ea9",
                "sha1sum": "8a3df1231c8e23a8df971683934e9f46b94a4569",
                "sha256sum": "f90644cd30e016460656a24b105a474c3a313c843b703546187e1e2718b9e481"
            },
            {
                "name": "Rhodes2019-Immune-Mediated theory of Metastasis.xml",
                "description": "SBML L2V4 file Rhodes2019 - Immune-Mediated theory of MetastasisNew Model_Original",
                "fileSize": "160644",
                "mimeType": "application/xml",
                "md5sum": "aa57dbdb1b05178aaf996e563e60a18f",
                "sha1sum": "86a64bd067aa748c053d460ffee725f1827be5ff",
                "sha256sum": "9c8322e8506217bd63ff7864cdea0e55dbb89481f3d330020026dc16cde0e57b"
            },
            {
                "name": "Rhodes2019-Immune-Mediated theory of Metastasis_V1-biopax2.owl",
                "description": "Auto-generated BioPAX (Level 2) file.",
                "fileSize": "28807",
                "mimeType": "application/rdf+xml",
                "md5sum": "de31a2aa48bf1ac27dd492cded85b797",
                "sha1sum": "eaba0e71a25c43a85c0c2965b53f998cbb7a8745",
                "sha256sum": "25ddf552bb7b482df0b72e9835e9337b41cc1fdcad2c872017ab4a71ce9f9e5c"
            },
            {
                "name": "Rhodes2019-Immune-Mediated theory of Metastasis_V1-biopax3.owl",
                "description": "Auto-generated BioPAX (Level 3) file.",
                "fileSize": "45507",
                "mimeType": "application/rdf+xml",
                "md5sum": "9d453209120a8c293a00e5e585307778",
                "sha1sum": "096883a2768d95ba81bfe36f4be14de0d1eb2bc4",
                "sha256sum": "269cc0b33a235ef615271aa0af180b9fb4309827071106eab3fa64fb4a1ca35d"
            },
            {
                "name": "Rhodes2019-Immune-Mediated theory of Metastasis_V1-matlab.m",
                "description": "Auto-generated Matlab file.",
                "fileSize": "20848",
                "mimeType": "text/x-matlab",
                "md5sum": "73866c48e4bfce2f52795bc5eeb46e4a",
                "sha1sum": "7591d64648bbdc5d1ad149ce5d67e170c0cf4d67",
                "sha256sum": "e5786bd87fe61469b9e2993d06835615248498f37081d04365855e07389417cf"
            },
            {
                "name": "Rhodes2019-Immune-Mediated theory of Metastasis_V1-octave.m",
                "description": "Auto-generated Octave file.",
                "fileSize": "20848",
                "mimeType": "text/x-matlab",
                "md5sum": "f222475efb38587a2b89ce63e1d3a129",
                "sha1sum": "9c341e476a8c8d31c8d7f49de545cb7db60d8608",
                "sha256sum": "8f7968420a78a932e7cd966eff18980b541cf8433025b0f490c2f76030960f33"
            },
            {
                "name": "Rhodes2019-Immune-Mediated theory of Metastasis_V1.cps",
                "description": "COPASI version 4.27 (Build 217) Rhodes2019 - Immune-Mediated theory of MetastasisNew Model_Curated-Figure 3",
                "fileSize": "225556",
                "mimeType": "application/xml",
                "md5sum": "756f2d54009f743657c4c149cd58a322",
                "sha1sum": "0887b87abf2d5e9ebe6f2918edcd109ad1ccdc89",
                "sha256sum": "c1cebe467aa1345cc0b63d3e1289f127c2dd81ab32556f0dfd93fa80fa5a3eb7"
            },
            {
                "name": "Rhodes2019-Immune-Mediated theory of Metastasis_V1.ode",
                "description": "Auto-generated ODE file for XPP.",
                "fileSize": "18378",
                "mimeType": "text/plain",
                "md5sum": "8a3ad3ec1b306d85fdb12661cd7f479f",
                "sha1sum": "2bde404aac513fbf68f0c1e9db52346b54c74dbd",
                "sha256sum": "8626ef087a96d59d218f798d9b4080849f24434f8ee740175046b64a20eaa3d7"
            },
            {
                "name": "Rhodes2019-Immune-Mediated theory of Metastasis_V1.sedml",
                "description": "sed-ml L1V2 Rhodes2019 - Immune-Mediated theory of MetastasisNew Model_Curated-Figure 3 (additionally CRBM-validated and adjusted).",
                "fileSize": "66532",
                "mimeType": "application/xml",
                "md5sum": "480e725d4d885b01b01f1eb2c08e91f1",
                "sha1sum": "e86b2e73eb751a5852c09110672f208d57737923",
                "sha256sum": "6c80fc1c3221402d6c40efdabd38c38ae67505be9df5c311d8643d1677c2439c"
            },
            {
                "name": "curation_image.png",
                "description": "Reproduced figure(s) from original curation.",
                "fileSize": "49720",
                "mimeType": "image/png",
                "md5sum": "8673e1eae3930bd07a2e70e461038b3b",
                "sha1sum": "44807679e353c00d7bc931fb6bb0aba3c14bb1ab",
                "sha256sum": "0f9744197fcb8654e44a39362d7338a9d4048c2bc3449ed02cc494501280fe2d"
            },
            {
                "name": "curation_notes.txt",
                "description": "Notes from original curation (describes curation_image).",
                "fileSize": "56",
                "mimeType": "text/plain",
                "md5sum": "4b0ca5536a868c4134150b52b8b3fa25",
                "sha1sum": "81420619955d12b163981991fd234b137dae7ac5",
                "sha256sum": "4bd11fcae8d38a770ae48a71bec77fbd051cbbbb3c5d3a0d7bfb82cffeae8149"
            },
            {
                "name": "manifest.xml",
                "description": "Auto-generated manifest file for OMEX archives.",
                "fileSize": "2957",
                "mimeType": "application/xml",
                "md5sum": "617cf2a0f7f58aeb9918e787cf5c3ac6",
                "sha1sum": "f111f0b018281b54646f615f21219825b311f295",
                "sha256sum": "763fc26880f78848e45720ba3ea4f6cb8d208f5fabc66dfb7d183e83c9ce39cd"
            },
            {
                "name": "metadata.rdf",
                "description": "Auto-generated annotation metadata file.",
                "fileSize": "3143",
                "mimeType": "application/rdf+xml",
                "md5sum": "49d7be80842cc1a070bf6d582bc544d2",
                "sha1sum": "473f9c4c0c8c736d80cea97d815f29b049fc69b6",
                "sha256sum": "3f3f74099be57c2f716f5a46428489a8e535f0de0aa9c0afd8496dd3389e9972"
            }
        ]
    },
    "history": {
        "revisions": [
            {
                "version": 2,
                "submitted": 1570021244,
                "submitter": "Szeyi Ng",
                "comment": "Edited model metadata online."
            },
            {
                "version": 7,
                "submitted": 1585380967,
                "submitter": "Ahmad Zyoud",
                "comment": "Automatically added model identifier BIOMD0000000926"
            },
            {
                "version": 8,
                "submitted": 1724289535,
                "submitter": "Lucian Smith",
                "comment": "CRBM-sponsored manual and automated updates."
            }
        ]
    },
    "firstPublished": 1725281938,
    "submissionId": "MODEL1910020003",
    "publicationId": "BIOMD0000000926",
    "modellingApproach": {
        "accession": "MAMO_0000046",
        "name": "ordinary differential equation model",
        "resource": "http://identifiers.org/mamo/MAMO_0000046"
    },
    "curationStatus": "CURATED",
    "modelTags": [
        "Immuno-oncology"
    ],
    "contributors": {
        "Curator": [
            {
                "name": "Lucian Smith",
                "email": "lpsmith@uw.edu",
                "affiliation": "University of Washington",
                "orcid": "0000-0001-7002-6386",
                "external": false
            }
        ],
        "Modeller": [
            {
                "name": "Ahmad Zyoud",
                "email": "azyoud@ebi.ac.uk",
                "affiliation": "EMBL-EBI",
                "orcid": "0000-0002-5937-8564",
                "external": false
            },
            {
                "name": "Szeyi Ng",
                "email": "sng@ebi.ac.uk",
                "affiliation": "EMBL-EBI",
                "external": false
            }
        ]
    },
    "vcsIdentifier": "aai",
    "modelLevelAnnotations": [
        {
            "qualifier": "bqbiol:hasTaxon",
            "accession": "9606",
            "name": "Homo sapiens",
            "resource": "Taxonomy",
            "uri": "http://identifiers.org/taxonomy/9606"
        },
        {
            "qualifier": "bqbiol:hasProperty",
            "accession": "MAMO_0000046",
            "name": "Ordinary differential equation model",
            "resource": "Mathematical Modelling Ontology",
            "uri": "http://identifiers.org/mamo/MAMO_0000046"
        },
        {
            "qualifier": "bqbiol:hasProperty",
            "accession": "GO:0006955",
            "name": "immune response",
            "resource": "Gene Ontology",
            "uri": "http://identifiers.org/go/GO:0006955"
        },
        {
            "qualifier": "bqbiol:hasProperty",
            "accession": "0000311",
            "name": "cancer",
            "resource": "Experimental Factor Ontology",
            "uri": "http://identifiers.org/efo/0000311"
        },
        {
            "qualifier": "bqmodel:isDescribedBy",
            "accession": "10.1101/565531",
            "resource": "DOI",
            "uri": "http://identifiers.org/doi/10.1101/565531"
        },
        {
            "qualifier": "bqmodel:is",
            "accession": "BIOMD0000000926",
            "resource": "BioModels Database",
            "uri": "http://identifiers.org/biomodels.db/BIOMD0000000926"
        },
        {
            "qualifier": "bqmodel:is",
            "accession": "MODEL1910020003",
            "resource": "BioModels Database",
            "uri": "http://identifiers.org/biomodels.db/MODEL1910020003"
        },
        {
            "qualifier": "bqbiol:is",
            "accession": "MODEL1910020003",
            "resource": "BioModels Database",
            "uri": "http://identifiers.org/biomodels.db/MODEL1910020003"
        },
        {
            "qualifier": "bqbiol:hasProperty",
            "accession": "C19151",
            "name": "Metastasis",
            "resource": "NCIt",
            "uri": "http://identifiers.org/ncit/C19151"
        },
        {
            "qualifier": "bqbiol:hasProperty",
            "accession": "C17997",
            "name": "Immune",
            "resource": "NCIt",
            "uri": "http://identifiers.org/ncit/C17997"
        }
    ]
}