{
    "name": "Sturrock2015 - glioma growth",
    "description": "The paper describes a model of glioma. Created by COPASI 4.26 (Build 213) This model is described in the article: A mathematical model of pre-diagnostic glioma growth Marc Sturrock, Wenrui Hao, Judith Schwartzbaum, Grzegorz A. Rempala J Theor Biol. 2015 September 7; 380: 299–308 Abstract: Due to their location, the malignant gliomas of the brain in humans are very difficult to treat in advanced stages. Blood-based biomarkers for glioma are needed for more accurate evaluation of treatment response as well as early diagnosis. However, biomarker research in primary brain tumors is challenging given their relative rarity and genetic diversity. It is further complicated by variations in the permeability of the blood brain barrier that affects the amount of marker released into the bloodstream. Inspired by recent temporal data indicating a possible decrease in serum glucose levels in patients with gliomas yet to be diagnosed, we present an ordinary differential equation model to capture early stage glioma growth. The model contains glioma-glucose-immune interactions and poses a potential mechanism by which this glucose drop can be explained. We present numerical simulations, parameter sensitivity analysis, linear stability analysis and a numerical experiment whereby we show how a dormant glioma can become malignant.To cite BioModels Database, please use: BioModels Database: An enhanced, curated and annotated resource for published quantitative kinetic models . To the extent possible under law, all copyright and related or neighbouring rights to this encoded model have been dedicated to the public domain worldwide. Please refer to CC0 Public Domain Dedication for more information.",
    "format": {
        "name": "SBML",
        "identifier": "SBML",
        "version": "L3V1"
    },
    "publication": {
        "type": "PubMed ID",
        "accession": "26073722",
        "journal": "Journal of theoretical biology",
        "title": "A mathematical model of pre-diagnostic glioma growth.",
        "affiliation": "Mathematical Biosciences Institute, The Ohio State University, Columbus 43210, OH, USA.",
        "synopsis": "Due to their location, the malignant gliomas of the brain in humans are very difficult to treat in advanced stages. Blood-based biomarkers for glioma are needed for more accurate evaluation of treatment response as well as early diagnosis. However, biomarker research in primary brain tumors is challenging given their relative rarity and genetic diversity. It is further complicated by variations in the permeability of the blood brain barrier that affects the amount of marker released into the bloodstream. Inspired by recent temporal data indicating a possible decrease in serum glucose levels in patients with gliomas yet to be diagnosed, we present an ordinary differential equation model to capture early stage glioma growth. The model contains glioma-glucose-immune interactions and poses a potential mechanism by which this glucose drop can be explained. We present numerical simulations, parameter sensitivity analysis, linear stability analysis and a numerical experiment whereby we show how a dormant glioma can become malignant.",
        "year": 2015,
        "month": "9",
        "volume": "380",
        "pages": "299-308",
        "link": "http://identifiers.org/pubmed/26073722",
        "authors": [
            {
                "name": "Marc Sturrock",
                "institution": "Mathematical Biosciences Institute, The Ohio State University, Columbus 43210, OH, USA."
            },
            {
                "name": "Wenrui Hao",
                "institution": "Mathematical Biosciences Institute, The Ohio State University, Columbus 43210, OH, USA.",
                "orcid": "0000-0002-6925-7424"
            },
            {
                "name": "Judith Schwartzbaum",
                "institution": "Division of Epidemiology, College of Public Health, The Ohio State University, Columbus, OH, USA; Comprehensive Cancer Center, The Ohio State University, Columbus, OH, USA.",
                "orcid": "0000-0002-1523-9941"
            },
            {
                "name": "Grzegorz A Rempala",
                "institution": "Mathematical Biosciences Institute, The Ohio State University, Columbus 43210, OH, USA; Division of Biostatistics, College of Public Health, The Ohio State University, Columbus 43210, OH, USA. Electronic address: rempala.3@osu.edu."
            }
        ]
    },
    "files": {
        "main": [
            {
                "name": "Sturrock2015.xml",
                "description": "SBML L3V1 representation of glioma growth model",
                "fileSize": "81862",
                "mimeType": "application/xml",
                "md5sum": "e5b6623de2a82ba4a868ecb4128abe64",
                "sha1sum": "fbf3b46ca86dd6e366d0f9a290a9c82ac861dd1d",
                "sha256sum": "9ff872418421760e74e61d473a8e78d3340e16bf861f725a696c13825029e96b"
            }
        ],
        "additional": [
            {
                "name": "Sturrock2015-biopax2.owl",
                "description": "Auto-generated BioPAX (Level 2) file.",
                "fileSize": "15656",
                "mimeType": "application/rdf+xml",
                "md5sum": "30bb0722b9c4af18d4f27835e703b8eb",
                "sha1sum": "89e0b61f02b6ce0b34d9982c131703f86be76fde",
                "sha256sum": "4db6ce600074d11c94c4cf63608cf27a6bbf528b52fb5e7b8247501a32dcb472"
            },
            {
                "name": "Sturrock2015-biopax3.owl",
                "description": "Auto-generated BioPAX (Level 3) file.",
                "fileSize": "22776",
                "mimeType": "application/rdf+xml",
                "md5sum": "b331b5e2919c993e32d24fb30746030f",
                "sha1sum": "a6d32cf18f2cb9af42d84d8a5e99c92a51bb8150",
                "sha256sum": "0ea7773e8641be73d030572fa4902269a9dc6d4af784602b50a88ff28dde5c14"
            },
            {
                "name": "Sturrock2015-matlab.m",
                "description": "Auto-generated Matlab file.",
                "fileSize": "6490",
                "mimeType": "text/x-matlab",
                "md5sum": "47d1607f72a2c723d8b6c1c0d57015f7",
                "sha1sum": "f057019543868e94792a53407783b09aec25736e",
                "sha256sum": "c42decd693dfd7fecf50374cd5915245883cdae6af07e557da49bfd9a23edc60"
            },
            {
                "name": "Sturrock2015.cps",
                "description": "CPS file of the model in COPASI",
                "fileSize": "95190",
                "mimeType": "application/xml",
                "md5sum": "c3c547ca1e6933463f835f1be92ab5e7",
                "sha1sum": "d855b81e48907709d57ad2e6dca357f445542c66",
                "sha256sum": "b3c8914cb474c0851827a625abee802af5589a11f3f1d8c90294c979beeed256"
            },
            {
                "name": "Sturrock2015.ode",
                "description": "Auto-generated ODE file for XPP.",
                "fileSize": "4625",
                "mimeType": "text/plain",
                "md5sum": "40d4fb94f8bef69c87fe84bb938d0222",
                "sha1sum": "a71627bc4b5d9f22a7158d44194e3b0878d42f01",
                "sha256sum": "bcc194001f76b52a49681e729b920d6b857c242495c759ba1e8f2b9de1ea2a26"
            },
            {
                "name": "Sturrock2015.sedml",
                "description": "CRBM-processed SED-ML file, based on original COPASI save file export.",
                "fileSize": "21306",
                "mimeType": "application/xml",
                "md5sum": "3d1d2691ad76dda5de87520ee5a9e055",
                "sha1sum": "40393293d7e26eddd748453877b5998922a5c05d",
                "sha256sum": "68f27ea7563e47c4a5c8c9e2abdc69d0c5fab8be4461b39be1f1e3dc6d8fba4e"
            },
            {
                "name": "curation_image.png",
                "description": "Reproduced figure(s) from original curation.",
                "fileSize": "61120",
                "mimeType": "image/png",
                "md5sum": "370c42d8658286586deb0bd71c835306",
                "sha1sum": "ee5e9f253b2bb1e42815881f59c9b328435e38b3",
                "sha256sum": "6532d99378f7e046a0daaf5850cffbc78098d943de2112b32f18bd8536d1f697"
            },
            {
                "name": "curation_notes.txt",
                "description": "Notes from original curation (describes curation_image).",
                "fileSize": "106",
                "mimeType": "text/plain",
                "md5sum": "f7851459b49edb13e830460a76f61e07",
                "sha1sum": "3fbcd1b3cae56e23910355bdb21f3aa0faea0a4b",
                "sha256sum": "421a20c60ac315b9d0938c644d3e6281b7f5d42272b909498a2a1ca978715fc6"
            },
            {
                "name": "manifest.xml",
                "description": "Auto-generated manifest file for OMEX archives.",
                "fileSize": "1311",
                "mimeType": "application/xml",
                "md5sum": "395e049efc65d7f57ed2c64905f99aa2",
                "sha1sum": "89f46154912c688b29e15b32c7f739023c86a673",
                "sha256sum": "a80a2a168e270ba9ae7f9dfba537d87db32a899f10a1c6f5b58ac0885e0c29c0"
            },
            {
                "name": "metadata.rdf",
                "description": "Auto-generated annotation metadata file.",
                "fileSize": "3338",
                "mimeType": "application/rdf+xml",
                "md5sum": "d038acae7212f5d8f710e32266611772",
                "sha1sum": "5cea3d9f61fce4873ce8d7ff51d6fc261cef3752",
                "sha256sum": "7d5a16844738522603372186721615d544db8f25b09eccbc68f3e7cdd6beed78"
            }
        ]
    },
    "history": {
        "revisions": [
            {
                "version": 3,
                "submitted": 1566301972,
                "submitter": "Jinghao Men",
                "comment": "Automatically added model identifier BIOMD0000000801"
            },
            {
                "version": 4,
                "submitted": 1724286306,
                "submitter": "Lucian Smith",
                "comment": "CRBM-sponsored manual and automated updates."
            }
        ]
    },
    "firstPublished": 1725281873,
    "submissionId": "MODEL1908200001",
    "publicationId": "BIOMD0000000801",
    "modellingApproach": {
        "accession": "MAMO_0000046",
        "name": "ordinary differential equation model",
        "resource": "http://identifiers.org/mamo/MAMO_0000046"
    },
    "curationStatus": "CURATED",
    "modelTags": [
        "Immuno-oncology"
    ],
    "contributors": {
        "Curator": [
            {
                "name": "Lucian Smith",
                "email": "lpsmith@uw.edu",
                "affiliation": "University of Washington",
                "orcid": "0000-0001-7002-6386",
                "external": false
            }
        ],
        "Modeller": [
            {
                "name": "Jinghao Men",
                "email": "jm2187@cam.ac.uk",
                "affiliation": "University of Cambridge",
                "orcid": "0000-0003-4781-8144",
                "external": false
            }
        ]
    },
    "vcsIdentifier": "aai",
    "modelLevelAnnotations": [
        {
            "qualifier": "bqbiol:hasTaxon",
            "accession": "9606",
            "name": "Homo sapiens",
            "resource": "Taxonomy",
            "uri": "http://identifiers.org/taxonomy/9606"
        },
        {
            "qualifier": "bqbiol:hasProperty",
            "accession": "MAMO_0000046",
            "name": "Ordinary differential equation model",
            "resource": "Mathematical Modelling Ontology",
            "uri": "http://identifiers.org/mamo/MAMO_0000046"
        },
        {
            "qualifier": "bqbiol:hasProperty",
            "accession": "GO:0002418",
            "name": "immune response to tumor cell",
            "resource": "Gene Ontology",
            "uri": "http://identifiers.org/go/GO:0002418"
        },
        {
            "qualifier": "bqmodel:isDescribedBy",
            "accession": "26073722",
            "resource": "PubMed",
            "uri": "http://identifiers.org/pubmed/26073722"
        },
        {
            "qualifier": "bqmodel:is",
            "accession": "MODEL1908200001",
            "resource": "BioModels Database",
            "uri": "http://identifiers.org/biomodels.db/MODEL1908200001"
        },
        {
            "qualifier": "bqmodel:is",
            "accession": "BIOMD0000000801",
            "resource": "BioModels Database",
            "uri": "http://identifiers.org/biomodels.db/BIOMD0000000801"
        },
        {
            "qualifier": "bqbiol:hasProperty",
            "accession": "0005543",
            "name": "glioma",
            "resource": "Experimental Factor Ontology",
            "uri": "http://identifiers.org/efo/0005543"
        }
    ]
}