{
    "name": "Lavigne2021 - Non-spatial model of viral infection dynamics and interferon response of well-mixed viral infection",
    "description": "<notes xmlns=\"http://www.sbml.org/sbml/level2/version4\">      <body xmlns=\"http://www.w3.org/1999/xhtml\">        <pre>This ordinary differential equation model is described in the following article:\"Autocrine and paracrine interferon signalling as ‘ring vaccination’ and ‘contact tracing’ strategies to suppress virus infection in a host\"G. Michael Lavigne, Hayley Russell, Barbara Sherry and Ruian KeDOI: 10.1098/rspb.2020.3002Comment:This model is based on the ordinary differential equations of the non-spatial model of well-mixed viral infection stated in the manuscript (Eq. 2.1 in the article).Abstract:The innate immune response, particularly the interferon response, represents a first line of defence against viral infections. The interferon molecules produced from infected cells act through autocrine and paracrine signalling to turn host cells into an antiviral state. Although the molecular mechanisms of IFN signalling have been well characterized, how the interferon response collectively contribute to the regulation of host cells to stop or suppress viral infection during early infection remain unclear. Here, we use mathematical models to delineate the roles of the autocrine and the paracrine signalling, and show that their impacts on viral spread are dependent on how infection proceeds. In particular, we found that when infection is well-mixed, the paracrine signalling is not as effective; by contrast, when infection spreads in a spatial manner, a likely scenario during initial infection in tissue, the paracrine signalling can impede the spread of infection by decreasing the number of susceptible cells close to the site of infection. Furthermore, we argue that the interferon response can be seen as a parallel to population-level epidemic prevention strategies such as ‘contact tracing’ or ‘ring vaccination’. Thus, our results here may have implications for the outbreak control at the population scale more broadly.</pre>      </body>    </notes>",
    "format": {
        "name": "SBML",
        "identifier": "SBML",
        "version": "L2V4"
    },
    "publication": {
        "type": "PubMed ID",
        "accession": "33622135",
        "journal": "Proceedings. Biological sciences",
        "title": "Autocrine and paracrine interferon signalling as 'ring vaccination' and 'contact tracing' strategies to suppress virus infection in a host.",
        "affiliation": "Department of Mathematics, North Carolina State University, Raleigh, NC 27606, USA.",
        "synopsis": "The innate immune response, particularly the interferon response, represents a first line of defence against viral infections. The interferon molecules produced from infected cells act through autocrine and paracrine signalling to turn host cells into an antiviral state. Although the molecular mechanisms of IFN signalling have been well characterized, how the interferon response collectively contribute to the regulation of host cells to stop or suppress viral infection during early infection remain unclear. Here, we use mathematical models to delineate the roles of the autocrine and the paracrine signalling, and show that their impacts on viral spread are dependent on how infection proceeds. In particular, we found that when infection is well-mixed, the paracrine signalling is not as effective; by contrast, when infection spreads in a spatial manner, a likely scenario during initial infection in tissue, the paracrine signalling can impede the spread of infection by decreasing the number of susceptible cells close to the site of infection. Furthermore, we argue that the interferon response can be seen as a parallel to population-level epidemic prevention strategies such as 'contact tracing' or 'ring vaccination'. Thus, our results here may have implications for the outbreak control at the population scale more broadly.",
        "year": 2021,
        "month": "2",
        "volume": "288",
        "issue": "1945",
        "pages": "20203002",
        "link": "http://identifiers.org/pubmed/33622135",
        "authors": [
            {
                "name": "G Michael Lavigne",
                "institution": "Department of Mathematics, North Carolina State University, Raleigh, NC 27606, USA."
            },
            {
                "name": "Hayley Russell",
                "institution": "Department of Mathematics, North Carolina State University, Raleigh, NC 27606, USA."
            },
            {
                "name": "Barbara Sherry",
                "institution": "School of Veterinary Medicine, North Carolina State University, Raleigh, NC 27606, USA."
            },
            {
                "name": "Ruian Ke",
                "institution": "Department of Mathematics, North Carolina State University, Raleigh, NC 27606, USA.T-6, Theoretical Biology and Biophysics, Los Alamos National Laboratory, Los Alamos, NM 87545, USA.",
                "orcid": "0000-0001-5307-8934"
            }
        ]
    },
    "files": {
        "main": [
            {
                "name": "Lavigne2021 - ODE model.xml",
                "description": "SBML level 2 version 4 representation of the model",
                "fileSize": "47197",
                "mimeType": "application/xml",
                "md5sum": "a5f891d3fb9a83756525f1db164898ac",
                "sha1sum": "22902cfd8108638c79ef97bb67ce6abaa5dd2f5e",
                "sha256sum": "2f8a30208f6f73f6246e22401158d4a0cfe85b040ad7a3b1f02488d4623a828f"
            }
        ],
        "additional": [
            {
                "name": "Lavigne2021 - ODE model (no IFN condition).sedml",
                "description": "SEDML file (no IFN simulation) (additionally CRBM-validated and adjusted).",
                "fileSize": "17670",
                "mimeType": "application/xml",
                "md5sum": "0e7a56e32df058ce60aea43623038105",
                "sha1sum": "464b2450ff4a8236b642847925c7ae4286d1b501",
                "sha256sum": "18e3798581586bafa7edd8c10578049497cfc6b78108dd7758bdc23e82577648"
            },
            {
                "name": "Lavigne2021 - ODE model (paracrine only condition).sedml",
                "description": "SEDML file (paracrine only simulation) (additionally CRBM-validated and adjusted).",
                "fileSize": "17266",
                "mimeType": "application/xml",
                "md5sum": "38ca44ab4bb0442be9d7438f94f62c57",
                "sha1sum": "a7c645f9d0f222bbb3faefb242445d08a1ec44e2",
                "sha256sum": "ba4edd03a40bbcec946d5f41b1dc9f5816a768efd53e574711fe3ab0bdbbbcd6"
            },
            {
                "name": "Lavigne2021 - ODE model (with IFN condition).sedml",
                "description": "SEDML file (with IFN simulation) (additionally CRBM-validated and adjusted).",
                "fileSize": "17266",
                "mimeType": "application/xml",
                "md5sum": "63da38fbd58d15e3336923ceffd9a37c",
                "sha1sum": "566547d0cf6cf789bebd7f65aa15b94eaa575bb0",
                "sha256sum": "26ece522f4281d4123d63bef2345a37908f7482e76013e1c4a7121a02387a15e"
            },
            {
                "name": "Lavigne2021 - ODE model-biopax2.owl",
                "description": "Auto-generated BioPAX (Level 2) file.",
                "fileSize": "16734",
                "mimeType": "application/rdf+xml",
                "md5sum": "8006b7804d40395723ab3c58009b2812",
                "sha1sum": "a49a592641977a005a0e0888b969266e39e1dfe8",
                "sha256sum": "24dea7aeab4b044234d7d31f743ca5b28c0a3fb9a32b089795e5a096cb4b06c6"
            },
            {
                "name": "Lavigne2021 - ODE model-biopax3.owl",
                "description": "Auto-generated BioPAX (Level 3) file.",
                "fileSize": "23359",
                "mimeType": "application/rdf+xml",
                "md5sum": "66425ccd98c8c3a0973a6a371a0f3e37",
                "sha1sum": "ed4a1171e1658e5f884256021a5837201c8de78c",
                "sha256sum": "138933f7b8ab5eb5e8013fde77de9f39572d4be7b718851f3fa7ee13f8d9361f"
            },
            {
                "name": "Lavigne2021 - ODE model-matlab.m",
                "description": "Auto-generated Matlab file.",
                "fileSize": "6296",
                "mimeType": "text/x-matlab",
                "md5sum": "0813de90676ffcf27fc28a55ef8fee2e",
                "sha1sum": "dca3309a8b80fe399fa65522942dc95e0459bb43",
                "sha256sum": "b0fcb3fd3a7739fd8bcbfebe960be3d5b94a5d5c0843d373688b094377a479e6"
            },
            {
                "name": "Lavigne2021 - ODE model-octave.m",
                "description": "Auto-generated Octave file.",
                "fileSize": "6296",
                "mimeType": "text/x-matlab",
                "md5sum": "4164dddcb1c38f6b1991144ada246212",
                "sha1sum": "d0da495716146d9e984fc11ba313bcd7b202b674",
                "sha256sum": "3e321821e0501298427237552bb36b3e86326141fd91ca2db5909104ee6fc942"
            },
            {
                "name": "Lavigne2021 - ODE model.cps",
                "description": "COPASI file",
                "fileSize": "123254",
                "mimeType": "application/xml",
                "md5sum": "355b36e5e7ad4b839249ca6e38ca8f2a",
                "sha1sum": "a241040ee655cbd73216922a41b2ad294ba77f4d",
                "sha256sum": "70e0e4079bbb65eaefcfe31b3c1cd51712415fdf271738c683d2a565799789a0"
            },
            {
                "name": "Lavigne2021 - ODE model.ode",
                "description": "Auto-generated ODE file for XPP.",
                "fileSize": "4393",
                "mimeType": "text/plain",
                "md5sum": "52037e2502d230bad59724ae95f68dcf",
                "sha1sum": "e63153078fd727c87d20188807d465ce5d0985b2",
                "sha256sum": "6c75e3ae2c352b87ea9c2530d91e5e871a14ea1f38a07d1462ca6c8697437018"
            },
            {
                "name": "curation_image.png",
                "description": "Reproduced figure(s) from original curation.",
                "fileSize": "84680",
                "mimeType": "image/png",
                "md5sum": "1cd48a699c9fb76ddf606fb95ebc1352",
                "sha1sum": "d0e460c2316242e6e2b6aad760c3d03e74baa68f",
                "sha256sum": "63942f6c65c49fa2da8edc9394d1a592eb3876378902f331e0e196c958c7771a"
            },
            {
                "name": "curation_notes.txt",
                "description": "Notes from original curation (describes curation_image).",
                "fileSize": "138",
                "mimeType": "text/plain",
                "md5sum": "4aa94a5509b920320c1c2e4b4d8a342c",
                "sha1sum": "36a898f918d8fc4c111617cfb088241a1f4e5cc4",
                "sha256sum": "263659063a0749875d693a486eaf800c02466766475c68de12b7735950a7c3c6"
            },
            {
                "name": "manifest.xml",
                "description": "Auto-generated manifest file for OMEX archives.",
                "fileSize": "1846",
                "mimeType": "application/xml",
                "md5sum": "99c8f623882034badb6975e6d89971c0",
                "sha1sum": "a78bed9ef8458aa6adfcf7d14cb38a02454a86db",
                "sha256sum": "dc50f687054823f2848a65923999aae39d6b3bf1cf3fdc9b24172280e75e7997"
            },
            {
                "name": "metadata.rdf",
                "description": "Auto-generated annotation metadata file.",
                "fileSize": "3686",
                "mimeType": "application/rdf+xml",
                "md5sum": "e71616ecb3d4b74d47a483b63c34b7c7",
                "sha1sum": "c9709a03dde1fabc991a0378e1220bade145e866",
                "sha256sum": "6d6de6e70ba797354242fdd37e2c93ed22e5186f681567ea60bd773cd263166d"
            }
        ]
    },
    "history": {
        "revisions": [
            {
                "version": 2,
                "submitted": 1626967860,
                "submitter": "Emilia Chen",
                "comment": "Automatically added model identifier BIOMD0000001021"
            },
            {
                "version": 4,
                "submitted": 1628689758,
                "submitter": "Emilia Chen",
                "comment": "Automatically added model identifier BIOMD0000001021"
            },
            {
                "version": 5,
                "submitted": 1724291904,
                "submitter": "Lucian Smith",
                "comment": "CRBM-sponsored manual and automated updates."
            }
        ]
    },
    "firstPublished": 1725282014,
    "submissionId": "MODEL2107220003",
    "publicationId": "BIOMD0000001021",
    "modellingApproach": {
        "accession": "MAMO_0000046",
        "name": "ordinary differential equation model",
        "resource": "http://identifiers.org/mamo/MAMO_0000046"
    },
    "curationStatus": "CURATED",
    "contributors": {
        "Curator": [
            {
                "name": "Lucian Smith",
                "email": "lpsmith@uw.edu",
                "affiliation": "University of Washington",
                "orcid": "0000-0001-7002-6386",
                "external": false
            }
        ],
        "Modeller": [
            {
                "name": "Emilia Chen",
                "email": "emiliachen1@gmail.com",
                "affiliation": "University of Cambridge",
                "external": false
            }
        ]
    },
    "vcsIdentifier": "aaj",
    "modelLevelAnnotations": [
        {
            "qualifier": "bqbiol:hasTaxon",
            "accession": "9606",
            "name": "Homo sapiens",
            "resource": "Taxonomy",
            "uri": "http://identifiers.org/taxonomy/9606"
        },
        {
            "qualifier": "bqbiol:hasProperty",
            "accession": "MAMO_0000046",
            "name": "Ordinary differential equation model",
            "resource": "Mathematical Modelling Ontology",
            "uri": "http://identifiers.org/mamo/MAMO_0000046"
        },
        {
            "qualifier": "bqmodel:is",
            "accession": "BIOMD0000001021",
            "resource": "BioModels Database",
            "uri": "http://identifiers.org/biomodels.db/BIOMD0000001021"
        },
        {
            "qualifier": "bqmodel:is",
            "accession": "MODEL2107220003",
            "resource": "BioModels Database",
            "uri": "http://identifiers.org/biomodels.db/MODEL2107220003"
        },
        {
            "qualifier": "bqmodel:isDescribedBy",
            "accession": "33622135",
            "resource": "PubMed",
            "uri": "https://identifiers.org/pubmed:33622135"
        },
        {
            "qualifier": "bqbiol:isPropertyOf",
            "accession": "GO:0140374",
            "name": "antiviral innate immune response",
            "resource": "Gene Ontology",
            "uri": "http://identifiers.org/go/GO:0140374"
        },
        {
            "qualifier": "bqbiol:isPropertyOf",
            "accession": "GO:0071345",
            "name": "cellular response to cytokine stimulus",
            "resource": "Gene Ontology",
            "uri": "http://identifiers.org/go/GO:0071345"
        },
        {
            "qualifier": "bqbiol:isPropertyOf",
            "accession": "GO:0019221",
            "name": "cytokine-mediated signaling pathway",
            "resource": "Gene Ontology",
            "uri": "http://identifiers.org/go/GO:0019221"
        },
        {
            "qualifier": "bqbiol:isDescribedBy",
            "accession": "33622135",
            "resource": "PubMed",
            "uri": "http://identifiers.org/pubmed/33622135"
        },
        {
            "qualifier": "bqbiol:hasProperty",
            "accession": "GO:0035425",
            "name": "autocrine signaling",
            "resource": "Gene Ontology",
            "uri": "http://identifiers.org/go/GO:0035425"
        },
        {
            "qualifier": "bqbiol:hasProperty",
            "accession": "GO:0038001",
            "name": "paracrine signaling",
            "resource": "Gene Ontology",
            "uri": "http://identifiers.org/go/GO:0038001"
        }
    ]
}