<?xml version='1.0' encoding='UTF-8' standalone='no'?>
<sbml xmlns="http://www.sbml.org/sbml/level3/version1/core" layout:required="false" level="3" render:required="false" version="1" xmlns:layout="http://www.sbml.org/sbml/level3/version1/layout/version1" xmlns:render="http://www.sbml.org/sbml/level3/version1/render/version1">
  <model areaUnits="area" extentUnits="substance" id="Phan2017___innate_immune_in_oncolytic_virotherapy" lengthUnits="length" metaid="COPASI0" name="Phan2017 - innate immune in oncolytic virotherapy" substanceUnits="substance" timeUnits="time" volumeUnits="volume">
    <notes>
      <body xmlns="http://www.w3.org/1999/xhtml">
     <p>The paper describes a model on the key components for tumor–immune dynamics in multiple myeloma. 
Created by COPASI 4.25 (Build 207) 

This model is described in the article: 
The Role of the Innate Immune System in Oncolytic Virotherapy 
Tuan Anh Phan and Jianjun Paul Tian
Computational and Mathematical Methods in Medicine (2017) 6587258

Abstract: 
The complexity of the immune responses is a major challenge in current virotherapy. This study incorporates the innate immune response into our basic model for virotherapy and investigates how the innate immunity affects the outcome of virotherapy. The viral therapeutic dynamics is largely determined by the viral burst size, relative innate immune killing rate, and relative innate immunity decay rate. The innate immunity may complicate virotherapy in the way of creating more equilibria when the viral burst size is not too big, while the dynamics is similar to the system without innate immunity when the viral burst size is big.

To cite BioModels Database, please use: BioModels Database: An enhanced, curated and annotated resource for published quantitative kinetic models . 
To the extent possible under law, all copyright and related or neighbouring rights to this encoded model have been dedicated to the public domain worldwide. 
Please refer to CC0 Public Domain Dedication for more information.</p>
  </body>
    </notes>
    <annotation>
      <rdf:RDF xmlns:rdf="http://www.w3.org/1999/02/22-rdf-syntax-ns#" xmlns:dcterms="http://purl.org/dc/terms/" xmlns:vCard="http://www.w3.org/2001/vcard-rdf/3.0#" xmlns:vCard4="http://www.w3.org/2006/vcard/ns#" xmlns:bqbiol="http://biomodels.net/biology-qualifiers/" xmlns:bqmodel="http://biomodels.net/model-qualifiers/">
        <rdf:Description rdf:about="#COPASI0">
          <dcterms:creator>
            <rdf:Bag>
              <rdf:li rdf:parseType="Resource">
                <vCard:N rdf:parseType="Resource">
                  <vCard:Family>Men</vCard:Family>
                  <vCard:Given>Jinghao</vCard:Given>
                </vCard:N>
                <vCard:EMAIL>jm2187@cam.ac.uk</vCard:EMAIL>
                <vCard:ORG rdf:parseType="Resource">
                  <vCard:Orgname>University of Cambridge</vCard:Orgname>
                </vCard:ORG>
              </rdf:li>
            </rdf:Bag>
          </dcterms:creator>
	<dcterms:created rdf:parseType="Resource">
	<dcterms:W3CDTF>2019-07-10T15:02:36Z</dcterms:W3CDTF>
	</dcterms:created>
	<dcterms:modified rdf:parseType="Resource">
	<dcterms:W3CDTF>2019-07-10T15:02:36Z</dcterms:W3CDTF>
	</dcterms:modified>
	<bqmodel:isDescribedBy>
	<rdf:Bag>
	<rdf:li rdf:resource="http://identifiers.org/pubmed/29379572"/>
	</rdf:Bag>
	</bqmodel:isDescribedBy>
	<bqbiol:isVersionOf>
	<rdf:Bag>
	<rdf:li rdf:resource="http://identifiers.org/ncit/C62713"/>
	</rdf:Bag>
	</bqbiol:isVersionOf>
	<bqbiol:hasProperty>
	<rdf:Bag>
	<rdf:li rdf:resource="http://identifiers.org/mamo/MAMO_0000046"/>
	</rdf:Bag>
	</bqbiol:hasProperty>
	<bqbiol:hasTaxon>
	<rdf:Bag>
	<rdf:li rdf:resource="http://identifiers.org/taxonomy/9606"/>
	</rdf:Bag>
	</bqbiol:hasTaxon>
	<bqmodel:is>
	<rdf:Bag>
	<rdf:li rdf:resource="http://identifiers.org/biomodels.db/MODEL1907110001"/>
	<rdf:li rdf:resource="http://identifiers.org/biomodels.db/BIOMD0000000748"/>
	</rdf:Bag>
	</bqmodel:is>
	</rdf:Description>
      </rdf:RDF>
      <COPASI xmlns="http://www.copasi.org/static/sbml">
        <rdf:RDF xmlns:CopasiMT="http://www.copasi.org/RDF/MiriamTerms#" xmlns:bqbiol="http://biomodels.net/biology-qualifiers/" xmlns:dcterms="http://purl.org/dc/terms/" xmlns:rdf="http://www.w3.org/1999/02/22-rdf-syntax-ns#" xmlns:vCard="http://www.w3.org/2001/vcard-rdf/3.0#">
          <rdf:Description rdf:about="#COPASI0">
            <bqbiol:hasProperty rdf:resource="urn:miriam:mamo:MAMO_0000046"/>
            <bqbiol:hasTaxon rdf:resource="urn:miriam:taxonomy:9606"/>
            <dcterms:bibliographicCitation>
              <rdf:Description>
                <CopasiMT:isDescribedBy rdf:resource="urn:miriam:pubmed:29379572"/>
              </rdf:Description>
            </dcterms:bibliographicCitation>
            <dcterms:created>
              <rdf:Description>
                <dcterms:W3CDTF>2019-07-10T15:02:36Z</dcterms:W3CDTF>
              </rdf:Description>
            </dcterms:created>
            <dcterms:creator>
              <rdf:Description>
                <vCard:EMAIL>jm2187@cam.ac.uk</vCard:EMAIL>
                <vCard:N>
                  <rdf:Description>
                    <vCard:Family>Men</vCard:Family>
                    <vCard:Given>Jinghao</vCard:Given>
                  </rdf:Description>
                </vCard:N>
                <vCard:ORG>
                  <rdf:Description>
                    <vCard:Orgname>University of Cambridge</vCard:Orgname>
                  </rdf:Description>
                </vCard:ORG>
              </rdf:Description>
            </dcterms:creator>
            <CopasiMT:isVersionOf rdf:resource="urn:miriam:ncit:C62713"/>
          </rdf:Description>
        </rdf:RDF>
      </COPASI>
    </annotation>
      <listOfFunctionDefinitions>
      <functionDefinition id="t_g" metaid="COPASI25" name="t-g">
        <annotation>
          <COPASI xmlns="http://www.copasi.org/static/sbml">
            <rdf:RDF xmlns:dcterms="http://purl.org/dc/terms/" xmlns:rdf="http://www.w3.org/1999/02/22-rdf-syntax-ns#">
              <rdf:Description rdf:about="#COPASI25">
                <dcterms:created>
                  <rdf:Description>
                    <dcterms:W3CDTF>2019-07-10T15:49:12Z</dcterms:W3CDTF>
                  </rdf:Description>
                </dcterms:created>
              </rdf:Description>
            </rdf:RDF>
          </COPASI>
        </annotation>
        <math xmlns="http://www.w3.org/1998/Math/MathML">        
          <lambda>
            <bvar>
              <ci> r </ci>
            </bvar>
            <bvar>
              <ci> x </ci>
            </bvar>
            <apply>
              <times/>
              <ci> r </ci>
              <ci> x </ci>
            </apply>
          </lambda>
        </math>
            </functionDefinition>
      <functionDefinition id="t_k" metaid="COPASI26" name="t-k">
        <annotation>
          <COPASI xmlns="http://www.copasi.org/static/sbml">
            <rdf:RDF xmlns:dcterms="http://purl.org/dc/terms/" xmlns:rdf="http://www.w3.org/1999/02/22-rdf-syntax-ns#">
              <rdf:Description rdf:about="#COPASI26">
                <dcterms:created>
                  <rdf:Description>
                    <dcterms:W3CDTF>2019-07-10T15:50:37Z</dcterms:W3CDTF>
                  </rdf:Description>
                </dcterms:created>
              </rdf:Description>
            </rdf:RDF>
          </COPASI>
        </annotation>
        <math xmlns="http://www.w3.org/1998/Math/MathML">        
          <lambda>
            <bvar>
              <ci> c </ci>
            </bvar>
            <bvar>
              <ci> y </ci>
            </bvar>
            <bvar>
              <ci> z </ci>
            </bvar>
            <apply>
              <times/>
              <ci> c </ci>
              <ci> y </ci>
              <ci> z </ci>
            </apply>
          </lambda>
        </math>
            </functionDefinition>
      <functionDefinition id="inft_d" metaid="COPASI27" name="inft-d">
        <annotation>
          <COPASI xmlns="http://www.copasi.org/static/sbml">
            <rdf:RDF xmlns:dcterms="http://purl.org/dc/terms/" xmlns:rdf="http://www.w3.org/1999/02/22-rdf-syntax-ns#">
              <rdf:Description rdf:about="#COPASI27">
                <dcterms:created>
                  <rdf:Description>
                    <dcterms:W3CDTF>2019-07-10T15:50:58Z</dcterms:W3CDTF>
                  </rdf:Description>
                </dcterms:created>
              </rdf:Description>
            </rdf:RDF>
          </COPASI>
        </annotation>
        <math xmlns="http://www.w3.org/1998/Math/MathML">        
          <lambda>
            <bvar>
              <ci> y </ci>
            </bvar>
            <ci> y </ci>
          </lambda>
        </math>
            </functionDefinition>
      <functionDefinition id="t_d" metaid="COPASI28" name="t-d">
        <annotation>
          <COPASI xmlns="http://www.copasi.org/static/sbml">
            <rdf:RDF xmlns:dcterms="http://purl.org/dc/terms/" xmlns:rdf="http://www.w3.org/1999/02/22-rdf-syntax-ns#">
              <rdf:Description rdf:about="#COPASI28">
                <dcterms:created>
                  <rdf:Description>
                    <dcterms:W3CDTF>2019-07-10T15:49:28Z</dcterms:W3CDTF>
                  </rdf:Description>
                </dcterms:created>
              </rdf:Description>
            </rdf:RDF>
          </COPASI>
        </annotation>
        <math xmlns="http://www.w3.org/1998/Math/MathML">        
          <lambda>
            <bvar>
              <ci> r </ci>
            </bvar>
            <bvar>
              <ci> x </ci>
            </bvar>
            <apply>
              <times/>
              <ci> r </ci>
              <ci> x </ci>
              <ci> x </ci>
            </apply>
          </lambda>
        </math>
            </functionDefinition>
      <functionDefinition id="t_cross" metaid="COPASI29" name="t-cross">
        <annotation>
          <COPASI xmlns="http://www.copasi.org/static/sbml">
            <rdf:RDF xmlns:dcterms="http://purl.org/dc/terms/" xmlns:rdf="http://www.w3.org/1999/02/22-rdf-syntax-ns#">
              <rdf:Description rdf:about="#COPASI29">
                <dcterms:created>
                  <rdf:Description>
                    <dcterms:W3CDTF>2019-07-10T15:49:45Z</dcterms:W3CDTF>
                  </rdf:Description>
                </dcterms:created>
              </rdf:Description>
            </rdf:RDF>
          </COPASI>
        </annotation>
        <math xmlns="http://www.w3.org/1998/Math/MathML">        
          <lambda>
            <bvar>
              <ci> r </ci>
            </bvar>
            <bvar>
              <ci> x </ci>
            </bvar>
            <bvar>
              <ci> y </ci>
            </bvar>
            <apply>
              <times/>
              <ci> r </ci>
              <ci> x </ci>
              <ci> y </ci>
            </apply>
          </lambda>
        </math>
            </functionDefinition>
      <functionDefinition id="v_rep" metaid="COPASI30" name="v-rep">
        <annotation>
          <COPASI xmlns="http://www.copasi.org/static/sbml">
            <rdf:RDF xmlns:dcterms="http://purl.org/dc/terms/" xmlns:rdf="http://www.w3.org/1999/02/22-rdf-syntax-ns#">
              <rdf:Description rdf:about="#COPASI30">
                <dcterms:created>
                  <rdf:Description>
                    <dcterms:W3CDTF>2019-07-10T15:51:15Z</dcterms:W3CDTF>
                  </rdf:Description>
                </dcterms:created>
              </rdf:Description>
            </rdf:RDF>
          </COPASI>
        </annotation>
        <math xmlns="http://www.w3.org/1998/Math/MathML">        
          <lambda>
            <bvar>
              <ci> b </ci>
            </bvar>
            <bvar>
              <ci> y </ci>
            </bvar>
            <apply>
              <times/>
              <ci> b </ci>
              <ci> y </ci>
            </apply>
          </lambda>
        </math>
            </functionDefinition>
      <functionDefinition id="infection_0" metaid="COPASI31" name="infection">
        <annotation>
          <COPASI xmlns="http://www.copasi.org/static/sbml">
            <rdf:RDF xmlns:dcterms="http://purl.org/dc/terms/" xmlns:rdf="http://www.w3.org/1999/02/22-rdf-syntax-ns#">
              <rdf:Description rdf:about="#COPASI31">
                <dcterms:created>
                  <rdf:Description>
                    <dcterms:W3CDTF>2019-07-10T15:53:15Z</dcterms:W3CDTF>
                  </rdf:Description>
                </dcterms:created>
              </rdf:Description>
            </rdf:RDF>
          </COPASI>
        </annotation>
        <math xmlns="http://www.w3.org/1998/Math/MathML">        
          <lambda>
            <bvar>
              <ci> a </ci>
            </bvar>
            <bvar>
              <ci> x </ci>
            </bvar>
            <bvar>
              <ci> v </ci>
            </bvar>
            <apply>
              <times/>
              <ci> a </ci>
              <ci> x </ci>
              <ci> v </ci>
            </apply>
          </lambda>
        </math>
            </functionDefinition>
      <functionDefinition id="v_k" metaid="COPASI32" name="v-k">
        <annotation>
          <COPASI xmlns="http://www.copasi.org/static/sbml">
            <rdf:RDF xmlns:dcterms="http://purl.org/dc/terms/" xmlns:rdf="http://www.w3.org/1999/02/22-rdf-syntax-ns#">
              <rdf:Description rdf:about="#COPASI32">
                <dcterms:created>
                  <rdf:Description>
                    <dcterms:W3CDTF>2019-07-10T15:53:35Z</dcterms:W3CDTF>
                  </rdf:Description>
                </dcterms:created>
              </rdf:Description>
            </rdf:RDF>
          </COPASI>
        </annotation>
        <math xmlns="http://www.w3.org/1998/Math/MathML">        
          <lambda>
            <bvar>
              <ci> d </ci>
            </bvar>
            <bvar>
              <ci> v </ci>
            </bvar>
            <bvar>
              <ci> z </ci>
            </bvar>
            <apply>
              <times/>
              <ci> d </ci>
              <ci> v </ci>
              <ci> z </ci>
            </apply>
          </lambda>
        </math>
            </functionDefinition>
      <functionDefinition id="v_clear" metaid="COPASI33" name="v-clear">
        <annotation>
          <COPASI xmlns="http://www.copasi.org/static/sbml">
            <rdf:RDF xmlns:dcterms="http://purl.org/dc/terms/" xmlns:rdf="http://www.w3.org/1999/02/22-rdf-syntax-ns#">
              <rdf:Description rdf:about="#COPASI33">
                <dcterms:created>
                  <rdf:Description>
                    <dcterms:W3CDTF>2019-07-10T15:53:49Z</dcterms:W3CDTF>
                  </rdf:Description>
                </dcterms:created>
              </rdf:Description>
            </rdf:RDF>
          </COPASI>
        </annotation>
        <math xmlns="http://www.w3.org/1998/Math/MathML">        
          <lambda>
            <bvar>
              <ci> e </ci>
            </bvar>
            <bvar>
              <ci> v </ci>
            </bvar>
            <apply>
              <times/>
              <ci> e </ci>
              <ci> v </ci>
            </apply>
          </lambda>
        </math>
            </functionDefinition>
      <functionDefinition id="imm_s" metaid="COPASI34" name="imm-s">
        <annotation>
          <COPASI xmlns="http://www.copasi.org/static/sbml">
            <rdf:RDF xmlns:dcterms="http://purl.org/dc/terms/" xmlns:rdf="http://www.w3.org/1999/02/22-rdf-syntax-ns#">
              <rdf:Description rdf:about="#COPASI34">
                <dcterms:created>
                  <rdf:Description>
                    <dcterms:W3CDTF>2019-07-10T15:54:01Z</dcterms:W3CDTF>
                  </rdf:Description>
                </dcterms:created>
              </rdf:Description>
            </rdf:RDF>
          </COPASI>
        </annotation>
        <math xmlns="http://www.w3.org/1998/Math/MathML">        
          <lambda>
            <bvar>
              <ci> m </ci>
            </bvar>
            <bvar>
              <ci> y </ci>
            </bvar>
            <bvar>
              <ci> z </ci>
            </bvar>
            <apply>
              <times/>
              <ci> m </ci>
              <ci> y </ci>
              <ci> z </ci>
            </apply>
          </lambda>
        </math>
            </functionDefinition>
      <functionDefinition id="imm_d" metaid="COPASI35" name="imm-d">
        <annotation>
          <COPASI xmlns="http://www.copasi.org/static/sbml">
            <rdf:RDF xmlns:dcterms="http://purl.org/dc/terms/" xmlns:rdf="http://www.w3.org/1999/02/22-rdf-syntax-ns#">
              <rdf:Description rdf:about="#COPASI35">
                <dcterms:created>
                  <rdf:Description>
                    <dcterms:W3CDTF>2019-07-10T15:54:21Z</dcterms:W3CDTF>
                  </rdf:Description>
                </dcterms:created>
              </rdf:Description>
            </rdf:RDF>
          </COPASI>
        </annotation>
        <math xmlns="http://www.w3.org/1998/Math/MathML">        
          <lambda>
            <bvar>
              <ci> n </ci>
            </bvar>
            <bvar>
              <ci> z </ci>
            </bvar>
            <apply>
              <times/>
              <ci> n </ci>
              <ci> z </ci>
            </apply>
          </lambda>
        </math>
            </functionDefinition>
    </listOfFunctionDefinitions>
    <listOfUnitDefinitions>
      <unitDefinition id="length" name="length">
        <listOfUnits>
          <unit exponent="1" kind="metre" multiplier="1" scale="0"/>
        </listOfUnits>
      </unitDefinition>
      <unitDefinition id="area" name="area">
        <listOfUnits>
          <unit exponent="2" kind="metre" multiplier="1" scale="0"/>
        </listOfUnits>
      </unitDefinition>
      <unitDefinition id="volume" name="volume">
        <listOfUnits>
          <unit exponent="1" kind="litre" multiplier="1" scale="-3"/>
        </listOfUnits>
      </unitDefinition>
      <unitDefinition id="time" name="time">
        <listOfUnits>
          <unit exponent="1" kind="second" multiplier="1" scale="0"/>
        </listOfUnits>
      </unitDefinition>
      <unitDefinition id="substance" name="substance">
        <listOfUnits>
          <unit exponent="1" kind="mole" multiplier="1" scale="-3"/>
        </listOfUnits>
      </unitDefinition>
      <unitDefinition id="unit_0" name="1">
        <listOfUnits>
          <unit exponent="0" kind="dimensionless" multiplier="1" scale="0"/>
        </listOfUnits>
      </unitDefinition>
    </listOfUnitDefinitions>
    <listOfCompartments>
      <compartment constant="true" id="tumor_microenvironment" metaid="COPASI1" name="tumor microenvironment" size="1" spatialDimensions="3" units="volume">
        <annotation>
          <rdf:RDF xmlns:rdf="http://www.w3.org/1999/02/22-rdf-syntax-ns#" xmlns:dcterms="http://purl.org/dc/terms/" xmlns:vCard="http://www.w3.org/2001/vcard-rdf/3.0#" xmlns:vCard4="http://www.w3.org/2006/vcard/ns#" xmlns:bqbiol="http://biomodels.net/biology-qualifiers/" xmlns:bqmodel="http://biomodels.net/model-qualifiers/">
            <rdf:Description rdf:about="#COPASI1">
	<bqbiol:isVersionOf>
	<rdf:Bag>
	<rdf:li rdf:resource="http://identifiers.org/ncit/C94498"/>
	</rdf:Bag>
	</bqbiol:isVersionOf>
	</rdf:Description>
	
	
          </rdf:RDF>
          <COPASI xmlns="http://www.copasi.org/static/sbml">
            <rdf:RDF xmlns:CopasiMT="http://www.copasi.org/RDF/MiriamTerms#" xmlns:dcterms="http://purl.org/dc/terms/" xmlns:rdf="http://www.w3.org/1999/02/22-rdf-syntax-ns#">
              <rdf:Description rdf:about="#COPASI1">
                <dcterms:created>
                  <rdf:Description>
                    <dcterms:W3CDTF>2019-07-10T15:12:10Z</dcterms:W3CDTF>
                  </rdf:Description>
                </dcterms:created>
                <CopasiMT:isVersionOf rdf:resource="urn:miriam:ncit:C94498"/>
              </rdf:Description>
            </rdf:RDF>
          </COPASI>
        </annotation>
            </compartment>
    </listOfCompartments>
    <listOfSpecies>
      <species boundaryCondition="false" compartment="tumor_microenvironment" constant="false" hasOnlySubstanceUnits="false" id="x" initialConcentration="0.99" metaid="COPASI2" name="x" substanceUnits="substance">
        <notes>
          <body xmlns="http://www.w3.org/1999/xhtml">
            <pre>relative uninfected tumor cell

=x/Capacity</pre>
          </body>
        </notes>
        <annotation>
          <rdf:RDF xmlns:rdf="http://www.w3.org/1999/02/22-rdf-syntax-ns#" xmlns:dcterms="http://purl.org/dc/terms/" xmlns:vCard="http://www.w3.org/2001/vcard-rdf/3.0#" xmlns:vCard4="http://www.w3.org/2006/vcard/ns#" xmlns:bqbiol="http://biomodels.net/biology-qualifiers/" xmlns:bqmodel="http://biomodels.net/model-qualifiers/">
            <rdf:Description rdf:about="#COPASI2">
	<bqbiol:isVersionOf>
	<rdf:Bag>
	<rdf:li rdf:resource="http://identifiers.org/cl/CL:0001063"/>
	</rdf:Bag>
	</bqbiol:isVersionOf>
	</rdf:Description>
	
	
          </rdf:RDF>
          <COPASI xmlns="http://www.copasi.org/static/sbml">
            <rdf:RDF xmlns:CopasiMT="http://www.copasi.org/RDF/MiriamTerms#" xmlns:dcterms="http://purl.org/dc/terms/" xmlns:rdf="http://www.w3.org/1999/02/22-rdf-syntax-ns#">
              <rdf:Description rdf:about="#COPASI2">
                <dcterms:created>
                  <rdf:Description>
                    <dcterms:W3CDTF>2019-07-10T15:12:50Z</dcterms:W3CDTF>
                  </rdf:Description>
                </dcterms:created>
                <CopasiMT:isVersionOf rdf:resource="urn:miriam:cl:CL:0001063"/>
              </rdf:Description>
            </rdf:RDF>
          </COPASI>
        </annotation>
            </species>
      <species boundaryCondition="false" compartment="tumor_microenvironment" constant="false" hasOnlySubstanceUnits="false" id="y" initialConcentration="0.01" metaid="COPASI3" name="y" substanceUnits="substance">
        <notes>
          <body xmlns="http://www.w3.org/1999/xhtml">
            <pre>relative infected tumor cell

=y/Capacity</pre>
          </body>
        </notes>
        <annotation>
          <rdf:RDF xmlns:rdf="http://www.w3.org/1999/02/22-rdf-syntax-ns#" xmlns:dcterms="http://purl.org/dc/terms/" xmlns:vCard="http://www.w3.org/2001/vcard-rdf/3.0#" xmlns:vCard4="http://www.w3.org/2006/vcard/ns#" xmlns:bqbiol="http://biomodels.net/biology-qualifiers/" xmlns:bqmodel="http://biomodels.net/model-qualifiers/">
            <rdf:Description rdf:about="#COPASI3">
	<bqbiol:isVersionOf>
	<rdf:Bag>
	<rdf:li rdf:resource="http://identifiers.org/cl/CL:0001063"/>
	</rdf:Bag>
	</bqbiol:isVersionOf>
	</rdf:Description>
	
	
          </rdf:RDF>
          <COPASI xmlns="http://www.copasi.org/static/sbml">
            <rdf:RDF xmlns:CopasiMT="http://www.copasi.org/RDF/MiriamTerms#" xmlns:dcterms="http://purl.org/dc/terms/" xmlns:rdf="http://www.w3.org/1999/02/22-rdf-syntax-ns#">
              <rdf:Description rdf:about="#COPASI3">
                <dcterms:created>
                  <rdf:Description>
                    <dcterms:W3CDTF>2019-07-10T15:12:51Z</dcterms:W3CDTF>
                  </rdf:Description>
                </dcterms:created>
                <CopasiMT:isVersionOf rdf:resource="urn:miriam:cl:CL:0001063"/>
              </rdf:Description>
            </rdf:RDF>
          </COPASI>
        </annotation>
            </species>
      <species boundaryCondition="false" compartment="tumor_microenvironment" constant="false" hasOnlySubstanceUnits="false" id="v" initialConcentration="0.01" metaid="COPASI4" name="v" substanceUnits="substance">
        <notes>
          <body xmlns="http://www.w3.org/1999/xhtml">
            <pre>relative free virus

=v/Capacity</pre>
          </body>
        </notes>
        <annotation>
          <rdf:RDF xmlns:rdf="http://www.w3.org/1999/02/22-rdf-syntax-ns#" xmlns:dcterms="http://purl.org/dc/terms/" xmlns:vCard="http://www.w3.org/2001/vcard-rdf/3.0#" xmlns:vCard4="http://www.w3.org/2006/vcard/ns#" xmlns:bqbiol="http://biomodels.net/biology-qualifiers/" xmlns:bqmodel="http://biomodels.net/model-qualifiers/">
            <rdf:Description rdf:about="#COPASI4">
	<bqbiol:isVersionOf>
	<rdf:Bag>
	<rdf:li rdf:resource="http://identifiers.org/ncit/C717"/>
	</rdf:Bag>
	</bqbiol:isVersionOf>
	</rdf:Description>
	
	
          </rdf:RDF>
          <COPASI xmlns="http://www.copasi.org/static/sbml">
            <rdf:RDF xmlns:CopasiMT="http://www.copasi.org/RDF/MiriamTerms#" xmlns:dcterms="http://purl.org/dc/terms/" xmlns:rdf="http://www.w3.org/1999/02/22-rdf-syntax-ns#">
              <rdf:Description rdf:about="#COPASI4">
                <dcterms:created>
                  <rdf:Description>
                    <dcterms:W3CDTF>2019-07-10T15:12:52Z</dcterms:W3CDTF>
                  </rdf:Description>
                </dcterms:created>
                <CopasiMT:isVersionOf rdf:resource="urn:miriam:ncit:C717"/>
              </rdf:Description>
            </rdf:RDF>
          </COPASI>
        </annotation>
            </species>
      <species boundaryCondition="false" compartment="tumor_microenvironment" constant="false" hasOnlySubstanceUnits="false" id="z" initialConcentration="0.01" metaid="COPASI5" name="z" substanceUnits="substance">
        <notes>
          <body xmlns="http://www.w3.org/1999/xhtml">
            <pre>relative immune cell population

=z/Capacity</pre>
          </body>
        </notes>
        <annotation>
          <rdf:RDF xmlns:rdf="http://www.w3.org/1999/02/22-rdf-syntax-ns#" xmlns:dcterms="http://purl.org/dc/terms/" xmlns:vCard="http://www.w3.org/2001/vcard-rdf/3.0#" xmlns:vCard4="http://www.w3.org/2006/vcard/ns#" xmlns:bqbiol="http://biomodels.net/biology-qualifiers/" xmlns:bqmodel="http://biomodels.net/model-qualifiers/">
            <rdf:Description rdf:about="#COPASI5">
	<bqbiol:isVersionOf>
	<rdf:Bag>
	<rdf:li rdf:resource="http://identifiers.org/ncit/C28241"/>
	</rdf:Bag>
	</bqbiol:isVersionOf>
	</rdf:Description>
	
	
          </rdf:RDF>
          <COPASI xmlns="http://www.copasi.org/static/sbml">
            <rdf:RDF xmlns:CopasiMT="http://www.copasi.org/RDF/MiriamTerms#" xmlns:dcterms="http://purl.org/dc/terms/" xmlns:rdf="http://www.w3.org/1999/02/22-rdf-syntax-ns#">
              <rdf:Description rdf:about="#COPASI5">
                <dcterms:created>
                  <rdf:Description>
                    <dcterms:W3CDTF>2019-07-10T15:12:54Z</dcterms:W3CDTF>
                  </rdf:Description>
                </dcterms:created>
                <CopasiMT:isVersionOf rdf:resource="urn:miriam:ncit:C28241"/>
              </rdf:Description>
            </rdf:RDF>
          </COPASI>
        </annotation>
            </species>
    </listOfSpecies>
    <listOfParameters>
      <parameter constant="true" id="r" metaid="COPASI6" name="r" units="unit_0" value="0.36">
        <notes>
          <body xmlns="http://www.w3.org/1999/xhtml">
            <pre>=l/delta

tumor growth rate/death rate of infected cell</pre>
          </body>
        </notes>
        <annotation>
          <rdf:RDF xmlns:rdf="http://www.w3.org/1999/02/22-rdf-syntax-ns#" xmlns:dcterms="http://purl.org/dc/terms/" xmlns:vCard="http://www.w3.org/2001/vcard-rdf/3.0#" xmlns:vCard4="http://www.w3.org/2006/vcard/ns#" xmlns:bqbiol="http://biomodels.net/biology-qualifiers/" xmlns:bqmodel="http://biomodels.net/model-qualifiers/">
            <rdf:Description rdf:about="#COPASI6">
	<bqbiol:isVersionOf>
	<rdf:Bag>
	<rdf:li rdf:resource="http://identifiers.org/sbo/SBO:0000610"/>
	</rdf:Bag>
	</bqbiol:isVersionOf>
	</rdf:Description>
	
	
          </rdf:RDF>
          <COPASI xmlns="http://www.copasi.org/static/sbml">
            <rdf:RDF xmlns:CopasiMT="http://www.copasi.org/RDF/MiriamTerms#" xmlns:dcterms="http://purl.org/dc/terms/" xmlns:rdf="http://www.w3.org/1999/02/22-rdf-syntax-ns#">
              <rdf:Description rdf:about="#COPASI6">
                <dcterms:created>
                  <rdf:Description>
                    <dcterms:W3CDTF>2019-07-10T15:25:51Z</dcterms:W3CDTF>
                  </rdf:Description>
                </dcterms:created>
                <CopasiMT:isVersionOf rdf:resource="urn:miriam:sbo:SBO:0000610"/>
              </rdf:Description>
            </rdf:RDF>
          </COPASI>
        </annotation>
            </parameter>
      <parameter constant="true" id="a" metaid="COPASI7" name="a" units="unit_0" value="0.11">
        <notes>
          <body xmlns="http://www.w3.org/1999/xhtml">
            <pre>=Capacity*beta/delta

=infection rate/death rate of infected cell</pre>
          </body>
        </notes>
        <annotation>
          <rdf:RDF xmlns:rdf="http://www.w3.org/1999/02/22-rdf-syntax-ns#" xmlns:dcterms="http://purl.org/dc/terms/" xmlns:vCard="http://www.w3.org/2001/vcard-rdf/3.0#" xmlns:vCard4="http://www.w3.org/2006/vcard/ns#" xmlns:bqbiol="http://biomodels.net/biology-qualifiers/" xmlns:bqmodel="http://biomodels.net/model-qualifiers/">
            <rdf:Description rdf:about="#COPASI7">
	<bqbiol:isVersionOf>
	<rdf:Bag>
	<rdf:li rdf:resource="http://identifiers.org/ncit/C94967"/>
	</rdf:Bag>
	</bqbiol:isVersionOf>
	</rdf:Description>
	
	
          </rdf:RDF>
          <COPASI xmlns="http://www.copasi.org/static/sbml">
            <rdf:RDF xmlns:CopasiMT="http://www.copasi.org/RDF/MiriamTerms#" xmlns:dcterms="http://purl.org/dc/terms/" xmlns:rdf="http://www.w3.org/1999/02/22-rdf-syntax-ns#">
              <rdf:Description rdf:about="#COPASI7">
                <dcterms:created>
                  <rdf:Description>
                    <dcterms:W3CDTF>2019-07-10T15:25:53Z</dcterms:W3CDTF>
                  </rdf:Description>
                </dcterms:created>
                <CopasiMT:isVersionOf rdf:resource="urn:miriam:ncit:C94967"/>
              </rdf:Description>
            </rdf:RDF>
          </COPASI>
        </annotation>
            </parameter>
      <parameter constant="true" id="c" metaid="COPASI8" name="c" units="unit_0" value="0.48">
        <notes>
          <body xmlns="http://www.w3.org/1999/xhtml">
            <pre>=Capacity*u/delta

=immune killing rate of infected cells/death rate of infected cell</pre>
          </body>
        </notes>
        <annotation>
          <rdf:RDF xmlns:rdf="http://www.w3.org/1999/02/22-rdf-syntax-ns#" xmlns:dcterms="http://purl.org/dc/terms/" xmlns:vCard="http://www.w3.org/2001/vcard-rdf/3.0#" xmlns:vCard4="http://www.w3.org/2006/vcard/ns#" xmlns:bqbiol="http://biomodels.net/biology-qualifiers/" xmlns:bqmodel="http://biomodels.net/model-qualifiers/">
            <rdf:Description rdf:about="#COPASI8">
	<bqbiol:isVersionOf>
	<rdf:Bag>
	<rdf:li rdf:resource="http://identifiers.org/ncit/C94967"/>
	</rdf:Bag>
	</bqbiol:isVersionOf>
	</rdf:Description>
	
	
          </rdf:RDF>
          <COPASI xmlns="http://www.copasi.org/static/sbml">
            <rdf:RDF xmlns:CopasiMT="http://www.copasi.org/RDF/MiriamTerms#" xmlns:dcterms="http://purl.org/dc/terms/" xmlns:rdf="http://www.w3.org/1999/02/22-rdf-syntax-ns#">
              <rdf:Description rdf:about="#COPASI8">
                <dcterms:created>
                  <rdf:Description>
                    <dcterms:W3CDTF>2019-07-10T15:25:54Z</dcterms:W3CDTF>
                  </rdf:Description>
                </dcterms:created>
                <CopasiMT:isVersionOf rdf:resource="urn:miriam:ncit:C94967"/>
              </rdf:Description>
            </rdf:RDF>
          </COPASI>
        </annotation>
            </parameter>
      <parameter constant="true" id="d" metaid="COPASI9" name="d" units="unit_0" value="0.16">
        <notes>
          <body xmlns="http://www.w3.org/1999/xhtml">
            <pre>=Capacity*k/delta

=immune killing rate of virus/death rate of infected cell</pre>
          </body>
        </notes>
        <annotation>
          <rdf:RDF xmlns:rdf="http://www.w3.org/1999/02/22-rdf-syntax-ns#" xmlns:dcterms="http://purl.org/dc/terms/" xmlns:vCard="http://www.w3.org/2001/vcard-rdf/3.0#" xmlns:vCard4="http://www.w3.org/2006/vcard/ns#" xmlns:bqbiol="http://biomodels.net/biology-qualifiers/" xmlns:bqmodel="http://biomodels.net/model-qualifiers/">
            <rdf:Description rdf:about="#COPASI9">
	<bqbiol:isVersionOf>
	<rdf:Bag>
	<rdf:li rdf:resource="http://identifiers.org/ncit/C94967"/>
	</rdf:Bag>
	</bqbiol:isVersionOf>
	</rdf:Description>
	
	
          </rdf:RDF>
          <COPASI xmlns="http://www.copasi.org/static/sbml">
            <rdf:RDF xmlns:CopasiMT="http://www.copasi.org/RDF/MiriamTerms#" xmlns:dcterms="http://purl.org/dc/terms/" xmlns:rdf="http://www.w3.org/1999/02/22-rdf-syntax-ns#">
              <rdf:Description rdf:about="#COPASI9">
                <dcterms:created>
                  <rdf:Description>
                    <dcterms:W3CDTF>2019-07-10T15:25:54Z</dcterms:W3CDTF>
                  </rdf:Description>
                </dcterms:created>
                <CopasiMT:isVersionOf rdf:resource="urn:miriam:ncit:C94967"/>
              </rdf:Description>
            </rdf:RDF>
          </COPASI>
        </annotation>
            </parameter>
      <parameter constant="true" id="e" metaid="COPASI10" name="e" units="unit_0" value="0.2">
        <notes>
          <body xmlns="http://www.w3.org/1999/xhtml">
            <pre>=gamma/delta

=clearance rate of tumor/death rate of infected cell</pre>
          </body>
        </notes>
        <annotation>
          <rdf:RDF xmlns:rdf="http://www.w3.org/1999/02/22-rdf-syntax-ns#" xmlns:dcterms="http://purl.org/dc/terms/" xmlns:vCard="http://www.w3.org/2001/vcard-rdf/3.0#" xmlns:vCard4="http://www.w3.org/2006/vcard/ns#" xmlns:bqbiol="http://biomodels.net/biology-qualifiers/" xmlns:bqmodel="http://biomodels.net/model-qualifiers/">
            <rdf:Description rdf:about="#COPASI10">
	<bqbiol:isVersionOf>
	<rdf:Bag>
	<rdf:li rdf:resource="http://identifiers.org/ncit/C94967"/>
	</rdf:Bag>
	</bqbiol:isVersionOf>
	</rdf:Description>
	
	
          </rdf:RDF>
          <COPASI xmlns="http://www.copasi.org/static/sbml">
            <rdf:RDF xmlns:CopasiMT="http://www.copasi.org/RDF/MiriamTerms#" xmlns:dcterms="http://purl.org/dc/terms/" xmlns:rdf="http://www.w3.org/1999/02/22-rdf-syntax-ns#">
              <rdf:Description rdf:about="#COPASI10">
                <dcterms:created>
                  <rdf:Description>
                    <dcterms:W3CDTF>2019-07-10T15:25:56Z</dcterms:W3CDTF>
                  </rdf:Description>
                </dcterms:created>
                <CopasiMT:isVersionOf rdf:resource="urn:miriam:ncit:C94967"/>
              </rdf:Description>
            </rdf:RDF>
          </COPASI>
        </annotation>
            </parameter>
      <parameter constant="true" id="m" metaid="COPASI11" name="m" units="unit_0" value="0.6">
        <notes>
          <body xmlns="http://www.w3.org/1999/xhtml">
            <pre>=s*Capacity/delta

=stimulation rate of virus/death rate of infected cell</pre>
          </body>
        </notes>
        <annotation>
          <rdf:RDF xmlns:rdf="http://www.w3.org/1999/02/22-rdf-syntax-ns#" xmlns:dcterms="http://purl.org/dc/terms/" xmlns:vCard="http://www.w3.org/2001/vcard-rdf/3.0#" xmlns:vCard4="http://www.w3.org/2006/vcard/ns#" xmlns:bqbiol="http://biomodels.net/biology-qualifiers/" xmlns:bqmodel="http://biomodels.net/model-qualifiers/">
            <rdf:Description rdf:about="#COPASI11">
	<bqbiol:isVersionOf>
	<rdf:Bag>
	<rdf:li rdf:resource="http://identifiers.org/sbo/SBO:0000610"/>
	</rdf:Bag>
	</bqbiol:isVersionOf>
	</rdf:Description>
	
	
          </rdf:RDF>
          <COPASI xmlns="http://www.copasi.org/static/sbml">
            <rdf:RDF xmlns:CopasiMT="http://www.copasi.org/RDF/MiriamTerms#" xmlns:dcterms="http://purl.org/dc/terms/" xmlns:rdf="http://www.w3.org/1999/02/22-rdf-syntax-ns#">
              <rdf:Description rdf:about="#COPASI11">
                <dcterms:created>
                  <rdf:Description>
                    <dcterms:W3CDTF>2019-07-10T15:25:58Z</dcterms:W3CDTF>
                  </rdf:Description>
                </dcterms:created>
                <CopasiMT:isVersionOf rdf:resource="urn:miriam:sbo:SBO:0000610"/>
              </rdf:Description>
            </rdf:RDF>
          </COPASI>
        </annotation>
            </parameter>
      <parameter constant="true" id="n" metaid="COPASI12" name="n" units="unit_0" value="0.036">
        <notes>
          <body xmlns="http://www.w3.org/1999/xhtml">
            <pre>=rho/delta

=immune clearance rate/death rate of infected cell</pre>
          </body>
        </notes>
        <annotation>
          <rdf:RDF xmlns:rdf="http://www.w3.org/1999/02/22-rdf-syntax-ns#" xmlns:dcterms="http://purl.org/dc/terms/" xmlns:vCard="http://www.w3.org/2001/vcard-rdf/3.0#" xmlns:vCard4="http://www.w3.org/2006/vcard/ns#" xmlns:bqbiol="http://biomodels.net/biology-qualifiers/" xmlns:bqmodel="http://biomodels.net/model-qualifiers/">
            <rdf:Description rdf:about="#COPASI12">
	<bqbiol:isVersionOf>
	<rdf:Bag>
	<rdf:li rdf:resource="http://identifiers.org/ncit/C94967"/>
	</rdf:Bag>
	</bqbiol:isVersionOf>
	</rdf:Description>
	
	
          </rdf:RDF>
          <COPASI xmlns="http://www.copasi.org/static/sbml">
            <rdf:RDF xmlns:CopasiMT="http://www.copasi.org/RDF/MiriamTerms#" xmlns:dcterms="http://purl.org/dc/terms/" xmlns:rdf="http://www.w3.org/1999/02/22-rdf-syntax-ns#">
              <rdf:Description rdf:about="#COPASI12">
                <dcterms:created>
                  <rdf:Description>
                    <dcterms:W3CDTF>2019-07-10T15:25:59Z</dcterms:W3CDTF>
                  </rdf:Description>
                </dcterms:created>
                <CopasiMT:isVersionOf rdf:resource="urn:miriam:ncit:C94967"/>
              </rdf:Description>
            </rdf:RDF>
          </COPASI>
        </annotation>
            </parameter>
      <parameter constant="true" id="b" metaid="COPASI13" name="b" units="unit_0" value="9">
        <notes>
          <body xmlns="http://www.w3.org/1999/xhtml">
            <pre>burst size of free virus</pre>
          </body>
        </notes>
        <annotation>
          <rdf:RDF xmlns:rdf="http://www.w3.org/1999/02/22-rdf-syntax-ns#" xmlns:dcterms="http://purl.org/dc/terms/" xmlns:vCard="http://www.w3.org/2001/vcard-rdf/3.0#" xmlns:vCard4="http://www.w3.org/2006/vcard/ns#" xmlns:bqbiol="http://biomodels.net/biology-qualifiers/" xmlns:bqmodel="http://biomodels.net/model-qualifiers/">
            <rdf:Description rdf:about="#COPASI13">
	<bqbiol:isPropertyOf>
	<rdf:Bag>
	<rdf:li rdf:resource="http://identifiers.org/go/GO:0019058"/>
	</rdf:Bag>
	</bqbiol:isPropertyOf>
	</rdf:Description>
	
	
          </rdf:RDF>
          <COPASI xmlns="http://www.copasi.org/static/sbml">
            <rdf:RDF xmlns:bqbiol="http://biomodels.net/biology-qualifiers/" xmlns:dcterms="http://purl.org/dc/terms/" xmlns:rdf="http://www.w3.org/1999/02/22-rdf-syntax-ns#">
              <rdf:Description rdf:about="#COPASI13">
                <bqbiol:isPropertyOf rdf:resource="urn:miriam:go:GO:0019058"/>
                <dcterms:created>
                  <rdf:Description>
                    <dcterms:W3CDTF>2019-07-10T15:26:13Z</dcterms:W3CDTF>
                  </rdf:Description>
                </dcterms:created>
              </rdf:Description>
            </rdf:RDF>
          </COPASI>
        </annotation>
            </parameter>
    </listOfParameters>
    <listOfReactions>
      <reaction fast="false" id="tumor_growth" metaid="COPASI14" name="tumor growth" reversible="false">
        <annotation>
          <rdf:RDF xmlns:rdf="http://www.w3.org/1999/02/22-rdf-syntax-ns#" xmlns:dcterms="http://purl.org/dc/terms/" xmlns:vCard="http://www.w3.org/2001/vcard-rdf/3.0#" xmlns:vCard4="http://www.w3.org/2006/vcard/ns#" xmlns:bqbiol="http://biomodels.net/biology-qualifiers/" xmlns:bqmodel="http://biomodels.net/model-qualifiers/">
            <rdf:Description rdf:about="#COPASI14">
              <bqbiol:isVersionOf>
	<rdf:Bag>
	<rdf:li rdf:resource="http://identifiers.org/go/GO:0008283"/>
	</rdf:Bag>
	</bqbiol:isVersionOf>
	
	<bqbiol:isVersionOf>
	<rdf:Bag>
	<rdf:li rdf:resource="http://identifiers.org/sbo/SBO:0000393"/>
	</rdf:Bag>
	</bqbiol:isVersionOf>
	</rdf:Description>
	
	
          </rdf:RDF>
          <COPASI xmlns="http://www.copasi.org/static/sbml">
            <rdf:RDF xmlns:CopasiMT="http://www.copasi.org/RDF/MiriamTerms#" xmlns:dcterms="http://purl.org/dc/terms/" xmlns:rdf="http://www.w3.org/1999/02/22-rdf-syntax-ns#">
              <rdf:Description rdf:about="#COPASI14">
                <dcterms:created>
                  <rdf:Description>
                    <dcterms:W3CDTF>2019-07-10T15:41:49Z</dcterms:W3CDTF>
                  </rdf:Description>
                </dcterms:created>
                <CopasiMT:isVersionOf rdf:resource="urn:miriam:go:GO:0008283"/>
                <CopasiMT:isVersionOf rdf:resource="urn:miriam:sbo:SBO:0000393"/>
              </rdf:Description>
            </rdf:RDF>
          </COPASI>
        </annotation>
              <listOfProducts>
          <speciesReference constant="true" species="x" stoichiometry="1"/>
        </listOfProducts>
        <kineticLaw>
          <math xmlns="http://www.w3.org/1998/Math/MathML">          
            <apply>
              <times/>
              <ci> tumor_microenvironment </ci>
              <apply>
                <ci> t_g </ci>
                <ci> r </ci>
                <ci> x </ci>
              </apply>
            </apply>
          </math>
                </kineticLaw>
      </reaction>
      <reaction fast="false" id="tumor_death" metaid="COPASI15" name="tumor death" reversible="false">
        <annotation>
          <rdf:RDF xmlns:rdf="http://www.w3.org/1999/02/22-rdf-syntax-ns#" xmlns:dcterms="http://purl.org/dc/terms/" xmlns:vCard="http://www.w3.org/2001/vcard-rdf/3.0#" xmlns:vCard4="http://www.w3.org/2006/vcard/ns#" xmlns:bqbiol="http://biomodels.net/biology-qualifiers/" xmlns:bqmodel="http://biomodels.net/model-qualifiers/">
            <rdf:Description rdf:about="#COPASI15">
              <bqbiol:isVersionOf>
	<rdf:Bag>
	<rdf:li rdf:resource="http://identifiers.org/go/GO:0008219"/>
	</rdf:Bag>
	</bqbiol:isVersionOf>
	
	<bqbiol:isVersionOf>
	<rdf:Bag>
	<rdf:li rdf:resource="http://identifiers.org/sbo/SBO:0000179"/>
	</rdf:Bag>
	</bqbiol:isVersionOf>
	</rdf:Description>
	
	
          </rdf:RDF>
          <COPASI xmlns="http://www.copasi.org/static/sbml">
            <rdf:RDF xmlns:CopasiMT="http://www.copasi.org/RDF/MiriamTerms#" xmlns:dcterms="http://purl.org/dc/terms/" xmlns:rdf="http://www.w3.org/1999/02/22-rdf-syntax-ns#">
              <rdf:Description rdf:about="#COPASI15">
                <dcterms:created>
                  <rdf:Description>
                    <dcterms:W3CDTF>2019-07-10T15:41:52Z</dcterms:W3CDTF>
                  </rdf:Description>
                </dcterms:created>
                <CopasiMT:isVersionOf rdf:resource="urn:miriam:go:GO:0008219"/>
                <CopasiMT:isVersionOf rdf:resource="urn:miriam:sbo:SBO:0000179"/>
              </rdf:Description>
            </rdf:RDF>
          </COPASI>
        </annotation>
              <listOfReactants>
          <speciesReference constant="true" species="x" stoichiometry="1"/>
        </listOfReactants>
        <kineticLaw>
          <math xmlns="http://www.w3.org/1998/Math/MathML">          
            <apply>
              <times/>
              <ci> tumor_microenvironment </ci>
              <apply>
                <ci> t_d </ci>
                <ci> r </ci>
                <ci> x </ci>
              </apply>
            </apply>
          </math>
                </kineticLaw>
      </reaction>
      <reaction fast="false" id="tumor_cross_infection" metaid="COPASI16" name="tumor cross-infection" reversible="false">
        <annotation>
          <rdf:RDF xmlns:rdf="http://www.w3.org/1999/02/22-rdf-syntax-ns#" xmlns:dcterms="http://purl.org/dc/terms/" xmlns:vCard="http://www.w3.org/2001/vcard-rdf/3.0#" xmlns:vCard4="http://www.w3.org/2006/vcard/ns#" xmlns:bqbiol="http://biomodels.net/biology-qualifiers/" xmlns:bqmodel="http://biomodels.net/model-qualifiers/">
            <rdf:Description rdf:about="#COPASI16">
	<bqbiol:isVersionOf>
	<rdf:Bag>
	<rdf:li rdf:resource="http://identifiers.org/sbo/SBO:0000179"/>
	</rdf:Bag>
	</bqbiol:isVersionOf>
	</rdf:Description>
	
	
          </rdf:RDF>
          <COPASI xmlns="http://www.copasi.org/static/sbml">
            <rdf:RDF xmlns:CopasiMT="http://www.copasi.org/RDF/MiriamTerms#" xmlns:dcterms="http://purl.org/dc/terms/" xmlns:rdf="http://www.w3.org/1999/02/22-rdf-syntax-ns#">
              <rdf:Description rdf:about="#COPASI16">
                <dcterms:created>
                  <rdf:Description>
                    <dcterms:W3CDTF>2019-07-10T15:42:06Z</dcterms:W3CDTF>
                  </rdf:Description>
                </dcterms:created>
                <CopasiMT:isVersionOf rdf:resource="urn:miriam:sbo:SBO:0000179"/>
              </rdf:Description>
            </rdf:RDF>
          </COPASI>
        </annotation>
              <listOfReactants>
          <speciesReference constant="true" species="x" stoichiometry="1"/>
        </listOfReactants>
        <listOfModifiers>
          <modifierSpeciesReference species="y"/>
        </listOfModifiers>
        <kineticLaw>
          <math xmlns="http://www.w3.org/1998/Math/MathML">          
            <apply>
              <times/>
              <ci> tumor_microenvironment </ci>
              <apply>
                <ci> t_cross </ci>
                <ci> r </ci>
                <ci> x </ci>
                <ci> y </ci>
              </apply>
            </apply>
          </math>
                </kineticLaw>
      </reaction>
      <reaction fast="false" id="infected_tumor_killing" metaid="COPASI17" name="infected tumor killing" reversible="false">
        <annotation>
          <rdf:RDF xmlns:rdf="http://www.w3.org/1999/02/22-rdf-syntax-ns#" xmlns:dcterms="http://purl.org/dc/terms/" xmlns:vCard="http://www.w3.org/2001/vcard-rdf/3.0#" xmlns:vCard4="http://www.w3.org/2006/vcard/ns#" xmlns:bqbiol="http://biomodels.net/biology-qualifiers/" xmlns:bqmodel="http://biomodels.net/model-qualifiers/">
            <rdf:Description rdf:about="#COPASI17">
              <bqbiol:isVersionOf>
	<rdf:Bag>
	<rdf:li rdf:resource="http://identifiers.org/sbo/SBO:0000179"/>
	</rdf:Bag>
	</bqbiol:isVersionOf>
	
	<bqbiol:isVersionOf>
	<rdf:Bag>
	<rdf:li rdf:resource="http://identifiers.org/go/GO:0002418"/>
	</rdf:Bag>
	</bqbiol:isVersionOf>
	</rdf:Description>
	
	
          </rdf:RDF>
          <COPASI xmlns="http://www.copasi.org/static/sbml">
            <rdf:RDF xmlns:CopasiMT="http://www.copasi.org/RDF/MiriamTerms#" xmlns:dcterms="http://purl.org/dc/terms/" xmlns:rdf="http://www.w3.org/1999/02/22-rdf-syntax-ns#">
              <rdf:Description rdf:about="#COPASI17">
                <dcterms:created>
                  <rdf:Description>
                    <dcterms:W3CDTF>2019-07-10T15:43:09Z</dcterms:W3CDTF>
                  </rdf:Description>
                </dcterms:created>
                <CopasiMT:isVersionOf rdf:resource="urn:miriam:go:GO:0002418"/>
                <CopasiMT:isVersionOf rdf:resource="urn:miriam:sbo:SBO:0000179"/>
              </rdf:Description>
            </rdf:RDF>
          </COPASI>
        </annotation>
              <listOfReactants>
          <speciesReference constant="true" species="y" stoichiometry="1"/>
        </listOfReactants>
        <listOfModifiers>
          <modifierSpeciesReference species="z"/>
        </listOfModifiers>
        <kineticLaw>
          <math xmlns="http://www.w3.org/1998/Math/MathML">          
            <apply>
              <times/>
              <ci> tumor_microenvironment </ci>
              <apply>
                <ci> t_k </ci>
                <ci> c </ci>
                <ci> y </ci>
                <ci> z </ci>
              </apply>
            </apply>
          </math>
                </kineticLaw>
      </reaction>
      <reaction fast="false" id="infected_tumor_death" metaid="COPASI18" name="infected tumor death" reversible="false">
        <annotation>
          <rdf:RDF xmlns:rdf="http://www.w3.org/1999/02/22-rdf-syntax-ns#" xmlns:dcterms="http://purl.org/dc/terms/" xmlns:vCard="http://www.w3.org/2001/vcard-rdf/3.0#" xmlns:vCard4="http://www.w3.org/2006/vcard/ns#" xmlns:bqbiol="http://biomodels.net/biology-qualifiers/" xmlns:bqmodel="http://biomodels.net/model-qualifiers/">
            <rdf:Description rdf:about="#COPASI18">
              <bqbiol:isVersionOf>
	<rdf:Bag>
	<rdf:li rdf:resource="http://identifiers.org/sbo/SBO:0000179"/>
	</rdf:Bag>
	</bqbiol:isVersionOf>
	
	<bqbiol:isVersionOf>
	<rdf:Bag>
	<rdf:li rdf:resource="http://identifiers.org/go/GO:0008219"/>
	</rdf:Bag>
	</bqbiol:isVersionOf>
	</rdf:Description>
	
	
          </rdf:RDF>
          <COPASI xmlns="http://www.copasi.org/static/sbml">
            <rdf:RDF xmlns:CopasiMT="http://www.copasi.org/RDF/MiriamTerms#" xmlns:dcterms="http://purl.org/dc/terms/" xmlns:rdf="http://www.w3.org/1999/02/22-rdf-syntax-ns#">
              <rdf:Description rdf:about="#COPASI18">
                <dcterms:created>
                  <rdf:Description>
                    <dcterms:W3CDTF>2019-07-10T15:43:14Z</dcterms:W3CDTF>
                  </rdf:Description>
                </dcterms:created>
                <CopasiMT:isVersionOf rdf:resource="urn:miriam:go:GO:0008219"/>
                <CopasiMT:isVersionOf rdf:resource="urn:miriam:sbo:SBO:0000179"/>
              </rdf:Description>
            </rdf:RDF>
          </COPASI>
        </annotation>
              <listOfReactants>
          <speciesReference constant="true" species="y" stoichiometry="1"/>
        </listOfReactants>
        <kineticLaw>
          <math xmlns="http://www.w3.org/1998/Math/MathML">          
            <apply>
              <times/>
              <ci> tumor_microenvironment </ci>
              <apply>
                <ci> inft_d </ci>
                <ci> y </ci>
              </apply>
            </apply>
          </math>
                </kineticLaw>
      </reaction>
      <reaction fast="false" id="virus_multiplication_in_infected_tumor" metaid="COPASI19" name="virus multiplication in infected tumor" reversible="false">
        <annotation>
          <rdf:RDF xmlns:rdf="http://www.w3.org/1999/02/22-rdf-syntax-ns#" xmlns:dcterms="http://purl.org/dc/terms/" xmlns:vCard="http://www.w3.org/2001/vcard-rdf/3.0#" xmlns:vCard4="http://www.w3.org/2006/vcard/ns#" xmlns:bqbiol="http://biomodels.net/biology-qualifiers/" xmlns:bqmodel="http://biomodels.net/model-qualifiers/">
            <rdf:Description rdf:about="#COPASI19">
              <bqbiol:isVersionOf>
	<rdf:Bag>
	<rdf:li rdf:resource="http://identifiers.org/sbo/SBO:0000393"/>
	</rdf:Bag>
	</bqbiol:isVersionOf>
	
	<bqbiol:isVersionOf>
	<rdf:Bag>
	<rdf:li rdf:resource="http://identifiers.org/ncit/C94345"/>
	</rdf:Bag>
	</bqbiol:isVersionOf>
	</rdf:Description>
	
	
          </rdf:RDF>
          <COPASI xmlns="http://www.copasi.org/static/sbml">
            <rdf:RDF xmlns:CopasiMT="http://www.copasi.org/RDF/MiriamTerms#" xmlns:dcterms="http://purl.org/dc/terms/" xmlns:rdf="http://www.w3.org/1999/02/22-rdf-syntax-ns#">
              <rdf:Description rdf:about="#COPASI19">
                <dcterms:created>
                  <rdf:Description>
                    <dcterms:W3CDTF>2019-07-10T15:43:32Z</dcterms:W3CDTF>
                  </rdf:Description>
                </dcterms:created>
                <CopasiMT:isVersionOf rdf:resource="urn:miriam:ncit:C94345"/>
                <CopasiMT:isVersionOf rdf:resource="urn:miriam:sbo:SBO:0000393"/>
              </rdf:Description>
            </rdf:RDF>
          </COPASI>
        </annotation>
              <listOfProducts>
          <speciesReference constant="true" species="v" stoichiometry="1"/>
        </listOfProducts>
        <listOfModifiers>
          <modifierSpeciesReference species="y"/>
        </listOfModifiers>
        <kineticLaw>
          <math xmlns="http://www.w3.org/1998/Math/MathML">          
            <apply>
              <times/>
              <ci> tumor_microenvironment </ci>
              <apply>
                <ci> v_rep </ci>
                <ci> b </ci>
                <ci> y </ci>
              </apply>
            </apply>
          </math>
                </kineticLaw>
      </reaction>
      <reaction fast="false" id="virus_clearing" metaid="COPASI20" name="virus clearing" reversible="false">
        <annotation>
          <rdf:RDF xmlns:rdf="http://www.w3.org/1999/02/22-rdf-syntax-ns#" xmlns:dcterms="http://purl.org/dc/terms/" xmlns:vCard="http://www.w3.org/2001/vcard-rdf/3.0#" xmlns:vCard4="http://www.w3.org/2006/vcard/ns#" xmlns:bqbiol="http://biomodels.net/biology-qualifiers/" xmlns:bqmodel="http://biomodels.net/model-qualifiers/">
            <rdf:Description rdf:about="#COPASI20">
	<bqbiol:isVersionOf>
	<rdf:Bag>
	<rdf:li rdf:resource="http://identifiers.org/sbo/SBO:0000179"/>
	</rdf:Bag>
	</bqbiol:isVersionOf>
	</rdf:Description>
	
	
          </rdf:RDF>
          <COPASI xmlns="http://www.copasi.org/static/sbml">
            <rdf:RDF xmlns:CopasiMT="http://www.copasi.org/RDF/MiriamTerms#" xmlns:dcterms="http://purl.org/dc/terms/" xmlns:rdf="http://www.w3.org/1999/02/22-rdf-syntax-ns#">
              <rdf:Description rdf:about="#COPASI20">
                <dcterms:created>
                  <rdf:Description>
                    <dcterms:W3CDTF>2019-07-10T15:43:48Z</dcterms:W3CDTF>
                  </rdf:Description>
                </dcterms:created>
                <CopasiMT:isVersionOf rdf:resource="urn:miriam:sbo:SBO:0000179"/>
              </rdf:Description>
            </rdf:RDF>
          </COPASI>
        </annotation>
              <listOfReactants>
          <speciesReference constant="true" species="v" stoichiometry="1"/>
        </listOfReactants>
        <kineticLaw>
          <math xmlns="http://www.w3.org/1998/Math/MathML">          
            <apply>
              <times/>
              <ci> tumor_microenvironment </ci>
              <apply>
                <ci> v_clear </ci>
                <ci> e </ci>
                <ci> v </ci>
              </apply>
            </apply>
          </math>
                </kineticLaw>
      </reaction>
      <reaction fast="false" id="virus_killing_by_immune" metaid="COPASI21" name="virus killing by immune" reversible="false">
        <annotation>
          <rdf:RDF xmlns:rdf="http://www.w3.org/1999/02/22-rdf-syntax-ns#" xmlns:dcterms="http://purl.org/dc/terms/" xmlns:vCard="http://www.w3.org/2001/vcard-rdf/3.0#" xmlns:vCard4="http://www.w3.org/2006/vcard/ns#" xmlns:bqbiol="http://biomodels.net/biology-qualifiers/" xmlns:bqmodel="http://biomodels.net/model-qualifiers/">
            <rdf:Description rdf:about="#COPASI21">
              <bqbiol:isVersionOf>
	<rdf:Bag>
	<rdf:li rdf:resource="http://identifiers.org/sbo/SBO:0000179"/>
	</rdf:Bag>
	</bqbiol:isVersionOf>
	
	<bqbiol:isVersionOf>
	<rdf:Bag>
	<rdf:li rdf:resource="http://identifiers.org/go/GO:0006955"/>
	</rdf:Bag>
	</bqbiol:isVersionOf>
	</rdf:Description>
	
	
          </rdf:RDF>
          <COPASI xmlns="http://www.copasi.org/static/sbml">
            <rdf:RDF xmlns:CopasiMT="http://www.copasi.org/RDF/MiriamTerms#" xmlns:dcterms="http://purl.org/dc/terms/" xmlns:rdf="http://www.w3.org/1999/02/22-rdf-syntax-ns#">
              <rdf:Description rdf:about="#COPASI21">
                <dcterms:created>
                  <rdf:Description>
                    <dcterms:W3CDTF>2019-07-10T15:43:53Z</dcterms:W3CDTF>
                  </rdf:Description>
                </dcterms:created>
                <CopasiMT:isVersionOf rdf:resource="urn:miriam:go:GO:0006955"/>
                <CopasiMT:isVersionOf rdf:resource="urn:miriam:sbo:SBO:0000179"/>
              </rdf:Description>
            </rdf:RDF>
          </COPASI>
        </annotation>
              <listOfReactants>
          <speciesReference constant="true" species="v" stoichiometry="1"/>
        </listOfReactants>
        <listOfModifiers>
          <modifierSpeciesReference species="z"/>
        </listOfModifiers>
        <kineticLaw>
          <math xmlns="http://www.w3.org/1998/Math/MathML">          
            <apply>
              <times/>
              <ci> tumor_microenvironment </ci>
              <apply>
                <ci> v_k </ci>
                <ci> d </ci>
                <ci> v </ci>
                <ci> z </ci>
              </apply>
            </apply>
          </math>
                </kineticLaw>
      </reaction>
      <reaction fast="false" id="immune_stimulation" metaid="COPASI22" name="immune stimulation" reversible="false">
        <annotation>
          <rdf:RDF xmlns:rdf="http://www.w3.org/1999/02/22-rdf-syntax-ns#" xmlns:dcterms="http://purl.org/dc/terms/" xmlns:vCard="http://www.w3.org/2001/vcard-rdf/3.0#" xmlns:vCard4="http://www.w3.org/2006/vcard/ns#" xmlns:bqbiol="http://biomodels.net/biology-qualifiers/" xmlns:bqmodel="http://biomodels.net/model-qualifiers/">
            <rdf:Description rdf:about="#COPASI22">
              <bqbiol:isVersionOf>
	<rdf:Bag>
	<rdf:li rdf:resource="http://identifiers.org/sbo/SBO:0000393"/>
	</rdf:Bag>
	</bqbiol:isVersionOf>
	
	<bqbiol:isVersionOf>
	<rdf:Bag>
	<rdf:li rdf:resource="http://identifiers.org/go/GO:0070661"/>
	</rdf:Bag>
	</bqbiol:isVersionOf>
	</rdf:Description>
	
	
          </rdf:RDF>
          <COPASI xmlns="http://www.copasi.org/static/sbml">
            <rdf:RDF xmlns:CopasiMT="http://www.copasi.org/RDF/MiriamTerms#" xmlns:dcterms="http://purl.org/dc/terms/" xmlns:rdf="http://www.w3.org/1999/02/22-rdf-syntax-ns#">
              <rdf:Description rdf:about="#COPASI22">
                <dcterms:created>
                  <rdf:Description>
                    <dcterms:W3CDTF>2019-07-10T15:44:14Z</dcterms:W3CDTF>
                  </rdf:Description>
                </dcterms:created>
                <CopasiMT:isVersionOf rdf:resource="urn:miriam:go:GO:0070661"/>
                <CopasiMT:isVersionOf rdf:resource="urn:miriam:sbo:SBO:0000393"/>
              </rdf:Description>
            </rdf:RDF>
          </COPASI>
        </annotation>
              <listOfProducts>
          <speciesReference constant="true" species="z" stoichiometry="1"/>
        </listOfProducts>
        <listOfModifiers>
          <modifierSpeciesReference species="y"/>
        </listOfModifiers>
        <kineticLaw>
          <math xmlns="http://www.w3.org/1998/Math/MathML">          
            <apply>
              <times/>
              <ci> tumor_microenvironment </ci>
              <apply>
                <ci> imm_s </ci>
                <ci> m </ci>
                <ci> y </ci>
                <ci> z </ci>
              </apply>
            </apply>
          </math>
                </kineticLaw>
      </reaction>
      <reaction fast="false" id="immune_cell_death" metaid="COPASI23" name="immune cell death" reversible="false">
        <annotation>
          <rdf:RDF xmlns:rdf="http://www.w3.org/1999/02/22-rdf-syntax-ns#" xmlns:dcterms="http://purl.org/dc/terms/" xmlns:vCard="http://www.w3.org/2001/vcard-rdf/3.0#" xmlns:vCard4="http://www.w3.org/2006/vcard/ns#" xmlns:bqbiol="http://biomodels.net/biology-qualifiers/" xmlns:bqmodel="http://biomodels.net/model-qualifiers/">
            <rdf:Description rdf:about="#COPASI23">
              <bqbiol:isVersionOf>
	<rdf:Bag>
	<rdf:li rdf:resource="http://identifiers.org/go/GO:0008219"/>
	</rdf:Bag>
	</bqbiol:isVersionOf>
	
	<bqbiol:isVersionOf>
	<rdf:Bag>
	<rdf:li rdf:resource="http://identifiers.org/sbo/SBO:0000179"/>
	</rdf:Bag>
	</bqbiol:isVersionOf>
	</rdf:Description>
	
	
          </rdf:RDF>
          <COPASI xmlns="http://www.copasi.org/static/sbml">
            <rdf:RDF xmlns:CopasiMT="http://www.copasi.org/RDF/MiriamTerms#" xmlns:dcterms="http://purl.org/dc/terms/" xmlns:rdf="http://www.w3.org/1999/02/22-rdf-syntax-ns#">
              <rdf:Description rdf:about="#COPASI23">
                <dcterms:created>
                  <rdf:Description>
                    <dcterms:W3CDTF>2019-07-10T15:44:20Z</dcterms:W3CDTF>
                  </rdf:Description>
                </dcterms:created>
                <CopasiMT:isVersionOf rdf:resource="urn:miriam:go:GO:0008219"/>
                <CopasiMT:isVersionOf rdf:resource="urn:miriam:sbo:SBO:0000179"/>
              </rdf:Description>
            </rdf:RDF>
          </COPASI>
        </annotation>
              <listOfReactants>
          <speciesReference constant="true" species="z" stoichiometry="1"/>
        </listOfReactants>
        <kineticLaw>
          <math xmlns="http://www.w3.org/1998/Math/MathML">          
            <apply>
              <times/>
              <ci> tumor_microenvironment </ci>
              <apply>
                <ci> imm_d </ci>
                <ci> n </ci>
                <ci> z </ci>
              </apply>
            </apply>
          </math>
                </kineticLaw>
      </reaction>
      <reaction fast="false" id="infection" metaid="COPASI24" name="infection" reversible="false">
        <annotation>
          <rdf:RDF xmlns:rdf="http://www.w3.org/1999/02/22-rdf-syntax-ns#" xmlns:dcterms="http://purl.org/dc/terms/" xmlns:vCard="http://www.w3.org/2001/vcard-rdf/3.0#" xmlns:vCard4="http://www.w3.org/2006/vcard/ns#" xmlns:bqbiol="http://biomodels.net/biology-qualifiers/" xmlns:bqmodel="http://biomodels.net/model-qualifiers/">
            <rdf:Description rdf:about="#COPASI24">
	<bqbiol:isVersionOf>
	<rdf:Bag>
	<rdf:li rdf:resource="http://identifiers.org/ncit/C3439"/>
	</rdf:Bag>
	</bqbiol:isVersionOf>
	</rdf:Description>
	
	
          </rdf:RDF>
          <COPASI xmlns="http://www.copasi.org/static/sbml">
            <rdf:RDF xmlns:CopasiMT="http://www.copasi.org/RDF/MiriamTerms#" xmlns:dcterms="http://purl.org/dc/terms/" xmlns:rdf="http://www.w3.org/1999/02/22-rdf-syntax-ns#">
              <rdf:Description rdf:about="#COPASI24">
                <dcterms:created>
                  <rdf:Description>
                    <dcterms:W3CDTF>2019-07-10T15:52:37Z</dcterms:W3CDTF>
                  </rdf:Description>
                </dcterms:created>
                <CopasiMT:isVersionOf rdf:resource="urn:miriam:ncit:C3439"/>
              </rdf:Description>
            </rdf:RDF>
          </COPASI>
        </annotation>
              <listOfReactants>
          <speciesReference constant="true" species="x" stoichiometry="1"/>
          <speciesReference constant="true" species="v" stoichiometry="1"/>
        </listOfReactants>
        <listOfProducts>
          <speciesReference constant="true" species="y" stoichiometry="1"/>
        </listOfProducts>
        <kineticLaw>
          <math xmlns="http://www.w3.org/1998/Math/MathML">          
            <apply>
              <times/>
              <ci> tumor_microenvironment </ci>
              <apply>
                <ci> infection_0 </ci>
                <ci> a </ci>
                <ci> x </ci>
                <ci> v </ci>
              </apply>
            </apply>
          </math>
                </kineticLaw>
      </reaction>
    </listOfReactions>
  </model>
</sbml>