{
    "name": "dePillis2008 - Optimal control of mixed immunotherapy and chemotherapy of tumors",
    "description": "&amp;lt;notes xmlns=&amp;quot;http://www.sbml.org/sbml/level2/version4&amp;quot;&amp;gt;      &amp;lt;body xmlns=&amp;quot;http://www.w3.org/1999/xhtml&amp;quot;&amp;gt;        &amp;lt;pre&amp;gt;Optimal control of mixed immunotherapy and chemotherapy of tumorsLisette Depillis, K. R. Fister , W. Gu, Tiffany Head, Kenny Maples, Todd Neal, Anand Murugan and Kenji KozaiAbstractWe investigate a mathematical population model of tumor-immune interactions. Thepopulations involved are tumor cells, specific and non-specific immune cells, and con-centrations of therapeutic treatments. We establish the existence of an optimal con-trol for this model and provide necessary conditions for the optimal control triple forsimultaneous application of chemotherapy, tumor infiltrating lymphocyte (TIL) ther-apy, and interleukin-2 (IL-2) treatment. We discuss numerical results for the combina-tion of the chemo-immunotherapy regimens. We find that the qualitative nature of ourresults indicates that chemotherapy is the dominant intervention with TIL interactingin a complementary fashion with the chemotherapy. However, within the optimal con-trol context, the interleukin-2 treatment does not become activated for the estimatedparameter ranges.",
    "format": {
        "name": "SBML",
        "identifier": "SBML",
        "version": "L2V4"
    },
    "publication": {
        "type": "DOI",
        "accession": "10.1142/S0218339008002435",
        "journal": "Journal of Biological Systems",
        "title": "Optimal control of mixed immunotherapy and chemotherapy of tumors",
        "affiliation": "∗ Department\r\nof Mathematics, Harvey Mudd College\r\nClaremont, CA 91711, USA\r\n† Department\r\nof Mathematics, Pomona College\r\nClaremont, CA 91711, USA\r\n‡ Department\r\nof Mathematics, Murray State University\r\nMurray, KY 42071, USA",
        "synopsis": "We investigate a mathematical population model of tumor-immune interactions. Thepopulations involved are tumor cells, specific and non-specific immune cells, and con-centrations of therapeutic treatments. We establish the existence of an optimal con-trol for this model and provide necessary conditions for the optimal control triple forsimultaneous application of chemotherapy, tumor infiltrating lymphocyte (TIL) ther-apy, and interleukin-2 (IL-2) treatment. We discuss numerical results for the combina-tion of the chemo-immunotherapy regimens. We find that the qualitative nature of ourresults indicates that chemotherapy is the dominant intervention with TIL interactingin a complementary fashion with the chemotherapy. However, within the optimal con-trol context, the interleukin-2 treatment does not become activated for the estimatedparameter ranges.",
        "year": 2008,
        "month": "12",
        "volume": "16",
        "issue": "1",
        "pages": "51-80",
        "link": "http://identifiers.org/doi/10.1142/S0218339008002435",
        "authors": [
            {
                "name": "Lisette Depillis, K. R. Fister , W. Gu, Tiffany Head, Kenny Maples, Todd Neal, Anand Murugan and Kenji Kozai"
            }
        ]
    },
    "files": {
        "main": [
            {
                "name": "dePillis2008.xml",
                "description": "SBML L2V4 dePillis2008 - Optimal control of mixed immunotherapy and chemotherapy of tumors",
                "fileSize": "66096",
                "mimeType": "application/xml",
                "md5sum": "ac1951b0c610a75dfca0122439316cf3",
                "sha1sum": "12e3642c9fdc1cff1e6c5c2b6fac21d151c0e61c",
                "sha256sum": "3ea02b776e825506f0fb08bd2abfac0d4a6dd0a41be6207b3ab4b0bef45a03d9"
            }
        ],
        "additional": [
            {
                "name": "curation_image.png",
                "description": "Reproduced figure(s) from original curation.",
                "fileSize": "21796",
                "mimeType": "image/png",
                "md5sum": "61bf5de841810cd51ac45266c00eac81",
                "sha1sum": "f7ff545e5709e5fe2c1752c4394b6971e799a234",
                "sha256sum": "be81856ae00bb6c8e024572f3282e8a19803ab88b6f1cf9c372ee66273bb8960"
            },
            {
                "name": "curation_notes.txt",
                "description": "Notes from original curation (describes curation_image).",
                "fileSize": "100",
                "mimeType": "text/plain",
                "md5sum": "0e5ca023a6fb9847492905c8664d43af",
                "sha1sum": "3c943b4d1b9966919c59532b1440da50d1927dc7",
                "sha256sum": "afabd2c4fc966f740102311a5c59340ad62d7acc185fc637862af229a64c6c35"
            },
            {
                "name": "dePillis2008-biopax2.owl",
                "description": "Auto-generated BioPAX (Level 2) file.",
                "fileSize": "19370",
                "mimeType": "application/rdf+xml",
                "md5sum": "073950aeb5c3accb4c97251dea0cbac2",
                "sha1sum": "166b9c8eb06c1c1e6a885c97e626780a186144bc",
                "sha256sum": "9f9db552fc7c35f2986383d3f14f12b8741949807b7615678626d14449f9be8c"
            },
            {
                "name": "dePillis2008-biopax3.owl",
                "description": "Auto-generated BioPAX (Level 3) file.",
                "fileSize": "27202",
                "mimeType": "application/rdf+xml",
                "md5sum": "a5c9ca44b682cbdbe75b5e910cc3ada1",
                "sha1sum": "88ffa79b9d19d37df31009eed9cdcbca431e1186",
                "sha256sum": "464cfeb0816c960f5d6746df9fde5295f967e2292d666c6fd26cb3f490286e59"
            },
            {
                "name": "dePillis2008-matlab.m",
                "description": "Auto-generated Matlab file.",
                "fileSize": "11114",
                "mimeType": "text/x-matlab",
                "md5sum": "1565e82c96ec630ce7a664623e284832",
                "sha1sum": "8a88b8bb607f86164b74565891d7fdd954442cbf",
                "sha256sum": "fb3bb529bb5ae5f74bd98c27f2243c6d2faf4ea8d2f2f585b68ca2998365f4d1"
            },
            {
                "name": "dePillis2008-octave.m",
                "description": "Auto-generated Octave file.",
                "fileSize": "11114",
                "mimeType": "text/x-matlab",
                "md5sum": "71f8a07134e30b88f08f1316b6d2f2b6",
                "sha1sum": "b0d527fda8d80e2ea07716156854d7bf1e38d71b",
                "sha256sum": "e4faf6c6d8805eb914df612590b8608e85f43880b40a904853b42bc6a570955e"
            },
            {
                "name": "dePillis2008.cps",
                "description": "COPASI version 4.24 (Build 197) dePillis2008 - Optimal control of mixed immunotherapy and chemotherapy of tumors",
                "fileSize": "110453",
                "mimeType": "application/xml",
                "md5sum": "6b67da8325344c8dcd3387dfa715bd8f",
                "sha1sum": "a1888238794b1129a331d8bb58d620bfbc2a3983",
                "sha256sum": "28c53d4ee6d29e47f3296b977dc5250d9cb2e00d34b53e1f06a858d6f98366fb"
            },
            {
                "name": "dePillis2008.ode",
                "description": "Auto-generated ODE file for XPP.",
                "fileSize": "8813",
                "mimeType": "text/plain",
                "md5sum": "b96cc7ec942c0211d14faab41a4d6c02",
                "sha1sum": "cff0e2f6a6533ae8d7fc2c4dfa9214c843034586",
                "sha256sum": "16f175ce8905842e4d02ac083d20279b9a6ce0421a1dea36a6361bf2599396df"
            },
            {
                "name": "dePillis2008.sedml",
                "description": "SEDML L1V2 dePillis2008 - Optimal control of mixed immunotherapy and chemotherapy of tumors (additionally CRBM-validated and adjusted).",
                "fileSize": "33121",
                "mimeType": "application/xml",
                "md5sum": "ffe84d216fb468462676207552a8f24e",
                "sha1sum": "7764ca225e474f4f47388b87b4b70118737ebfc1",
                "sha256sum": "8042813c70e91f344eed686a7dccbb2a48ee7b8f4dac781023f0dc5cadf7738e"
            },
            {
                "name": "manifest.xml",
                "description": "Auto-generated manifest file for OMEX archives.",
                "fileSize": "1427",
                "mimeType": "application/xml",
                "md5sum": "dc3615779f57f0ed6a91339dc2d95302",
                "sha1sum": "4328fb2e2e92c66aa032e255cbc30e515c28ab1c",
                "sha256sum": "5b755fe78900367c163fc50c052219e079b1d3ccda8ff49622167334c197b0bb"
            },
            {
                "name": "metadata.rdf",
                "description": "Auto-generated annotation metadata file.",
                "fileSize": "2921",
                "mimeType": "application/rdf+xml",
                "md5sum": "250d9e8f770d6fae09c765800045cf11",
                "sha1sum": "79989dddfdc36b6565431d3515560650bf04a029",
                "sha256sum": "e960c5af56b0b2589671fa58f59ac4eda55fb0af169a1474b7facb9dce4d5b2f"
            }
        ]
    },
    "history": {
        "revisions": [
            {
                "version": 2,
                "submitted": 1579539551,
                "submitter": "Mohammad Umer Sharif Shohan",
                "comment": "Automatically added model identifier BIOMD0000000913"
            },
            {
                "version": 5,
                "submitted": 1579598271,
                "submitter": "Mohammad Umer Sharif Shohan",
                "comment": "Automatically added model identifier BIOMD0000000913"
            },
            {
                "version": 6,
                "submitted": 1724289166,
                "submitter": "Lucian Smith",
                "comment": "CRBM-sponsored manual and automated updates."
            }
        ]
    },
    "firstPublished": 1725281936,
    "submissionId": "MODEL2001200003",
    "publicationId": "BIOMD0000000913",
    "modellingApproach": {
        "accession": "MAMO_0000046",
        "name": "ordinary differential equation model",
        "resource": "http://identifiers.org/mamo/MAMO_0000046"
    },
    "curationStatus": "CURATED",
    "modelTags": [
        "Immuno-oncology"
    ],
    "contributors": {
        "Curator": [
            {
                "name": "Lucian Smith",
                "email": "lpsmith@uw.edu",
                "affiliation": "University of Washington",
                "orcid": "0000-0001-7002-6386",
                "external": false
            }
        ],
        "Modeller": [
            {
                "name": "Mohammad Umer Sharif Shohan",
                "email": "msharifshohan@ebi.ac.uk",
                "affiliation": "EMBL-EBI",
                "orcid": "0000-0003-3985-2879",
                "external": false
            }
        ]
    },
    "vcsIdentifier": "aai",
    "modelLevelAnnotations": [
        {
            "qualifier": "bqbiol:hasTaxon",
            "accession": "9606",
            "name": "Homo sapiens",
            "resource": "Taxonomy",
            "uri": "http://identifiers.org/taxonomy/9606"
        },
        {
            "qualifier": "bqbiol:hasProperty",
            "accession": "MAMO_0000046",
            "name": "Ordinary differential equation model",
            "resource": "Mathematical Modelling Ontology",
            "uri": "http://identifiers.org/mamo/MAMO_0000046"
        },
        {
            "qualifier": "bqmodel:isDerivedFrom",
            "accession": "MAMO_0000046",
            "name": "Ordinary differential equation model",
            "resource": "Mathematical Modelling Ontology",
            "uri": "http://identifiers.org/mamo/MAMO_0000046"
        },
        {
            "qualifier": "bqmodel:isDerivedFrom",
            "accession": "9606",
            "name": "Homo sapiens",
            "resource": "Taxonomy",
            "uri": "http://identifiers.org/taxonomy/9606"
        },
        {
            "qualifier": "bqmodel:isDerivedFrom",
            "accession": "MODEL2001160001",
            "resource": "BioModels Database",
            "uri": "http://identifiers.org/biomodels.db/MODEL2001160001"
        },
        {
            "qualifier": "bqmodel:isDescribedBy",
            "accession": "MODEL2001160001",
            "resource": "BioModels Database",
            "uri": "http://identifiers.org/biomodels.db/MODEL2001160001"
        },
        {
            "qualifier": "bqmodel:isDescribedBy",
            "accession": "10.1142/S0218339008002435",
            "resource": "DOI",
            "uri": "http://identifiers.org/doi/10.1142/S0218339008002435"
        },
        {
            "qualifier": "bqmodel:is",
            "accession": "BIOMD0000000913",
            "resource": "BioModels Database",
            "uri": "http://identifiers.org/biomodels.db/BIOMD0000000913"
        },
        {
            "qualifier": "bqmodel:is",
            "accession": "MODEL2001200003",
            "resource": "BioModels Database",
            "uri": "http://identifiers.org/biomodels.db/MODEL2001200003"
        }
    ]
}