{
    "name": "Nikolov2020 - p53-miR34 model",
    "description": "Svetoslav Nikolov, Olaf Wolkenhauer, Julio Vera & Momchil Nenov. The role of cooperativity in a p53-miR34 dynamical mathematical model. Journal of Theoretical Biology 495 (2020).<p></p><p></p>The objective of this study is to evaluate the role of cooperativity, captured by the Hill coefficient, in a minimal mathematical model describing the interactions between p53 and miR-34a. The model equations are analyzed for negative, none and normal cooperativity using a specific version of bifurcation theory and they are solved numerically. Special attention is paid to the sign of so-called first Lyapunov value. Interpretations of the results are given, both according to dynamic theory and in biological terms. In terms of cell signaling, we propose the hypothesis that when the outgoing signal of a system spends a physiologically significant amount of time outside of its equilibrium state, then the value of that signal can be sampled at any point along the trajectory towards that equilibrium and indeed, at multiple points. Coupled with non-linear behavior, such as that caused by cooperativity, this feature can account for a complex and varied response, which p53 is known for. From dynamical point of view, we found that when cooperativity is negative, the system has only one stable equilibrium point. In the absence of cooperativity, there is a single unstable equilibrium point with a critical boundary of stability. In the case with normal cooperativity, the system can have one, two, or three steady states with both, bi-stability and bi-instability occurring.",
    "format": {
        "name": "SBML",
        "identifier": "SBML",
        "version": "L2V4"
    },
    "publication": {
        "type": "DOI",
        "accession": "10.1016/j.jtbi.2020.110252",
        "journal": "Journal of theoretical biology",
        "title": "The role of cooperativity in a p53-miR34 dynamical mathematical model.",
        "affiliation": "Department of Systems Biology and Bioinformatics, University of Rostock, 18051 Rostock, Germany; Institute of Mechanics and Biomechanics-Bulgarian Academy of Sciences, Acad. G. Bonchev Str., Bl. 4, 1113 Sofia, Bulgaria; University of Transport, Geo Milev Str., 158, 1574 Sofia, Bulgaria; Laboratory of Systems Tumor Immunology, Department of Dermatology, University Hospital Erlangen, Erlangen, Germany. Electronic address: s.nikolov@imbm.bas.bg.",
        "synopsis": "The objective of this study is to evaluate the role of cooperativity, captured by the Hill coefficient, in a minimal mathematical model describing the interactions between p53 and miR-34a. The model equations are analyzed for negative, none and normal cooperativity using a specific version of bifurcation theory and they are solved numerically. Special attention is paid to the sign of so-called first Lyapunov value. Interpretations of the results are given, both according to dynamic theory and in biological terms. In terms of cell signaling, we propose the hypothesis that when the outgoing signal of a system spends a physiologically significant amount of time outside of its equilibrium state, then the value of that signal can be sampled at any point along the trajectory towards that equilibrium and indeed, at multiple points. Coupled with non-linear behavior, such as that caused by cooperativity, this feature can account for a complex and varied response, which p53 is known for. From dynamical point of view, we found that when cooperativity is negative, the system has only one stable equilibrium point. In the absence of cooperativity, there is a single unstable equilibrium point with a critical boundary of stability. In the case with normal cooperativity, the system can have one, two, or three steady states with both, bi-stability and bi-instability occurring.",
        "year": 2020,
        "month": "6",
        "volume": "495",
        "pages": "110252",
        "link": "http://identifiers.org/doi/10.1016/j.jtbi.2020.110252",
        "authors": [
            {
                "name": "Nikolov S"
            },
            {
                "name": "Wolkenhauer O"
            },
            {
                "name": "Vera J",
                "institution": "Laboratory of Systems Tumor Immunology, Department of Dermatology, University Hospital Erlangen, Friedrich-Alexander-University Erlangen-Nuremberg, Germany.",
                "orcid": "0000-0002-3076-5122"
            },
            {
                "name": "Nenov M"
            }
        ]
    },
    "files": {
        "main": [
            {
                "name": "Nikolov2020.xml",
                "description": "SBML L2V4 representation of Nikolov2020 - p53-miR34 cooperativity",
                "fileSize": "27972",
                "mimeType": "application/xml",
                "md5sum": "f326be03c66a636035909aaa06da4e52",
                "sha1sum": "c020c5f656d6e5d806e45cab25a5138547951796",
                "sha256sum": "8b361df524f7cebc10d820cb787719994a4e1fc1f4848b33ad455efa03e46390"
            }
        ],
        "additional": [
            {
                "name": "Nikolov2020-biopax2.owl",
                "description": "Auto-generated BioPAX (Level 2) file.",
                "fileSize": "9334",
                "mimeType": "application/rdf+xml",
                "md5sum": "f85db8a8c7323af6739b999c3a33cb50",
                "sha1sum": "b1394be3c1f5ba0dfce62f5007b8e21bb32ea962",
                "sha256sum": "2d1b3949ca2ca7a7afbb263c431af89461f2c2d44fbf539cec280d40261ca30a"
            },
            {
                "name": "Nikolov2020-biopax3.owl",
                "description": "Auto-generated BioPAX (Level 3) file.",
                "fileSize": "12294",
                "mimeType": "application/rdf+xml",
                "md5sum": "092ecfb07cda105964b672017a788606",
                "sha1sum": "a5121a88db492fc6c34aed4da8079bfb430680f1",
                "sha256sum": "76924e4a95753b683bc03de09ef7de955916ed59a326238826f201fbfc099d7c"
            },
            {
                "name": "Nikolov2020-matlab.m",
                "description": "Auto-generated Matlab file.",
                "fileSize": "3930",
                "mimeType": "text/x-matlab",
                "md5sum": "19218fac9720d6a839221ecb3d24d9c2",
                "sha1sum": "060513e6f90a7bfc319eaa5225fcd4bf57d81c4f",
                "sha256sum": "eb9cfd03a8d0ec19814c1a839e18bbe3cf5745f8917036bb0814200acf397906"
            },
            {
                "name": "Nikolov2020-octave.m",
                "description": "Auto-generated Octave file.",
                "fileSize": "3930",
                "mimeType": "text/x-matlab",
                "md5sum": "23456527b2ed0fadcb1d010189a0d2d5",
                "sha1sum": "f04cdbca59c37cbff07d0dbc6a78970da93ff814",
                "sha256sum": "5fca38f82a67d4d7f735c6959116beee5d6911e3e562f7aeaa8b6842d10b1643"
            },
            {
                "name": "Nikolov2020.cps",
                "description": "Copasi representation of Nikolov2020 - p53-miR34 cooperativity",
                "fileSize": "49928",
                "mimeType": "application/xml",
                "md5sum": "d268f7a40d16a40205ba2331dba298f5",
                "sha1sum": "8bb67f32755c9087b248f924a60854ce0b90226a",
                "sha256sum": "85f3a8d9f524b1f4ac9e85b10a15965c9cda397fa8ca7347dbf0ff4c89c880b9"
            },
            {
                "name": "Nikolov2020.ode",
                "description": "Auto-generated ODE file for XPP.",
                "fileSize": "2239",
                "mimeType": "text/plain",
                "md5sum": "9da38d3691f0dda5ab03b67fbea6eb13",
                "sha1sum": "b244c040e9706f41aa0105b662282a04703dc0f4",
                "sha256sum": "bc37c5ce8f3d3e449559a9df0375bbe11aaeece0f1bfc86613ea30d67b641d57"
            },
            {
                "name": "Nikolov2020.sedml",
                "description": "SED-ML representation of Nikolov2020 - p53-miR34 cooperativity (additionally CRBM-validated and adjusted).",
                "fileSize": "10980",
                "mimeType": "application/xml",
                "md5sum": "20ac9512c984fecfc2c67eba4e7eeaf0",
                "sha1sum": "beca12270b7ccff102875335bf4011c99669bb9e",
                "sha256sum": "a83c849635801a46cd14bf33d78fffc7ddd5ad587cf53972476c964d98779383"
            },
            {
                "name": "manifest.xml",
                "description": "Auto-generated manifest file for OMEX archives.",
                "fileSize": "1200",
                "mimeType": "application/xml",
                "md5sum": "523abdba70bcab4c15222351cd6a45dd",
                "sha1sum": "ba828cdae781302d6e8d69ed234a5307addc05ec",
                "sha256sum": "eeebc086cf4dff95d583296840efebd62b7edcfd312f94bfee200f1a5748606f"
            },
            {
                "name": "metadata.rdf",
                "description": "Auto-generated annotation metadata file.",
                "fileSize": "1313",
                "mimeType": "application/rdf+xml",
                "md5sum": "8f5736c09e6c7aa672f036eeb306289a",
                "sha1sum": "9e1a175a8befcc49e758ac1a32c9e2c479926605",
                "sha256sum": "5b5ce8aa1f20304a89384afc2242eca6d1723d143c2f6e6d28d80bdbfc4648b5"
            }
        ]
    },
    "history": {
        "revisions": [
            {
                "version": 2,
                "submitted": 1652875459,
                "submitter": "Mikal Daou",
                "comment": "Automatically added model identifier BIOMD0000001057"
            },
            {
                "version": 4,
                "submitted": 1724293360,
                "submitter": "Lucian Smith",
                "comment": "CRBM-sponsored manual and automated updates."
            }
        ]
    },
    "firstPublished": 1725282022,
    "submissionId": "MODEL2205180001",
    "publicationId": "BIOMD0000001057",
    "modellingApproach": {
        "accession": "MAMO_0000046",
        "name": "ordinary differential equation model",
        "resource": "http://identifiers.org/mamo/MAMO_0000046"
    },
    "curationStatus": "CURATED",
    "contributors": {
        "Curator": [
            {
                "name": "Lucian Smith",
                "email": "lpsmith@uw.edu",
                "affiliation": "University of Washington",
                "orcid": "0000-0001-7002-6386",
                "external": false
            }
        ],
        "Modeller": [
            {
                "name": "Mikal Daou",
                "email": "mdaou@ebi.ac.uk",
                "affiliation": "EMBL-EBI",
                "external": false
            }
        ]
    },
    "vcsIdentifier": "aaj",
    "modelLevelAnnotations": [
        {
            "qualifier": "bqbiol:hasTaxon",
            "accession": "9606",
            "name": "Homo sapiens",
            "resource": "Taxonomy",
            "uri": "http://identifiers.org/taxonomy/9606"
        },
        {
            "qualifier": "bqbiol:hasProperty",
            "accession": "MAMO_0000046",
            "name": "Ordinary differential equation model",
            "resource": "Mathematical Modelling Ontology",
            "uri": "http://identifiers.org/mamo/MAMO_0000046"
        },
        {
            "qualifier": "bqmodel:is",
            "accession": "BIOMD0000001057",
            "resource": "BioModels Database",
            "uri": "http://identifiers.org/biomodels.db/BIOMD0000001057"
        },
        {
            "qualifier": "bqmodel:is",
            "accession": "MODEL2205180001",
            "resource": "BioModels Database",
            "uri": "http://identifiers.org/biomodels.db/MODEL2205180001"
        },
        {
            "qualifier": "bqmodel:isDescribedBy",
            "accession": "10.1016/j.jtbi.2020.110252",
            "resource": "DOI",
            "uri": "https://identifiers.org/doi:10.1016/j.jtbi.2020.110252"
        },
        {
            "qualifier": "bqbiol:isVersionOf",
            "accession": "GO:0072331",
            "name": "signal transduction by p53 class mediator",
            "resource": "Gene Ontology",
            "uri": "http://identifiers.org/go/GO:0072331"
        },
        {
            "qualifier": "bqbiol:occursIn",
            "accession": "C48694",
            "name": "Cell",
            "resource": "NCIt",
            "uri": "http://identifiers.org/ncit/C48694"
        },
        {
            "qualifier": "bqbiol:isDescribedBy",
            "accession": "10.1016/j.jtbi.2020.110252",
            "resource": "DOI",
            "uri": "http://identifiers.org/doi/10.1016/j.jtbi.2020.110252"
        },
        {
            "qualifier": "bqbiol:hasProperty",
            "accession": "C17557",
            "name": "Apoptosis",
            "resource": "NCIt",
            "uri": "http://identifiers.org/ncit/C17557"
        },
        {
            "qualifier": "bqbiol:hasProperty",
            "accession": "GO:0090398",
            "name": "cellular senescence",
            "resource": "Gene Ontology",
            "uri": "http://identifiers.org/go/GO:0090398"
        },
        {
            "qualifier": "bqbiol:hasProperty",
            "accession": "GO:0006281",
            "name": "DNA repair",
            "resource": "Gene Ontology",
            "uri": "http://identifiers.org/go/GO:0006281"
        }
    ]
}