{
    "name": "Dwivedi2014 - Crohns IL6 Disease model - sgp130 activity",
    "description": "<notes xmlns=\"http://www.sbml.org/sbml/level2/version4\">      <body xmlns=\"http://www.w3.org/1999/xhtml\">        <div class=\"dc:title\">Dwivedi2014 - Crohns IL6 Disease model -sgp130 activity</div><div class=\"dc:description\">This model is comprised of four models:<br /><ul>  <li>  <a href=\"http://www.ebi.ac.uk/biomodels-main/BIOMD0000000534\">[BIOMD0000000534]</a>  Healthy Volunteer model  <br /></li>  <li>  <a href=\"http://www.ebi.ac.uk/biomodels-main/BIOMD0000000535\">[BIOMD0000000535]</a>  Crohn's Disease - IL-6 Antibody  <br /></li>  <li>  <a href=\"http://www.ebi.ac.uk/biomodels-main/BIOMD0000000536\">[BIOMD0000000536]</a>  Crohn's Disease - sgp130FC</li>  <li>  <a href=\"http://www.ebi.ac.uk/biomodels-main/BIOMD0000000537\">[BIOMD0000000537]</a>  Crohn's Disease - IL-6Ra Antibody  <br /></li></ul>Possible avenues for Interleukin-6 (IL-6) inhibition intreating Crohn's disease are compared here. Each model refers toseparate ligands. The system simulates differential activity of theligands on the signalling of IL-6. <span class=\"st\">This affects Signal Transducer and Activator ofTranscription 3</span> (STAT3) activity on the production ofbiomarker C-Reactive Protein (CRP) expression.<br />The figure referring to this Crohn's Disease model is 6b.<br /></div><div class=\"dc:bibliographicCitation\">  <p>This model is described in the article:</p>  <div class=\"bibo:title\">    <a href=\"http://identifiers.org/pubmed/24402116\" title=\"Access to this publication\">A multiscale model of    interleukin-6-mediated immune regulation in Crohn's disease and    its application in drug discovery and development.</a>  </div>  <div class=\"bibo:authorList\">Dwivedi G, Fitz L, Hegen M, Martin  SW, Harrold J, Heatherington A, Li C.</div>  <div class=\"bibo:Journal\">CPT Pharmacometrics Syst Pharmacol  2014; 3: e89</div>  <p>Abstract:</p>  <div class=\"bibo:abstract\">    <p>In this study, we have developed a multiscale systems model    of interleukin (IL)-6-mediated immune regulation in Crohn's    disease, by integrating intracellular signaling with    organ-level dynamics of pharmacological markers underlying the    disease. This model was linked to a general pharmacokinetic    model for therapeutic monoclonal antibodies and used to    comparatively study various biotherapeutic strategies targeting    IL-6-mediated signaling in Crohn's disease. Our work    illustrates techniques to develop mechanistic models of disease    biology to study drug-system interaction. Despite a sparse    training data set, predictions of the model were qualitatively    validated by clinical biomarker data from a pilot trial with    tocilizumab. Model-based analysis suggests that strategies    targeting IL-6, IL-6R?, or the IL-6/sIL-6R? complex are less    effective at suppressing pharmacological markers of Crohn's    than dual targeting the IL-6/sIL-6R? complex in addition to    IL-6 or IL-6R?. The potential value of multiscale system    pharmacology modeling in drug discovery and development is also    discussed.CPT: Pharmacometrics &amp; Systems Pharmacology    (2014) 3, e89; doi:10.1038/psp.2013.64; advance online    publication 8 January 2014.</p>  </div></div><div class=\"dc:publisher\">  <p>This model is hosted on   <a href=\"http://www.ebi.ac.uk/biomodels/\">BioModels Database</a>  and identified by:   <a href=\"http://identifiers.org/biomodels.db/BIOMD0000000536\">BIOMD0000000536</a>.</p>  <p>To cite BioModels Database, please use:   <a href=\"http://identifiers.org/pubmed/20587024\" title=\"Latest BioModels Database publication\">BioModels Database:  An enhanced, curated and annotated resource for published  quantitative kinetic models</a>.</p></div><div class=\"dc:license\">  <p>To the extent possible under law, all copyright and related or  neighbouring rights to this encoded model have been dedicated to  the public domain worldwide. Please refer to   <a href=\"http://creativecommons.org/publicdomain/zero/1.0/\" title=\"Access to: CC0 1.0 Universal (CC0 1.0), Public Domain Dedication\">CC0  Public Domain Dedication</a> for more information.</p></div></body>    </notes>",
    "format": {
        "name": "SBML",
        "identifier": "SBML",
        "version": "L2V4"
    },
    "publication": {
        "type": "PubMed ID",
        "accession": "24402116",
        "journal": "CPT: pharmacometrics & systems pharmacology",
        "title": "A multiscale model of interleukin-6-mediated immune regulation in Crohn's disease and its application in drug discovery and development.",
        "affiliation": "The Wallace H. Coulter Department of Biomedical Engineering, Georgia Institute of Technology and Emory University, Atlanta, Georgia, USA.",
        "synopsis": "In this study, we have developed a multiscale systems model of interleukin (IL)-6-mediated immune regulation in Crohn's disease, by integrating intracellular signaling with organ-level dynamics of pharmacological markers underlying the disease. This model was linked to a general pharmacokinetic model for therapeutic monoclonal antibodies and used to comparatively study various biotherapeutic strategies targeting IL-6-mediated signaling in Crohn's disease. Our work illustrates techniques to develop mechanistic models of disease biology to study drug-system interaction. Despite a sparse training data set, predictions of the model were qualitatively validated by clinical biomarker data from a pilot trial with tocilizumab. Model-based analysis suggests that strategies targeting IL-6, IL-6Rα, or the IL-6/sIL-6Rα complex are less effective at suppressing pharmacological markers of Crohn's than dual targeting the IL-6/sIL-6Rα complex in addition to IL-6 or IL-6Rα. The potential value of multiscale system pharmacology modeling in drug discovery and development is also discussed.CPT: Pharmacometrics & Systems Pharmacology (2014) 3, e89; doi:10.1038/psp.2013.64; advance online publication 8 January 2014.",
        "year": 2014,
        "month": "1",
        "volume": "3",
        "pages": "e89",
        "link": "http://identifiers.org/pubmed/24402116",
        "authors": [
            {
                "name": "G Dwivedi",
                "institution": "The Wallace H. Coulter Department of Biomedical Engineering, Georgia Institute of Technology and Emory University, Atlanta, Georgia, USA.",
                "orcid": "0000-0003-0681-0795"
            },
            {
                "name": "L Fitz",
                "institution": "Biotherapeutics Clinical Research, Pfizer Inc, Cambridge, Massachusetts, USA."
            },
            {
                "name": "M Hegen",
                "institution": "Immunoscience, Pfizer Inc, Cambridge, Massachusetts, USA."
            },
            {
                "name": "S W Martin",
                "institution": "Global Clinical Pharmacology, Pfizer Inc, Cambridge, Massachusetts, USA."
            },
            {
                "name": "J Harrold",
                "institution": "Pharmacokinetics, Dynamics & Metabolism, Pfizer Inc, Cambridge, Massachusetts, USA."
            },
            {
                "name": "A Heatherington",
                "institution": "Quantitative Clinical Sciences, Biotherapeutics, Pfizer Inc, Cambridge, Massachusetts, USA."
            },
            {
                "name": "C Li",
                "institution": "Quantitative Clinical Sciences, Biotherapeutics, Pfizer Inc, Cambridge, Massachusetts, USA."
            }
        ]
    },
    "files": {
        "main": [
            {
                "name": "BIOMD0000000536_url.xml",
                "description": "SBML L2V4 representation of Dwivedi2014 - Crohns IL6 Disease model - sgp130 activity",
                "fileSize": "237800",
                "mimeType": "application/xml",
                "md5sum": "3b5be3d471fbd8b0a888f1de8117eb86",
                "sha1sum": "af83009e1f9082fd0dbb27c76e3c85aa1f4944e3",
                "sha256sum": "2c6732dbcb359826121d1f390af8d68a252d9c545e6e7797a9d16f291dc4f6a0"
            }
        ],
        "additional": [
            {
                "name": "BIOMD0000000536-biopax2.owl",
                "description": "Auto-generated BioPAX (Level 2)",
                "fileSize": "113899",
                "mimeType": "application/rdf+xml",
                "md5sum": "2a5df917ecceb41b27107d1576ce018d",
                "sha1sum": "f942d803a4ef36280e73fb45d0c69bc5f7b632c3",
                "sha256sum": "c4e768737bc6889fe1c789c79d102748bfd212b80966b3558d75f8deca76f588"
            },
            {
                "name": "BIOMD0000000536-biopax3.owl",
                "description": "Auto-generated BioPAX (Level 3)",
                "fileSize": "194184",
                "mimeType": "application/rdf+xml",
                "md5sum": "9d4adc08d6cc2eb8b4e0d5f1e3cad806",
                "sha1sum": "014f066221fbe571b6f4f4ccd01a97d7a2de4348",
                "sha256sum": "8d3eefac6c45ec79b0d39aed604845868ee953b46de95a5cf81a71d1991d9ce1"
            },
            {
                "name": "BIOMD0000000536-matlab.m",
                "description": "Auto-generated Matlab file.",
                "fileSize": "58373",
                "mimeType": "text/x-matlab",
                "md5sum": "83e9bef49f99be0af2c733a7b1b80d4e",
                "sha1sum": "eeeff02baf203da5c12807e657174c195095296b",
                "sha256sum": "cd3f1a26916690f92d83f6be9d9416e3af2c96c799e5a03259cf314fa065fc34"
            },
            {
                "name": "BIOMD0000000536-octave.m",
                "description": "Auto-generated Octave file.",
                "fileSize": "58373",
                "mimeType": "text/x-matlab",
                "md5sum": "4e111c2b7dcbdb9a24e9f2ff621381cd",
                "sha1sum": "702392dd6ba4f8504f5e252abfbe8d70b403ca88",
                "sha256sum": "2fe5291295d7abff1dee55f8ff6545070021423f800829bd68251ae1230814ac"
            },
            {
                "name": "BIOMD0000000536.m",
                "description": "Auto-generated Octave file",
                "fileSize": "58375",
                "mimeType": "text/x-matlab",
                "md5sum": "253056737fa9f5f80b6c0a77bcf8ba3c",
                "sha1sum": "0c5597b00afe439711b0136f54bee3ba4ec805b7",
                "sha256sum": "7b55513dab119d6c0109a9a1335a39190d022c0e570185e472b85251d7e4242f"
            },
            {
                "name": "BIOMD0000000536.ode",
                "description": "Auto-generated ODE file for XPP.",
                "fileSize": "46082",
                "mimeType": "text/plain",
                "md5sum": "364ebb8ab2f34458fa3ff04e201b9310",
                "sha1sum": "2b9c0f99e61df5f19cf77dc0f48398d170814511",
                "sha256sum": "29725d6ee7105366e2c318b80c5261a201777b9d3d613e0e3fab2092d7f97911"
            },
            {
                "name": "BIOMD0000000536.pdf",
                "description": "Auto-generated PDF file",
                "fileSize": "751392",
                "mimeType": "application/pdf",
                "md5sum": "b3673868697912a82ac0e3c2ddca00ca",
                "sha1sum": "e6e4932c1240eb665430855d8ef9ee22dc714a84",
                "sha256sum": "adba632e985ccff656f308cfcdf8f8490c6c723409a782caf9b9ed2aa2629d83"
            },
            {
                "name": "BIOMD0000000536.png",
                "description": "Auto-generated Reaction graph (PNG)",
                "fileSize": "882341",
                "mimeType": "image/png",
                "md5sum": "966c9c08816bbb7bb8fe48bf5b9057c4",
                "sha1sum": "5d0f05bfffa12163a0d0a980f3ec1bc7cbad56eb",
                "sha256sum": "6e339fa3c07a2bf37d01447f157ccd4286360bd9951893a5632c21eca3e5e529"
            },
            {
                "name": "BIOMD0000000536.svg",
                "description": "Auto-generated Reaction graph (SVG)",
                "fileSize": "237200",
                "mimeType": "image/svg+xml",
                "md5sum": "f44bdb36a2a924efbf5aa80ca604ecfa",
                "sha1sum": "d9f1d7c7dc9c38ef3df15aa3a67fe6953a6e81e4",
                "sha256sum": "c853f6fb2736222ebe1b1708c58460a807e787cf017ab8b6ba90af67ea90cf1c"
            },
            {
                "name": "BIOMD0000000536_url.sedml",
                "description": "CRBM auto-generated \"template\" SED-ML file.",
                "fileSize": "123137",
                "mimeType": "application/xml",
                "md5sum": "c3d4bb01d21ec9a12972b9a4375da74b",
                "sha1sum": "c00c5b621bbc94f180bfd391b8bd5590f250ea91",
                "sha256sum": "d6507e98d80ad0370a14ac77e666777902880da837f4cb0cc791a350e2570b1d"
            },
            {
                "name": "Dwivedi2014_IL6_sgp130_activity_log.txt.zip",
                "description": "Curation log.txt file summarising all changes made to original model.\r\nIncludes details of figure reproduction.",
                "fileSize": "1430",
                "mimeType": "application/zip",
                "md5sum": "0eb8d6c424833e355afd8a7601c95693",
                "sha1sum": "1e01afbaa4d6d0ef65cd9ef897921e5e9a1276e3",
                "sha256sum": "c949e113fb7d3796bbf5511d8ec49ca7edf76be7b0bd97ebfe598ee1ca1caaa2"
            },
            {
                "name": "curation_image.png",
                "description": "Reproduced figure(s) from original curation.",
                "fileSize": "64899",
                "mimeType": "image/png",
                "md5sum": "c511d857fa59b82fbdb78fc4359097c0",
                "sha1sum": "2d8ab834a1f37d44ab168698c73eaef7e7c5c497",
                "sha256sum": "6fdf5964bba68f1d8815b473af051f56d23569850067e8f4bbee1fe4b438b9b7"
            },
            {
                "name": "curation_notes.txt",
                "description": "Notes from original curation (describes curation_image).",
                "fileSize": "432",
                "mimeType": "text/plain",
                "md5sum": "6a16a05488d706ee0da7c0d33f3351d2",
                "sha1sum": "6d4ee2cd7ebc261a93e51d0350e53de28f94d0ec",
                "sha256sum": "56b46b6880367d1db7ba9f37098241ca36b3e6e67d28ba508dc0561e14909c1c"
            },
            {
                "name": "manifest.xml",
                "description": "Auto-generated manifest file for OMEX archives.",
                "fileSize": "1930",
                "mimeType": "application/xml",
                "md5sum": "763ebbe4286cc53e2b30af1ea7bef0de",
                "sha1sum": "aa819b2ded99ee00cb0f6c770c0bd653bedb0bc2",
                "sha256sum": "39d7abf1e626b1358963790d3fcdb19063de8f77a1be9358fd9427659b5a9c9c"
            },
            {
                "name": "metadata.rdf",
                "description": "Auto-generated annotation metadata file.",
                "fileSize": "6776",
                "mimeType": "application/rdf+xml",
                "md5sum": "86280f6fc9477884da310acb86e82f82",
                "sha1sum": "8fd9ea93db1fb124535e3b4c71d31d75488329f9",
                "sha256sum": "8347917f99cf5b8b702c6d58ba99917ae61ff3dfb58b546c11998078c03afebc"
            }
        ]
    },
    "history": {
        "revisions": [
            {
                "version": 1,
                "submitted": 1407243321,
                "submitter": "Vincent Knight-Schrijver",
                "comment": "Original import of Dwivedi2014 - Crohns IL6 Disease model - sgp130 activity"
            },
            {
                "version": 2,
                "submitted": 1484323444,
                "submitter": "Vincent Knight-Schrijver",
                "comment": "Current version of Dwivedi2014 - Crohns IL6 Disease model - sgp130 activity"
            },
            {
                "version": 3,
                "submitted": 1545413332,
                "submitter": "administrator",
                "comment": "Include the additional files provided by the submitter in the original submission: Dwivedi2014_IL6_sgp130_activity_log.txt.zip"
            },
            {
                "version": 4,
                "submitted": 1724277093,
                "submitter": "Lucian Smith",
                "comment": "CRBM-sponsored manual and automated updates."
            }
        ]
    },
    "firstPublished": 1725281705,
    "submissionId": "MODEL1408050003",
    "publicationId": "BIOMD0000000536",
    "modellingApproach": {
        "accession": "MAMO_0000046",
        "name": "ordinary differential equation model",
        "resource": "http://identifiers.org/mamo/MAMO_0000046"
    },
    "curationStatus": "CURATED",
    "contributors": {
        "Curator": [
            {
                "name": "Lucian Smith",
                "email": "lpsmith@uw.edu",
                "affiliation": "University of Washington",
                "orcid": "0000-0001-7002-6386",
                "external": false
            }
        ],
        "Modeller": [
            {
                "name": "administrator",
                "email": "biomodels-developers@ebi.ac.uk",
                "affiliation": "EMBL - European Bioinformatics Institute (EBI)",
                "external": false
            },
            {
                "name": "Vincent Knight-Schrijver",
                "email": "vknight@ebi.ac.uk",
                "affiliation": "EMBL-EBI",
                "external": false
            }
        ]
    },
    "vcsIdentifier": "aaa",
    "modelLevelAnnotations": [
        {
            "qualifier": "bqbiol:hasTaxon",
            "accession": "9606",
            "name": "Homo sapiens",
            "resource": "Taxonomy",
            "uri": "http://identifiers.org/taxonomy/9606"
        },
        {
            "qualifier": "bqmodel:isDescribedBy",
            "accession": "24402116",
            "resource": "PubMed",
            "uri": "http://identifiers.org/pubmed/24402116"
        },
        {
            "qualifier": "bqbiol:hasPart",
            "accession": "GO:0007259",
            "name": "JAK-STAT cascade",
            "resource": "Gene Ontology",
            "uri": "http://identifiers.org/go/GO:0007259"
        },
        {
            "qualifier": "bqbiol:isVersionOf",
            "accession": "GO:0004915",
            "name": "interleukin-6 receptor activity",
            "resource": "Gene Ontology",
            "uri": "http://identifiers.org/go/GO:0004915"
        },
        {
            "qualifier": "bqbiol:hasVersion",
            "accession": "DOID:8778",
            "name": "Crohn's disease",
            "resource": "Human Disease Ontology",
            "uri": "http://identifiers.org/doid/DOID:8778"
        },
        {
            "qualifier": "bqbiol:isPartOf",
            "accession": "REACT_27307.1",
            "name": "Interleukin-6 signaling",
            "resource": "Reactome",
            "uri": "http://identifiers.org/reactome/REACT_27307.1"
        },
        {
            "qualifier": "bqmodel:is",
            "accession": "MODEL1408050003",
            "resource": "BioModels Database",
            "uri": "http://identifiers.org/biomodels.db/MODEL1408050003"
        },
        {
            "qualifier": "bqmodel:is",
            "accession": "BIOMD0000000536",
            "resource": "BioModels Database",
            "uri": "http://identifiers.org/biomodels.db/BIOMD0000000536"
        },
        {
            "qualifier": "bqbiol:hasProperty",
            "accession": "MAMO_0000046",
            "name": "Ordinary differential equation model",
            "resource": "Mathematical Modelling Ontology",
            "uri": "http://identifiers.org/mamo/MAMO_0000046"
        }
    ]
}