{
    "name": "Revilla2003 - Controlling HIV infection using recombinant viruses",
    "description": "<notes xmlns=\"http://www.sbml.org/sbml/level2/version4\">      <body xmlns=\"http://www.w3.org/1999/xhtml\">        <p>This a model from the article:      <br />        <strong>Fighting a virus with a virus: a dynamic model for HIV-1 therapy.</strong>        <br />          Revilla T, Garcia-Ramos G.      <em>Math Biosci</em>          2003 Oct;185(2):191-203      <a href=\"http://www.ncbi.nlm.nih.gov/pubmed/12941536\">12941536</a>          ,      <br />        <strong>Abstract:</strong>        <br />          A mathematical model examined a potential therapy for controlling viralinfections using genetically modified viruses. The control of the infection isan indirect effect of the selective elimination by an engineered virus ofinfected cells that are the source of the pathogens. Therefore, this engineeredvirus could greatly compensate for a dysfunctional immune system compromised byAIDS. In vitro studies using engineered viruses have been shown to decrease theHIV-1 load about 1000-fold. However, the efficacy of this potential treatmentfor reducing the viral load in AIDS patients is unknown. The present modelstudied the interactions among the HIV-1 virus, its main host cell (activatedCD4+ T cells), and a therapeutic engineered virus in an in vivo context; and itexamined the conditions for controlling the pathogen. This model predicted asignificant drop in the HIV-1 load, but the treatment does not eradicate HIV. Abasic estimation using a currently engineered virus indicated an HIV-1 loadreduction of 92% and a recovery of host cells to 17% of their normal level.Greater success (98% HIV reduction, 44% host cells recovery) is expected as morecompetent engineered viruses are designed. These results suggest that therapyusing viruses could be an alternative to extend the survival of AIDS patients.      </p>      <p>This model was taken from the      <a href=\"http://www.cellml.org/models\">CellML repository</a>          and automatically converted to SBML.      <br />          The original model was:      <a href=\"http://models.cellml.org/exposure/b4e4b1aa771e20da41f05df763013186\">        <strong>Revilla T, Garcia-Ramos G. (2003) - version=1.0</strong>      </a>      <br />          The original CellML model was created by:      <br />      <strong>Catherine Lloyd</strong>      <br />          c.lloyd@auckland.ac.nz      <br />          The University of Auckland      <br /></p>    <p>This model originates from BioModels Database: A Database of Annotated Published Models (http://www.ebi.ac.uk/biomodels/). It is copyright (c) 2005-2011 The BioModels.net Team.      <br />          To the extent possible under law, all copyright and related or neighbouring rights to this encoded model have been dedicated to the public domain worldwide. Please refer to      <a href=\"http://creativecommons.org/publicdomain/zero/1.0/\" title=\"Creative Commons CC0\">CC0 Public Domain Dedication</a>          for more information.      </p>  <p>In summary, you are entitled to use this encoded model in absolutely any manner you deem suitable, verbatim, or with modification, alone or embedded it in a larger context, redistribute it, commercially or not, in a restricted way or not..      <br />  <br />          To cite BioModels Database, please use:      <a href=\"http://www.ncbi.nlm.nih.gov/pubmed/20587024\" target=\"_blank\">Li C, Donizelli M, Rodriguez N, Dharuri H, Endler L, Chelliah V, Li L, He E, Henry A, Stefan MI, Snoep JL, Hucka M, Le Novère N, Laibe C (2010) BioModels Database: An enhanced, curated and annotated resource for published quantitative kinetic models. BMC Syst Biol., 4:92.</a></p></body></notes>",
    "format": {
        "name": "SBML",
        "identifier": "SBML",
        "version": "L2V4"
    },
    "publication": {
        "type": "PubMed ID",
        "accession": "12941536",
        "journal": "Mathematical biosciences",
        "title": "Fighting a virus with a virus: a dynamic model for HIV-1 therapy.",
        "affiliation": "Instituto de Zoología Tropical, Universidad Central de Venezuela, Apdo. Postal 47058, Caracas 1041-A, Venezuela.",
        "synopsis": "A mathematical model examined a potential therapy for controlling viral infections using genetically modified viruses. The control of the infection is an indirect effect of the selective elimination by an engineered virus of infected cells that are the source of the pathogens. Therefore, this engineered virus could greatly compensate for a dysfunctional immune system compromised by AIDS. In vitro studies using engineered viruses have been shown to decrease the HIV-1 load about 1000-fold. However, the efficacy of this potential treatment for reducing the viral load in AIDS patients is unknown. The present model studied the interactions among the HIV-1 virus, its main host cell (activated CD4+ T cells), and a therapeutic engineered virus in an in vivo context; and it examined the conditions for controlling the pathogen. This model predicted a significant drop in the HIV-1 load, but the treatment does not eradicate HIV. A basic estimation using a currently engineered virus indicated an HIV-1 load reduction of 92% and a recovery of host cells to 17% of their normal level. Greater success (98% HIV reduction, 44% host cells recovery) is expected as more competent engineered viruses are designed. These results suggest that therapy using viruses could be an alternative to extend the survival of AIDS patients.",
        "year": 2003,
        "month": "10",
        "volume": "185",
        "issue": "2",
        "pages": "191-203",
        "link": "http://identifiers.org/pubmed/12941536",
        "authors": [
            {
                "name": "Tomás Revilla",
                "institution": "Instituto de Zoología Tropical, Universidad Central de Venezuela, Apdo. Postal 47058, Caracas 1041-A, Venezuela.",
                "orcid": "0000-0001-6772-3412"
            },
            {
                "name": "Gisela García-Ramos"
            }
        ]
    },
    "files": {
        "main": [
            {
                "name": "MODEL1006230047.xml",
                "description": "SBML L2V4 representation of Revilla2003 - Controlling HIV infection using recombinant viruses",
                "fileSize": "46888",
                "mimeType": "application/xml",
                "md5sum": "b5e5a3a8c694ea266c22a7263044488c",
                "sha1sum": "0d43fcea13210ea069b5f01d47c87fd2ad583121",
                "sha256sum": "5997029934932bb406c22e4882c6d1e9488f9a6a48c24322e4e6c043ee0b02a7"
            }
        ],
        "additional": [
            {
                "name": "MODEL1006230047-biopax2.owl",
                "description": "Auto-generated BioPAX (Level 2)",
                "fileSize": "16114",
                "mimeType": "application/rdf+xml",
                "md5sum": "a581ffd40c016b5adeb3ab8bfa18d5de",
                "sha1sum": "2d7f0b9efb03d60c54e023834a6f8cafa13a2b86",
                "sha256sum": "54352f9cded0a306853138b264f885c9b5b5d71c3ceeee959daedb458cf721b1"
            },
            {
                "name": "MODEL1006230047-biopax3.owl",
                "description": "Auto-generated BioPAX (Level 3)",
                "fileSize": "23902",
                "mimeType": "application/rdf+xml",
                "md5sum": "89afabc68e7f06111483a30a50e85523",
                "sha1sum": "b49227e21d34b9b80ea8c23f67d3f106e874f978",
                "sha256sum": "c2d985faf2bc63be81dfdc507be1c3c155305daa66045646aca794d140a0d817"
            },
            {
                "name": "MODEL1006230047-matlab.m",
                "description": "Auto-generated Matlab file.",
                "fileSize": "6403",
                "mimeType": "text/x-matlab",
                "md5sum": "8d610913a3107b77538a92a4cd62f152",
                "sha1sum": "619ed8d1650d8a9d6dd1a056d32568f457ae054d",
                "sha256sum": "5fed1de08b12eb3577b6eb1b85ccb1292e9952bce6cb0e0c60d3ff32472e61b3"
            },
            {
                "name": "MODEL1006230047-octave.m",
                "description": "Auto-generated Octave file.",
                "fileSize": "6403",
                "mimeType": "text/x-matlab",
                "md5sum": "e5ae8ed899d27160f2f52c0676d0e463",
                "sha1sum": "4a7ef7544ba7a5ac30750669845723c5fa5fe862",
                "sha256sum": "fbff6abf2a05cd22a1a2f0d29bd11b0a5bac300e8edf850379c167acfb68522d"
            },
            {
                "name": "MODEL1006230047.m",
                "description": "Auto-generated Octave file",
                "fileSize": "3123",
                "mimeType": "text/x-matlab",
                "md5sum": "5bcdd96c9bd9fa5b219c4582ca28a0b6",
                "sha1sum": "02769ae2d5899717425dfe689dd56614b919d2b2",
                "sha256sum": "6534bc05221cd9553873b749a40bab144236c0e7ff5d2779c4f80ce25e32d397"
            },
            {
                "name": "MODEL1006230047.ode",
                "description": "Auto-generated ODE file for XPP.",
                "fileSize": "4418",
                "mimeType": "text/plain",
                "md5sum": "dafe4c0f6b817e4b2fd0e459b29a0e5e",
                "sha1sum": "94426535360e89317d8b2a5e7494639d17df026a",
                "sha256sum": "d37a4e86a2bb39cf150c9eff76c6dfc6e09e39453f709f8bd68029451e7a7efe"
            },
            {
                "name": "MODEL1006230047.pdf",
                "description": "Auto-generated PDF file",
                "fileSize": "139396",
                "mimeType": "application/pdf",
                "md5sum": "563bf89496b720af425ddf56dfa890d3",
                "sha1sum": "4e1068f5fed1f4794c4f87d5e8494f210d6eb07c",
                "sha256sum": "8eb304a14a2628fa181adcaca5dc6a0152dd95bf023f60ca3f7b4a4a26e903a9"
            },
            {
                "name": "MODEL1006230047.png",
                "description": "Auto-generated Reaction graph (PNG)",
                "fileSize": "5164",
                "mimeType": "image/png",
                "md5sum": "c30b7d56ea47c3843c82b135d7d61387",
                "sha1sum": "29aaa040058418305071301e82afe443bf2be038",
                "sha256sum": "5fda4a6ecf6f2bffcaae62525ab174b281c1fd8500d928e26c38e127a4bb8b70"
            },
            {
                "name": "MODEL1006230047.svg",
                "description": "Auto-generated Reaction graph (SVG)",
                "fileSize": "868",
                "mimeType": "image/svg+xml",
                "md5sum": "24be42d8086ccb62699e8e5aa9319cf0",
                "sha1sum": "6edffc291715c4657200f33e72e8c453d616a6ed",
                "sha256sum": "3545c85a1ad33a0ce132486ba2cf1b3d42693f8c6ab22de9baaca3e2eef2e649"
            },
            {
                "name": "MODEL1006230047_curated_annotated.cps",
                "description": "COPASI file to reproduce Figure 2b of the reference publication",
                "fileSize": "69841",
                "mimeType": "application/xml",
                "md5sum": "ec7a2274912ca5e6c7f92e208c5f8696",
                "sha1sum": "8d60845e61ca1c5f5f5830e018c3001598658725",
                "sha256sum": "2c037e70d3f766999d1e2cf58c4ec3219df16662c8a472b3d6a4ec286be18366"
            },
            {
                "name": "MODEL1006230047_curated_annotated.sedml",
                "description": "CRBM-processed SED-ML file, based on original COPASI save file export.",
                "fileSize": "18565",
                "mimeType": "application/xml",
                "md5sum": "b69052b91ffb72ec61bf2042226cafc3",
                "sha1sum": "573f4f02b6f3c3924960a26f562bb672fff0bdd1",
                "sha256sum": "2a9845966d7d801d3528293baf52277f601bc3202d5c5de310bd606513166b33"
            },
            {
                "name": "curation_image.png",
                "description": "Reproduced figure(s) from original curation.",
                "fileSize": "102368",
                "mimeType": "image/png",
                "md5sum": "90a84880678f3c1255c37f74b1bba8b7",
                "sha1sum": "c570514aded658ab36d20c67ab8c41375965ee4f",
                "sha256sum": "5ce48ddd24d7c9e0a732cf51e567527c6b87909787bfeac4c5614cfe5b32855f"
            },
            {
                "name": "curation_notes.txt",
                "description": "Notes from original curation (describes curation_image).",
                "fileSize": "308",
                "mimeType": "text/plain",
                "md5sum": "2bf9e76b2f95e13afa2a63d7c59c8340",
                "sha1sum": "892417ee93ca97e667e9b0ca9649c8d25be3dc50",
                "sha256sum": "589aee47af4e1ec6971b47be76f187a8cc553c1b9f71c332794cd70fd6e7d307"
            },
            {
                "name": "manifest.xml",
                "description": "Auto-generated manifest file for OMEX archives.",
                "fileSize": "1939",
                "mimeType": "application/xml",
                "md5sum": "576da84451f013fd14f0628c74411911",
                "sha1sum": "fcbff06bd5d5a09034017c8ccc06fcbe98884ef7",
                "sha256sum": "61ad12dc868b7df06edee4aa71109b3ffd765a3105339a672f5f8764fbc1803f"
            },
            {
                "name": "metadata.rdf",
                "description": "Auto-generated annotation metadata file.",
                "fileSize": "1582",
                "mimeType": "application/rdf+xml",
                "md5sum": "d952c1e8ed126f2920a7d8ad15cd9f02",
                "sha1sum": "4776a5064eb159e0d653326ab6a349d47b83b924",
                "sha256sum": "89aa243375cc5c3286aa4eb2facefad4778bed5e3c1f2c605e248c4e97dc9645"
            }
        ]
    },
    "history": {
        "revisions": [
            {
                "version": 1,
                "submitted": 1277284332,
                "submitter": "Camille Laibe",
                "comment": "Original import of Revilla2003_HIV1therapy"
            },
            {
                "version": 2,
                "submitted": 1277471606,
                "submitter": "Camille Laibe",
                "comment": "Current version of Revilla2003_HIV1therapy"
            },
            {
                "version": 5,
                "submitted": 1535643610,
                "submitter": "Rahuman S Malik-Sheriff",
                "comment": "Automatically added model identifier BIOMD0000000707"
            },
            {
                "version": 6,
                "submitted": 1724283749,
                "submitter": "Lucian Smith",
                "comment": "CRBM-sponsored manual and automated updates."
            }
        ]
    },
    "firstPublished": 1725281818,
    "submissionId": "MODEL1006230047",
    "publicationId": "BIOMD0000000707",
    "modellingApproach": {
        "accession": "MAMO_0000046",
        "name": "ordinary differential equation model",
        "resource": "http://identifiers.org/mamo/MAMO_0000046"
    },
    "curationStatus": "CURATED",
    "contributors": {
        "Curator": [
            {
                "name": "Lucian Smith",
                "email": "lpsmith@uw.edu",
                "affiliation": "University of Washington",
                "orcid": "0000-0001-7002-6386",
                "external": false
            }
        ],
        "Modeller": [
            {
                "name": "Camille Laibe",
                "email": "laibe@ebi.ac.uk",
                "affiliation": "EMBL-EBI",
                "orcid": "0000-0002-4625-743X",
                "external": false
            },
            {
                "name": "Rahuman S Malik-Sheriff",
                "email": "sheriff@ebi.ac.uk",
                "affiliation": "European Molecular Biology Laboratory-European Bioinformatics Institute (EMBL-EBI), Wellcome Trust Genome Campus, Hinxton, Cambridge CB10 1SD, UK.",
                "orcid": "0000-0003-0705-9809",
                "external": false
            }
        ]
    },
    "vcsIdentifier": "aab",
    "modelLevelAnnotations": [
        {
            "qualifier": "bqbiol:hasTaxon",
            "accession": "9606",
            "name": "Homo sapiens",
            "resource": "Taxonomy",
            "uri": "http://identifiers.org/taxonomy/9606"
        },
        {
            "qualifier": "bqbiol:hasProperty",
            "accession": "MAMO_0000046",
            "name": "Ordinary differential equation model",
            "resource": "Mathematical Modelling Ontology",
            "uri": "http://identifiers.org/mamo/MAMO_0000046"
        },
        {
            "qualifier": "bqbiol:hasTaxon",
            "accession": "11676",
            "name": "Human immunodeficiency virus 1",
            "resource": "Taxonomy",
            "uri": "http://identifiers.org/taxonomy/11676"
        },
        {
            "qualifier": "bqbiol:occursIn",
            "accession": "BTO:0002417",
            "name": "helper T-lymphocyte",
            "resource": "Brenda Tissue Ontology",
            "uri": "http://identifiers.org/bto/BTO:0002417"
        },
        {
            "qualifier": "bqmodel:is",
            "accession": "BIOMD0000000707",
            "resource": "BioModels Database",
            "uri": "http://identifiers.org/biomodels.db/BIOMD0000000707"
        },
        {
            "qualifier": "bqmodel:is",
            "accession": "MODEL1006230047",
            "resource": "BioModels Database",
            "uri": "http://identifiers.org/biomodels.db/MODEL1006230047"
        },
        {
            "qualifier": "bqmodel:isDescribedBy",
            "accession": "12941536",
            "resource": "PubMed",
            "uri": "https://identifiers.org/pubmed:12941536"
        },
        {
            "qualifier": "bqbiol:hasProperty",
            "accession": "0000764",
            "name": "HIV infection",
            "resource": "Experimental Factor Ontology",
            "uri": "http://identifiers.org/efo/0000764"
        },
        {
            "qualifier": "bqbiol:hasProperty",
            "accession": "0000727",
            "name": "treatment",
            "resource": "Experimental Factor Ontology",
            "uri": "http://identifiers.org/efo/0000727"
        },
        {
            "qualifier": "bqbiol:isDescribedBy",
            "accession": "12941536",
            "resource": "PubMed",
            "uri": "http://identifiers.org/pubmed/12941536"
        }
    ]
}