<?xml version='1.0' encoding='UTF-8' standalone='no'?>
<sbml xmlns="http://www.sbml.org/sbml/level2/version4" level="2" version="4">
  <model id="Hernandez_Vargas2012___Innate_Immune_System_ynamics_to_Influenza_virus" metaid="COPASI0" name="Hernandez-Vargas2012 - Innate immune system dynamics to Influenza virus">
    <annotation>
      <COPASI xmlns="http://www.copasi.org/static/sbml">
        <rdf:RDF xmlns:CopasiMT="http://www.copasi.org/RDF/MiriamTerms#" xmlns:bqbiol="http://biomodels.net/biology-qualifiers/" xmlns:dcterms="http://purl.org/dc/terms/" xmlns:rdf="http://www.w3.org/1999/02/22-rdf-syntax-ns#" xmlns:vCard="http://www.w3.org/2001/vcard-rdf/3.0#">
          <rdf:Description rdf:about="#COPASI0">
            <bqbiol:hasProperty rdf:resource="urn:miriam:efo:0001669"/>
            <bqbiol:hasProperty rdf:resource="urn:miriam:mamo:MAMO_0000046"/>
            <bqbiol:hasProperty rdf:resource="urn:miriam:pw:PW:0000234"/>
            <bqbiol:hasTaxon rdf:resource="urn:miriam:taxonomy:11320"/>
            <bqbiol:hasTaxon rdf:resource="urn:miriam:taxonomy:9606"/>
            <dcterms:bibliographicCitation>
              <rdf:Description>
                <CopasiMT:isDescribedBy rdf:resource="urn:miriam:doi:10.3182/20120829-3-hu-2029.00029"/>
              </rdf:Description>
            </dcterms:bibliographicCitation>
            <dcterms:created>
              <rdf:Description>
                <dcterms:W3CDTF>2018-07-10T08:51:14Z</dcterms:W3CDTF>
              </rdf:Description>
            </dcterms:created>
            <dcterms:creator>
              <rdf:Description>
                <vCard:EMAIL>sarubini.kananathan@hotmail.co.uk</vCard:EMAIL>
                <vCard:N>
                  <rdf:Description>
                    <vCard:Family>Kananathan</vCard:Family>
                    <vCard:Given>Sarubini</vCard:Given>
                  </rdf:Description>
                </vCard:N>
                <vCard:ORG>
                  <rdf:Description>
                    <vCard:Orgname>EMBL-EBI</vCard:Orgname>
                  </rdf:Description>
                </vCard:ORG>
              </rdf:Description>
            </dcterms:creator>
            <dcterms:creator>
              <rdf:Description>
                <vCard:EMAIL>sheriff@ebi.ac.uk</vCard:EMAIL>
                <vCard:N>
                  <rdf:Description>
                    <vCard:Family>Sheriff</vCard:Family>
                    <vCard:Given>Rahuman</vCard:Given>
                  </rdf:Description>
                </vCard:N>
                <vCard:ORG>
                  <rdf:Description>
                    <vCard:Orgname>EMBL-EBI</vCard:Orgname>
                  </rdf:Description>
                </vCard:ORG>
              </rdf:Description>
            </dcterms:creator>
          </rdf:Description>
        </rdf:RDF>
      </COPASI>
      <rdf:RDF xmlns:rdf="http://www.w3.org/1999/02/22-rdf-syntax-ns#" xmlns:dc="http://purl.org/dc/elements/1.1/" xmlns:dcterms="http://purl.org/dc/terms/" xmlns:vCard="http://www.w3.org/2001/vcard-rdf/3.0#" xmlns:bqbiol="http://biomodels.net/biology-qualifiers/" xmlns:bqmodel="http://biomodels.net/model-qualifiers/">
        <rdf:Description rdf:about="#COPASI0">
	<dc:creator>
	<rdf:Bag>
	<rdf:li rdf:parseType="Resource">
	<vCard:N rdf:parseType="Resource">
	<vCard:Family>Kananathan</vCard:Family>
	<vCard:Given>Sarubini</vCard:Given>
	</vCard:N>
	<vCard:EMAIL>sarubini.kananathan@hotmail.co.uk</vCard:EMAIL>
	<vCard:ORG rdf:parseType="Resource">
	<vCard:Orgname>EMBL-EBI</vCard:Orgname>
	</vCard:ORG>
	</rdf:li>
	<rdf:li rdf:parseType="Resource">
	<vCard:N rdf:parseType="Resource">
	<vCard:Family>Sheriff</vCard:Family>
	<vCard:Given>Rahuman</vCard:Given>
	</vCard:N>
	<vCard:EMAIL>sheriff@ebi.ac.uk</vCard:EMAIL>
	<vCard:ORG rdf:parseType="Resource">
	<vCard:Orgname>EMBL-EBI</vCard:Orgname>
	</vCard:ORG>
	</rdf:li>
	</rdf:Bag>
	</dc:creator>
	<dcterms:created rdf:parseType="Resource">
	<dcterms:W3CDTF>2018-07-10T08:51:14Z</dcterms:W3CDTF>
	</dcterms:created>
	<dcterms:modified rdf:parseType="Resource">
	<dcterms:W3CDTF>2018-07-10T08:51:14Z</dcterms:W3CDTF>
	</dcterms:modified>
	<bqmodel:is>
	<rdf:Bag>
	<rdf:li rdf:resource="http://identifiers.org/biomodels.db/MODEL1808280005"/>
	<rdf:li rdf:resource="http://identifiers.org/biomodels.db/BIOMD0000000710"/>
	</rdf:Bag>
	</bqmodel:is>
	<bqbiol:hasProperty>
	<rdf:Bag>
	<rdf:li rdf:resource="http://identifiers.org/mamo/MAMO_0000046"/>
	</rdf:Bag>
	</bqbiol:hasProperty>
	<bqbiol:hasProperty>
	<rdf:Bag>
	<rdf:li rdf:resource="http://identifiers.org/efo/0001669"/>
	</rdf:Bag>
	</bqbiol:hasProperty>
	<bqbiol:hasProperty>
	<rdf:Bag>
	<rdf:li rdf:resource="http://identifiers.org/pw/PW:0000234"/>
	</rdf:Bag>
	</bqbiol:hasProperty>
	<bqbiol:hasTaxon>
	<rdf:Bag>
	<rdf:li rdf:resource="http://identifiers.org/taxonomy/9606"/>
	</rdf:Bag>
	</bqbiol:hasTaxon>
	<bqbiol:hasTaxon>
	<rdf:Bag>
	<rdf:li rdf:resource="http://identifiers.org/taxonomy/11320"/>
	</rdf:Bag>
	</bqbiol:hasTaxon>
	<bqbiol:isDescribedBy>
	<rdf:Bag>
	<rdf:li rdf:resource="http://identifiers.org/doi/10.3182/20120829-3-hu-2029.00029"/>
	</rdf:Bag>
	</bqbiol:isDescribedBy>
	<bqmodel:isDescribedBy>
	<rdf:Bag>
	<rdf:li rdf:resource="https://identifiers.org/doi:10.3182/20120829-3-hu-2029.00029"/>
	</rdf:Bag>
	</bqmodel:isDescribedBy>
	</rdf:Description>
	
	
	
      </rdf:RDF>
    </annotation>
      <listOfFunctionDefinitions>
      <functionDefinition id="Constant_flux__irreversible" name="Constant flux (irreversible)">
        <math xmlns="http://www.w3.org/1998/Math/MathML">        
          <lambda>
            <bvar>
              <ci> v </ci>
            </bvar>
            <ci> v </ci>
          </lambda>
        </math>
            </functionDefinition>
      <functionDefinition id="Function_for_Reaction_2" metaid="COPASI35" name="Function for Reaction 2">
        <annotation>
          <COPASI xmlns="http://www.copasi.org/static/sbml">
            <rdf:RDF xmlns:dcterms="http://purl.org/dc/terms/" xmlns:rdf="http://www.w3.org/1999/02/22-rdf-syntax-ns#">
              <rdf:Description rdf:about="#COPASI35">
                <dcterms:created>
                  <rdf:Description>
                    <dcterms:W3CDTF>2018-07-10T09:40:45Z</dcterms:W3CDTF>
                  </rdf:Description>
                </dcterms:created>
              </rdf:Description>
            </rdf:RDF>
          </COPASI>
        </annotation>
        <math xmlns="http://www.w3.org/1998/Math/MathML">        
          <lambda>
            <bvar>
              <ci> k_I </ci>
            </bvar>
            <bvar>
              <ci> U_H </ci>
            </bvar>
            <bvar>
              <ci> V </ci>
            </bvar>
            <apply>
              <times/>
              <ci> k_I </ci>
              <ci> U_H </ci>
              <ci> V </ci>
            </apply>
          </lambda>
        </math>
            </functionDefinition>
      <functionDefinition id="Function_for_Reaction_3" metaid="COPASI36" name="Function for Reaction 3">
        <annotation>
          <COPASI xmlns="http://www.copasi.org/static/sbml">
            <rdf:RDF xmlns:dcterms="http://purl.org/dc/terms/" xmlns:rdf="http://www.w3.org/1999/02/22-rdf-syntax-ns#">
              <rdf:Description rdf:about="#COPASI36">
                <dcterms:created>
                  <rdf:Description>
                    <dcterms:W3CDTF>2018-07-10T09:42:49Z</dcterms:W3CDTF>
                  </rdf:Description>
                </dcterms:created>
              </rdf:Description>
            </rdf:RDF>
          </COPASI>
        </annotation>
        <math xmlns="http://www.w3.org/1998/Math/MathML">        
          <lambda>
            <bvar>
              <ci> k_R </ci>
            </bvar>
            <bvar>
              <ci> U_H </ci>
            </bvar>
            <bvar>
              <ci> IFN </ci>
            </bvar>
            <apply>
              <times/>
              <ci> k_R </ci>
              <ci> U_H </ci>
              <ci> IFN </ci>
            </apply>
          </lambda>
        </math>
            </functionDefinition>
      <functionDefinition id="Function_for_Reaction_6" metaid="COPASI37" name="Function for Reaction 6">
        <annotation>
          <COPASI xmlns="http://www.copasi.org/static/sbml">
            <rdf:RDF xmlns:dcterms="http://purl.org/dc/terms/" xmlns:rdf="http://www.w3.org/1999/02/22-rdf-syntax-ns#">
              <rdf:Description rdf:about="#COPASI37">
                <dcterms:created>
                  <rdf:Description>
                    <dcterms:W3CDTF>2018-07-10T09:45:40Z</dcterms:W3CDTF>
                  </rdf:Description>
                </dcterms:created>
              </rdf:Description>
            </rdf:RDF>
          </COPASI>
        </annotation>
        <math xmlns="http://www.w3.org/1998/Math/MathML">        
          <lambda>
            <bvar>
              <ci> q_K </ci>
            </bvar>
            <bvar>
              <ci> U_E </ci>
            </bvar>
            <bvar>
              <ci> K </ci>
            </bvar>
            <apply>
              <times/>
              <ci> q_K </ci>
              <ci> U_E </ci>
              <ci> K </ci>
            </apply>
          </lambda>
        </math>
            </functionDefinition>
      <functionDefinition id="Function_for_Reaction_8" metaid="COPASI38" name="Function for Reaction 8 [1]">
        <annotation>
          <COPASI xmlns="http://www.copasi.org/static/sbml">
            <rdf:RDF xmlns:dcterms="http://purl.org/dc/terms/" xmlns:rdf="http://www.w3.org/1999/02/22-rdf-syntax-ns#">
              <rdf:Description rdf:about="#COPASI38">
                <dcterms:created>
                  <rdf:Description>
                    <dcterms:W3CDTF>2018-07-10T09:48:25Z</dcterms:W3CDTF>
                  </rdf:Description>
                </dcterms:created>
              </rdf:Description>
            </rdf:RDF>
          </COPASI>
        </annotation>
        <math xmlns="http://www.w3.org/1998/Math/MathML">        
          <lambda>
            <bvar>
              <ci> q_K </ci>
            </bvar>
            <bvar>
              <ci> U_I </ci>
            </bvar>
            <bvar>
              <ci> K </ci>
            </bvar>
            <apply>
              <times/>
              <ci> q_K </ci>
              <ci> U_I </ci>
              <ci> K </ci>
            </apply>
          </lambda>
        </math>
            </functionDefinition>
      <functionDefinition id="Function_for_Reaction_10" metaid="COPASI39" name="Function for Reaction 10 [1]">
        <annotation>
          <COPASI xmlns="http://www.copasi.org/static/sbml">
            <rdf:RDF xmlns:dcterms="http://purl.org/dc/terms/" xmlns:rdf="http://www.w3.org/1999/02/22-rdf-syntax-ns#">
              <rdf:Description rdf:about="#COPASI39">
                <dcterms:created>
                  <rdf:Description>
                    <dcterms:W3CDTF>2018-07-10T09:50:20Z</dcterms:W3CDTF>
                  </rdf:Description>
                </dcterms:created>
              </rdf:Description>
            </rdf:RDF>
          </COPASI>
        </annotation>
        <math xmlns="http://www.w3.org/1998/Math/MathML">        
          <lambda>
            <bvar>
              <ci> p_V </ci>
            </bvar>
            <bvar>
              <ci> U_I </ci>
            </bvar>
            <apply>
              <times/>
              <ci> p_V </ci>
              <ci> U_I </ci>
            </apply>
          </lambda>
        </math>
            </functionDefinition>
      <functionDefinition id="Function_for_Reaction_12" metaid="COPASI40" name="Function for Reaction 12 [1]">
        <annotation>
          <COPASI xmlns="http://www.copasi.org/static/sbml">
            <rdf:RDF xmlns:dcterms="http://purl.org/dc/terms/" xmlns:rdf="http://www.w3.org/1999/02/22-rdf-syntax-ns#">
              <rdf:Description rdf:about="#COPASI40">
                <dcterms:created>
                  <rdf:Description>
                    <dcterms:W3CDTF>2018-07-10T09:52:56Z</dcterms:W3CDTF>
                  </rdf:Description>
                </dcterms:created>
              </rdf:Description>
            </rdf:RDF>
          </COPASI>
        </annotation>
        <math xmlns="http://www.w3.org/1998/Math/MathML">        
          <lambda>
            <bvar>
              <ci> a_I </ci>
            </bvar>
            <bvar>
              <ci> U_I </ci>
            </bvar>
            <apply>
              <times/>
              <ci> a_I </ci>
              <ci> U_I </ci>
            </apply>
          </lambda>
        </math>
            </functionDefinition>
      <functionDefinition id="Function_for_Reaction_15" metaid="COPASI41" name="Function for Reaction 15 [1]">
        <annotation>
          <COPASI xmlns="http://www.copasi.org/static/sbml">
            <rdf:RDF xmlns:dcterms="http://purl.org/dc/terms/" xmlns:rdf="http://www.w3.org/1999/02/22-rdf-syntax-ns#">
              <rdf:Description rdf:about="#COPASI41">
                <dcterms:created>
                  <rdf:Description>
                    <dcterms:W3CDTF>2018-07-10T09:54:41Z</dcterms:W3CDTF>
                  </rdf:Description>
                </dcterms:created>
              </rdf:Description>
            </rdf:RDF>
          </COPASI>
        </annotation>
        <math xmlns="http://www.w3.org/1998/Math/MathML">        
          <lambda>
            <bvar>
              <ci> phi_K </ci>
            </bvar>
            <bvar>
              <ci> U_I </ci>
            </bvar>
            <apply>
              <times/>
              <ci> phi_K </ci>
              <ci> U_I </ci>
            </apply>
          </lambda>
        </math>
            </functionDefinition>
    </listOfFunctionDefinitions>
    <listOfUnitDefinitions>
      <unitDefinition id="time" name="time">
        <listOfUnits>
          <unit exponent="1" kind="second" multiplier="86400" scale="0"/>
        </listOfUnits>
      </unitDefinition>
    </listOfUnitDefinitions>
    <listOfCompartments>
      <compartment constant="true" id="compartment" metaid="COPASI1" name="Lung" size="1" spatialDimensions="3">
        <annotation>
          <COPASI xmlns="http://www.copasi.org/static/sbml">
            <rdf:RDF xmlns:CopasiMT="http://www.copasi.org/RDF/MiriamTerms#" xmlns:dcterms="http://purl.org/dc/terms/" xmlns:rdf="http://www.w3.org/1999/02/22-rdf-syntax-ns#">
              <rdf:Description rdf:about="#COPASI1">
                <dcterms:created>
                  <rdf:Description>
                    <dcterms:W3CDTF>2018-09-11T13:54:34Z</dcterms:W3CDTF>
                  </rdf:Description>
                </dcterms:created>
                <CopasiMT:is rdf:resource="urn:miriam:bto:BTO:0000763"/>
              </rdf:Description>
            </rdf:RDF>
          </COPASI>
          <rdf:RDF xmlns:rdf="http://www.w3.org/1999/02/22-rdf-syntax-ns#" xmlns:dc="http://purl.org/dc/elements/1.1/" xmlns:dcterms="http://purl.org/dc/terms/" xmlns:vCard="http://www.w3.org/2001/vcard-rdf/3.0#" xmlns:bqbiol="http://biomodels.net/biology-qualifiers/" xmlns:bqmodel="http://biomodels.net/model-qualifiers/">
            <rdf:Description rdf:about="#COPASI1">
	<bqbiol:is>
	<rdf:Bag>
	<rdf:li rdf:resource="http://identifiers.org/bto/BTO:0000763"/>
	</rdf:Bag>
	</bqbiol:is>
	</rdf:Description>
	
	
	
          </rdf:RDF>
        </annotation>
            </compartment>
    </listOfCompartments>
    <listOfSpecies>
      <species boundaryCondition="false" compartment="compartment" constant="false" id="U_H" initialConcentration="500000000" metaid="COPASI2" name="Healthy Epithelial cells (U_H)">
        <annotation>
          <COPASI xmlns="http://www.copasi.org/static/sbml">
            <rdf:RDF xmlns:CopasiMT="http://www.copasi.org/RDF/MiriamTerms#" xmlns:dcterms="http://purl.org/dc/terms/" xmlns:rdf="http://www.w3.org/1999/02/22-rdf-syntax-ns#">
              <rdf:Description rdf:about="#COPASI2">
                <dcterms:created>
                  <rdf:Description>
                    <dcterms:W3CDTF>2018-07-10T09:13:03Z</dcterms:W3CDTF>
                  </rdf:Description>
                </dcterms:created>
                <CopasiMT:isVersionOf rdf:resource="urn:miriam:bto:BTO:0000414"/>
              </rdf:Description>
            </rdf:RDF>
          </COPASI>
          <rdf:RDF xmlns:rdf="http://www.w3.org/1999/02/22-rdf-syntax-ns#" xmlns:dc="http://purl.org/dc/elements/1.1/" xmlns:dcterms="http://purl.org/dc/terms/" xmlns:vCard="http://www.w3.org/2001/vcard-rdf/3.0#" xmlns:bqbiol="http://biomodels.net/biology-qualifiers/" xmlns:bqmodel="http://biomodels.net/model-qualifiers/">
            <rdf:Description rdf:about="#COPASI2">
	<bqbiol:isVersionOf>
	<rdf:Bag>
	<rdf:li rdf:resource="http://identifiers.org/bto/BTO:0000414"/>
	</rdf:Bag>
	</bqbiol:isVersionOf>
	</rdf:Description>
	
	
	
          </rdf:RDF>
        </annotation>
            </species>
      <species boundaryCondition="false" compartment="compartment" constant="false" id="U_E" initialConcentration="0" metaid="COPASI3" name="Partially infected Epithelial cells (U_E)">
        <notes>
          <body xmlns="http://www.w3.org/1999/xhtml">
            <pre>Partially infected cells</pre>
          </body>
        </notes>
        <annotation>
          <COPASI xmlns="http://www.copasi.org/static/sbml">
            <rdf:RDF xmlns:CopasiMT="http://www.copasi.org/RDF/MiriamTerms#" xmlns:dcterms="http://purl.org/dc/terms/" xmlns:rdf="http://www.w3.org/1999/02/22-rdf-syntax-ns#">
              <rdf:Description rdf:about="#COPASI3">
                <dcterms:created>
                  <rdf:Description>
                    <dcterms:W3CDTF>2018-07-10T09:14:30Z</dcterms:W3CDTF>
                  </rdf:Description>
                </dcterms:created>
                <CopasiMT:isVersionOf rdf:resource="urn:miriam:bto:BTO:0000152"/>
                <CopasiMT:isVersionOf rdf:resource="urn:miriam:bto:BTO:0000414"/>
              </rdf:Description>
            </rdf:RDF>
          </COPASI>
          <rdf:RDF xmlns:rdf="http://www.w3.org/1999/02/22-rdf-syntax-ns#" xmlns:dc="http://purl.org/dc/elements/1.1/" xmlns:dcterms="http://purl.org/dc/terms/" xmlns:vCard="http://www.w3.org/2001/vcard-rdf/3.0#" xmlns:bqbiol="http://biomodels.net/biology-qualifiers/" xmlns:bqmodel="http://biomodels.net/model-qualifiers/">
            <rdf:Description rdf:about="#COPASI3">
              <bqbiol:isVersionOf>
	<rdf:Bag>
	<rdf:li rdf:resource="http://identifiers.org/bto/BTO:0000152"/>
	</rdf:Bag>
	</bqbiol:isVersionOf>
	
	<bqbiol:isVersionOf>
	<rdf:Bag>
	<rdf:li rdf:resource="http://identifiers.org/bto/BTO:0000414"/>
	</rdf:Bag>
	</bqbiol:isVersionOf>
	</rdf:Description>
	
	
	
          </rdf:RDF>
        </annotation>
            </species>
      <species boundaryCondition="false" compartment="compartment" constant="false" id="U_I" initialConcentration="0" metaid="COPASI4" name="Infected Epithelial cells (U_I)">
        <annotation>
          <COPASI xmlns="http://www.copasi.org/static/sbml">
            <rdf:RDF xmlns:CopasiMT="http://www.copasi.org/RDF/MiriamTerms#" xmlns:dcterms="http://purl.org/dc/terms/" xmlns:rdf="http://www.w3.org/1999/02/22-rdf-syntax-ns#">
              <rdf:Description rdf:about="#COPASI4">
                <dcterms:created>
                  <rdf:Description>
                    <dcterms:W3CDTF>2018-07-10T09:15:44Z</dcterms:W3CDTF>
                  </rdf:Description>
                </dcterms:created>
                <CopasiMT:isVersionOf rdf:resource="urn:miriam:bto:BTO:0000152"/>
                <CopasiMT:isVersionOf rdf:resource="urn:miriam:bto:BTO:0000414"/>
              </rdf:Description>
            </rdf:RDF>
          </COPASI>
          <rdf:RDF xmlns:rdf="http://www.w3.org/1999/02/22-rdf-syntax-ns#" xmlns:dc="http://purl.org/dc/elements/1.1/" xmlns:dcterms="http://purl.org/dc/terms/" xmlns:vCard="http://www.w3.org/2001/vcard-rdf/3.0#" xmlns:bqbiol="http://biomodels.net/biology-qualifiers/" xmlns:bqmodel="http://biomodels.net/model-qualifiers/">
            <rdf:Description rdf:about="#COPASI4">
              <bqbiol:isVersionOf>
	<rdf:Bag>
	<rdf:li rdf:resource="http://identifiers.org/bto/BTO:0000152"/>
	</rdf:Bag>
	</bqbiol:isVersionOf>
	
	<bqbiol:isVersionOf>
	<rdf:Bag>
	<rdf:li rdf:resource="http://identifiers.org/bto/BTO:0000414"/>
	</rdf:Bag>
	</bqbiol:isVersionOf>
	</rdf:Description>
	
	
	
          </rdf:RDF>
        </annotation>
            </species>
      <species boundaryCondition="false" compartment="compartment" constant="false" id="U_R" initialConcentration="0" metaid="COPASI5" name="Resistant Epithelial cells (U_R)">
        <annotation>
          <COPASI xmlns="http://www.copasi.org/static/sbml">
            <rdf:RDF xmlns:CopasiMT="http://www.copasi.org/RDF/MiriamTerms#" xmlns:bqbiol="http://biomodels.net/biology-qualifiers/" xmlns:dcterms="http://purl.org/dc/terms/" xmlns:rdf="http://www.w3.org/1999/02/22-rdf-syntax-ns#">
              <rdf:Description rdf:about="#COPASI5">
                <bqbiol:hasProperty rdf:resource="urn:miriam:mp:MP:0002410"/>
                <dcterms:created>
                  <rdf:Description>
                    <dcterms:W3CDTF>2018-07-10T09:16:44Z</dcterms:W3CDTF>
                  </rdf:Description>
                </dcterms:created>
                <CopasiMT:isVersionOf rdf:resource="urn:miriam:bto:BTO:0000414"/>
              </rdf:Description>
            </rdf:RDF>
          </COPASI>
          <rdf:RDF xmlns:rdf="http://www.w3.org/1999/02/22-rdf-syntax-ns#" xmlns:dc="http://purl.org/dc/elements/1.1/" xmlns:dcterms="http://purl.org/dc/terms/" xmlns:vCard="http://www.w3.org/2001/vcard-rdf/3.0#" xmlns:bqbiol="http://biomodels.net/biology-qualifiers/" xmlns:bqmodel="http://biomodels.net/model-qualifiers/">
            <rdf:Description rdf:about="#COPASI5">
              <bqbiol:isVersionOf>
	<rdf:Bag>
	<rdf:li rdf:resource="http://identifiers.org/bto/BTO:0000414"/>
	</rdf:Bag>
	</bqbiol:isVersionOf>
	
	<bqbiol:hasProperty>
	<rdf:Bag>
	<rdf:li rdf:resource="http://identifiers.org/mp/MP:0002410"/>
	</rdf:Bag>
	</bqbiol:hasProperty>
	</rdf:Description>
	
	
	
          </rdf:RDF>
        </annotation>
            </species>
      <species boundaryCondition="false" compartment="compartment" constant="false" id="V" initialConcentration="0.001" metaid="COPASI6" name="Viral Load (V)">
        <annotation>
          <COPASI xmlns="http://www.copasi.org/static/sbml">
            <rdf:RDF xmlns:bqbiol="http://biomodels.net/biology-qualifiers/" xmlns:dcterms="http://purl.org/dc/terms/" xmlns:rdf="http://www.w3.org/1999/02/22-rdf-syntax-ns#">
              <rdf:Description rdf:about="#COPASI6">
                <bqbiol:hasTaxon rdf:resource="urn:miriam:taxonomy:11320"/>
                <dcterms:created>
                  <rdf:Description>
                    <dcterms:W3CDTF>2018-07-10T09:17:42Z</dcterms:W3CDTF>
                  </rdf:Description>
                </dcterms:created>
              </rdf:Description>
            </rdf:RDF>
          </COPASI>
          <rdf:RDF xmlns:rdf="http://www.w3.org/1999/02/22-rdf-syntax-ns#" xmlns:dc="http://purl.org/dc/elements/1.1/" xmlns:dcterms="http://purl.org/dc/terms/" xmlns:vCard="http://www.w3.org/2001/vcard-rdf/3.0#" xmlns:bqbiol="http://biomodels.net/biology-qualifiers/" xmlns:bqmodel="http://biomodels.net/model-qualifiers/">
            <rdf:Description rdf:about="#COPASI6">
	<bqbiol:hasTaxon>
	<rdf:Bag>
	<rdf:li rdf:resource="http://identifiers.org/taxonomy/11320"/>
	</rdf:Bag>
	</bqbiol:hasTaxon>
	</rdf:Description>
	
	
	
          </rdf:RDF>
        </annotation>
            </species>
      <species boundaryCondition="false" compartment="compartment" constant="false" id="IFN" initialConcentration="0" metaid="COPASI7" name="Interferon (IFN)">
        <notes>
          <body xmlns="http://www.w3.org/1999/xhtml">
            <pre>Only alpha and beta interferons take part in thi process.</pre>
          </body>
        </notes>
        <annotation>
          <COPASI xmlns="http://www.copasi.org/static/sbml">
            <rdf:RDF xmlns:CopasiMT="http://www.copasi.org/RDF/MiriamTerms#" xmlns:dcterms="http://purl.org/dc/terms/" xmlns:rdf="http://www.w3.org/1999/02/22-rdf-syntax-ns#">
              <rdf:Description rdf:about="#COPASI7">
                <dcterms:created>
                  <rdf:Description>
                    <dcterms:W3CDTF>2018-07-10T09:18:18Z</dcterms:W3CDTF>
                  </rdf:Description>
                </dcterms:created>
                <CopasiMT:isVersionOf rdf:resource="urn:miriam:uniprot:P01562"/>
                <CopasiMT:isVersionOf rdf:resource="urn:miriam:uniprot:P01574"/>
              </rdf:Description>
            </rdf:RDF>
          </COPASI>
          <rdf:RDF xmlns:rdf="http://www.w3.org/1999/02/22-rdf-syntax-ns#" xmlns:dc="http://purl.org/dc/elements/1.1/" xmlns:dcterms="http://purl.org/dc/terms/" xmlns:vCard="http://www.w3.org/2001/vcard-rdf/3.0#" xmlns:bqbiol="http://biomodels.net/biology-qualifiers/" xmlns:bqmodel="http://biomodels.net/model-qualifiers/">
            <rdf:Description rdf:about="#COPASI7">
              <bqbiol:isVersionOf>
	<rdf:Bag>
	<rdf:li rdf:resource="http://identifiers.org/uniprot/P01562"/>
	</rdf:Bag>
	</bqbiol:isVersionOf>
	
	<bqbiol:isVersionOf>
	<rdf:Bag>
	<rdf:li rdf:resource="http://identifiers.org/uniprot/P01574"/>
	</rdf:Bag>
	</bqbiol:isVersionOf>
	</rdf:Description>
	
	
	
          </rdf:RDF>
        </annotation>
            </species>
      <species boundaryCondition="false" compartment="compartment" constant="false" id="K" initialConcentration="800000" metaid="COPASI8" name="Natural Killers (K)">
        <annotation>
          <COPASI xmlns="http://www.copasi.org/static/sbml">
            <rdf:RDF xmlns:CopasiMT="http://www.copasi.org/RDF/MiriamTerms#" xmlns:dcterms="http://purl.org/dc/terms/" xmlns:rdf="http://www.w3.org/1999/02/22-rdf-syntax-ns#">
              <rdf:Description rdf:about="#COPASI8">
                <dcterms:created>
                  <rdf:Description>
                    <dcterms:W3CDTF>2018-07-10T09:19:02Z</dcterms:W3CDTF>
                  </rdf:Description>
                </dcterms:created>
                <CopasiMT:isVersionOf rdf:resource="urn:miriam:bto:BTO:0000914"/>
              </rdf:Description>
            </rdf:RDF>
          </COPASI>
          <rdf:RDF xmlns:rdf="http://www.w3.org/1999/02/22-rdf-syntax-ns#" xmlns:dc="http://purl.org/dc/elements/1.1/" xmlns:dcterms="http://purl.org/dc/terms/" xmlns:vCard="http://www.w3.org/2001/vcard-rdf/3.0#" xmlns:bqbiol="http://biomodels.net/biology-qualifiers/" xmlns:bqmodel="http://biomodels.net/model-qualifiers/">
            <rdf:Description rdf:about="#COPASI8">
	<bqbiol:isVersionOf>
	<rdf:Bag>
	<rdf:li rdf:resource="http://identifiers.org/bto/BTO:0000914"/>
	</rdf:Bag>
	</bqbiol:isVersionOf>
	</rdf:Description>
	
	
	
          </rdf:RDF>
        </annotation>
            </species>
    </listOfSpecies>
    <listOfParameters>
      <parameter constant="true" id="k_I" name="k_I" value="0.003"/>
      <parameter constant="true" id="k_R" name="k_R" value="7"/>
      <parameter constant="true" id="k_E" name="k_E" value="0.5"/>
      <parameter constant="true" id="q_K" name="q_K" value="3E-6"/>
      <parameter constant="true" id="phi_K" name="phi_K" value="0.001"/>
      <parameter constant="true" id="a_I" metaid="COPASI9" name="a_I" value="3E-6">
        <annotation>
          <COPASI xmlns="http://www.copasi.org/static/sbml">
            <rdf:RDF xmlns:dcterms="http://purl.org/dc/terms/" xmlns:rdf="http://www.w3.org/1999/02/22-rdf-syntax-ns#">
              <rdf:Description rdf:about="#COPASI9">
                <dcterms:created>
                  <rdf:Description>
                    <dcterms:W3CDTF>2018-10-03T14:33:15Z</dcterms:W3CDTF>
                  </rdf:Description>
                </dcterms:created>
              </rdf:Description>
            </rdf:RDF>
          </COPASI>
        </annotation>
            </parameter>
      <parameter constant="true" id="p_V" name="p_V" value="0.01"/>
      <parameter constant="true" id="delta_H" name="delta_H" value="0.01"/>
      <parameter constant="true" id="delta_I" name="delta_I" value="0.01"/>
      <parameter constant="true" id="delta_R" name="delta_R" value="0.01"/>
      <parameter constant="true" id="delta_IFN" name="delta_IFN" value="4"/>
      <parameter constant="true" id="delta_K" name="delta_K" value="0.04"/>
      <parameter constant="true" id="delta_V" name="delta_V" value="5.2"/>
      <parameter constant="false" id="S_H" metaid="COPASI10" name="S_H" value="5000000">
        <annotation>
          <COPASI xmlns="http://www.copasi.org/static/sbml">
            <rdf:RDF xmlns:dcterms="http://purl.org/dc/terms/" xmlns:rdf="http://www.w3.org/1999/02/22-rdf-syntax-ns#">
              <rdf:Description rdf:about="#COPASI10">
                <dcterms:created>
                  <rdf:Description>
                    <dcterms:W3CDTF>2018-07-10T09:22:45Z</dcterms:W3CDTF>
                  </rdf:Description>
                </dcterms:created>
              </rdf:Description>
            </rdf:RDF>
          </COPASI>
        </annotation>
            </parameter>
      <parameter constant="false" id="S_K" metaid="COPASI11" name="S_K" value="32000">
        <annotation>
          <COPASI xmlns="http://www.copasi.org/static/sbml">
            <rdf:RDF xmlns:dcterms="http://purl.org/dc/terms/" xmlns:rdf="http://www.w3.org/1999/02/22-rdf-syntax-ns#">
              <rdf:Description rdf:about="#COPASI11">
                <dcterms:created>
                  <rdf:Description>
                    <dcterms:W3CDTF>2018-07-10T09:23:10Z</dcterms:W3CDTF>
                  </rdf:Description>
                </dcterms:created>
              </rdf:Description>
            </rdf:RDF>
          </COPASI>
        </annotation>
            </parameter>
      <parameter id="Metabolite_0_0" name="Initial for Healthy Epithelial cells (U_H)" value="500000000">
        <annotation>
          <initialValue xmlns="http://copasi.org/initialValue" parent="U_H"/>
        </annotation>
            </parameter>
      <parameter id="Metabolite_6_0" name="Initial for Natural Killers (K)" value="800000">
        <annotation>
          <initialValue xmlns="http://copasi.org/initialValue" parent="K"/>
        </annotation>
            </parameter>
    </listOfParameters>
    <listOfInitialAssignments>
      <initialAssignment symbol="Metabolite_0_0">
        <math xmlns="http://www.w3.org/1998/Math/MathML">        
          <ci> U_H </ci>
        </math>
            </initialAssignment>
      <initialAssignment symbol="Metabolite_6_0">
        <math xmlns="http://www.w3.org/1998/Math/MathML">        
          <ci> K </ci>
        </math>
            </initialAssignment>
    </listOfInitialAssignments>
    <listOfRules>
      <assignmentRule variable="S_H">
        <math xmlns="http://www.w3.org/1998/Math/MathML">        
          <apply>
            <times/>
            <ci> Metabolite_0_0 </ci>
            <ci> delta_H </ci>
          </apply>
        </math>
            </assignmentRule>
      <assignmentRule variable="S_K">
        <math xmlns="http://www.w3.org/1998/Math/MathML">        
          <apply>
            <times/>
            <ci> Metabolite_6_0 </ci>
            <ci> delta_K </ci>
          </apply>
        </math>
            </assignmentRule>
    </listOfRules>
    <listOfReactions>
      <reaction id="reaction_1" metaid="COPASI12" name="Proliferation of Healthy Epithelial cells" reversible="false">
        <annotation>
          <COPASI xmlns="http://www.copasi.org/static/sbml">
            <rdf:RDF xmlns:CopasiMT="http://www.copasi.org/RDF/MiriamTerms#" xmlns:dcterms="http://purl.org/dc/terms/" xmlns:rdf="http://www.w3.org/1999/02/22-rdf-syntax-ns#">
              <rdf:Description rdf:about="#COPASI12">
                <dcterms:created>
                  <rdf:Description>
                    <dcterms:W3CDTF>2018-07-10T09:40:00Z</dcterms:W3CDTF>
                  </rdf:Description>
                </dcterms:created>
                <CopasiMT:isVersionOf rdf:resource="urn:miriam:ncit:C61408"/>
              </rdf:Description>
            </rdf:RDF>
          </COPASI>
          <rdf:RDF xmlns:rdf="http://www.w3.org/1999/02/22-rdf-syntax-ns#" xmlns:dc="http://purl.org/dc/elements/1.1/" xmlns:dcterms="http://purl.org/dc/terms/" xmlns:vCard="http://www.w3.org/2001/vcard-rdf/3.0#" xmlns:bqbiol="http://biomodels.net/biology-qualifiers/" xmlns:bqmodel="http://biomodels.net/model-qualifiers/">
            <rdf:Description rdf:about="#COPASI12">
	<bqbiol:isVersionOf>
	<rdf:Bag>
	<rdf:li rdf:resource="http://identifiers.org/ncit/C61408"/>
	</rdf:Bag>
	</bqbiol:isVersionOf>
	</rdf:Description>
	
	
	
          </rdf:RDF>
        </annotation>
              <listOfProducts>
          <speciesReference species="U_H" stoichiometry="1"/>
        </listOfProducts>
        <kineticLaw>
          <math xmlns="http://www.w3.org/1998/Math/MathML">          
            <apply>
              <times/>
              <ci> compartment </ci>
              <apply>
                <ci> Constant_flux__irreversible </ci>
                <ci> S_H </ci>
              </apply>
            </apply>
          </math>
                </kineticLaw>
      </reaction>
      <reaction id="reaction_2" metaid="COPASI13" name="Partial infection of Healthy Epithelial cells" reversible="false">
        <annotation>
          <COPASI xmlns="http://www.copasi.org/static/sbml">
            <rdf:RDF xmlns:CopasiMT="http://www.copasi.org/RDF/MiriamTerms#" xmlns:dcterms="http://purl.org/dc/terms/" xmlns:rdf="http://www.w3.org/1999/02/22-rdf-syntax-ns#">
              <rdf:Description rdf:about="#COPASI13">
                <dcterms:created>
                  <rdf:Description>
                    <dcterms:W3CDTF>2018-07-10T09:40:30Z</dcterms:W3CDTF>
                  </rdf:Description>
                </dcterms:created>
                <CopasiMT:isVersionOf rdf:resource="urn:miriam:ncit:C128320"/>
              </rdf:Description>
            </rdf:RDF>
          </COPASI>
          <rdf:RDF xmlns:rdf="http://www.w3.org/1999/02/22-rdf-syntax-ns#" xmlns:dc="http://purl.org/dc/elements/1.1/" xmlns:dcterms="http://purl.org/dc/terms/" xmlns:vCard="http://www.w3.org/2001/vcard-rdf/3.0#" xmlns:bqbiol="http://biomodels.net/biology-qualifiers/" xmlns:bqmodel="http://biomodels.net/model-qualifiers/">
            <rdf:Description rdf:about="#COPASI13">
	<bqbiol:isVersionOf>
	<rdf:Bag>
	<rdf:li rdf:resource="http://identifiers.org/ncit/C128320"/>
	</rdf:Bag>
	</bqbiol:isVersionOf>
	</rdf:Description>
	
	
	
          </rdf:RDF>
        </annotation>
              <listOfReactants>
          <speciesReference species="U_H" stoichiometry="1"/>
        </listOfReactants>
        <listOfProducts>
          <speciesReference species="U_E" stoichiometry="1"/>
        </listOfProducts>
        <listOfModifiers>
          <modifierSpeciesReference species="V"/>
        </listOfModifiers>
        <kineticLaw>
          <math xmlns="http://www.w3.org/1998/Math/MathML">          
            <apply>
              <times/>
              <ci> compartment </ci>
              <apply>
                <ci> Function_for_Reaction_2 </ci>
                <ci> k_I </ci>
                <ci> U_H </ci>
                <ci> V </ci>
              </apply>
            </apply>
          </math>
                </kineticLaw>
      </reaction>
      <reaction id="reaction_3" metaid="COPASI14" name="Healthy Epithelial cells becoming resistant" reversible="false">
        <annotation>
          <COPASI xmlns="http://www.copasi.org/static/sbml">
            <rdf:RDF xmlns:dcterms="http://purl.org/dc/terms/" xmlns:rdf="http://www.w3.org/1999/02/22-rdf-syntax-ns#">
              <rdf:Description rdf:about="#COPASI14">
                <dcterms:created>
                  <rdf:Description>
                    <dcterms:W3CDTF>2018-07-10T09:42:36Z</dcterms:W3CDTF>
                  </rdf:Description>
                </dcterms:created>
              </rdf:Description>
            </rdf:RDF>
          </COPASI>
        </annotation>
              <listOfReactants>
          <speciesReference species="U_H" stoichiometry="1"/>
        </listOfReactants>
        <listOfProducts>
          <speciesReference species="U_R" stoichiometry="1"/>
        </listOfProducts>
        <listOfModifiers>
          <modifierSpeciesReference species="IFN"/>
        </listOfModifiers>
        <kineticLaw>
          <math xmlns="http://www.w3.org/1998/Math/MathML">          
            <apply>
              <times/>
              <ci> compartment </ci>
              <apply>
                <ci> Function_for_Reaction_3 </ci>
                <ci> k_R </ci>
                <ci> U_H </ci>
                <ci> IFN </ci>
              </apply>
            </apply>
          </math>
                </kineticLaw>
      </reaction>
      <reaction id="reaction_4" metaid="COPASI15" name="Death of Healthy Epithelial cells" reversible="false">
        <annotation>
          <COPASI xmlns="http://www.copasi.org/static/sbml">
            <rdf:RDF xmlns:CopasiMT="http://www.copasi.org/RDF/MiriamTerms#" xmlns:dcterms="http://purl.org/dc/terms/" xmlns:rdf="http://www.w3.org/1999/02/22-rdf-syntax-ns#">
              <rdf:Description rdf:about="#COPASI15">
                <dcterms:created>
                  <rdf:Description>
                    <dcterms:W3CDTF>2018-07-10T09:44:06Z</dcterms:W3CDTF>
                  </rdf:Description>
                </dcterms:created>
                <CopasiMT:isVersionOf rdf:resource="urn:miriam:sbo:SBO:0000179"/>
              </rdf:Description>
            </rdf:RDF>
          </COPASI>
          <rdf:RDF xmlns:rdf="http://www.w3.org/1999/02/22-rdf-syntax-ns#" xmlns:dc="http://purl.org/dc/elements/1.1/" xmlns:dcterms="http://purl.org/dc/terms/" xmlns:vCard="http://www.w3.org/2001/vcard-rdf/3.0#" xmlns:bqbiol="http://biomodels.net/biology-qualifiers/" xmlns:bqmodel="http://biomodels.net/model-qualifiers/">
            <rdf:Description rdf:about="#COPASI15">
	<bqbiol:isVersionOf>
	<rdf:Bag>
	<rdf:li rdf:resource="http://identifiers.org/sbo/SBO:0000179"/>
	</rdf:Bag>
	</bqbiol:isVersionOf>
	</rdf:Description>
	
	
	
          </rdf:RDF>
        </annotation>
              <listOfReactants>
          <speciesReference species="U_H" stoichiometry="1"/>
        </listOfReactants>
        <kineticLaw>
          <math xmlns="http://www.w3.org/1998/Math/MathML">          
            <apply>
              <times/>
              <ci> compartment </ci>
              <ci> delta_H </ci>
              <ci> U_H </ci>
            </apply>
          </math>
                </kineticLaw>
      </reaction>
      <reaction id="reaction_5" metaid="COPASI16" name="Infection of partially infected Epithelial cells" reversible="false">
        <annotation>
          <COPASI xmlns="http://www.copasi.org/static/sbml">
            <rdf:RDF xmlns:CopasiMT="http://www.copasi.org/RDF/MiriamTerms#" xmlns:dcterms="http://purl.org/dc/terms/" xmlns:rdf="http://www.w3.org/1999/02/22-rdf-syntax-ns#">
              <rdf:Description rdf:about="#COPASI16">
                <dcterms:created>
                  <rdf:Description>
                    <dcterms:W3CDTF>2018-07-10T09:45:00Z</dcterms:W3CDTF>
                  </rdf:Description>
                </dcterms:created>
                <CopasiMT:isVersionOf rdf:resource="urn:miriam:ncit:C128320"/>
              </rdf:Description>
            </rdf:RDF>
          </COPASI>
          <rdf:RDF xmlns:rdf="http://www.w3.org/1999/02/22-rdf-syntax-ns#" xmlns:dc="http://purl.org/dc/elements/1.1/" xmlns:dcterms="http://purl.org/dc/terms/" xmlns:vCard="http://www.w3.org/2001/vcard-rdf/3.0#" xmlns:bqbiol="http://biomodels.net/biology-qualifiers/" xmlns:bqmodel="http://biomodels.net/model-qualifiers/">
            <rdf:Description rdf:about="#COPASI16">
	<bqbiol:isVersionOf>
	<rdf:Bag>
	<rdf:li rdf:resource="http://identifiers.org/ncit/C128320"/>
	</rdf:Bag>
	</bqbiol:isVersionOf>
	</rdf:Description>
	
	
	
          </rdf:RDF>
        </annotation>
              <listOfReactants>
          <speciesReference species="U_E" stoichiometry="1"/>
        </listOfReactants>
        <listOfProducts>
          <speciesReference species="U_I" stoichiometry="1"/>
        </listOfProducts>
        <kineticLaw>
          <math xmlns="http://www.w3.org/1998/Math/MathML">          
            <apply>
              <times/>
              <ci> compartment </ci>
              <ci> k_E </ci>
              <ci> U_E </ci>
            </apply>
          </math>
                </kineticLaw>
      </reaction>
      <reaction id="reaction_6" metaid="COPASI17" name="Death of partially infected Epithelial cells caused by Natural Killers" reversible="false">
        <annotation>
          <COPASI xmlns="http://www.copasi.org/static/sbml">
            <rdf:RDF xmlns:CopasiMT="http://www.copasi.org/RDF/MiriamTerms#" xmlns:dcterms="http://purl.org/dc/terms/" xmlns:rdf="http://www.w3.org/1999/02/22-rdf-syntax-ns#">
              <rdf:Description rdf:about="#COPASI17">
                <dcterms:created>
                  <rdf:Description>
                    <dcterms:W3CDTF>2018-07-10T09:46:33Z</dcterms:W3CDTF>
                  </rdf:Description>
                </dcterms:created>
                <CopasiMT:isVersionOf rdf:resource="urn:miriam:sbo:SBO:0000179"/>
              </rdf:Description>
            </rdf:RDF>
          </COPASI>
          <rdf:RDF xmlns:rdf="http://www.w3.org/1999/02/22-rdf-syntax-ns#" xmlns:dc="http://purl.org/dc/elements/1.1/" xmlns:dcterms="http://purl.org/dc/terms/" xmlns:vCard="http://www.w3.org/2001/vcard-rdf/3.0#" xmlns:bqbiol="http://biomodels.net/biology-qualifiers/" xmlns:bqmodel="http://biomodels.net/model-qualifiers/">
            <rdf:Description rdf:about="#COPASI17">
	<bqbiol:isVersionOf>
	<rdf:Bag>
	<rdf:li rdf:resource="http://identifiers.org/sbo/SBO:0000179"/>
	</rdf:Bag>
	</bqbiol:isVersionOf>
	</rdf:Description>
	
	
	
          </rdf:RDF>
        </annotation>
              <listOfReactants>
          <speciesReference species="U_E" stoichiometry="1"/>
        </listOfReactants>
        <listOfModifiers>
          <modifierSpeciesReference species="K"/>
        </listOfModifiers>
        <kineticLaw>
          <math xmlns="http://www.w3.org/1998/Math/MathML">          
            <apply>
              <times/>
              <ci> compartment </ci>
              <apply>
                <ci> Function_for_Reaction_6 </ci>
                <ci> q_K </ci>
                <ci> U_E </ci>
                <ci> K </ci>
              </apply>
            </apply>
          </math>
                </kineticLaw>
      </reaction>
      <reaction id="reaction_7" metaid="COPASI18" name="Death of Infected Epithelial cells" reversible="false">
        <annotation>
          <COPASI xmlns="http://www.copasi.org/static/sbml">
            <rdf:RDF xmlns:CopasiMT="http://www.copasi.org/RDF/MiriamTerms#" xmlns:dcterms="http://purl.org/dc/terms/" xmlns:rdf="http://www.w3.org/1999/02/22-rdf-syntax-ns#">
              <rdf:Description rdf:about="#COPASI18">
                <dcterms:created>
                  <rdf:Description>
                    <dcterms:W3CDTF>2018-07-10T09:47:41Z</dcterms:W3CDTF>
                  </rdf:Description>
                </dcterms:created>
                <CopasiMT:isVersionOf rdf:resource="urn:miriam:sbo:SBO:0000179"/>
              </rdf:Description>
            </rdf:RDF>
          </COPASI>
          <rdf:RDF xmlns:rdf="http://www.w3.org/1999/02/22-rdf-syntax-ns#" xmlns:dc="http://purl.org/dc/elements/1.1/" xmlns:dcterms="http://purl.org/dc/terms/" xmlns:vCard="http://www.w3.org/2001/vcard-rdf/3.0#" xmlns:bqbiol="http://biomodels.net/biology-qualifiers/" xmlns:bqmodel="http://biomodels.net/model-qualifiers/">
            <rdf:Description rdf:about="#COPASI18">
	<bqbiol:isVersionOf>
	<rdf:Bag>
	<rdf:li rdf:resource="http://identifiers.org/sbo/SBO:0000179"/>
	</rdf:Bag>
	</bqbiol:isVersionOf>
	</rdf:Description>
	
	
	
          </rdf:RDF>
        </annotation>
              <listOfReactants>
          <speciesReference species="U_I" stoichiometry="1"/>
        </listOfReactants>
        <kineticLaw>
          <math xmlns="http://www.w3.org/1998/Math/MathML">          
            <apply>
              <times/>
              <ci> compartment </ci>
              <ci> delta_I </ci>
              <ci> U_I </ci>
            </apply>
          </math>
                </kineticLaw>
      </reaction>
      <reaction id="reaction_8" metaid="COPASI19" name="Death of infected Epithelial cells caused by Natural Killers" reversible="false">
        <annotation>
          <COPASI xmlns="http://www.copasi.org/static/sbml">
            <rdf:RDF xmlns:CopasiMT="http://www.copasi.org/RDF/MiriamTerms#" xmlns:dcterms="http://purl.org/dc/terms/" xmlns:rdf="http://www.w3.org/1999/02/22-rdf-syntax-ns#">
              <rdf:Description rdf:about="#COPASI19">
                <dcterms:created>
                  <rdf:Description>
                    <dcterms:W3CDTF>2018-07-10T09:48:58Z</dcterms:W3CDTF>
                  </rdf:Description>
                </dcterms:created>
                <CopasiMT:isVersionOf rdf:resource="urn:miriam:sbo:SBO:0000179"/>
              </rdf:Description>
            </rdf:RDF>
          </COPASI>
          <rdf:RDF xmlns:rdf="http://www.w3.org/1999/02/22-rdf-syntax-ns#" xmlns:dc="http://purl.org/dc/elements/1.1/" xmlns:dcterms="http://purl.org/dc/terms/" xmlns:vCard="http://www.w3.org/2001/vcard-rdf/3.0#" xmlns:bqbiol="http://biomodels.net/biology-qualifiers/" xmlns:bqmodel="http://biomodels.net/model-qualifiers/">
            <rdf:Description rdf:about="#COPASI19">
	<bqbiol:isVersionOf>
	<rdf:Bag>
	<rdf:li rdf:resource="http://identifiers.org/sbo/SBO:0000179"/>
	</rdf:Bag>
	</bqbiol:isVersionOf>
	</rdf:Description>
	
	
	
          </rdf:RDF>
        </annotation>
              <listOfReactants>
          <speciesReference species="U_I" stoichiometry="1"/>
        </listOfReactants>
        <listOfModifiers>
          <modifierSpeciesReference species="K"/>
        </listOfModifiers>
        <kineticLaw>
          <math xmlns="http://www.w3.org/1998/Math/MathML">          
            <apply>
              <times/>
              <ci> compartment </ci>
              <apply>
                <ci> Function_for_Reaction_8 </ci>
                <ci> q_K </ci>
                <ci> U_I </ci>
                <ci> K </ci>
              </apply>
            </apply>
          </math>
                </kineticLaw>
      </reaction>
      <reaction id="reaction_9" metaid="COPASI20" name="Death of Resistant Epithelial cells" reversible="false">
        <annotation>
          <COPASI xmlns="http://www.copasi.org/static/sbml">
            <rdf:RDF xmlns:CopasiMT="http://www.copasi.org/RDF/MiriamTerms#" xmlns:dcterms="http://purl.org/dc/terms/" xmlns:rdf="http://www.w3.org/1999/02/22-rdf-syntax-ns#">
              <rdf:Description rdf:about="#COPASI20">
                <dcterms:created>
                  <rdf:Description>
                    <dcterms:W3CDTF>2018-07-10T09:49:34Z</dcterms:W3CDTF>
                  </rdf:Description>
                </dcterms:created>
                <CopasiMT:isVersionOf rdf:resource="urn:miriam:sbo:SBO:0000179"/>
              </rdf:Description>
            </rdf:RDF>
          </COPASI>
          <rdf:RDF xmlns:rdf="http://www.w3.org/1999/02/22-rdf-syntax-ns#" xmlns:dc="http://purl.org/dc/elements/1.1/" xmlns:dcterms="http://purl.org/dc/terms/" xmlns:vCard="http://www.w3.org/2001/vcard-rdf/3.0#" xmlns:bqbiol="http://biomodels.net/biology-qualifiers/" xmlns:bqmodel="http://biomodels.net/model-qualifiers/">
            <rdf:Description rdf:about="#COPASI20">
	<bqbiol:isVersionOf>
	<rdf:Bag>
	<rdf:li rdf:resource="http://identifiers.org/sbo/SBO:0000179"/>
	</rdf:Bag>
	</bqbiol:isVersionOf>
	</rdf:Description>
	
	
	
          </rdf:RDF>
        </annotation>
              <listOfReactants>
          <speciesReference species="U_R" stoichiometry="1"/>
        </listOfReactants>
        <kineticLaw>
          <math xmlns="http://www.w3.org/1998/Math/MathML">          
            <apply>
              <times/>
              <ci> compartment </ci>
              <ci> delta_R </ci>
              <ci> U_R </ci>
            </apply>
          </math>
                </kineticLaw>
      </reaction>
      <reaction id="reaction_10" metaid="COPASI21" name="Release of Virus from Infected Epithelial cells" reversible="false">
        <annotation>
          <COPASI xmlns="http://www.copasi.org/static/sbml">
            <rdf:RDF xmlns:CopasiMT="http://www.copasi.org/RDF/MiriamTerms#" xmlns:dcterms="http://purl.org/dc/terms/" xmlns:rdf="http://www.w3.org/1999/02/22-rdf-syntax-ns#">
              <rdf:Description rdf:about="#COPASI21">
                <dcterms:created>
                  <rdf:Description>
                    <dcterms:W3CDTF>2018-07-10T09:49:54Z</dcterms:W3CDTF>
                  </rdf:Description>
                </dcterms:created>
                <CopasiMT:isVersionOf rdf:resource="urn:miriam:go:GO:0019076"/>
              </rdf:Description>
            </rdf:RDF>
          </COPASI>
          <rdf:RDF xmlns:rdf="http://www.w3.org/1999/02/22-rdf-syntax-ns#" xmlns:dc="http://purl.org/dc/elements/1.1/" xmlns:dcterms="http://purl.org/dc/terms/" xmlns:vCard="http://www.w3.org/2001/vcard-rdf/3.0#" xmlns:bqbiol="http://biomodels.net/biology-qualifiers/" xmlns:bqmodel="http://biomodels.net/model-qualifiers/">
            <rdf:Description rdf:about="#COPASI21">
	<bqbiol:isVersionOf>
	<rdf:Bag>
	<rdf:li rdf:resource="http://identifiers.org/go/GO:0019076"/>
	</rdf:Bag>
	</bqbiol:isVersionOf>
	</rdf:Description>
	
	
	
          </rdf:RDF>
        </annotation>
              <listOfProducts>
          <speciesReference species="V" stoichiometry="1"/>
        </listOfProducts>
        <listOfModifiers>
          <modifierSpeciesReference species="U_I"/>
        </listOfModifiers>
        <kineticLaw>
          <math xmlns="http://www.w3.org/1998/Math/MathML">          
            <apply>
              <times/>
              <ci> compartment </ci>
              <apply>
                <ci> Function_for_Reaction_10 </ci>
                <ci> p_V </ci>
                <ci> U_I </ci>
              </apply>
            </apply>
          </math>
                </kineticLaw>
      </reaction>
      <reaction id="reaction_11" metaid="COPASI22" name="Degradation of Virus" reversible="false">
        <annotation>
          <COPASI xmlns="http://www.copasi.org/static/sbml">
            <rdf:RDF xmlns:CopasiMT="http://www.copasi.org/RDF/MiriamTerms#" xmlns:dcterms="http://purl.org/dc/terms/" xmlns:rdf="http://www.w3.org/1999/02/22-rdf-syntax-ns#">
              <rdf:Description rdf:about="#COPASI22">
                <dcterms:created>
                  <rdf:Description>
                    <dcterms:W3CDTF>2018-07-10T09:51:30Z</dcterms:W3CDTF>
                  </rdf:Description>
                </dcterms:created>
                <CopasiMT:isVersionOf rdf:resource="urn:miriam:sbo:SBO:0000179"/>
              </rdf:Description>
            </rdf:RDF>
          </COPASI>
          <rdf:RDF xmlns:rdf="http://www.w3.org/1999/02/22-rdf-syntax-ns#" xmlns:dc="http://purl.org/dc/elements/1.1/" xmlns:dcterms="http://purl.org/dc/terms/" xmlns:vCard="http://www.w3.org/2001/vcard-rdf/3.0#" xmlns:bqbiol="http://biomodels.net/biology-qualifiers/" xmlns:bqmodel="http://biomodels.net/model-qualifiers/">
            <rdf:Description rdf:about="#COPASI22">
	<bqbiol:isVersionOf>
	<rdf:Bag>
	<rdf:li rdf:resource="http://identifiers.org/sbo/SBO:0000179"/>
	</rdf:Bag>
	</bqbiol:isVersionOf>
	</rdf:Description>
	
	
	
          </rdf:RDF>
        </annotation>
              <listOfReactants>
          <speciesReference species="V" stoichiometry="1"/>
        </listOfReactants>
        <kineticLaw>
          <math xmlns="http://www.w3.org/1998/Math/MathML">          
            <apply>
              <times/>
              <ci> compartment </ci>
              <ci> delta_V </ci>
              <ci> V </ci>
            </apply>
          </math>
                </kineticLaw>
      </reaction>
      <reaction id="reaction_12" metaid="COPASI23" name="Production of Interferons" reversible="false">
        <annotation>
          <COPASI xmlns="http://www.copasi.org/static/sbml">
            <rdf:RDF xmlns:CopasiMT="http://www.copasi.org/RDF/MiriamTerms#" xmlns:dcterms="http://purl.org/dc/terms/" xmlns:rdf="http://www.w3.org/1999/02/22-rdf-syntax-ns#">
              <rdf:Description rdf:about="#COPASI23">
                <dcterms:created>
                  <rdf:Description>
                    <dcterms:W3CDTF>2018-07-10T09:51:58Z</dcterms:W3CDTF>
                  </rdf:Description>
                </dcterms:created>
                <CopasiMT:isVersionOf rdf:resource="urn:miriam:ncit:C61408"/>
              </rdf:Description>
            </rdf:RDF>
          </COPASI>
          <rdf:RDF xmlns:rdf="http://www.w3.org/1999/02/22-rdf-syntax-ns#" xmlns:dc="http://purl.org/dc/elements/1.1/" xmlns:dcterms="http://purl.org/dc/terms/" xmlns:vCard="http://www.w3.org/2001/vcard-rdf/3.0#" xmlns:bqbiol="http://biomodels.net/biology-qualifiers/" xmlns:bqmodel="http://biomodels.net/model-qualifiers/">
            <rdf:Description rdf:about="#COPASI23">
	<bqbiol:isVersionOf>
	<rdf:Bag>
	<rdf:li rdf:resource="http://identifiers.org/ncit/C61408"/>
	</rdf:Bag>
	</bqbiol:isVersionOf>
	</rdf:Description>
	
	
	
          </rdf:RDF>
        </annotation>
              <listOfProducts>
          <speciesReference species="IFN" stoichiometry="1"/>
        </listOfProducts>
        <listOfModifiers>
          <modifierSpeciesReference species="U_I"/>
        </listOfModifiers>
        <kineticLaw>
          <math xmlns="http://www.w3.org/1998/Math/MathML">          
            <apply>
              <times/>
              <ci> compartment </ci>
              <apply>
                <ci> Function_for_Reaction_12 </ci>
                <ci> a_I </ci>
                <ci> U_I </ci>
              </apply>
            </apply>
          </math>
                </kineticLaw>
      </reaction>
      <reaction id="reaction_13" metaid="COPASI24" name="Degradation of Interferons" reversible="false">
        <annotation>
          <COPASI xmlns="http://www.copasi.org/static/sbml">
            <rdf:RDF xmlns:CopasiMT="http://www.copasi.org/RDF/MiriamTerms#" xmlns:dcterms="http://purl.org/dc/terms/" xmlns:rdf="http://www.w3.org/1999/02/22-rdf-syntax-ns#">
              <rdf:Description rdf:about="#COPASI24">
                <dcterms:created>
                  <rdf:Description>
                    <dcterms:W3CDTF>2018-07-10T09:53:40Z</dcterms:W3CDTF>
                  </rdf:Description>
                </dcterms:created>
                <CopasiMT:isVersionOf rdf:resource="urn:miriam:sbo:SBO:0000179"/>
              </rdf:Description>
            </rdf:RDF>
          </COPASI>
          <rdf:RDF xmlns:rdf="http://www.w3.org/1999/02/22-rdf-syntax-ns#" xmlns:dc="http://purl.org/dc/elements/1.1/" xmlns:dcterms="http://purl.org/dc/terms/" xmlns:vCard="http://www.w3.org/2001/vcard-rdf/3.0#" xmlns:bqbiol="http://biomodels.net/biology-qualifiers/" xmlns:bqmodel="http://biomodels.net/model-qualifiers/">
            <rdf:Description rdf:about="#COPASI24">
	<bqbiol:isVersionOf>
	<rdf:Bag>
	<rdf:li rdf:resource="http://identifiers.org/sbo/SBO:0000179"/>
	</rdf:Bag>
	</bqbiol:isVersionOf>
	</rdf:Description>
	
	
	
          </rdf:RDF>
        </annotation>
              <listOfReactants>
          <speciesReference species="IFN" stoichiometry="1"/>
        </listOfReactants>
        <kineticLaw>
          <math xmlns="http://www.w3.org/1998/Math/MathML">          
            <apply>
              <times/>
              <ci> compartment </ci>
              <ci> delta_IFN </ci>
              <ci> IFN </ci>
            </apply>
          </math>
                </kineticLaw>
      </reaction>
      <reaction id="reaction_14" metaid="COPASI25" name="Proliferation of Natural KIllers" reversible="false">
        <annotation>
          <COPASI xmlns="http://www.copasi.org/static/sbml">
            <rdf:RDF xmlns:CopasiMT="http://www.copasi.org/RDF/MiriamTerms#" xmlns:dcterms="http://purl.org/dc/terms/" xmlns:rdf="http://www.w3.org/1999/02/22-rdf-syntax-ns#">
              <rdf:Description rdf:about="#COPASI25">
                <dcterms:created>
                  <rdf:Description>
                    <dcterms:W3CDTF>2018-07-10T09:54:08Z</dcterms:W3CDTF>
                  </rdf:Description>
                </dcterms:created>
                <CopasiMT:isVersionOf rdf:resource="urn:miriam:ncit:C61408"/>
              </rdf:Description>
            </rdf:RDF>
          </COPASI>
          <rdf:RDF xmlns:rdf="http://www.w3.org/1999/02/22-rdf-syntax-ns#" xmlns:dc="http://purl.org/dc/elements/1.1/" xmlns:dcterms="http://purl.org/dc/terms/" xmlns:vCard="http://www.w3.org/2001/vcard-rdf/3.0#" xmlns:bqbiol="http://biomodels.net/biology-qualifiers/" xmlns:bqmodel="http://biomodels.net/model-qualifiers/">
            <rdf:Description rdf:about="#COPASI25">
	<bqbiol:isVersionOf>
	<rdf:Bag>
	<rdf:li rdf:resource="http://identifiers.org/ncit/C61408"/>
	</rdf:Bag>
	</bqbiol:isVersionOf>
	</rdf:Description>
	
	
	
          </rdf:RDF>
        </annotation>
              <listOfProducts>
          <speciesReference species="K" stoichiometry="1"/>
        </listOfProducts>
        <kineticLaw>
          <math xmlns="http://www.w3.org/1998/Math/MathML">          
            <apply>
              <times/>
              <ci> compartment </ci>
              <apply>
                <ci> Constant_flux__irreversible </ci>
                <ci> S_K </ci>
              </apply>
            </apply>
          </math>
                </kineticLaw>
      </reaction>
      <reaction id="reaction_15" metaid="COPASI26" name="Recruitment of Natural Killers from the Blood to the lungs" reversible="false">
        <annotation>
          <COPASI xmlns="http://www.copasi.org/static/sbml">
            <rdf:RDF xmlns:dcterms="http://purl.org/dc/terms/" xmlns:rdf="http://www.w3.org/1999/02/22-rdf-syntax-ns#">
              <rdf:Description rdf:about="#COPASI26">
                <dcterms:created>
                  <rdf:Description>
                    <dcterms:W3CDTF>2018-07-10T09:54:21Z</dcterms:W3CDTF>
                  </rdf:Description>
                </dcterms:created>
              </rdf:Description>
            </rdf:RDF>
          </COPASI>
        </annotation>
              <listOfProducts>
          <speciesReference species="K" stoichiometry="1"/>
        </listOfProducts>
        <listOfModifiers>
          <modifierSpeciesReference species="U_I"/>
        </listOfModifiers>
        <kineticLaw>
          <math xmlns="http://www.w3.org/1998/Math/MathML">          
            <apply>
              <times/>
              <ci> compartment </ci>
              <apply>
                <ci> Function_for_Reaction_15 </ci>
                <ci> phi_K </ci>
                <ci> U_I </ci>
              </apply>
            </apply>
          </math>
                </kineticLaw>
      </reaction>
      <reaction id="reaction_16" metaid="COPASI27" name="Death of Natural Killers" reversible="false">
        <annotation>
          <COPASI xmlns="http://www.copasi.org/static/sbml">
            <rdf:RDF xmlns:CopasiMT="http://www.copasi.org/RDF/MiriamTerms#" xmlns:dcterms="http://purl.org/dc/terms/" xmlns:rdf="http://www.w3.org/1999/02/22-rdf-syntax-ns#">
              <rdf:Description rdf:about="#COPASI27">
                <dcterms:created>
                  <rdf:Description>
                    <dcterms:W3CDTF>2018-07-10T09:55:31Z</dcterms:W3CDTF>
                  </rdf:Description>
                </dcterms:created>
                <CopasiMT:isVersionOf rdf:resource="urn:miriam:sbo:SBO:0000179"/>
              </rdf:Description>
            </rdf:RDF>
          </COPASI>
          <rdf:RDF xmlns:rdf="http://www.w3.org/1999/02/22-rdf-syntax-ns#" xmlns:dc="http://purl.org/dc/elements/1.1/" xmlns:dcterms="http://purl.org/dc/terms/" xmlns:vCard="http://www.w3.org/2001/vcard-rdf/3.0#" xmlns:bqbiol="http://biomodels.net/biology-qualifiers/" xmlns:bqmodel="http://biomodels.net/model-qualifiers/">
            <rdf:Description rdf:about="#COPASI27">
	<bqbiol:isVersionOf>
	<rdf:Bag>
	<rdf:li rdf:resource="http://identifiers.org/sbo/SBO:0000179"/>
	</rdf:Bag>
	</bqbiol:isVersionOf>
	</rdf:Description>
	
	
	
          </rdf:RDF>
        </annotation>
              <listOfReactants>
          <speciesReference species="K" stoichiometry="1"/>
        </listOfReactants>
        <kineticLaw>
          <math xmlns="http://www.w3.org/1998/Math/MathML">          
            <apply>
              <times/>
              <ci> compartment </ci>
              <ci> delta_K </ci>
              <ci> K </ci>
            </apply>
          </math>
                </kineticLaw>
      </reaction>
    </listOfReactions>
  </model>
</sbml>