{
    "name": "Lim2014 - HTLV-I infection A dynamic struggle between viral persistence and host immunity",
    "description": "<notes xmlns=\"http://www.sbml.org/sbml/level2/version4\">      <body xmlns=\"http://www.w3.org/1999/xhtml\">        <pre>This is a four-dimensional, non-linear system of ordinary differential equations that describes the dynamic interactions among viral expression, infected target cell activation, and the HTLV-I-specific CTL response.</pre>      </body>    </notes>",
    "format": {
        "name": "SBML",
        "identifier": "SBML",
        "version": "L2V4"
    },
    "publication": {
        "type": "PubMed ID",
        "accession": "24583256",
        "journal": "Journal of theoretical biology",
        "title": "HTLV-I infection: a dynamic struggle between viral persistence and host immunity.",
        "affiliation": "Wolfson Centre for Mathematical Biology, Mathematical Institute, University of Oxford, Andrew Wiles Building, Radcliffe Observatory Quarter, Woodstock Road, Oxford OX2 6GG, UK. Electronic address: aaron.lim@maths.ox.ac.uk.",
        "synopsis": "Human T-lymphotropic virus type I (HTLV-I) causes chronic infection for which there is no cure or neutralising vaccine. HTLV-I has been clinically linked to the development of adult T-cell leukaemia/lymphoma (ATL), an aggressive blood cancer, and HAM/TSP, a progressive neurological and inflammatory disease. Infected individuals typically mount a large, persistently activated CD8(+) cytotoxic T-lymphocyte (CTL) response against HTLV-I-infected cells, but ultimately fail to effectively eliminate the virus. Moreover, the identification of determinants to disease manifestation has thus far been elusive. A key issue in current HTLV-I research is to better understand the dynamic interaction between persistent infection by HTLV-I and virus-specific host immunity. Recent experimental hypotheses for the persistence of HTLV-I in vivo have led to the development of mathematical models illuminating the balance between proviral latency and activation in the target cell population. We investigate the role of a constantly changing anti-viral immune environment acting in response to the effects of infected T-cell activation and subsequent viral expression. The resulting model is a four-dimensional, non-linear system of ordinary differential equations that describes the dynamic interactions among viral expression, infected target cell activation, and the HTLV-I-specific CTL response. The global dynamics of the model is established through the construction of appropriate Lyapunov functions. Examining the particular roles of viral expression and host immunity during the chronic phase of HTLV-I infection offers important insights regarding the evolution of viral persistence and proposes a hypothesis for pathogenesis.",
        "year": 2014,
        "month": "7",
        "volume": "352",
        "pages": "92-108",
        "link": "http://identifiers.org/pubmed/24583256",
        "authors": [
            {
                "name": "Aaron G Lim",
                "institution": "Wolfson Centre for Mathematical Biology, Mathematical Institute, University of Oxford, Andrew Wiles Building, Radcliffe Observatory Quarter, Woodstock Road, Oxford OX2 6GG, UK. Electronic address: aaron.lim@maths.ox.ac.uk.",
                "orcid": "0000-0002-3141-7496"
            },
            {
                "name": "Philip K Maini",
                "institution": "Wolfson Centre for Mathematical Biology, Mathematical Institute, University of Oxford, Andrew Wiles Building, Radcliffe Observatory Quarter, Woodstock Road, Oxford OX2 6GG, UK. Electronic address: maini@maths.ox.ac.uk."
            }
        ]
    },
    "files": {
        "main": [
            {
                "name": "Lim2014.xml",
                "description": "SBML L2V4 Representation of Lim2014 - HTLV-I infection A dynamic struggle between viral persistence and host immunity",
                "fileSize": "39126",
                "mimeType": "application/xml",
                "md5sum": "ab9a509a5a83fb8967dbf27948a6192d",
                "sha1sum": "f4040fcb6b1bbe278f1a16484425f6802e5df448",
                "sha256sum": "978f21f1aec775cece5bfcc61a840cab23a91e7f5c7c94d7fe7f70c5a301ca1d"
            }
        ],
        "additional": [
            {
                "name": "Lim2014-biopax2.owl",
                "description": "Auto-generated BioPAX (Level 2) file.",
                "fileSize": "15365",
                "mimeType": "application/rdf+xml",
                "md5sum": "c014796fc425c143a6e6bb9bdace80a3",
                "sha1sum": "b1a54d9db40380d782d2fc3d95218121535e9b2e",
                "sha256sum": "e3d19b28b13d1a46c75f4e62615f0de0abb9f2e57e01d6814971b0446b9220d2"
            },
            {
                "name": "Lim2014-biopax3.owl",
                "description": "Auto-generated BioPAX (Level 3) file.",
                "fileSize": "21355",
                "mimeType": "application/rdf+xml",
                "md5sum": "dc14195e0d63a0067e1e56e85e830be4",
                "sha1sum": "7e3cee5b2d3ddd6659a5f88861848a32134b24cb",
                "sha256sum": "ff26fbddf1aff87af9cc153a9cf9416e5d5aa5afb4f9340f8cb09f1be1c0711d"
            },
            {
                "name": "Lim2014-matlab.m",
                "description": "Auto-generated Matlab file.",
                "fileSize": "5743",
                "mimeType": "text/x-matlab",
                "md5sum": "feaa57b52ab920af21860112777e03c2",
                "sha1sum": "6091656508a9ed0273cf275da243cc96fb358072",
                "sha256sum": "41bfc585bc53f83b35ef61a7c79f7ab66dc7c17de07e00198f102c12db1cd394"
            },
            {
                "name": "Lim2014-octave.m",
                "description": "Auto-generated Octave file.",
                "fileSize": "5743",
                "mimeType": "text/x-matlab",
                "md5sum": "75bb1b176c22f4d4cf9fc2bf37bc4556",
                "sha1sum": "cc2bffbc368dd97c79e06ccfaaa8b6ce22ecf136",
                "sha256sum": "3c3551d359ff4ce6677dba9900206b6494ed779051a0f8e6a2785f9281d00116"
            },
            {
                "name": "Lim2014.cps",
                "description": "COPASI file of Lim2014 - HTLV-I infection A dynamic struggle between viral persistence and host immunity",
                "fileSize": "66692",
                "mimeType": "application/xml",
                "md5sum": "2b2f76e61e7d2d645e2717d99e4bc0ba",
                "sha1sum": "4a0830ab774a5760a37c4ce24d52f405161c2401",
                "sha256sum": "900fdf9733a54fef8bc8a9eff47cff4f0b7e79af8c946b1da89c3861d2eff450"
            },
            {
                "name": "Lim2014.ode",
                "description": "Auto-generated ODE file for XPP.",
                "fileSize": "3752",
                "mimeType": "text/plain",
                "md5sum": "417bc0198207873f866c7e646bc188ee",
                "sha1sum": "5c02ade755aaa49567694379fc0185c135349356",
                "sha256sum": "ade0860203ab67b64a9879d380bf793c508033d6de859849ce33da49c862f3d0"
            },
            {
                "name": "Lim2014.sedml",
                "description": "SED-ML file of Lim2014 - HTLV-I infection A dynamic struggle between viral persistence and host immunity (additionally CRBM-validated and adjusted).",
                "fileSize": "15926",
                "mimeType": "application/xml",
                "md5sum": "fcdcffe4731bb00fc4400cbd0a40b369",
                "sha1sum": "56818f7d4b7511b63b0ba280ae8de0b53d67b5f9",
                "sha256sum": "b89d225f1095969e344e6950f1eaba81a1a3d5c8747e37df3716b7eb4b8e405e"
            },
            {
                "name": "curation_image.png",
                "description": "Reproduced figure(s) from original curation.",
                "fileSize": "9888",
                "mimeType": "image/png",
                "md5sum": "981571eaa1c7a6819ecfea8d98c19d50",
                "sha1sum": "9df20166fa45aa32b62d48e78534c47b9e043efd",
                "sha256sum": "c45c2d70e85f81da520761d7f82b7376259169948a2670489fa6b903463d4740"
            },
            {
                "name": "curation_notes.txt",
                "description": "Notes from original curation (describes curation_image).",
                "fileSize": "127",
                "mimeType": "text/plain",
                "md5sum": "ada738865e48c99f17417768b41a88d8",
                "sha1sum": "9edd962e8b2573dd47cfe70032e8ce7c85523236",
                "sha256sum": "a37a94934e300a34aa681b75add392209ba33bd7f2326aed714a42d78c566228"
            },
            {
                "name": "manifest.xml",
                "description": "Auto-generated manifest file for OMEX archives.",
                "fileSize": "1387",
                "mimeType": "application/xml",
                "md5sum": "8e452fa205a9a1405eb56a2442818d19",
                "sha1sum": "a5eea64b85831bd80905493939fac1e81d541228",
                "sha256sum": "75e3c259bbbec77c8f071330322d4f53488e135e8a84fe229728e987884bfe27"
            },
            {
                "name": "metadata.rdf",
                "description": "Auto-generated annotation metadata file.",
                "fileSize": "2341",
                "mimeType": "application/rdf+xml",
                "md5sum": "764c831b0f672476df80bf5424287e78",
                "sha1sum": "657f3981dee784cabb0a80707c53421755e060fb",
                "sha256sum": "6b7528ac3ab4a3f02a9c88278b7f9db33023bf384a3e61bf9f67741d26861ba1"
            }
        ]
    },
    "history": {
        "revisions": [
            {
                "version": 1,
                "submitted": 1575990464,
                "submitter": "Johannes Meyer",
                "comment": "Import of Lim2014 - HTLV-I infection A dynamic struggle between viral persistence and host immunity"
            },
            {
                "version": 2,
                "submitted": 1575990515,
                "submitter": "Johannes Meyer",
                "comment": "Automatically added model identifier BIOMD0000000887"
            },
            {
                "version": 4,
                "submitted": 1633676568,
                "submitter": "Rahuman S Malik-Sheriff",
                "comment": "Automatically added model identifier BIOMD0000000887"
            },
            {
                "version": 5,
                "submitted": 1724288577,
                "submitter": "Lucian Smith",
                "comment": "CRBM-sponsored manual and automated updates."
            }
        ]
    },
    "firstPublished": 1725281922,
    "submissionId": "MODEL1912100003",
    "publicationId": "BIOMD0000000887",
    "modellingApproach": {
        "accession": "MAMO_0000046",
        "name": "ordinary differential equation model",
        "resource": "http://identifiers.org/mamo/MAMO_0000046"
    },
    "curationStatus": "CURATED",
    "contributors": {
        "Curator": [
            {
                "name": "Lucian Smith",
                "email": "lpsmith@uw.edu",
                "affiliation": "University of Washington",
                "orcid": "0000-0001-7002-6386",
                "external": false
            }
        ],
        "Modeller": [
            {
                "name": "Johannes Meyer",
                "email": "johannes.p.meyer@gmail.com",
                "affiliation": "EMBL-EBI",
                "external": false
            },
            {
                "name": "Rahuman S Malik-Sheriff",
                "email": "sheriff@ebi.ac.uk",
                "affiliation": "European Molecular Biology Laboratory-European Bioinformatics Institute (EMBL-EBI), Wellcome Trust Genome Campus, Hinxton, Cambridge CB10 1SD, UK.",
                "orcid": "0000-0003-0705-9809",
                "external": false
            }
        ]
    },
    "vcsIdentifier": "aai",
    "modelLevelAnnotations": [
        {
            "qualifier": "bqbiol:hasTaxon",
            "accession": "9606",
            "name": "Homo sapiens",
            "resource": "Taxonomy",
            "uri": "http://identifiers.org/taxonomy/9606"
        },
        {
            "qualifier": "bqbiol:hasProperty",
            "accession": "MAMO_0000046",
            "name": "Ordinary differential equation model",
            "resource": "Mathematical Modelling Ontology",
            "uri": "http://identifiers.org/mamo/MAMO_0000046"
        },
        {
            "qualifier": "bqbiol:hasProperty",
            "accession": "C17930",
            "name": "Immune Response Process",
            "resource": "NCIt",
            "uri": "http://identifiers.org/ncit/C17930"
        },
        {
            "qualifier": "bqmodel:isDescribedBy",
            "accession": "24583256",
            "resource": "PubMed",
            "uri": "http://identifiers.org/pubmed/24583256"
        },
        {
            "qualifier": "bqmodel:isDerivedFrom",
            "accession": "21509627",
            "resource": "PubMed",
            "uri": "http://identifiers.org/pubmed/21509627"
        },
        {
            "qualifier": "bqmodel:is",
            "accession": "MODEL1912100003",
            "resource": "BioModels Database",
            "uri": "http://identifiers.org/biomodels.db/MODEL1912100003"
        },
        {
            "qualifier": "bqmodel:is",
            "accession": "BIOMD0000000887",
            "resource": "BioModels Database",
            "uri": "http://identifiers.org/biomodels.db/BIOMD0000000887"
        },
        {
            "qualifier": "bqbiol:hasProperty",
            "accession": "NCIT:C14223",
            "name": "HTLV-1",
            "resource": "NCIt",
            "uri": "http://identifiers.org/ncit/C14223"
        }
    ]
}