<?xml version="1.0" encoding="UTF-8"?>
<omexManifest xmlns="http://identifiers.org/combine.specifications/omex-manifest">
  <content location="Creemers2021 - Fig 1(B).png" format="http://purl.org/NET/mediatypes/image/png" master="false"/>
  <content location="Creemers2021 - Fig 1(B).sedml" format="http://identifiers.org/combine.specifications/sed-ml" master="false"/>
  <content location="Creemers2021 - Fig 1(C).png" format="http://purl.org/NET/mediatypes/image/png" master="false"/>
  <content location="Creemers2021 - Fig 1(C).sedml" format="http://identifiers.org/combine.specifications/sed-ml" master="false"/>
  <content location="Creemers2021 - Fig 1(D).png" format="http://purl.org/NET/mediatypes/image/png" master="false"/>
  <content location="Creemers2021 - Fig 1(D).sedml" format="http://identifiers.org/combine.specifications/sed-ml" master="false"/>
  <content location="Creemers2021 - Fig 2(A) inset 1.png" format="http://purl.org/NET/mediatypes/image/png" master="false"/>
  <content location="Creemers2021 - Fig 2(A) inset 1.sedml" format="http://identifiers.org/combine.specifications/sed-ml" master="false"/>
  <content location="Creemers2021 - Fig 2(A) inset 2.png" format="http://purl.org/NET/mediatypes/image/png" master="false"/>
  <content location="Creemers2021 - Fig 2(A) inset 2.sedml" format="http://identifiers.org/combine.specifications/sed-ml" master="false"/>
  <content location="Creemers2021 - Fig 2(B) inset 1.png" format="http://purl.org/NET/mediatypes/image/png" master="false"/>
  <content location="Creemers2021 - Fig 2(B) inset 1.sedml" format="http://identifiers.org/combine.specifications/sed-ml" master="false"/>
  <content location="Creemers2021 - Fig 2(B) inset 2.png" format="http://purl.org/NET/mediatypes/image/png" master="false"/>
  <content location="Creemers2021 - Fig 2(B) inset 2.sedml" format="http://identifiers.org/combine.specifications/sed-ml" master="false"/>
  <content location="Creemers2021-biopax2.owl" format="http://purl.org/NET/mediatypes/application/rdf+xml" master="false"/>
  <content location="Creemers2021-biopax3.owl" format="http://purl.org/NET/mediatypes/application/rdf+xml" master="false"/>
  <content location="Creemers2021-matlab.m" format="http://purl.org/NET/mediatypes/text/x-matlab" master="false"/>
  <content location="Creemers2021-octave.m" format="http://purl.org/NET/mediatypes/text/x-matlab" master="false"/>
  <content location="Creemers2021.cps" format="http://purl.org/NET/mediatypes/application/x-copasi" master="false"/>
  <content location="Creemers2021.ode" format="http://purl.org/NET/mediatypes/text/x-ode" master="false"/>
  <content location="Creemers2021.xml" format="http://identifiers.org/combine.specifications/sbml" master="true"/>
  <content location="curation_image.png" format="http://purl.org/NET/mediatypes/image/png" master="false"/>
  <content location="curation_notes.txt" format="http://purl.org/NET/mediatypes/text/plain" master="false"/>
  <content location="metadata.rdf" format="http://identifiers.org/combine.specifications/omex-metadata" master="false"/>
</omexManifest>
