{
    "name": "Nakakuki2010_CellFateDecision_Core",
    "description": "<notes xmlns=\"http://www.sbml.org/sbml/level2/version4\">      <body xmlns=\"http://www.w3.org/1999/xhtml\">        <p>This model describes the activation of immediate early genes such as cFos after EGF or heregulin (HRG) stimulation of the MAPK pathway. Phosphorylated cFos is a key transcription factor triggering downstream cascades of cell fate determination. The model can explain how the switch-like response of p-cFos emerges from the spatiotemporal dynamics. The model comprises lumped reaction kinetics of the signal transduction pathway, the transcriptional and the posttranslational feedback and feedforward loops. The parameter set implemented here corresponds to that used for generating Figs. 4 B,C,D (red curves for 10nM HRG) of the below article in Cell (2010). Moreover, we found that the same model described well the dynamics in different cell types (MCF-7 and PC-12), of different ligands (EGF and HRG) and at different doses (0.1nM, 1nM, 10nM) for a unique set of parameter values (as implemented here and reported in Table SD4_1 of the article) except for four parameters characterising the input, cytoplasmic ppERK. These four parameters K1, K2, tau1 and tau2 are used in the two equations involving species x1 and x2. These two equations define a phenomenological input module to describe the ligand-, dose- and cell type-dependent dynamics of ppERKc which are not modelled in mechanistic detail here. The four parameter values can be adjusted to model a specific ligand, dose and cell type. 8 parameter sets for different experiments are given in Table SD4_2 of the article. This SBML file, however, carries just one such parameter set. We have chosen that of MCF-7 cells stimulated by 10nM of HRG. To reproduce all simulations from the article, please replace the parameter values for K1, K2, tau1, tau2 as needed.            </p>        <p>          <strong>Ligand-specific c-Fos expression emerges from the spatiotemporal control of ErbB network dynamics.</strong>          <br />Takashi Nakakuki(1), Marc R. Birtwistle(2,3,4), Yuko Saeki(1,5), Noriko Yumoto(1,5), Kaori Ide(1), Takeshi Nagashima(1,5), Lutz Brusch(6), Babatunde A. Ogunnaike(3), Mariko Hatakeyama(1,5), and Boris N. Kholodenko(2,4); Cell  <em>In Press, online 20 May</em> 2010, doi:<a href=\"http://doi.dx.org/10.1016/j.cell.2010.03.054 \">10.1016/j.cell.2010.03.054 </a>          <br />          <small>(1) RIKEN Advanced Science Institute, Computational Systems Biology Research Group, Advanced Computational Sciences Department, 1-7-22 Tsurumi-ku, Yokohama, Kanagawa, 230-0045, Japan </small>          <br />          <small>(2) Systems Biology Ireland, University College Dublin, Belfield, Dublin 4, Ireland  </small>          <br />          <small>(3) University of Delaware, Department of Chemical Engineering, 150 Academy St., Newark, DE 19716, USA </small>          <br />          <small>(4) Thomas Jefferson University, Department of Pathology, Anatomy, and Cell Biology, 1020 Locust Street, Philadelphia, PA 19107, USA </small>          <br />          <small>(5) RIKEN Research Center for Allergy and Immunology, Laboratory for Cellular Systems Modeling, 1-7-22 Tsurumi-ku, Yokohama, 230-0045, Japan </small>          <br />          <small>(6) Dresden University of Technology, Center for Information Services and High Performance Computing, 01062 Dresden, Germany </small>        </p>        <p>This model originates from BioModels Database: A Database of Annotated Published Models (http://www.ebi.ac.uk/biomodels/). It is copyright (c) 2005-2011 The BioModels.net Team.<br />For more information see the <a href=\"http://www.ebi.ac.uk/biomodels/legal.html\" target=\"_blank\">terms of use</a>.<br />To cite BioModels Database, please use: <a href=\"http://www.ncbi.nlm.nih.gov/pubmed/20587024\" target=\"_blank\">Li C, Donizelli M, Rodriguez N, Dharuri H, Endler L, Chelliah V, Li L, He E, Henry A, Stefan MI, Snoep JL, Hucka M, Le Novère N, Laibe C (2010) BioModels Database: An enhanced, curated and annotated resource for published quantitative kinetic models. BMC Syst Biol., 4:92.</a>      </p>    </body>  </notes>",
    "format": {
        "name": "SBML",
        "identifier": "SBML",
        "version": "L2V4"
    },
    "publication": {
        "type": "PubMed ID",
        "accession": "20493519",
        "journal": "Cell",
        "title": "Ligand-specific c-Fos expression emerges from the spatiotemporal control of ErbB network dynamics.",
        "affiliation": "Computational Systems Biology Research Group, Advanced Computational Sciences Department, RIKEN Advanced Science Institute, 1-7-22 Tsurumi-ku, Yokohama, Kanagawa 230-0045, Japan.",
        "synopsis": "Activation of ErbB receptors by epidermal growth factor (EGF) or heregulin (HRG) determines distinct cell-fate decisions, although signals propagate through shared pathways. Using mathematical modeling and experimental approaches, we unravel how HRG and EGF generate distinct, all-or-none responses of the phosphorylated transcription factor c-Fos. In the cytosol, EGF induces transient and HRG induces sustained ERK activation. In the nucleus, however, ERK activity and c-fos mRNA expression are transient for both ligands. Knockdown of dual-specificity phosphatases extends HRG-stimulated nuclear ERK activation, but not c-fos mRNA expression, implying the existence of a HRG-induced repressor of c-fos transcription. Further experiments confirmed that this repressor is mainly induced by HRG, but not EGF, and requires new protein synthesis. We show how a spatially distributed, signaling-transcription cascade robustly discriminates between transient and sustained ERK activities at the c-Fos system level. The proposed control mechanisms are general and operate in different cell types, stimulated by various ligands.",
        "year": 2010,
        "month": "5",
        "volume": "141",
        "issue": "5",
        "pages": "884-896",
        "link": "http://identifiers.org/pubmed/20493519",
        "authors": [
            {
                "name": "Takashi Nakakuki",
                "institution": "Computational Systems Biology Research Group, Advanced Computational Sciences Department, RIKEN Advanced Science Institute, 1-7-22 Tsurumi-ku, Yokohama, Kanagawa 230-0045, Japan."
            },
            {
                "name": "Marc R Birtwistle",
                "orcid": "0000-0002-0341-0705"
            },
            {
                "name": "Yuko Saeki"
            },
            {
                "name": "Noriko Yumoto"
            },
            {
                "name": "Kaori Ide"
            },
            {
                "name": "Takeshi Nagashima"
            },
            {
                "name": "Lutz Brusch",
                "institution": "Center for Information Services and High Performance Computing (ZIH), TUD Dresden University of Technology",
                "orcid": "0000-0003-0137-5106"
            },
            {
                "name": "Babatunde A Ogunnaike",
                "orcid": "0000-0002-8246-070X"
            },
            {
                "name": "Mariko Okada-Hatakeyama"
            },
            {
                "name": "Boris N Kholodenko",
                "orcid": "0000-0002-9483-4975"
            }
        ]
    },
    "files": {
        "main": [
            {
                "name": "BIOMD0000000251_url.xml",
                "description": "SBML L2V4 representation of Nakakuki2010_CellFateDecision_Core",
                "fileSize": "39402",
                "mimeType": "application/xml",
                "md5sum": "04f79102271b6a2bc7359af343e71a6b",
                "sha1sum": "d1c9c20ae3dd106f1180474bf52edf561f22ba70",
                "sha256sum": "ee243dfe9dd4b44723216253baaca2cb41130362926e0c28dc9ca280a062575d"
            }
        ],
        "additional": [
            {
                "name": "BIOMD0000000251-biopax2.owl",
                "description": "Auto-generated BioPAX (Level 2)",
                "fileSize": "23972",
                "mimeType": "application/rdf+xml",
                "md5sum": "1b3e401eae70632c5297de2c6368be4e",
                "sha1sum": "3ebe510a4e49f099c1536589b556be22ae0f87a4",
                "sha256sum": "27c4ffb9a9ac0420a6abdb27844a5d2a04f8f34ea6900d9b345a6d879952be09"
            },
            {
                "name": "BIOMD0000000251-biopax3.owl",
                "description": "Auto-generated BioPAX (Level 3)",
                "fileSize": "29129",
                "mimeType": "application/rdf+xml",
                "md5sum": "1659d90f6c29bd0aff14a027015e5851",
                "sha1sum": "4e4423ba1bb5400005c158075bacc5e764e77d94",
                "sha256sum": "30fdfb815801e70cf75ca917d139099278085a164fe9982afaf623ccbafea6d7"
            },
            {
                "name": "BIOMD0000000251-matlab.m",
                "description": "Auto-generated Matlab file.",
                "fileSize": "6813",
                "mimeType": "text/x-matlab",
                "md5sum": "2d7577293639f63e371eb231966b3971",
                "sha1sum": "13f8cd3e30f97c51d222c1315da2018c5af2970a",
                "sha256sum": "c72ee8adc5b5265601e29262466f440eafb4df031732cbb7180534de74f704af"
            },
            {
                "name": "BIOMD0000000251-octave.m",
                "description": "Auto-generated Octave file.",
                "fileSize": "6813",
                "mimeType": "text/x-matlab",
                "md5sum": "c11596ac41c49ede7d5618acd2e624f4",
                "sha1sum": "8599f3efebdf9c117fc6462be394f0f003f5f49b",
                "sha256sum": "89ce783531e1e5c084df59754d0b99c91ab8ceffa9568749acd004134e236503"
            },
            {
                "name": "BIOMD0000000251.m",
                "description": "Auto-generated Octave file",
                "fileSize": "6813",
                "mimeType": "text/x-matlab",
                "md5sum": "c11596ac41c49ede7d5618acd2e624f4",
                "sha1sum": "8599f3efebdf9c117fc6462be394f0f003f5f49b",
                "sha256sum": "89ce783531e1e5c084df59754d0b99c91ab8ceffa9568749acd004134e236503"
            },
            {
                "name": "BIOMD0000000251.ode",
                "description": "Auto-generated ODE file for XPP.",
                "fileSize": "4190",
                "mimeType": "text/plain",
                "md5sum": "3176ad7c150adc377ccb85e302b3b1a4",
                "sha1sum": "bf8330e84db23a9be3296161cb6bd6e68999fe8b",
                "sha256sum": "5c6d05d27077b17d818ff0dae5a4026cc02fb2a8ea366b56f1672099cd6c09f9"
            },
            {
                "name": "BIOMD0000000251.pdf",
                "description": "Auto-generated PDF file",
                "fileSize": "187945",
                "mimeType": "application/pdf",
                "md5sum": "eafe6d0dc7edb8d4a38bcc0ba6bbe1c3",
                "sha1sum": "035520260d2576d21a2d228edc32ea3f436a3675",
                "sha256sum": "bd8df63672c1567071fd1080ec20df129621788748d66b392dc6d31ee5f1b016"
            },
            {
                "name": "BIOMD0000000251.png",
                "description": "Auto-generated Reaction graph (PNG)",
                "fileSize": "72901",
                "mimeType": "image/png",
                "md5sum": "b9d8ac0b62cfd3cd76d7f6db2e57daad",
                "sha1sum": "f3a063cfe4395521e5c468991306988b051c2361",
                "sha256sum": "c99b3e60fa5b6c13d6005be947901a18cd760953f5ab3f3745cb47bff8d8037f"
            },
            {
                "name": "BIOMD0000000251.svg",
                "description": "Auto-generated Reaction graph (SVG)",
                "fileSize": "23232",
                "mimeType": "image/svg+xml",
                "md5sum": "4255f789468969cb07a0dea91b6d4949",
                "sha1sum": "78f5d9d77bf4fe9a389a12f4e4a363a294cc07d7",
                "sha256sum": "23a12df3681e485ee3648d36a14873bc2223a1d7f1389f61a6c644376f5bdd45"
            },
            {
                "name": "BIOMD0000000251.vcml",
                "description": "Auto-generated VCML file",
                "fileSize": "58316",
                "mimeType": "application/xml",
                "md5sum": "e42549549b01713aee01610ee8a10275",
                "sha1sum": "9e327e278b8774f82e4b0cc3f01c5e6661875448",
                "sha256sum": "807eec1a047e78b7ea806ee0ab487fb64b64a7b2fc72b862eb99e0987fac53a1"
            },
            {
                "name": "BIOMD0000000251_url.sedml",
                "description": "CRBM auto-generated \"template\" SED-ML file.",
                "fileSize": "17699",
                "mimeType": "application/xml",
                "md5sum": "4c1603bf9a9b51e2ebf68934b5ae15a3",
                "sha1sum": "5ce861334a4584c99cd83c80fcb404b651b2bc0c",
                "sha256sum": "d23e3ecef09a4484495980a7c8842a5207b452a7c6a0d87ad009c76896440559"
            },
            {
                "name": "curation_image.png",
                "description": "Reproduced figure(s) from original curation.",
                "fileSize": "6798",
                "mimeType": "image/png",
                "md5sum": "2efb0e5c276259bd57b6b3d93d716478",
                "sha1sum": "ed3b6de197b1264c3e683c37bdb6e3366f8313de",
                "sha256sum": "5bd81f06d7f61eabe8e006fab60dd6b2b80497b6c2908e653c3b54adb65b80a8"
            },
            {
                "name": "curation_notes.txt",
                "description": "Notes from original curation (describes curation_image).",
                "fileSize": "143",
                "mimeType": "text/plain",
                "md5sum": "badd991571f39b68a3ebaad9fba7ddcb",
                "sha1sum": "4a6f4bd0b5abefba95bb5b471353c172d6e36977",
                "sha256sum": "11055bba98cb9fae3e70456ad645c5c35fa08bf7a369f8737e4ef8398656eb02"
            },
            {
                "name": "manifest.xml",
                "description": "Auto-generated manifest file for OMEX archives.",
                "fileSize": "1912",
                "mimeType": "application/xml",
                "md5sum": "73fb504fdf2910bd35301ec5853a469d",
                "sha1sum": "219ffc39aef9e633a517788dbfc4a4deeddb7d7b",
                "sha256sum": "65c002a12764103ccb84c309062bbec7ce9d717ed60bd01cfc023601344496c2"
            },
            {
                "name": "metadata.rdf",
                "description": "Auto-generated annotation metadata file.",
                "fileSize": "6663",
                "mimeType": "application/rdf+xml",
                "md5sum": "f3a571c3b81d1f2ab0f90e6338b0f496",
                "sha1sum": "db8d6440d024cee813453a2e7d4c55116b831a6d",
                "sha256sum": "96158dd4c388ff282e239686c94f3d559a858c9c1bfb9126d4a23a9a81eb8811"
            }
        ]
    },
    "history": {
        "revisions": [
            {
                "version": 1,
                "submitted": 1268843478,
                "submitter": "Lutz Brusch",
                "comment": "Original import of Nakakuki2010_CellFateDecision_Core"
            },
            {
                "version": 2,
                "submitted": 1401807612,
                "submitter": "Lutz Brusch",
                "comment": "Current version of Nakakuki2010_CellFateDecision_Core"
            },
            {
                "version": 3,
                "submitted": 1724267958,
                "submitter": "Lucian Smith",
                "comment": "CRBM-sponsored manual and automated updates."
            }
        ]
    },
    "firstPublished": 1725281372,
    "submissionId": "MODEL1003170000",
    "publicationId": "BIOMD0000000251",
    "modellingApproach": {
        "accession": "MAMO_0000046",
        "name": "ordinary differential equation model",
        "resource": "http://identifiers.org/mamo/MAMO_0000046"
    },
    "curationStatus": "CURATED",
    "contributors": {
        "Curator": [
            {
                "name": "Lucian Smith",
                "email": "lpsmith@uw.edu",
                "affiliation": "University of Washington",
                "orcid": "0000-0001-7002-6386",
                "external": false
            }
        ],
        "Modeller": [
            {
                "name": "Lutz Brusch",
                "email": "lutz.brusch@tu-dresden.de",
                "affiliation": "Center for Information Services and High Performance Computing (ZIH), TUD Dresden University of Technology",
                "orcid": "0000-0003-0137-5106",
                "external": false
            }
        ]
    },
    "vcsIdentifier": "aaa",
    "modelLevelAnnotations": [
        {
            "qualifier": "bqmodel:isDescribedBy",
            "accession": "20493519",
            "resource": "PubMed",
            "uri": "http://identifiers.org/pubmed/20493519"
        },
        {
            "qualifier": "bqmodel:isDerivedFrom",
            "accession": "BIOMD0000000175",
            "resource": "BioModels Database",
            "uri": "http://identifiers.org/biomodels.db/BIOMD0000000175"
        },
        {
            "qualifier": "bqmodel:isDerivedFrom",
            "accession": "12242336",
            "resource": "PubMed",
            "uri": "http://identifiers.org/pubmed/12242336"
        },
        {
            "qualifier": "bqbiol:hasTaxon",
            "accession": "9606",
            "name": "Homo sapiens",
            "resource": "Taxonomy",
            "uri": "http://identifiers.org/taxonomy/9606"
        },
        {
            "qualifier": "bqbiol:isPartOf",
            "accession": "hsa04010",
            "name": "MAPK signaling pathway - Homo sapiens (human)",
            "resource": "KEGG Pathway",
            "uri": "http://identifiers.org/kegg.pathway/hsa04010"
        },
        {
            "qualifier": "bqbiol:hasVersion",
            "accession": "REACT_634",
            "resource": "Reactome",
            "uri": "http://identifiers.org/reactome/REACT_634"
        },
        {
            "qualifier": "bqbiol:isVersionOf",
            "accession": "REACT_9417",
            "name": "Signaling by EGFR",
            "resource": "Reactome",
            "uri": "http://identifiers.org/reactome/REACT_9417"
        },
        {
            "qualifier": "bqmodel:is",
            "accession": "MODEL1003170000",
            "resource": "BioModels Database",
            "uri": "http://identifiers.org/biomodels.db/MODEL1003170000"
        },
        {
            "qualifier": "bqmodel:is",
            "accession": "BIOMD0000000251",
            "resource": "BioModels Database",
            "uri": "http://identifiers.org/biomodels.db/BIOMD0000000251"
        },
        {
            "qualifier": "bqbiol:hasVersion",
            "accession": "GO:0038029",
            "name": "epidermal growth factor receptor signaling pathway via MAPK cascade",
            "resource": "Gene Ontology",
            "uri": "http://identifiers.org/go/GO:0038029"
        },
        {
            "qualifier": "bqbiol:hasVersion",
            "accession": "GO:0035559",
            "name": "obsolete MAPKKK cascade involved in epidermal growth factor receptor signaling",
            "resource": "Gene Ontology",
            "uri": "http://identifiers.org/go/GO:0035559"
        },
        {
            "qualifier": "bqbiol:hasProperty",
            "accession": "MAMO_0000046",
            "name": "Ordinary differential equation model",
            "resource": "Mathematical Modelling Ontology",
            "uri": "http://identifiers.org/mamo/MAMO_0000046"
        }
    ]
}