{
    "name": "Mufudza2012 - Estrogen effect on the dynamics of breast cancer",
    "description": "<notes xmlns=\"http://www.sbml.org/sbml/level2/version4\">      <body xmlns=\"http://www.w3.org/1999/xhtml\">        <div class=\"dc:title\">Mufudza2012 - Estrogen effect on the dynamicsof breast cancer</div><div class=\"dc:description\">This deterministic model shows thedynamics of breast cancer with immune response. The effects ofestrogen are incorporated to study its effects as a risk factor forthe disease. </div><div class=\"dc:bibliographicCitation\">  <p>This model is described in the article:</p>  <div class=\"bibo:title\">    <a href=\"http://identifiers.org/pubmed/23365616\" title=\"Access to this publication\">Assessing the effects of    estrogen on the dynamics of breast cancer.</a>  </div>  <div class=\"bibo:authorList\">Mufudza C, Sorofa W, Chiyaka  ET.</div>  <div class=\"bibo:Journal\">Comput Math Methods Med 2012; 2012:  473572</div>  <p>Abstract:</p>  <div class=\"bibo:abstract\">    <p>Worldwide, breast cancer has become the second most common    cancer in women. The disease has currently been named the most    deadly cancer in women but little is known on what causes the    disease. We present the effects of estrogen as a risk factor on    the dynamics of breast cancer. We develop a deterministic    mathematical model showing general dynamics of breast cancer    with immune response. This is a four-population model that    includes tumor cells, host cells, immune cells, and estrogen.    The effects of estrogen are then incorporated in the model. The    results show that the presence of extra estrogen increases the    risk of developing breast cancer.</p>  </div></div><div class=\"dc:publisher\">  <p>This model is hosted on   <a href=\"http://www.ebi.ac.uk/biomodels/\">BioModels Database</a>  and identified by:   <a href=\"http://identifiers.org/biomodels.db/BIOMD0000000642\">BIOMD0000000642</a>.</p>  <p>To cite BioModels Database, please use:   <a href=\"http://identifiers.org/pubmed/20587024\" title=\"Latest BioModels Database publication\">BioModels Database:  An enhanced, curated and annotated resource for published  quantitative kinetic models</a>.</p></div><div class=\"dc:license\">  <p>To the extent possible under law, all copyright and related or  neighbouring rights to this encoded model have been dedicated to  the public domain worldwide. Please refer to   <a href=\"http://creativecommons.org/publicdomain/zero/1.0/\" title=\"Access to: CC0 1.0 Universal (CC0 1.0), Public Domain Dedication\">CC0  Public Domain Dedication</a> for more information.</p></div></body>    </notes>",
    "format": {
        "name": "SBML",
        "identifier": "SBML",
        "version": "L2V4"
    },
    "publication": {
        "type": "PubMed ID",
        "accession": "23365616",
        "journal": "Computational and mathematical methods in medicine",
        "title": "Assessing the effects of estrogen on the dynamics of breast cancer.",
        "affiliation": "Department of Applied Mathematics, National University of Science and Technology, Ascot, Bulawayo, Zimbabwe. chipmuf@gmail.com",
        "synopsis": "Worldwide, breast cancer has become the second most common cancer in women. The disease has currently been named the most deadly cancer in women but little is known on what causes the disease. We present the effects of estrogen as a risk factor on the dynamics of breast cancer. We develop a deterministic mathematical model showing general dynamics of breast cancer with immune response. This is a four-population model that includes tumor cells, host cells, immune cells, and estrogen. The effects of estrogen are then incorporated in the model. The results show that the presence of extra estrogen increases the risk of developing breast cancer.",
        "year": 2012,
        "month": "0",
        "volume": "2012",
        "pages": "473572",
        "link": "http://identifiers.org/pubmed/23365616",
        "authors": [
            {
                "name": "Chipo Mufudza",
                "institution": "Department of Applied Mathematics, National University of Science and Technology, Ascot, Bulawayo, Zimbabwe. chipmuf@gmail.com"
            },
            {
                "name": "Walter Sorofa"
            },
            {
                "name": "Edward T Chiyaka",
                "orcid": "0000-0003-0150-8351"
            }
        ]
    },
    "files": {
        "main": [
            {
                "name": "BIOMD0000000642_url.xml",
                "description": "SBML L2V4 representation of Mufudza2012 - Estrogen effect on the dynamics of breast cancer",
                "fileSize": "26459",
                "mimeType": "application/xml",
                "md5sum": "41a686d9373184053739e4bded7967a1",
                "sha1sum": "3e0f900bbfd6fc2253abbba481e0e6b946ed9b39",
                "sha256sum": "14e894d690db4fbdc9058d4bd8fe4bfb18207596e20acb9fd710a9b76f25dd46"
            }
        ],
        "additional": [
            {
                "name": "BIOMD0000000642-biopax2.owl",
                "description": "Auto-generated BioPAX (Level 2) file.",
                "fileSize": "5744",
                "mimeType": "application/rdf+xml",
                "md5sum": "8b48fdf029c777f89fa760428f8b3604",
                "sha1sum": "11e513a8e2d58a9f6279e2055fc7c01021bc63db",
                "sha256sum": "b8cb5d8f7a85b53ff2ef547bcd0368f2143f6be7d781d9bdbdbd30dd9c52494d"
            },
            {
                "name": "BIOMD0000000642-biopax3.owl",
                "description": "Auto-generated BioPAX (Level 3) file.",
                "fileSize": "6256",
                "mimeType": "application/rdf+xml",
                "md5sum": "df13745b61578b5a1805592c46045081",
                "sha1sum": "acfe9b88bce6cdac64a535110a7f352f681c9a28",
                "sha256sum": "2cf1d01d3d3b075d1a05358690f4d04b0459c0757a8966f97144dcfc5e7d1bb5"
            },
            {
                "name": "BIOMD0000000642-matlab.m",
                "description": "Auto-generated Matlab file.",
                "fileSize": "4559",
                "mimeType": "text/x-matlab",
                "md5sum": "fc9fe394c5f9916789fe28354c808fcf",
                "sha1sum": "4544ba3857e56e79b047c8dfa8f36884b4e0a769",
                "sha256sum": "7b6ee7802f2fdc807a414d55b17557bde6370ad7b255b264b299c22f14bb2758"
            },
            {
                "name": "BIOMD0000000642-octave.m",
                "description": "Auto-generated Octave file.",
                "fileSize": "4559",
                "mimeType": "text/x-matlab",
                "md5sum": "f1d236ae078eeba22311f74ef46607a4",
                "sha1sum": "57264c1bddacb824dda3f86bb3b60d3dcadadb4b",
                "sha256sum": "e019872226c24ee3136491fb4246282f2226115cd7c6bfcf32d27f1b7aa5870c"
            },
            {
                "name": "BIOMD0000000642.ode",
                "description": "Auto-generated ODE file for XPP.",
                "fileSize": "2563",
                "mimeType": "text/plain",
                "md5sum": "2ecb91475bc351b61b8d203c3ece222e",
                "sha1sum": "c6a41cdb76008e6c19395d66ef8616f887aa2ccd",
                "sha256sum": "c71c71f9a609a01bceb03116240b5d2bd8901fed6257fad6be8383924a8e0ee1"
            },
            {
                "name": "BIOMD0000000642_url.sedml",
                "description": "CRBM auto-generated \"template\" SED-ML file.",
                "fileSize": "13850",
                "mimeType": "application/xml",
                "md5sum": "469532736f4bb82a10eccf891780684e",
                "sha1sum": "0864e72e2ced3be16f8f85a38e268128777125b8",
                "sha256sum": "a6092329fbf521519df3bbdef97ec269ff81e6da8b8753d595b09e132c03941d"
            },
            {
                "name": "MODEL1304190001-biopax2.owl",
                "description": "Auto-generated BioPAX (Level 2)",
                "fileSize": "1930",
                "mimeType": "application/rdf+xml",
                "md5sum": "24ab96ef6e458d27dabe2c4d60b49472",
                "sha1sum": "80050721dd8febb96eef471f31132b083c7f318d",
                "sha256sum": "7c8952311f3b4d6369b6fdc418fd8c9ee2a501541578ef74e0ba81bb283a90f5"
            },
            {
                "name": "MODEL1304190001-biopax3.owl",
                "description": "Auto-generated BioPAX (Level 3)",
                "fileSize": "2372",
                "mimeType": "application/rdf+xml",
                "md5sum": "bba9253e4bb509c2e8857dd720b14bad",
                "sha1sum": "447468fd9f99a724c04c36704e9059b1d115a8ee",
                "sha256sum": "cb81c50d0908b78dd574f67f5fd1207aaf713c95d05a8b43cf191afb1514128b"
            },
            {
                "name": "MODEL1304190001.m",
                "description": "Auto-generated Octave file",
                "fileSize": "3710",
                "mimeType": "text/x-matlab",
                "md5sum": "386081c516501548ed441f777547c4c9",
                "sha1sum": "a404fa785f9ac85da0c6f4154de8cb44a725d8b3",
                "sha256sum": "4901c95d9cc47fa07a16eb27e651158e9d8fc3b1a453b3969239e984739fed62"
            },
            {
                "name": "MODEL1304190001.ode",
                "description": "Auto-generated ODE file for XPP.",
                "fileSize": "2450",
                "mimeType": "text/plain",
                "md5sum": "017a4faed88fdc2b7287d0a81498fe75",
                "sha1sum": "906e623ded1d16b02cc8723a153048cfecbb7478",
                "sha256sum": "700cc94938dd48829f4973c754ee986eacbe92a08fbe401d4e79107baeb0c06a"
            },
            {
                "name": "MODEL1304190001.pdf",
                "description": "Auto-generated PDF file",
                "fileSize": "128992",
                "mimeType": "application/pdf",
                "md5sum": "7c690e5206ef3d2f7cd6739b424fd9ec",
                "sha1sum": "109ffce14947abb9f097ecb6929423e2d4f02f78",
                "sha256sum": "6ac1a4737267ce2a6fb12401d04c78760610d6a9a2daf7db4b8618a4c74711a7"
            },
            {
                "name": "MODEL1304190001.png",
                "description": "Auto-generated Reaction graph (PNG)",
                "fileSize": "5164",
                "mimeType": "image/png",
                "md5sum": "c30b7d56ea47c3843c82b135d7d61387",
                "sha1sum": "29aaa040058418305071301e82afe443bf2be038",
                "sha256sum": "5fda4a6ecf6f2bffcaae62525ab174b281c1fd8500d928e26c38e127a4bb8b70"
            },
            {
                "name": "MODEL1304190001.sci",
                "description": "Auto-generated Scilab file",
                "fileSize": "2068",
                "mimeType": "text/plain",
                "md5sum": "032250a319192d70ae63bf84193568ed",
                "sha1sum": "d625ae067b188c394f31a4be978d4d3f54a42317",
                "sha256sum": "750005506be8075944a6dee9645f079930408e2316f6cf3933d82a76a544f9b9"
            },
            {
                "name": "MODEL1304190001.svg",
                "description": "Auto-generated Reaction graph (SVG)",
                "fileSize": "868",
                "mimeType": "image/svg+xml",
                "md5sum": "24be42d8086ccb62699e8e5aa9319cf0",
                "sha1sum": "6edffc291715c4657200f33e72e8c453d616a6ed",
                "sha256sum": "3545c85a1ad33a0ce132486ba2cf1b3d42693f8c6ab22de9baaca3e2eef2e649"
            },
            {
                "name": "curation_image.png",
                "description": "Reproduced figure(s) from original curation.",
                "fileSize": "15905",
                "mimeType": "image/png",
                "md5sum": "51a42e2a0ae02c3cde941d168c78fb00",
                "sha1sum": "00a3ab60a97fc089636ab88eedf28fdca2967e12",
                "sha256sum": "501386adb31df38cfafb99983e1705f8b271c672bb25b902b7d1c018cb21603c"
            },
            {
                "name": "curation_notes.txt",
                "description": "Notes from original curation (describes curation_image).",
                "fileSize": "236",
                "mimeType": "text/plain",
                "md5sum": "6d9fd8110a2db060c2afb9f57a1537bc",
                "sha1sum": "92be1e7b61ce9e47b35f8f318781f70b27275123",
                "sha256sum": "9c26b9f552bed5b80df1e0c4734fdae4b53d746e4ae95ec851253db465a30de0"
            },
            {
                "name": "manifest.xml",
                "description": "Auto-generated manifest file for OMEX archives.",
                "fileSize": "2278",
                "mimeType": "application/xml",
                "md5sum": "42368571b27aedd03cfdbabfbe539fea",
                "sha1sum": "a413dbbed4dd69b5d6bf45be416ef6ac70222992",
                "sha256sum": "1c941ed0905f03d320ffe9068e4483502d754c5a9076c5257de2f35237500a7e"
            },
            {
                "name": "metadata.rdf",
                "description": "Auto-generated annotation metadata file.",
                "fileSize": "4514",
                "mimeType": "application/rdf+xml",
                "md5sum": "48b3aed79a55134f899a70baa30d714d",
                "sha1sum": "dc050dfd2f9a5a774a72924c8afaed6f73904907",
                "sha256sum": "3c1719a2d48100fb2759d41a566f347dcdb5adaddfe664aa45aa439e60268fc7"
            }
        ]
    },
    "history": {
        "revisions": [
            {
                "version": 1,
                "submitted": 1366361960,
                "submitter": "Vijayalakshmi Chelliah",
                "comment": "Original import of Mufudza2012 - Estrogen effect on the dynamics of breast cancer"
            },
            {
                "version": 2,
                "submitted": 1366369285,
                "submitter": "Vijayalakshmi Chelliah",
                "comment": "Current version of Mufudza2012 - Estrogen effect on the dynamics of breast cancer"
            },
            {
                "version": 3,
                "submitted": 1507282879,
                "submitter": "administrator",
                "comment": "Update the model file"
            },
            {
                "version": 4,
                "submitted": 1724281595,
                "submitter": "Lucian Smith",
                "comment": "CRBM-sponsored manual and automated updates."
            }
        ]
    },
    "firstPublished": 1725281797,
    "submissionId": "MODEL1304190001",
    "publicationId": "BIOMD0000000642",
    "modellingApproach": {
        "accession": "MAMO_0000046",
        "name": "ordinary differential equation model",
        "resource": "http://identifiers.org/mamo/MAMO_0000046"
    },
    "curationStatus": "CURATED",
    "contributors": {
        "Curator": [
            {
                "name": "Lucian Smith",
                "email": "lpsmith@uw.edu",
                "affiliation": "University of Washington",
                "orcid": "0000-0001-7002-6386",
                "external": false
            }
        ],
        "Modeller": [
            {
                "name": "administrator",
                "email": "biomodels-developers@ebi.ac.uk",
                "affiliation": "EMBL - European Bioinformatics Institute (EBI)",
                "external": false
            },
            {
                "name": "Vijayalakshmi Chelliah",
                "email": "viji@ebi.ac.uk",
                "affiliation": "EMBL-EBI",
                "orcid": "0000-0002-2618-283X",
                "external": false
            }
        ]
    },
    "vcsIdentifier": "aab",
    "modelLevelAnnotations": [
        {
            "qualifier": "bqbiol:hasTaxon",
            "accession": "9606",
            "name": "Homo sapiens",
            "resource": "Taxonomy",
            "uri": "http://identifiers.org/taxonomy/9606"
        },
        {
            "qualifier": "bqbiol:hasProperty",
            "accession": "MAMO_0000046",
            "name": "Ordinary differential equation model",
            "resource": "Mathematical Modelling Ontology",
            "uri": "http://identifiers.org/mamo/MAMO_0000046"
        },
        {
            "qualifier": "bqmodel:is",
            "accession": "MODEL1304190001",
            "resource": "BioModels Database",
            "uri": "http://identifiers.org/biomodels.db/MODEL1304190001"
        },
        {
            "qualifier": "bqmodel:is",
            "accession": "BIOMD0000000642",
            "resource": "BioModels Database",
            "uri": "http://identifiers.org/biomodels.db/BIOMD0000000642"
        },
        {
            "qualifier": "bqmodel:isDescribedBy",
            "accession": "23365616",
            "resource": "PubMed",
            "uri": "http://identifiers.org/pubmed/23365616"
        },
        {
            "qualifier": "bqbiol:hasProperty",
            "accession": "DOID:+0060075",
            "resource": "Human Disease Ontology",
            "uri": "urn:miriam:doid:DOID%3A+0060075"
        },
        {
            "qualifier": "bqbiol:hasProperty",
            "accession": "GO:0043627",
            "name": "response to estrogen",
            "resource": "Gene Ontology",
            "uri": "http://identifiers.org/go/GO:0043627"
        }
    ]
}