<?xml version='1.0' encoding='UTF-8' standalone='no'?>
<sbml xmlns="http://www.sbml.org/sbml/level2/version4" level="2" metaid="_32f318cf-5880-4853-b884-bab97cf0e4a4" version="4">
  <model id="Mufudza2012___Estrogen_effect_on_the_dynamics_of_breast_cancer" metaid="COPASI0" name="Mufudza2012 - Estrogen effect on the dynamics of breast cancer">
    <notes>
      <body xmlns="http://www.w3.org/1999/xhtml">
        <div class="dc:title">Mufudza2012 - Estrogen effect on the dynamics
of breast cancer</div>
<div class="dc:description">This deterministic model shows the
dynamics of breast cancer with immune response. The effects of
estrogen are incorporated to study its effects as a risk factor for
the disease. </div>
<div class="dc:bibliographicCitation">
  <p>This model is described in the article:</p>
  <div class="bibo:title">
    <a href="http://identifiers.org/pubmed/23365616" title="Access to this publication">Assessing the effects of
    estrogen on the dynamics of breast cancer.</a>
  </div>
  <div class="bibo:authorList">Mufudza C, Sorofa W, Chiyaka
  ET.</div>
  <div class="bibo:Journal">Comput Math Methods Med 2012; 2012:
  473572</div>
  <p>Abstract:</p>
  <div class="bibo:abstract">
    <p>Worldwide, breast cancer has become the second most common
    cancer in women. The disease has currently been named the most
    deadly cancer in women but little is known on what causes the
    disease. We present the effects of estrogen as a risk factor on
    the dynamics of breast cancer. We develop a deterministic
    mathematical model showing general dynamics of breast cancer
    with immune response. This is a four-population model that
    includes tumor cells, host cells, immune cells, and estrogen.
    The effects of estrogen are then incorporated in the model. The
    results show that the presence of extra estrogen increases the
    risk of developing breast cancer.</p>
  </div>
</div>
<div class="dc:publisher">
  <p>This model is hosted on 
  <a href="http://www.ebi.ac.uk/biomodels/">BioModels Database</a>
  and identified by: 
  <a href="http://identifiers.org/biomodels.db/BIOMD0000000642">BIOMD0000000642</a>.</p>
  <p>To cite BioModels Database, please use: 
  <a href="http://identifiers.org/pubmed/20587024" title="Latest BioModels Database publication">BioModels Database:
  An enhanced, curated and annotated resource for published
  quantitative kinetic models</a>.</p>
</div>
<div class="dc:license">
  <p>To the extent possible under law, all copyright and related or
  neighbouring rights to this encoded model have been dedicated to
  the public domain worldwide. Please refer to 
  <a href="http://creativecommons.org/publicdomain/zero/1.0/" title="Access to: CC0 1.0 Universal (CC0 1.0), Public Domain Dedication">CC0
  Public Domain Dedication</a> for more information.</p>
</div>
</body>
    </notes>
    <annotation>
      <rdf:RDF xmlns:rdf="http://www.w3.org/1999/02/22-rdf-syntax-ns#" xmlns:dc="http://purl.org/dc/elements/1.1/" xmlns:dcterms="http://purl.org/dc/terms/" xmlns:vCard="http://www.w3.org/2001/vcard-rdf/3.0#" xmlns:bqbiol="http://biomodels.net/biology-qualifiers/" xmlns:bqmodel="http://biomodels.net/model-qualifiers/">
        <rdf:Description rdf:about="#COPASI0">
	<dc:creator>
	<rdf:Bag>
	<rdf:li rdf:parseType="Resource">
	<vCard:N rdf:parseType="Resource">
	<vCard:Family>Fairbanks</vCard:Family>
	<vCard:Given>Emma Louise</vCard:Given>
	</vCard:N>
	<vCard:EMAIL>efairbanks@ebi.ac.uk</vCard:EMAIL>
	<vCard:ORG rdf:parseType="Resource">
	<vCard:Orgname>EMBL-EBI</vCard:Orgname>
	</vCard:ORG>
	</rdf:li>
	</rdf:Bag>
	</dc:creator>
	<dcterms:created rdf:parseType="Resource">
	<dcterms:W3CDTF>2017-07-26T13:09:57Z</dcterms:W3CDTF>
	</dcterms:created>
	<dcterms:modified rdf:parseType="Resource">
	<dcterms:W3CDTF>2017-08-24T16:48:33Z</dcterms:W3CDTF>
	</dcterms:modified>
	<bqmodel:is>
	<rdf:Bag>
	<rdf:li rdf:resource="http://identifiers.org/biomodels.db/MODEL1304190001"/>
	</rdf:Bag>
	</bqmodel:is>
	<bqmodel:is>
	<rdf:Bag>
	<rdf:li rdf:resource="http://identifiers.org/biomodels.db/BIOMD0000000642"/>
	</rdf:Bag>
	</bqmodel:is>
	<bqmodel:isDescribedBy>
	<rdf:Bag>
	<rdf:li rdf:resource="http://identifiers.org/pubmed/23365616"/>
	</rdf:Bag>
	</bqmodel:isDescribedBy>
	<bqbiol:hasProperty>
	<rdf:Bag>
	<rdf:li rdf:resource="http://identifiers.org/go/GO:0043627"/>
	<rdf:li rdf:resource="urn:miriam:doid:DOID%3A+0060075"/>
	<rdf:li rdf:resource="http://identifiers.org/mamo/MAMO_0000046"/>
	</rdf:Bag>
	</bqbiol:hasProperty>
	<bqbiol:hasTaxon>
	<rdf:Bag>
	<rdf:li rdf:resource="http://identifiers.org/taxonomy/9606"/>
	</rdf:Bag>
	</bqbiol:hasTaxon>
	</rdf:Description>
	
	
	
	
      </rdf:RDF>
      <COPASI xmlns="http://www.copasi.org/static/sbml">
        <rdf:RDF xmlns:CopasiMT="http://www.copasi.org/RDF/MiriamTerms#" xmlns:dcterms="http://purl.org/dc/terms/" xmlns:rdf="http://www.w3.org/1999/02/22-rdf-syntax-ns#" xmlns:vCard="http://www.w3.org/2001/vcard-rdf/3.0#">
          <rdf:Description rdf:about="#COPASI0">
            <dcterms:bibliographicCitation>
              <rdf:Description>
                <CopasiMT:isDescribedBy rdf:resource="urn:miriam:pubmed:23365616"/>
              </rdf:Description>
            </dcterms:bibliographicCitation>
            <dcterms:created>
              <rdf:Description>
                <dcterms:W3CDTF>2017-07-26T13:09:57Z</dcterms:W3CDTF>
              </rdf:Description>
            </dcterms:created>
            <dcterms:creator>
              <rdf:Description>
                <vCard:EMAIL>efairbanks@ebi.ac.uk</vCard:EMAIL>
                <vCard:N>
                  <rdf:Description>
                    <vCard:Family>Fairbanks</vCard:Family>
                    <vCard:Given>Emma</vCard:Given>
                  </rdf:Description>
                </vCard:N>
                <vCard:ORG>
                  <rdf:Description>
                    <vCard:Orgname>EMBL-EBI</vCard:Orgname>
                  </rdf:Description>
                </vCard:ORG>
              </rdf:Description>
            </dcterms:creator>
            <CopasiMT:hasProperty rdf:resource="urn:miriam:doid:DOID:0060075"/>
            <CopasiMT:hasProperty rdf:resource="urn:miriam:mamo:MAMO:0000046"/>
            <CopasiMT:hasTaxon rdf:resource="urn:miriam:taxonomy:9606"/>
            <CopasiMT:is>
              <rdf:Bag>
                <rdf:li rdf:resource="urn:miriam:biomodels.db:MODEL1304190001"/>
              </rdf:Bag>
            </CopasiMT:is>
            <CopasiMT:hasProperty rdf:resource="urn:miriam:go:GO:0043627"/>
          </rdf:Description>
        </rdf:RDF>
      </COPASI>
    </annotation>
      <listOfUnitDefinitions>
      <unitDefinition id="time" metaid="b910de71-f454-4037-bdf9-5a53786dcd36" name="time">
        <listOfUnits>
          <unit exponent="1" kind="second" metaid="f51c7868-dbe4-4cc1-9229-b32d7d9fb065" multiplier="86400" scale="0"/>
        </listOfUnits>
      </unitDefinition>
    </listOfUnitDefinitions>
    <listOfCompartments>
      <compartment constant="true" id="Tissue" metaid="COPASI1" name="breast" size="1" spatialDimensions="3">
        <annotation>
          <rdf:RDF xmlns:rdf="http://www.w3.org/1999/02/22-rdf-syntax-ns#" xmlns:dc="http://purl.org/dc/elements/1.1/" xmlns:dcterms="http://purl.org/dc/terms/" xmlns:vCard="http://www.w3.org/2001/vcard-rdf/3.0#" xmlns:bqbiol="http://biomodels.net/biology-qualifiers/" xmlns:bqmodel="http://biomodels.net/model-qualifiers/">
            <rdf:Description rdf:about="#COPASI1">
              <bqbiol:isVersionOf>
	<rdf:Bag>
	<rdf:li rdf:resource="http://identifiers.org/omit/OMIT:0027497"/>
	</rdf:Bag>
	</bqbiol:isVersionOf>
	
	<bqbiol:isVersionOf>
	<rdf:Bag>
	<rdf:li rdf:resource="http://identifiers.org/bto/BTO:0000149"/>
	</rdf:Bag>
	</bqbiol:isVersionOf>
	</rdf:Description>
	
	
	
	
	
          </rdf:RDF>
          <COPASI xmlns="http://www.copasi.org/static/sbml">
            <rdf:RDF xmlns:CopasiMT="http://www.copasi.org/RDF/MiriamTerms#" xmlns:dcterms="http://purl.org/dc/terms/" xmlns:rdf="http://www.w3.org/1999/02/22-rdf-syntax-ns#">
              <rdf:Description rdf:about="#COPASI1">
                <dcterms:created>
                  <rdf:Description>
                    <dcterms:W3CDTF>2017-07-26T14:20:30Z</dcterms:W3CDTF>
                  </rdf:Description>
                </dcterms:created>
                <CopasiMT:isVersionOf rdf:resource="urn:miriam:bto:BTO:0000149"/>
                <CopasiMT:isVersionOf rdf:resource="urn:miriam:omit:OMIT:0027497"/>
              </rdf:Description>
            </rdf:RDF>
          </COPASI>
        </annotation>
            </compartment>
    </listOfCompartments>
    <listOfSpecies>
      <species boundaryCondition="true" compartment="Tissue" constant="false" id="H" initialConcentration="0.999999999999998" metaid="COPASI2" name="normal cells">
        <annotation>
          <rdf:RDF xmlns:rdf="http://www.w3.org/1999/02/22-rdf-syntax-ns#" xmlns:dc="http://purl.org/dc/elements/1.1/" xmlns:dcterms="http://purl.org/dc/terms/" xmlns:vCard="http://www.w3.org/2001/vcard-rdf/3.0#" xmlns:bqbiol="http://biomodels.net/biology-qualifiers/" xmlns:bqmodel="http://biomodels.net/model-qualifiers/">
            <rdf:Description rdf:about="#COPASI2">
	<bqbiol:isVersionOf>
	<rdf:Bag>
	<rdf:li rdf:resource="http://identifiers.org/go/GO:0005623"/>
	</rdf:Bag>
	</bqbiol:isVersionOf>
	</rdf:Description>
	
	
	
	
          </rdf:RDF>
          <COPASI xmlns="http://www.copasi.org/static/sbml">
            <rdf:RDF xmlns:CopasiMT="http://www.copasi.org/RDF/MiriamTerms#" xmlns:dcterms="http://purl.org/dc/terms/" xmlns:rdf="http://www.w3.org/1999/02/22-rdf-syntax-ns#">
              <rdf:Description rdf:about="#COPASI2">
                <dcterms:created>
                  <rdf:Description>
                    <dcterms:W3CDTF>2017-07-26T13:15:50Z</dcterms:W3CDTF>
                  </rdf:Description>
                </dcterms:created>
                <CopasiMT:isVersionOf rdf:resource="urn:miriam:go:GO:0005623"/>
              </rdf:Description>
            </rdf:RDF>
          </COPASI>
        </annotation>
            </species>
      <species boundaryCondition="true" compartment="Tissue" constant="false" id="T" initialConcentration="9.99999999999998E-6" metaid="COPASI3" name="Tumour cells">
        <annotation>
          <rdf:RDF xmlns:rdf="http://www.w3.org/1999/02/22-rdf-syntax-ns#" xmlns:dc="http://purl.org/dc/elements/1.1/" xmlns:dcterms="http://purl.org/dc/terms/" xmlns:vCard="http://www.w3.org/2001/vcard-rdf/3.0#" xmlns:bqbiol="http://biomodels.net/biology-qualifiers/" xmlns:bqmodel="http://biomodels.net/model-qualifiers/">
            <rdf:Description rdf:about="#COPASI3">
	<bqbiol:isVersionOf>
	<rdf:Bag>
	<rdf:li rdf:resource="http://identifiers.org/cl/CL:0001063"/>
	</rdf:Bag>
	</bqbiol:isVersionOf>
	</rdf:Description>
	
	
	
	
          </rdf:RDF>
          <COPASI xmlns="http://www.copasi.org/static/sbml">
            <rdf:RDF xmlns:CopasiMT="http://www.copasi.org/RDF/MiriamTerms#" xmlns:dcterms="http://purl.org/dc/terms/" xmlns:rdf="http://www.w3.org/1999/02/22-rdf-syntax-ns#">
              <rdf:Description rdf:about="#COPASI3">
                <dcterms:created>
                  <rdf:Description>
                    <dcterms:W3CDTF>2017-07-26T13:16:19Z</dcterms:W3CDTF>
                  </rdf:Description>
                </dcterms:created>
                <CopasiMT:isVersionOf rdf:resource="urn:miriam:cl:CL:0001063"/>
              </rdf:Description>
            </rdf:RDF>
          </COPASI>
        </annotation>
            </species>
      <species boundaryCondition="true" compartment="Tissue" constant="false" id="I" initialConcentration="1.379310345" metaid="COPASI4" name="Immune cells">
        <notes>
          <body xmlns="http://www.w3.org/1999/xhtml">
            <pre>These are immune cells involved in immune response.</pre>
          </body>
        </notes>
        <annotation>
          <rdf:RDF xmlns:rdf="http://www.w3.org/1999/02/22-rdf-syntax-ns#" xmlns:dc="http://purl.org/dc/elements/1.1/" xmlns:dcterms="http://purl.org/dc/terms/" xmlns:vCard="http://www.w3.org/2001/vcard-rdf/3.0#" xmlns:bqbiol="http://biomodels.net/biology-qualifiers/" xmlns:bqmodel="http://biomodels.net/model-qualifiers/">
            <rdf:Description rdf:about="#COPASI4">
              <bqbiol:hasProperty>
	<rdf:Bag>
	<rdf:li rdf:resource="http://identifiers.org/go/GO:0006955"/>
	</rdf:Bag>
	</bqbiol:hasProperty>
	
	<bqbiol:isVersionOf>
	<rdf:Bag>
	<rdf:li rdf:resource="http://identifiers.org/go/GO:0005623"/>
	</rdf:Bag>
	</bqbiol:isVersionOf>
	</rdf:Description>
	
	
	
	
          </rdf:RDF>
          <COPASI xmlns="http://www.copasi.org/static/sbml">
            <rdf:RDF xmlns:CopasiMT="http://www.copasi.org/RDF/MiriamTerms#" xmlns:dcterms="http://purl.org/dc/terms/" xmlns:rdf="http://www.w3.org/1999/02/22-rdf-syntax-ns#">
              <rdf:Description rdf:about="#COPASI4">
                <dcterms:created>
                  <rdf:Description>
                    <dcterms:W3CDTF>2017-07-26T13:15:23Z</dcterms:W3CDTF>
                  </rdf:Description>
                </dcterms:created>
                <CopasiMT:hasProperty rdf:resource="urn:miriam:go:GO:0006955"/>
                <CopasiMT:isVersionOf rdf:resource="urn:miriam:go:GO:0005623"/>
              </rdf:Description>
            </rdf:RDF>
          </COPASI>
        </annotation>
            </species>
      <species boundaryCondition="true" compartment="Tissue" constant="true" id="E" initialConcentration="0.499999999999999" metaid="COPASI5" name="estrogen">
        <notes>
          <body xmlns="http://www.w3.org/1999/xhtml">
            <pre>17-beta-estradiol</pre>
          </body>
        </notes>
        <annotation>
          <rdf:RDF xmlns:rdf="http://www.w3.org/1999/02/22-rdf-syntax-ns#" xmlns:dc="http://purl.org/dc/elements/1.1/" xmlns:dcterms="http://purl.org/dc/terms/" xmlns:vCard="http://www.w3.org/2001/vcard-rdf/3.0#" xmlns:bqbiol="http://biomodels.net/biology-qualifiers/" xmlns:bqmodel="http://biomodels.net/model-qualifiers/">
            <rdf:Description rdf:about="#COPASI5">
	<bqbiol:is>
	<rdf:Bag>
	<rdf:li rdf:resource="http://identifiers.org/chebi/CHEBI:16469"/>
	</rdf:Bag>
	</bqbiol:is>
	</rdf:Description>
	
	
	
	
          </rdf:RDF>
          <COPASI xmlns="http://www.copasi.org/static/sbml">
            <rdf:RDF xmlns:CopasiMT="http://www.copasi.org/RDF/MiriamTerms#" xmlns:dcterms="http://purl.org/dc/terms/" xmlns:rdf="http://www.w3.org/1999/02/22-rdf-syntax-ns#">
              <rdf:Description rdf:about="#COPASI5">
                <dcterms:created>
                  <rdf:Description>
                    <dcterms:W3CDTF>2017-07-26T13:10:19Z</dcterms:W3CDTF>
                  </rdf:Description>
                </dcterms:created>
                <CopasiMT:is rdf:resource="urn:miriam:chebi:CHEBI:16469"/>
              </rdf:Description>
            </rdf:RDF>
          </COPASI>
        </annotation>
            </species>
    </listOfSpecies>
    <listOfParameters>
      <parameter constant="true" id="alpha1" metaid="_15adad6b-cc0e-499c-955d-58b794789375" name="alpha1" value="0.7">
        <annotation>
	<rdf:RDF xmlns:rdf="http://www.w3.org/1999/02/22-rdf-syntax-ns#" xmlns:bqbiol="http://biomodels.net/biology-qualifiers/">
            <rdf:Description rdf:about="#_15adad6b-cc0e-499c-955d-58b794789375">
	<bqbiol:isDescribedBy>
	<rdf:Bag>
	<rdf:li rdf:resource="http://identifiers.org/pubmed/23365616"/>
	</rdf:Bag>
	</bqbiol:isDescribedBy>
	</rdf:Description>
	
	
	</rdf:RDF>
	</annotation>
            </parameter>
      <parameter constant="true" id="alpha2" metaid="e5f6d7bf-1bd6-46c2-ad0f-bc0d1c7cd8f3" name="alpha2" value="0.98"/>
      <parameter constant="true" id="beta1" metaid="_0ae54f3b-9535-4550-bbfd-2c6a0fd5552d" name="beta1" value="0.3">
        <annotation>
	<rdf:RDF xmlns:rdf="http://www.w3.org/1999/02/22-rdf-syntax-ns#" xmlns:bqbiol="http://biomodels.net/biology-qualifiers/">
            <rdf:Description rdf:about="#_0ae54f3b-9535-4550-bbfd-2c6a0fd5552d">
	<bqbiol:isDescribedBy>
	<rdf:Bag>
	<rdf:li rdf:resource="http://identifiers.org/pubmed/23365616"/>
	</rdf:Bag>
	</bqbiol:isDescribedBy>
	</rdf:Description>
	
	
	</rdf:RDF>
	</annotation>
            </parameter>
      <parameter constant="true" id="beta2" metaid="e9ce5873-7fbe-4846-8545-342cf974e25a" name="beta2" value="0.4">
        <annotation>
	<rdf:RDF xmlns:rdf="http://www.w3.org/1999/02/22-rdf-syntax-ns#" xmlns:bqbiol="http://biomodels.net/biology-qualifiers/">
            <rdf:Description rdf:about="#e9ce5873-7fbe-4846-8545-342cf974e25a">
	<bqbiol:isDescribedBy>
	<rdf:Bag>
	<rdf:li rdf:resource="http://identifiers.org/pubmed/12955460"/>
	</rdf:Bag>
	</bqbiol:isDescribedBy>
	</rdf:Description>
	
	
	</rdf:RDF>
	</annotation>
            </parameter>
      <parameter constant="true" id="delta1" metaid="ac6b1d26-12a9-409e-940f-265e40d82066" name="delta1" value="1">
        <annotation>
	<rdf:RDF xmlns:rdf="http://www.w3.org/1999/02/22-rdf-syntax-ns#" xmlns:bqbiol="http://biomodels.net/biology-qualifiers/">
            <rdf:Description rdf:about="#ac6b1d26-12a9-409e-940f-265e40d82066">
	<bqbiol:isDescribedBy>
	<rdf:Bag>
	<rdf:li rdf:resource="http://identifiers.org/pubmed/12955460"/>
	</rdf:Bag>
	</bqbiol:isDescribedBy>
	</rdf:Description>
	
	
	</rdf:RDF>
	</annotation>
            </parameter>
      <parameter constant="true" id="gamma2" metaid="ae555723-ace4-4db2-b23a-093e42f4632e" name="gamma2" value="0.9">
        <annotation>
	<rdf:RDF xmlns:rdf="http://www.w3.org/1999/02/22-rdf-syntax-ns#" xmlns:bqbiol="http://biomodels.net/biology-qualifiers/">
            <rdf:Description rdf:about="#ae555723-ace4-4db2-b23a-093e42f4632e">
	<bqbiol:isDescribedBy>
	<rdf:Bag>
	<rdf:li rdf:resource="http://identifiers.org/pubmed/12955460"/>
	</rdf:Bag>
	</bqbiol:isDescribedBy>
	</rdf:Description>
	
	
	</rdf:RDF>
	</annotation>
            </parameter>
      <parameter constant="true" id="s" metaid="f134b675-f588-4490-a08b-97048ca32a10" name="s" value="0.4">
        <annotation>
	<rdf:RDF xmlns:rdf="http://www.w3.org/1999/02/22-rdf-syntax-ns#" xmlns:bqbiol="http://biomodels.net/biology-qualifiers/">
            <rdf:Description rdf:about="#f134b675-f588-4490-a08b-97048ca32a10">
	<bqbiol:isDescribedBy>
	<rdf:Bag>
	<rdf:li rdf:resource="http://identifiers.org/doi/10.1080/10273660108833067"/>
	</rdf:Bag>
	</bqbiol:isDescribedBy>
	</rdf:Description>
	
	
	</rdf:RDF>
	</annotation>
            </parameter>
      <parameter constant="true" id="rho" metaid="a0ad1bc3-b837-4b59-96c0-611c40394c2e" name="rho" value="0.2">
        <annotation>
	<rdf:RDF xmlns:rdf="http://www.w3.org/1999/02/22-rdf-syntax-ns#" xmlns:bqbiol="http://biomodels.net/biology-qualifiers/">
            <rdf:Description rdf:about="#a0ad1bc3-b837-4b59-96c0-611c40394c2e">
	<bqbiol:isDescribedBy>
	<rdf:Bag>
	<rdf:li rdf:resource="http://identifiers.org/doi/10.1080/10273660108833067"/>
	</rdf:Bag>
	</bqbiol:isDescribedBy>
	</rdf:Description>
	
	
	</rdf:RDF>
	</annotation>
            </parameter>
      <parameter constant="true" id="omega" metaid="_75c572d0-a320-4f18-b770-ca9b9d24c1ac" name="omega" value="0.3">
        <annotation>
	<rdf:RDF xmlns:rdf="http://www.w3.org/1999/02/22-rdf-syntax-ns#" xmlns:bqbiol="http://biomodels.net/biology-qualifiers/">
            <rdf:Description rdf:about="#_75c572d0-a320-4f18-b770-ca9b9d24c1ac">
	<bqbiol:isDescribedBy>
	<rdf:Bag>
	<rdf:li rdf:resource="urn:miriam:pubmed:10.1080%2F10273660108833067"/>
	</rdf:Bag>
	</bqbiol:isDescribedBy>
	</rdf:Description>
	
	
	</rdf:RDF>
	</annotation>
            </parameter>
      <parameter constant="true" id="mu" metaid="_9dc8ced9-b244-42fb-ad95-0f11ac6ff0e1" name="mu" value="0.29">
        <annotation>
	<rdf:RDF xmlns:rdf="http://www.w3.org/1999/02/22-rdf-syntax-ns#" xmlns:bqbiol="http://biomodels.net/biology-qualifiers/">
            <rdf:Description rdf:about="#_9dc8ced9-b244-42fb-ad95-0f11ac6ff0e1">
	<bqbiol:isDescribedBy>
	<rdf:Bag>
	<rdf:li rdf:resource="http://identifiers.org/pubmed/12955460"/>
	</rdf:Bag>
	</bqbiol:isDescribedBy>
	</rdf:Description>
	
	
	</rdf:RDF>
	</annotation>
            </parameter>
      <parameter constant="true" id="alpha3" metaid="cdb7d20c-8e06-415f-9294-e6d59addbcc7" name="alpha3" value="1"/>
      <parameter constant="true" id="gamma3" metaid="COPASI6" name="gamma3" value="0.085">
        <annotation>
          <COPASI xmlns="http://www.copasi.org/static/sbml">
            <rdf:RDF xmlns:dcterms="http://purl.org/dc/terms/" xmlns:rdf="http://www.w3.org/1999/02/22-rdf-syntax-ns#">
              <rdf:Description rdf:about="#COPASI6">
                <dcterms:created>
                  <rdf:Description>
                    <dcterms:W3CDTF>2017-07-26T13:27:09Z</dcterms:W3CDTF>
                  </rdf:Description>
                </dcterms:created>
              </rdf:Description>
            </rdf:RDF>
          </COPASI>
        </annotation>
            </parameter>
      <parameter constant="true" id="sigma1" metaid="_923e8754-b6e9-4f1f-923e-dc179872385d" name="sigma1" value="1.2"/>
      <parameter constant="true" id="sigma2" metaid="c2d5238c-25da-429d-8a95-f933d0724ca0" name="sigma2" value="0.94"/>
      <parameter constant="true" id="sigma3" metaid="_9cc67ff2-6126-457e-87f7-49c11e3717d8" name="sigma3" value="0.3"/>
      <parameter constant="true" id="v" metaid="e54c47b5-fb63-4ab4-9887-8dc94dc1b247" name="v" value="0.4"/>
      <parameter constant="true" id="theta" metaid="_9f6dd340-589d-4514-b373-3c0df81d4627" name="theta" value="0.8"/>
      <parameter constant="true" id="pi" metaid="COPASI7" name="pi" value="0">
        <annotation>
          <COPASI xmlns="http://www.copasi.org/static/sbml">
            <rdf:RDF xmlns:dcterms="http://purl.org/dc/terms/" xmlns:rdf="http://www.w3.org/1999/02/22-rdf-syntax-ns#">
              <rdf:Description rdf:about="#COPASI7">
                <dcterms:created>
                  <rdf:Description>
                    <dcterms:W3CDTF>2017-07-26T13:11:18Z</dcterms:W3CDTF>
                  </rdf:Description>
                </dcterms:created>
              </rdf:Description>
            </rdf:RDF>
          </COPASI>
        </annotation>
            </parameter>
    </listOfParameters>
    <listOfRules>
      <rateRule metaid="e337025b-3b28-4e54-8b52-a03741814bf9" variable="H">
        <math xmlns="http://www.w3.org/1998/Math/MathML">        
          <apply>
            <minus/>
            <apply>
              <times/>
              <ci> H </ci>
              <apply>
                <minus/>
                <apply>
                  <minus/>
                  <ci> alpha1 </ci>
                  <apply>
                    <times/>
                    <ci> beta1 </ci>
                    <ci> H </ci>
                  </apply>
                </apply>
                <apply>
                  <times/>
                  <ci> delta1 </ci>
                  <ci> T </ci>
                </apply>
              </apply>
            </apply>
            <apply>
              <times/>
              <ci> sigma1 </ci>
              <ci> H </ci>
              <ci> E </ci>
            </apply>
          </apply>
        </math>
            </rateRule>
      <rateRule metaid="fbfcc5ec-bfa4-4cd8-9cbc-cb2337334922" variable="T">
        <math xmlns="http://www.w3.org/1998/Math/MathML">        
          <apply>
            <plus/>
            <apply>
              <minus/>
              <apply>
                <times/>
                <ci> T </ci>
                <apply>
                  <minus/>
                  <ci> alpha3 </ci>
                  <apply>
                    <times/>
                    <ci> beta2 </ci>
                    <ci> T </ci>
                  </apply>
                </apply>
              </apply>
              <apply>
                <times/>
                <ci> gamma2 </ci>
                <ci> I </ci>
                <ci> T </ci>
              </apply>
            </apply>
            <apply>
              <times/>
              <ci> sigma2 </ci>
              <ci> H </ci>
              <ci> E </ci>
            </apply>
          </apply>
        </math>
            </rateRule>
      <rateRule metaid="_35447002-f285-4515-afc8-e04dddc66458" variable="I">
        <math xmlns="http://www.w3.org/1998/Math/MathML">        
          <apply>
            <minus/>
            <apply>
              <minus/>
              <apply>
                <minus/>
                <apply>
                  <plus/>
                  <ci> s </ci>
                  <apply>
                    <divide/>
                    <apply>
                      <times/>
                      <ci> rho </ci>
                      <ci> I </ci>
                      <ci> T </ci>
                    </apply>
                    <apply>
                      <plus/>
                      <ci> omega </ci>
                      <ci> T </ci>
                    </apply>
                  </apply>
                </apply>
                <apply>
                  <times/>
                  <ci> gamma3 </ci>
                  <ci> I </ci>
                  <ci> T </ci>
                </apply>
              </apply>
              <apply>
                <times/>
                <ci> mu </ci>
                <ci> I </ci>
              </apply>
            </apply>
            <apply>
              <divide/>
              <apply>
                <times/>
                <ci> sigma3 </ci>
                <ci> I </ci>
                <ci> E </ci>
              </apply>
              <apply>
                <plus/>
                <ci> v </ci>
                <ci> E </ci>
              </apply>
            </apply>
          </apply>
        </math>
            </rateRule>
    </listOfRules>
  </model>
</sbml>